order_id,customer_id,product_id,quantity,unit_price,total_amount,order_date,order_status,shipping_city,shipping_state
1,175,112,3,53.86,161.58,2025-12-11,Delivered,Taylorstad,Alabama
2,344,37,3,110.69,0.0,2025-07-02,Cancelled,Deborahchester,Virginia
3,525,21,2,65.8,131.6,2024-11-27,Delivered,Michaelland,Virginia
4,247,139,1,74.52,74.52,2024-12-13,Delivered,Morrisonbury,Nebraska
5,309,83,7,9.9,69.3,2025-10-21,Delivered,New Cassidy,Rhode Island
6,21,6,1,1964.49,1964.49,2025-03-02,Delivered,New Rebecca,Wyoming
7,744,195,5,32.25,161.25,2024-06-22,Delivered,Deborahstad,Oklahoma
8,411,132,2,895.45,1790.9,2024-11-02,Delivered,Vasquezfurt,Massachusetts
9,437,50,3,23.62,70.86,2024-01-02,Delivered,New Amy,Georgia
10,738,10,4,107.87,431.48,2024-10-23,Delivered,Chapmanville,Tennessee
11,123,108,3,52.63,157.89,2024-09-29,Delivered,West Steven,North Carolina
12,221,8,3,80.04,240.12,2025-06-30,Delivered,Craigport,Utah
13,976,97,1,43.15,43.15,2024-09-17,Delivered,Carneyburgh,Tennessee
14,781,51,3,45.28,135.84,2024-02-26,Delivered,South Brenda,Wisconsin
15,745,107,2,56.54,113.08,2024-01-30,Processing,Steinport,Florida
16,90,17,1,625.15,625.15,2024-06-12,Delivered,Rodriguezton,Oregon
17,88,164,3,46.38,139.14,2024-02-21,Delivered,Port Brendamouth,New Hampshire
18,500,77,3,5.4,16.2,2025-11-30,Delivered,Heidimouth,Arizona
19,357,170,1,81.2,81.2,2024-09-22,Delivered,Lake Sheriside,Iowa
20,264,134,3,53.71,161.13,2025-01-23,Delivered,Wadebury,Utah
21,625,98,3,46.15,138.45,2025-05-23,Delivered,Sarafort,Michigan
22,20,64,1,32.06,32.06,2024-07-29,Delivered,South Richard,Alabama
23,256,199,2,97.62,195.24,2025-07-14,Processing,Lake Kevin,Wyoming
24,40,191,5,126.39,631.95,2025-01-17,Delivered,East Nicolas,Louisiana
25,83,64,5,32.06,160.3,2025-01-25,Delivered,New Joshua,Washington
26,907,172,1,84.77,84.77,2024-05-29,Processing,Lake James,Iowa
27,261,92,2,11.68,23.36,2024-09-11,Processing,Larrybury,Minnesota
28,428,168,5,16.61,83.05,2025-08-26,Shipped,Lake Kayla,South Dakota
29,55,127,1,150.5,150.5,2025-03-26,Delivered,Ashleyfort,Maryland
30,90,169,4,175.75,703.0,2024-01-05,Delivered,Rodriguezton,Oregon
31,585,188,2,102.39,204.78,2024-02-22,Delivered,East Victoria,Rhode Island
32,226,170,5,81.2,406.0,2025-01-11,Delivered,Josephview,Florida
33,510,72,6,9.09,54.54,2024-02-09,Delivered,Nolanberg,Illinois
34,696,2,1,134.26,134.26,2024-09-23,Processing,Nicolestad,Delaware
35,916,175,2,58.63,117.26,2024-08-12,Delivered,Kristenton,Indiana
36,934,112,3,53.86,0.0,2025-12-27,Cancelled,Heatherside,Hawaii
37,996,165,1,57.61,57.61,2024-09-19,Delivered,North Jessicachester,Louisiana
38,950,158,1,34.1,34.1,2024-03-12,Delivered,Lake Elizabethhaven,Connecticut
39,397,170,5,81.2,0.0,2025-01-29,Cancelled,East Robertview,Virginia
40,464,140,2,1253.62,2507.24,2025-09-02,Processing,Jamesport,Nebraska
41,296,52,5,27.18,135.9,2024-05-13,Delivered,Port Samuelton,Mississippi
42,965,32,2,87.66,175.32,2024-03-25,Delivered,Lake Philipton,Mississippi
43,499,196,2,138.33,276.66,2024-08-25,Shipped,West Michael,Rhode Island
44,119,44,1,423.84,0.0,2024-04-25,Cancelled,North Vanessaland,Virginia
45,217,153,5,98.25,491.25,2024-05-03,Delivered,Aguilarchester,Nevada
46,886,29,2,264.9,529.8,2025-12-17,Delivered,Lake Travisview,Texas
47,185,17,2,625.15,1250.3,2025-09-10,Delivered,Tylerchester,California
48,749,27,4,27.66,110.64,2025-07-07,Delivered,Nathanmouth,South Dakota
49,310,128,2,15.74,0.0,2024-03-18,Cancelled,Mitchellchester,Alaska
50,405,40,3,414.22,1242.66,2024-11-01,Delivered,Spearsstad,Arizona
51,950,197,1,42.46,42.46,2025-02-18,Processing,Lake Elizabethhaven,Connecticut
52,246,66,1,235.08,235.08,2024-06-06,Delivered,Emmabury,Connecticut
53,423,109,1,115.28,115.28,2025-01-20,Processing,New Angelaburgh,Maine
54,693,79,3,383.68,1151.04,2024-03-16,Shipped,Grossfort,Arkansas
55,712,28,2,84.71,169.42,2025-03-23,Shipped,Harrisborough,Tennessee
56,675,115,3,98.26,294.78,2024-08-23,Processing,Butlerchester,Iowa
57,668,38,5,31.32,0.0,2024-01-06,Cancelled,South Miguel,Ohio
58,706,101,1,450.0,450.0,2025-03-17,Delivered,Gregoryville,New Mexico
59,852,169,4,175.75,703.0,2024-05-11,Delivered,Amyville,Alabama
60,102,47,1,188.28,188.28,2025-07-02,Delivered,Haileyburgh,Texas
61,784,119,7,27.5,192.5,2024-08-06,Delivered,Kimberlytown,Oklahoma
62,416,197,3,42.46,127.38,2024-09-08,Shipped,Kellyshire,South Dakota
63,953,97,1,43.15,43.15,2025-04-26,Returned,Codychester,Rhode Island
64,910,181,3,86.64,259.92,2025-05-25,Delivered,Port Christopher,South Carolina
65,968,96,1,286.65,286.65,2024-01-12,Delivered,Ryanview,South Carolina
66,72,141,1,55.53,55.53,2025-10-02,Shipped,Davisville,Mississippi
67,599,54,6,7.54,45.24,2025-05-30,Delivered,East Andrea,Georgia
68,249,67,11,22.32,245.52,2025-09-25,Delivered,Rosetown,Missouri
69,714,121,5,6.52,32.6,2024-05-01,Delivered,Port Markshire,Minnesota
70,999,21,2,65.8,131.6,2024-08-05,Delivered,Matthewberg,Utah
71,809,32,1,87.66,87.66,2025-04-17,Delivered,Delgadomouth,New Mexico
72,628,114,4,74.03,296.12,2025-09-14,Delivered,New Sarahton,Idaho
73,591,74,2,301.83,603.66,2024-02-01,Delivered,Lopezhaven,Idaho
74,584,85,1,490.6,490.6,2024-02-06,Returned,North Kayla,New Mexico
75,125,65,3,337.28,1011.84,2024-02-15,Delivered,North Sarahmouth,Kansas
76,756,80,4,31.23,124.92,2025-04-03,Delivered,Dianaville,Iowa
77,126,181,2,86.64,0.0,2024-02-28,Cancelled,Ritashire,New Jersey
78,69,65,2,337.28,674.56,2025-02-21,Delivered,Guzmanmouth,Tennessee
79,504,78,5,5.17,25.85,2025-06-18,Delivered,North Paul,Virginia
80,27,6,2,1964.49,3928.98,2025-06-07,Delivered,Millerside,South Carolina
81,584,140,2,1253.62,2507.24,2024-12-14,Delivered,North Kayla,New Mexico
82,423,91,3,222.92,668.76,2025-08-28,Delivered,New Angelaburgh,Maine
83,507,121,10,6.52,65.2,2025-09-12,Delivered,Vincentborough,Utah
84,633,73,2,456.73,913.46,2024-12-05,Delivered,Allenburgh,Michigan
85,899,149,2,274.44,548.88,2024-11-27,Delivered,West Nicholasburgh,Michigan
86,595,95,7,2.3,16.1,2024-08-30,Delivered,Port Robin,California
87,29,92,3,11.68,35.04,2024-11-02,Delivered,Owensborough,Florida
88,2,95,1,2.3,2.3,2025-07-05,Processing,Moralesburgh,North Dakota
89,412,52,2,27.18,54.36,2024-10-21,Delivered,Lake Jay,North Dakota
90,940,15,4,22.83,91.32,2024-08-20,Delivered,North David,Tennessee
91,862,71,3,311.35,934.05,2024-10-18,Delivered,Lake Anthony,Oklahoma
92,544,46,3,35.34,106.02,2025-11-12,Delivered,West Ryanton,Pennsylvania
93,141,19,1,342.31,342.31,2024-11-08,Delivered,Port Jamesbury,Indiana
94,186,162,4,115.69,462.76,2025-09-11,Returned,North Jacob,Rhode Island
95,405,195,2,32.25,64.5,2025-03-15,Delivered,Spearsstad,Arizona
96,805,196,1,138.33,138.33,2024-09-29,Delivered,Charleschester,New Jersey
97,830,9,1,160.49,160.49,2025-05-03,Processing,South Meganhaven,Wisconsin
98,615,169,2,175.75,351.5,2025-11-07,Shipped,Grossshire,Montana
99,277,2,3,134.26,402.78,2025-12-26,Processing,Rachelfort,New Jersey
100,211,182,1,675.46,675.46,2025-11-02,Delivered,Kennethburgh,Nebraska
101,862,57,5,115.26,576.3,2024-11-30,Shipped,Lake Anthony,Oklahoma
102,387,69,2,12.9,25.8,2024-11-17,Delivered,Doughertyfort,North Dakota
103,211,168,5,16.61,83.05,2025-06-06,Delivered,Kennethburgh,Nebraska
104,310,157,2,8.59,17.18,2025-01-11,Delivered,Mitchellchester,Alaska
105,276,9,1,160.49,160.49,2025-02-18,Delivered,Lake Katrinahaven,Pennsylvania
106,960,191,1,126.39,126.39,2024-02-18,Delivered,West Jeffrey,North Dakota
107,756,133,2,46.43,92.86,2025-11-01,Shipped,Dianaville,Iowa
108,550,158,3,34.1,102.3,2025-07-16,Shipped,South Jonathanville,New Mexico
109,967,119,11,27.5,0.0,2025-02-09,Cancelled,Kennethchester,Nebraska
110,246,16,3,53.79,161.37,2024-04-22,Delivered,Emmabury,Connecticut
111,395,134,1,53.71,53.71,2024-01-28,Delivered,Deborahberg,Washington
112,130,80,12,31.23,374.76,2024-12-01,Delivered,South Derek,South Dakota
113,722,142,2,241.68,0.0,2025-04-03,Cancelled,South Kennethland,Arkansas
114,468,126,7,14.23,99.61,2025-04-18,Delivered,Perkinsside,Texas
115,85,154,1,42.12,42.12,2025-04-16,Delivered,New Stephanie,South Dakota
116,208,77,1,5.4,5.4,2024-09-29,Delivered,Christystad,Illinois
117,194,84,1,148.96,148.96,2024-05-09,Delivered,Donaldland,North Carolina
118,215,24,3,180.09,540.27,2024-06-26,Delivered,West Jessica,California
119,807,112,3,53.86,161.58,2025-02-06,Delivered,Reynoldsshire,Virginia
120,977,48,1,46.46,46.46,2025-07-10,Shipped,New Keith,Oregon
121,337,145,2,88.28,176.56,2024-06-12,Delivered,Lake Jonathonfurt,Florida
122,130,116,2,154.63,309.26,2024-05-28,Delivered,South Derek,South Dakota
123,94,171,1,142.38,142.38,2024-05-30,Delivered,North Marissa,Missouri
124,546,135,2,144.51,289.02,2024-01-17,Delivered,South Austin,Nebraska
125,793,123,3,271.01,813.03,2025-03-18,Delivered,Brownmouth,Colorado
126,119,19,3,342.31,1026.93,2024-11-04,Delivered,North Vanessaland,Virginia
127,378,156,4,76.9,307.6,2025-10-05,Delivered,Cameronborough,Virginia
128,547,10,3,107.87,323.61,2025-04-05,Delivered,Annport,Florida
129,991,158,3,34.1,102.3,2024-05-25,Delivered,Franklinborough,Kansas
130,822,66,3,235.08,705.24,2025-05-27,Delivered,North Daniel,Nebraska
131,707,171,3,142.38,427.14,2025-06-19,Processing,Phelpsberg,Wyoming
132,28,189,2,48.34,96.68,2024-10-26,Delivered,Lake Amy,Oklahoma
133,957,68,2,113.46,226.92,2024-02-17,Delivered,Samanthaville,Michigan
134,517,58,1,1142.69,1142.69,2024-05-15,Delivered,Sarachester,Ohio
135,39,197,4,42.46,169.84,2024-11-19,Delivered,East Alexandra,South Carolina
136,159,112,1,53.86,53.86,2025-04-07,Delivered,Blackbury,Washington
137,477,178,3,11.5,34.5,2024-01-31,Delivered,Nelsonborough,Minnesota
138,872,166,3,80.7,242.1,2025-10-05,Returned,Joshuabury,Colorado
139,246,28,1,84.71,84.71,2024-12-18,Delivered,Emmabury,Connecticut
140,44,22,3,413.03,1239.09,2024-05-08,Delivered,Tinahaven,Minnesota
141,740,59,1,462.07,462.07,2025-09-26,Delivered,Lake Marilyn,Wisconsin
142,493,120,2,1304.73,2609.46,2025-02-26,Delivered,Josephtown,South Dakota
143,594,195,4,32.25,129.0,2024-08-23,Returned,Chenberg,Pennsylvania
144,882,38,1,31.32,31.32,2024-02-27,Delivered,East Jenniferview,New York
145,971,195,1,32.25,0.0,2025-05-21,Cancelled,Lake Peterborough,Indiana
146,871,71,1,311.35,311.35,2025-11-22,Delivered,South Sarah,Alabama
147,711,167,2,243.83,487.66,2025-06-12,Shipped,Watsonburgh,Kentucky
148,900,153,3,98.25,294.75,2024-05-14,Delivered,New Marioburgh,California
149,960,192,1,16.8,16.8,2024-01-09,Processing,West Jeffrey,North Dakota
150,110,67,9,22.32,200.88,2024-11-21,Shipped,Breannafurt,New Jersey
151,247,81,5,51.28,256.4,2024-07-29,Delivered,Morrisonbury,Nebraska
152,342,119,9,27.5,247.5,2025-08-26,Delivered,North Diana,South Dakota
153,186,46,3,35.34,106.02,2025-11-12,Delivered,North Jacob,Rhode Island
154,190,78,10,5.17,51.7,2024-05-24,Delivered,South Taylorfurt,New Mexico
155,789,162,1,115.69,115.69,2024-05-21,Delivered,South Markside,New York
156,311,85,1,490.6,490.6,2024-07-14,Delivered,South Philipland,Texas
157,285,79,2,383.68,767.36,2025-07-24,Shipped,Tuckerview,Connecticut
158,889,11,3,50.75,152.25,2024-06-14,Delivered,Port Jacquelinemouth,Rhode Island
159,266,89,2,695.64,1391.28,2025-06-08,Delivered,Jocelynbury,Vermont
160,575,18,2,143.63,287.26,2025-01-19,Processing,West Elizabethstad,Utah
161,997,182,2,675.46,1350.92,2024-05-02,Delivered,Latoyahaven,Alabama
162,921,36,1,193.51,193.51,2025-06-19,Delivered,Marioside,Michigan
163,724,122,5,30.44,152.2,2025-06-14,Delivered,Lake Stephen,Wisconsin
164,560,28,2,84.71,169.42,2025-11-03,Delivered,Thomasview,West Virginia
165,791,167,1,243.83,243.83,2024-09-04,Delivered,Griffinton,North Dakota
166,715,69,4,12.9,51.6,2025-07-25,Shipped,North Nathanshire,Georgia
167,710,2,3,134.26,402.78,2025-03-31,Processing,Turnertown,Maine
168,81,146,4,157.34,629.36,2025-02-12,Delivered,Lucasshire,Massachusetts
169,240,44,1,423.84,423.84,2024-02-25,Delivered,Schmidtchester,Michigan
170,802,114,1,74.03,74.03,2024-10-31,Delivered,Lorifort,Missouri
171,672,63,1,1487.23,1487.23,2025-10-02,Shipped,Lake Jamesland,Wyoming
172,224,52,2,27.18,54.36,2024-07-02,Delivered,Larsonshire,Connecticut
173,631,24,3,180.09,540.27,2024-04-07,Shipped,Amandamouth,Oregon
174,276,7,4,43.74,174.96,2024-09-15,Delivered,Lake Katrinahaven,Pennsylvania
175,508,200,2,41.6,83.2,2025-03-05,Delivered,North Louis,South Dakota
176,675,68,2,113.46,226.92,2024-04-05,Delivered,Butlerchester,Iowa
177,658,60,1,493.39,493.39,2024-05-27,Processing,North Melissaborough,Connecticut
178,183,52,1,27.18,27.18,2025-05-02,Delivered,South Shane,Kansas
179,582,151,1,192.55,192.55,2024-07-06,Delivered,Port Amy,Indiana
180,809,10,2,107.87,215.74,2025-12-23,Delivered,Delgadomouth,New Mexico
181,116,29,1,264.9,264.9,2025-10-27,Shipped,Patriciashire,Utah
182,354,199,3,97.62,292.86,2024-01-22,Delivered,Bushton,South Dakota
183,689,87,2,29.52,0.0,2025-06-29,Cancelled,West Jillhaven,New York
184,907,109,1,115.28,115.28,2025-07-09,Delivered,Lake James,Iowa
185,876,179,3,486.21,1458.63,2025-12-22,Delivered,North Susanville,Massachusetts
186,849,49,2,98.4,196.8,2025-05-29,Delivered,Lake Brent,West Virginia
187,930,151,3,192.55,577.65,2025-12-14,Delivered,East Samuelbury,New Jersey
188,920,30,2,17.83,35.66,2024-01-24,Delivered,Lake Sandraland,Hawaii
189,826,56,3,208.97,626.91,2024-08-29,Shipped,West Mary,Wyoming
190,978,45,3,57.4,172.2,2024-11-10,Delivered,Owensmouth,Pennsylvania
191,984,102,3,16.48,49.44,2025-11-25,Processing,Sandramouth,Oregon
192,165,153,1,98.25,98.25,2025-08-23,Delivered,Port Jennifermouth,Alabama
193,652,10,1,107.87,107.87,2025-10-13,Delivered,Rachelfort,Missouri
194,839,147,1,487.95,487.95,2024-08-18,Delivered,Kimberlyburgh,Illinois
195,603,65,2,337.28,674.56,2024-10-19,Delivered,West Nathan,New Hampshire
196,91,173,5,63.4,317.0,2024-05-23,Delivered,Jonesmouth,Montana
197,966,191,4,126.39,505.56,2025-03-06,Delivered,Port Dorisport,Connecticut
198,161,113,2,22.71,45.42,2024-09-17,Delivered,Lake Amyberg,Ohio
199,276,193,5,69.03,0.0,2024-04-26,Cancelled,Lake Katrinahaven,Pennsylvania
200,939,102,5,16.48,82.4,2025-03-23,Delivered,South Jennifer,California
201,509,91,2,222.92,445.84,2025-09-14,Delivered,North Katie,Virginia
202,505,93,4,130.28,521.12,2024-05-22,Processing,Mcintyrebury,Kentucky
203,676,32,2,87.66,175.32,2025-06-22,Delivered,Juanbury,Georgia
204,578,48,12,46.46,557.52,2025-01-28,Delivered,Edwardborough,Rhode Island
205,795,57,2,115.26,230.52,2024-09-22,Delivered,Patelchester,New Hampshire
206,427,6,1,1964.49,1964.49,2024-08-07,Delivered,South Michelleport,Wyoming
207,590,85,1,490.6,490.6,2024-10-02,Delivered,Port Jennifer,Connecticut
208,968,159,3,28.19,84.57,2024-04-24,Delivered,Ryanview,South Carolina
209,393,102,4,16.48,65.92,2025-12-19,Delivered,East Richard,Wyoming
210,377,159,3,28.19,84.57,2024-12-11,Processing,Williamsstad,Florida
211,803,162,2,115.69,0.0,2025-01-20,Cancelled,West Jasmine,South Dakota
212,625,177,1,1488.3,1488.3,2025-01-23,Delivered,Sarafort,Michigan
213,746,147,1,487.95,487.95,2024-06-14,Delivered,Port Sarah,Kansas
214,963,91,2,222.92,445.84,2024-02-25,Delivered,New Fernando,Georgia
215,284,122,2,30.44,60.88,2025-11-21,Delivered,East Angel,Missouri
216,733,177,1,1488.3,1488.3,2024-03-21,Delivered,South Rebecca,Maine
217,62,185,4,141.13,0.0,2025-11-11,Cancelled,West Jenny,Kentucky
218,606,148,1,639.02,639.02,2024-02-12,Delivered,Port Sarah,New Mexico
219,603,163,3,113.36,340.08,2024-10-05,Delivered,West Nathan,New Hampshire
220,144,49,1,98.4,98.4,2025-08-04,Delivered,West Mariahaven,Wisconsin
221,321,125,4,24.59,0.0,2025-03-21,Cancelled,Hopkinsport,Texas
222,48,133,5,46.43,232.15,2024-05-27,Delivered,Port Vanessa,Illinois
223,896,147,1,487.95,487.95,2025-03-17,Shipped,Randyhaven,Georgia
224,548,143,4,148.64,594.56,2025-02-12,Processing,Port Joshuamouth,Idaho
225,172,94,1,41.9,41.9,2025-09-25,Delivered,West Miguelview,Arizona
226,901,120,1,1304.73,1304.73,2025-01-02,Delivered,Lake Dana,Tennessee
227,126,24,3,180.09,540.27,2025-10-27,Delivered,Ritashire,New Jersey
228,470,192,1,16.8,16.8,2025-02-14,Delivered,Watsonville,Montana
229,283,114,1,74.03,74.03,2025-09-29,Delivered,Karaside,Arkansas
230,486,149,2,274.44,548.88,2024-08-22,Delivered,Lake Dianeton,Illinois
231,59,118,3,103.99,311.97,2025-02-02,Delivered,South Paulmouth,Tennessee
232,420,196,1,138.33,138.33,2025-01-01,Shipped,Thompsonhaven,Alaska
233,96,2,4,134.26,537.04,2024-12-04,Delivered,West Jasonland,New York
234,273,99,5,135.17,675.85,2024-12-27,Processing,Lake Lindaport,Virginia
235,768,164,1,46.38,46.38,2025-07-05,Delivered,Gutierrezmouth,Washington
236,617,163,2,113.36,0.0,2025-01-08,Cancelled,Lake Sonyaville,New York
237,124,129,2,165.48,330.96,2025-03-20,Delivered,Isaiahburgh,Maine
238,939,15,4,22.83,91.32,2025-06-02,Shipped,South Jennifer,California
239,760,172,3,84.77,254.31,2024-09-11,Delivered,Perkinsside,South Dakota
240,682,26,2,15.15,30.3,2025-08-23,Shipped,Danielport,Oregon
241,528,180,4,5.05,20.2,2025-04-16,Processing,Pamelaburgh,Wyoming
242,272,155,5,97.2,486.0,2024-03-06,Processing,Munozmouth,Tennessee
243,853,140,2,1253.62,2507.24,2024-02-26,Delivered,Jonathanborough,Vermont
244,4,75,1,51.24,0.0,2025-04-05,Cancelled,East Johnathan,Maine
245,321,122,6,30.44,182.64,2024-07-16,Shipped,Hopkinsport,Texas
246,16,125,2,24.59,49.18,2025-05-11,Processing,Floresview,Vermont
247,177,52,5,27.18,135.9,2025-12-10,Delivered,East Carolyn,Louisiana
248,78,112,3,53.86,161.58,2024-08-03,Delivered,Lake Jonathanton,Alabama
249,886,85,1,490.6,490.6,2024-10-09,Shipped,Lake Travisview,Texas
250,760,39,11,35.25,387.75,2025-07-28,Delivered,Perkinsside,South Dakota
251,648,4,1,40.83,40.83,2024-02-26,Delivered,Acostabury,Pennsylvania
252,947,12,2,899.79,1799.58,2025-03-07,Delivered,Lopezberg,South Carolina
253,43,35,2,179.74,359.48,2025-07-21,Shipped,Johnfort,North Carolina
254,313,115,5,98.26,491.3,2024-03-29,Delivered,Hernandezberg,North Carolina
255,238,198,1,473.82,473.82,2024-10-09,Delivered,Novakland,Ohio
256,350,180,7,5.05,35.35,2025-01-08,Delivered,Wendyfurt,Washington
257,604,29,2,264.9,529.8,2024-05-22,Delivered,Ericview,Maine
258,987,84,4,148.96,595.84,2024-06-14,Returned,South Jessehaven,New Jersey
259,78,79,3,383.68,1151.04,2025-04-09,Delivered,Lake Jonathanton,Alabama
260,181,83,8,9.9,79.2,2024-11-17,Delivered,Lake Victor,Georgia
261,319,19,1,342.31,342.31,2024-11-16,Returned,West Rachel,Delaware
262,954,10,3,107.87,323.61,2024-05-13,Delivered,Natalieville,New Mexico
263,689,35,1,179.74,179.74,2025-02-24,Delivered,West Jillhaven,New York
264,472,191,1,126.39,126.39,2024-04-22,Delivered,Lake Micheal,Minnesota
265,1000,86,2,1337.83,2675.66,2025-03-27,Delivered,Mendezport,Missouri
266,362,176,1,98.52,98.52,2025-08-13,Delivered,West Annashire,Nevada
267,841,130,3,87.12,261.36,2024-03-21,Delivered,New Robert,Oklahoma
268,147,190,5,11.07,55.35,2024-09-30,Delivered,Stephanieburgh,Alaska
269,840,71,2,311.35,622.7,2024-04-16,Delivered,Port Saraton,Missouri
270,634,97,3,43.15,129.45,2024-06-19,Processing,South Ashleychester,Hawaii
271,604,97,2,43.15,86.3,2024-07-04,Delivered,Ericview,Maine
272,663,144,10,37.02,370.2,2024-02-04,Delivered,West Matthewfurt,North Dakota
273,699,77,2,5.4,10.8,2025-07-21,Delivered,Mckinneychester,Nebraska
274,109,109,3,115.28,345.84,2024-11-23,Delivered,Maciaschester,Utah
275,212,165,1,57.61,57.61,2025-12-02,Processing,Port Jessicaside,Massachusetts
276,300,160,8,37.99,303.92,2025-02-20,Delivered,Zamoraville,South Carolina
277,999,181,3,86.64,259.92,2025-02-26,Delivered,Matthewberg,Utah
278,305,177,1,1488.3,1488.3,2024-09-05,Delivered,Thomasville,Virginia
279,127,109,3,115.28,345.84,2024-03-25,Delivered,New Kurt,North Carolina
280,261,160,5,37.99,189.95,2025-11-27,Delivered,Larrybury,Minnesota
281,800,120,1,1304.73,1304.73,2025-11-03,Delivered,Williamhaven,Georgia
282,430,165,5,57.61,288.05,2024-03-24,Processing,South Connor,Montana
283,90,37,3,110.69,332.07,2024-01-06,Delivered,Rodriguezton,Oregon
284,972,159,1,28.19,0.0,2024-08-04,Cancelled,New Richard,New Mexico
285,204,149,2,274.44,548.88,2025-02-04,Delivered,Lake Samanthaview,Alabama
286,584,179,1,486.21,486.21,2025-08-15,Delivered,North Kayla,New Mexico
287,453,75,3,51.24,153.72,2025-08-21,Delivered,Smithshire,Florida
288,129,40,2,414.22,828.44,2025-05-11,Delivered,Johntown,Arkansas
289,181,168,2,16.61,33.22,2025-11-28,Delivered,Lake Victor,Georgia
290,745,128,5,15.74,78.7,2025-05-16,Delivered,Steinport,Florida
291,786,162,2,115.69,231.38,2025-05-09,Delivered,Port Donald,Iowa
292,17,50,2,23.62,47.24,2025-03-09,Delivered,South Victorchester,Tennessee
293,474,120,1,1304.73,1304.73,2025-08-05,Delivered,New Christopher,North Dakota
294,590,52,4,27.18,108.72,2024-09-16,Shipped,Port Jennifer,Connecticut
295,924,58,1,1142.69,1142.69,2024-01-16,Delivered,Hillberg,Georgia
296,551,188,2,102.39,204.78,2024-02-14,Delivered,Jasontown,Tennessee
297,134,182,1,675.46,675.46,2024-04-06,Shipped,Kellyfurt,New Jersey
298,277,181,3,86.64,259.92,2024-06-12,Delivered,Rachelfort,New Jersey
299,813,122,1,30.44,30.44,2025-11-24,Shipped,Mariaberg,Pennsylvania
300,938,72,9,9.09,81.81,2025-03-04,Delivered,Mortonville,Alaska
301,277,188,2,102.39,204.78,2024-07-31,Delivered,Rachelfort,New Jersey
302,502,8,1,80.04,80.04,2024-06-19,Delivered,Port Arielside,West Virginia
303,145,138,4,160.33,641.32,2025-01-14,Delivered,Carrollfurt,Iowa
304,711,84,3,148.96,446.88,2024-01-09,Delivered,Watsonburgh,Kentucky
305,148,129,4,165.48,661.92,2025-06-24,Delivered,Emmaton,North Carolina
306,17,105,2,136.66,273.32,2024-09-18,Delivered,South Victorchester,Tennessee
307,316,179,1,486.21,486.21,2024-03-21,Delivered,Lake Jennifer,Missouri
308,378,95,3,2.3,6.9,2024-07-04,Delivered,Cameronborough,Virginia
309,700,97,5,43.15,0.0,2024-02-27,Cancelled,North Robert,Wyoming
310,277,116,2,154.63,309.26,2025-01-02,Delivered,Rachelfort,New Jersey
311,3,29,3,264.9,794.7,2025-07-14,Delivered,Tapiaburgh,New Hampshire
312,607,24,2,180.09,360.18,2024-01-26,Shipped,Walkertown,North Carolina
313,487,88,1,548.48,548.48,2025-07-18,Delivered,Sarahton,Nevada
314,547,107,3,56.54,169.62,2025-02-25,Delivered,Annport,Florida
315,214,2,3,134.26,402.78,2024-11-29,Shipped,Carolynborough,Kansas
316,922,151,3,192.55,577.65,2025-11-06,Delivered,Ivanmouth,Kansas
317,460,131,2,917.21,1834.42,2025-11-14,Processing,South Richard,New Mexico
318,162,34,1,24.01,24.01,2025-08-03,Delivered,Calhounside,Indiana
319,271,137,2,484.65,969.3,2024-10-07,Delivered,West Robin,North Dakota
320,27,54,10,7.54,75.4,2025-02-26,Delivered,Millerside,South Carolina
321,681,139,2,74.52,149.04,2024-05-04,Delivered,Christineburgh,Virginia
322,213,5,10,14.19,141.9,2025-03-06,Delivered,Kingfort,New Hampshire
323,664,180,3,5.05,15.15,2024-03-31,Shipped,Mendozafurt,Connecticut
324,166,145,4,88.28,353.12,2025-10-12,Delivered,South Johnstad,New Jersey
325,501,169,1,175.75,175.75,2025-06-12,Delivered,Chaneyhaven,Virginia
326,308,84,1,148.96,148.96,2024-08-15,Processing,Klinebury,Wisconsin
327,533,114,3,74.03,222.09,2025-04-26,Delivered,Cynthiaberg,New Hampshire
328,730,146,2,157.34,314.68,2024-03-11,Shipped,Richardside,South Dakota
329,89,20,2,34.83,69.66,2024-01-16,Delivered,Hobbsburgh,Idaho
330,535,73,1,456.73,456.73,2025-05-02,Delivered,Torresmouth,Washington
331,224,144,10,37.02,370.2,2025-10-29,Shipped,Larsonshire,Connecticut
332,768,138,1,160.33,160.33,2025-07-22,Delivered,Gutierrezmouth,Washington
333,479,123,1,271.01,271.01,2024-05-25,Returned,Allenville,North Dakota
334,339,183,3,258.69,776.07,2024-05-09,Delivered,Cesartown,Ohio
335,45,186,3,304.0,912.0,2025-03-19,Delivered,Melindaport,Pennsylvania
336,851,139,2,74.52,149.04,2024-07-17,Delivered,South Laurastad,North Carolina
337,496,33,2,1077.68,2155.36,2025-01-26,Shipped,Jamesburgh,Florida
338,9,149,3,274.44,823.32,2025-02-25,Shipped,North Karla,Mississippi
339,534,80,10,31.23,312.3,2025-09-18,Processing,Shieldsberg,New Hampshire
340,795,38,8,31.32,250.56,2024-04-12,Delivered,Patelchester,New Hampshire
341,5,119,1,27.5,27.5,2024-04-06,Delivered,South Natalieshire,New Jersey
342,2,127,3,150.5,451.5,2025-11-26,Delivered,Moralesburgh,North Dakota
343,65,82,9,29.07,261.63,2025-11-04,Delivered,North Daniel,Maine
344,289,96,2,286.65,573.3,2025-12-12,Delivered,Scottmouth,Texas
345,836,62,5,99.97,499.85,2024-05-23,Processing,Port Jill,Connecticut
346,414,132,1,895.45,895.45,2024-08-14,Delivered,Williamton,Virginia
347,428,41,1,238.94,238.94,2024-09-27,Returned,Lake Kayla,South Dakota
348,956,67,7,22.32,156.24,2025-01-24,Delivered,Wheelerchester,South Carolina
349,715,190,5,11.07,55.35,2025-04-19,Delivered,North Nathanshire,Georgia
350,432,164,6,46.38,278.28,2025-07-01,Delivered,Lake Rachelberg,Hawaii
351,627,181,2,86.64,173.28,2024-02-28,Delivered,Alexandraland,Alaska
352,601,101,2,450.0,900.0,2024-08-20,Delivered,West Lisa,Colorado
353,90,156,2,76.9,153.8,2024-04-25,Delivered,Rodriguezton,Oregon
354,218,137,2,484.65,0.0,2024-08-15,Cancelled,Shannonshire,Pennsylvania
355,76,142,1,241.68,241.68,2025-02-23,Delivered,East Maria,Nevada
356,456,27,9,27.66,248.94,2024-01-20,Delivered,South Ashley,Massachusetts
357,680,98,3,46.15,138.45,2025-01-24,Delivered,Perryside,Utah
358,344,79,2,383.68,767.36,2024-01-17,Processing,Deborahchester,Virginia
359,767,59,2,462.07,924.14,2024-10-17,Delivered,Port Matthew,Oklahoma
360,135,5,2,14.19,28.38,2024-08-17,Delivered,Maddoxville,Hawaii
361,620,155,5,97.2,486.0,2024-05-12,Delivered,Lake Debrahaven,Alabama
362,156,110,6,26.8,160.8,2024-09-10,Delivered,Pagemouth,Maine
363,999,137,3,484.65,1453.95,2025-12-26,Delivered,Matthewberg,Utah
364,327,25,1,212.04,212.04,2024-11-14,Shipped,Schwartzside,Maine
365,215,19,3,342.31,1026.93,2025-06-19,Delivered,West Jessica,California
366,995,86,2,1337.83,2675.66,2024-03-02,Delivered,East Michael,New Mexico
367,601,86,1,1337.83,1337.83,2024-10-31,Returned,West Lisa,Colorado
368,944,41,3,238.94,716.82,2024-07-10,Shipped,Freemanfurt,Virginia
369,75,111,2,93.95,187.9,2024-07-27,Delivered,Natalieside,New Jersey
370,807,85,1,490.6,490.6,2025-10-01,Shipped,Reynoldsshire,Virginia
371,221,169,2,175.75,0.0,2025-02-28,Cancelled,Craigport,Utah
372,240,107,3,56.54,169.62,2024-07-01,Shipped,Schmidtchester,Michigan
373,34,33,2,1077.68,2155.36,2024-05-01,Delivered,Joseland,Alabama
374,92,180,12,5.05,60.6,2025-01-20,Returned,Keithview,Michigan
375,875,70,5,29.96,149.8,2025-02-07,Processing,New Williamchester,Ohio
376,331,131,1,917.21,917.21,2025-11-12,Delivered,West Johnmouth,New Hampshire
377,500,173,2,63.4,126.8,2024-03-10,Delivered,Heidimouth,Arizona
378,460,113,1,22.71,22.71,2024-10-06,Delivered,South Richard,New Mexico
379,326,134,2,53.71,107.42,2024-09-07,Shipped,Lisachester,New York
380,974,185,4,141.13,564.52,2024-12-20,Delivered,Hughestown,Tennessee
381,201,128,3,15.74,47.22,2025-12-20,Shipped,New Brendamouth,New Hampshire
382,597,117,2,110.18,220.36,2024-10-15,Delivered,West Adamton,Tennessee
383,742,60,2,493.39,986.78,2024-03-05,Processing,Port Samanthaside,Mississippi
384,676,125,4,24.59,98.36,2025-06-30,Delivered,Juanbury,Georgia
385,410,58,2,1142.69,0.0,2025-01-13,Cancelled,Davidbury,Arizona
386,152,71,1,311.35,311.35,2025-08-10,Delivered,Port Christopherchester,South Carolina
387,374,142,1,241.68,241.68,2024-04-26,Delivered,Evelynport,Texas
388,776,75,1,51.24,51.24,2025-06-22,Delivered,Davidhaven,Louisiana
389,801,161,9,33.62,302.58,2025-01-02,Delivered,Suttonberg,Florida
390,548,147,2,487.95,975.9,2024-08-31,Delivered,Port Joshuamouth,Idaho
391,675,58,2,1142.69,2285.38,2024-03-22,Delivered,Butlerchester,Iowa
392,860,67,4,22.32,89.28,2025-02-16,Delivered,Kaylatown,Rhode Island
393,430,147,2,487.95,975.9,2025-03-01,Delivered,South Connor,Montana
394,494,162,3,115.69,347.07,2025-08-13,Delivered,Bentleyfurt,Delaware
395,792,65,3,337.28,0.0,2024-12-09,Cancelled,North John,North Carolina
396,505,65,2,337.28,674.56,2025-11-26,Delivered,Mcintyrebury,Kentucky
397,184,131,1,917.21,917.21,2025-07-19,Returned,Dennisbury,Connecticut
398,921,97,1,43.15,43.15,2024-08-11,Delivered,Marioside,Michigan
399,820,92,3,11.68,35.04,2025-04-12,Delivered,Wilsonchester,Maine
400,139,90,1,170.31,170.31,2025-11-01,Delivered,South Christopher,Nebraska
401,864,117,2,110.18,220.36,2025-08-18,Shipped,Jenniferport,West Virginia
402,96,161,9,33.62,302.58,2024-11-09,Delivered,West Jasonland,New York
403,301,167,1,243.83,243.83,2024-03-25,Delivered,North Wayne,Utah
404,182,116,4,154.63,618.52,2024-09-04,Delivered,Gregoryborough,North Dakota
405,750,39,11,35.25,0.0,2024-09-24,Cancelled,East Meganland,North Dakota
406,595,199,3,97.62,292.86,2024-12-12,Delivered,Port Robin,California
407,933,153,2,98.25,196.5,2024-08-11,Processing,Longside,Michigan
408,158,73,2,456.73,913.46,2025-03-23,Delivered,New Patrick,Indiana
409,65,109,2,115.28,230.56,2024-06-06,Delivered,North Daniel,Maine
410,221,119,7,27.5,192.5,2024-03-12,Delivered,Craigport,Utah
411,824,75,1,51.24,51.24,2024-10-11,Delivered,Colemanside,Connecticut
412,426,43,2,102.37,204.74,2025-05-15,Returned,North Todd,Arizona
413,517,141,4,55.53,222.12,2025-11-03,Delivered,Sarachester,Ohio
414,704,150,2,167.9,335.8,2025-10-01,Delivered,Carterview,Delaware
415,330,33,1,1077.68,1077.68,2025-05-25,Shipped,Hamiltonmouth,Utah
416,615,119,10,27.5,275.0,2025-11-16,Processing,Grossshire,Montana
417,772,18,2,143.63,287.26,2024-08-19,Delivered,Longside,Idaho
418,752,188,3,102.39,307.17,2025-10-23,Delivered,Port Denise,North Dakota
419,785,72,5,9.09,45.45,2025-05-15,Delivered,Ramirezside,Pennsylvania
420,438,137,2,484.65,969.3,2025-02-26,Delivered,East John,Delaware
421,592,67,7,22.32,0.0,2024-01-03,Cancelled,South Daniel,Louisiana
422,701,67,4,22.32,89.28,2025-12-02,Delivered,South Carlybury,Alabama
423,261,43,2,102.37,204.74,2025-03-30,Delivered,Larrybury,Minnesota
424,388,89,2,695.64,1391.28,2025-10-17,Delivered,Murphyhaven,Maryland
425,730,69,4,12.9,51.6,2025-07-25,Delivered,Richardside,South Dakota
426,618,148,1,639.02,639.02,2024-10-06,Delivered,Jacksonview,Alaska
427,864,56,2,208.97,417.94,2024-02-09,Delivered,Jenniferport,West Virginia
428,812,165,5,57.61,288.05,2024-09-14,Delivered,Carlamouth,Vermont
429,881,126,11,14.23,156.53,2025-06-25,Delivered,Susanside,Maine
430,629,150,3,167.9,503.7,2024-02-09,Delivered,Jonesburgh,New Hampshire
431,826,157,6,8.59,51.54,2024-08-11,Delivered,West Mary,Wyoming
432,284,182,2,675.46,1350.92,2025-02-20,Delivered,East Angel,Missouri
433,970,74,2,301.83,603.66,2025-03-23,Shipped,Robertsborough,Utah
434,688,48,1,46.46,46.46,2024-04-26,Delivered,Patrickfort,Wyoming
435,390,165,1,57.61,57.61,2024-10-15,Delivered,Nicoleshire,Louisiana
436,473,41,1,238.94,238.94,2024-07-07,Delivered,Emilyburgh,Mississippi
437,549,3,3,34.78,104.34,2025-01-11,Delivered,Port Alexandratown,Wyoming
438,75,92,1,11.68,11.68,2025-09-26,Shipped,Natalieside,New Jersey
439,667,142,3,241.68,0.0,2024-04-13,Cancelled,East Robin,New Mexico
440,403,100,2,48.33,96.66,2024-05-30,Delivered,Davidberg,New Mexico
441,278,80,9,31.23,281.07,2024-05-07,Delivered,Butlerton,California
442,117,2,1,134.26,0.0,2025-04-27,Cancelled,Lake Gregory,California
443,164,142,1,241.68,241.68,2024-12-26,Shipped,Port Stacystad,Vermont
444,298,66,3,235.08,705.24,2024-08-23,Delivered,Lake Codyside,Delaware
445,564,65,1,337.28,337.28,2024-05-08,Delivered,Pooletown,New Hampshire
446,498,63,1,1487.23,1487.23,2025-11-19,Delivered,North Cassandra,Illinois
447,16,129,1,165.48,165.48,2024-07-03,Shipped,Floresview,Vermont
448,748,40,1,414.22,414.22,2025-01-16,Shipped,Kyleland,Oregon
449,65,38,10,31.32,313.2,2025-03-01,Delivered,North Daniel,Maine
450,417,106,4,26.57,106.28,2025-07-15,Shipped,South Aaron,South Carolina
451,510,149,3,274.44,823.32,2024-11-10,Shipped,Nolanberg,Illinois
452,298,113,4,22.71,90.84,2024-08-10,Delivered,Lake Codyside,Delaware
453,252,150,3,167.9,503.7,2025-09-14,Delivered,North Samanthaport,Missouri
454,847,68,1,113.46,113.46,2024-05-20,Delivered,South Stevenmouth,Kansas
455,257,88,2,548.48,1096.96,2024-08-04,Delivered,Meyerston,Mississippi
456,396,179,2,486.21,972.42,2024-01-10,Shipped,Davidhaven,North Carolina
457,911,94,4,41.9,167.6,2025-06-10,Delivered,New Stephanieland,Wyoming
458,607,29,1,264.9,0.0,2024-10-27,Cancelled,Walkertown,North Carolina
459,937,141,2,55.53,111.06,2025-02-07,Returned,Howardland,Colorado
460,858,86,2,1337.83,2675.66,2025-09-06,Processing,Matthewhaven,Idaho
461,311,145,4,88.28,353.12,2025-06-06,Delivered,South Philipland,Texas
462,798,95,2,2.3,4.6,2025-10-30,Delivered,New Austinbury,Wisconsin
463,316,57,2,115.26,230.52,2024-10-22,Delivered,Lake Jennifer,Missouri
464,18,191,4,126.39,505.56,2025-12-31,Delivered,East Brian,New Hampshire
465,835,75,1,51.24,51.24,2024-01-03,Delivered,Stephenstown,Arkansas
466,579,34,3,24.01,72.03,2025-11-22,Returned,Angelachester,New Jersey
467,774,139,3,74.52,223.56,2024-04-09,Delivered,North Adamland,Rhode Island
468,749,45,3,57.4,172.2,2024-05-15,Delivered,Nathanmouth,South Dakota
469,868,157,4,8.59,34.36,2025-01-03,Delivered,Johntown,Alaska
470,774,155,3,97.2,291.6,2024-05-02,Delivered,North Adamland,Rhode Island
471,588,18,1,143.63,143.63,2025-11-26,Delivered,Thomasmouth,Texas
472,622,7,4,43.74,174.96,2024-08-05,Shipped,Dianachester,Georgia
473,594,99,2,135.17,270.34,2025-12-04,Delivered,Chenberg,Pennsylvania
474,774,37,2,110.69,221.38,2024-12-25,Delivered,North Adamland,Rhode Island
475,52,145,3,88.28,264.84,2024-01-23,Delivered,Lorifurt,Ohio
476,666,166,1,80.7,80.7,2025-10-10,Shipped,North Codychester,Utah
477,821,164,4,46.38,185.52,2025-02-16,Processing,Floresmouth,Minnesota
478,956,119,7,27.5,192.5,2024-07-20,Returned,Wheelerchester,South Carolina
479,158,10,1,107.87,107.87,2024-08-26,Shipped,New Patrick,Indiana
480,357,75,3,51.24,153.72,2025-07-18,Delivered,Lake Sheriside,Iowa
481,715,5,9,14.19,127.71,2024-02-13,Delivered,North Nathanshire,Georgia
482,702,50,11,23.62,259.82,2025-06-26,Delivered,Greenside,New York
483,232,161,11,33.62,369.82,2025-06-10,Shipped,Garyfort,Hawaii
484,197,78,4,5.17,20.68,2024-03-29,Delivered,Petersland,South Dakota
485,918,7,4,43.74,174.96,2024-01-07,Delivered,Robertchester,Arkansas
486,348,182,2,675.46,1350.92,2024-01-22,Delivered,Scottberg,Kansas
487,325,95,1,2.3,2.3,2025-07-07,Delivered,Port Briannastad,Oregon
488,597,22,3,413.03,1239.09,2024-10-11,Delivered,West Adamton,Tennessee
489,9,9,1,160.49,160.49,2025-08-20,Delivered,North Karla,Mississippi
490,770,119,12,27.5,0.0,2024-07-10,Cancelled,Sandraside,Oklahoma
491,719,143,1,148.64,148.64,2024-11-16,Delivered,Shannonbury,Georgia
492,541,18,5,143.63,718.15,2025-03-07,Delivered,Lake Katrinaborough,North Dakota
493,673,124,2,108.4,216.8,2024-09-29,Delivered,Josefurt,Montana
494,123,68,2,113.46,226.92,2025-10-28,Delivered,West Steven,North Carolina
495,57,97,4,43.15,0.0,2024-07-15,Cancelled,Port Alexisside,Nevada
496,694,130,1,87.12,87.12,2024-10-02,Delivered,Port Louis,New Hampshire
497,774,163,1,113.36,113.36,2025-05-29,Delivered,North Adamland,Rhode Island
498,63,17,1,625.15,625.15,2025-12-15,Delivered,North Carmen,Iowa
499,489,52,5,27.18,135.9,2024-03-05,Shipped,South Jasonstad,Tennessee
500,976,31,3,50.16,150.48,2024-02-17,Delivered,Carneyburgh,Tennessee
501,244,81,2,51.28,102.56,2025-11-27,Returned,Joannebury,New Jersey
502,193,139,3,74.52,223.56,2025-11-17,Delivered,Bellville,Michigan
503,99,54,2,7.54,15.08,2025-10-03,Delivered,Carterton,North Dakota
504,617,196,2,138.33,276.66,2025-02-06,Delivered,Lake Sonyaville,New York
505,873,170,5,81.2,0.0,2024-05-16,Cancelled,Mendezville,Hawaii
506,797,181,3,86.64,259.92,2024-03-08,Returned,Lake Alexaside,Nevada
507,827,149,1,274.44,274.44,2024-05-01,Delivered,North Stevenmouth,Virginia
508,102,62,5,99.97,499.85,2025-03-22,Delivered,Haileyburgh,Texas
509,321,64,2,32.06,64.12,2024-12-23,Delivered,Hopkinsport,Texas
510,748,183,3,258.69,776.07,2025-10-30,Shipped,Kyleland,Oregon
511,489,54,8,7.54,60.32,2024-08-25,Delivered,South Jasonstad,Tennessee
512,626,134,6,53.71,322.26,2024-08-25,Delivered,West Amymouth,New York
513,183,94,3,41.9,125.7,2024-10-26,Shipped,South Shane,Kansas
514,753,58,1,1142.69,1142.69,2024-03-06,Delivered,Monicafort,Hawaii
515,839,193,2,69.03,138.06,2024-11-04,Delivered,Kimberlyburgh,Illinois
516,552,127,2,150.5,301.0,2024-11-26,Delivered,Port Anthonymouth,Kentucky
517,753,134,3,53.71,161.13,2025-08-01,Delivered,Monicafort,Hawaii
518,769,131,2,917.21,1834.42,2024-12-25,Processing,West Sara,Nebraska
519,838,172,4,84.77,339.08,2025-01-15,Delivered,Marshfort,Oklahoma
520,63,45,4,57.4,229.6,2024-04-15,Delivered,North Carmen,Iowa
521,41,180,6,5.05,30.3,2024-10-19,Delivered,Jameschester,Pennsylvania
522,924,192,3,16.8,50.4,2025-11-01,Delivered,Hillberg,Georgia
523,496,40,3,414.22,1242.66,2024-02-05,Delivered,Jamesburgh,Florida
524,22,30,1,17.83,17.83,2025-06-15,Delivered,Brendastad,Nebraska
525,499,102,3,16.48,49.44,2025-06-10,Delivered,West Michael,Rhode Island
526,997,89,2,695.64,1391.28,2025-12-04,Shipped,Latoyahaven,Alabama
527,563,29,2,264.9,529.8,2024-10-11,Processing,Hendrixside,Delaware
528,672,39,1,35.25,35.25,2025-08-26,Delivered,Lake Jamesland,Wyoming
529,84,71,1,311.35,311.35,2024-05-15,Delivered,Christinaport,Idaho
530,365,80,2,31.23,62.46,2024-07-22,Delivered,Christopherborough,Kansas
531,471,21,1,65.8,0.0,2025-02-18,Cancelled,Donaldbury,Arizona
532,126,93,1,130.28,130.28,2025-09-29,Delivered,Ritashire,New Jersey
533,94,146,2,157.34,314.68,2024-08-05,Delivered,North Marissa,Missouri
534,712,32,2,87.66,175.32,2025-09-17,Delivered,Harrisborough,Tennessee
535,680,37,4,110.69,442.76,2025-03-13,Delivered,Perryside,Utah
536,758,57,4,115.26,461.04,2024-01-18,Shipped,Johnsonmouth,South Carolina
537,683,76,4,143.96,575.84,2025-04-23,Shipped,New Jessica,New Mexico
538,312,145,3,88.28,264.84,2024-01-30,Delivered,Davidfort,Connecticut
539,606,41,1,238.94,238.94,2025-01-03,Delivered,Port Sarah,New Mexico
540,349,127,2,150.5,0.0,2025-11-27,Cancelled,East Susan,New Mexico
541,352,43,1,102.37,102.37,2025-10-15,Delivered,Shafferview,New Mexico
542,295,6,1,1964.49,1964.49,2024-02-13,Shipped,South Angelica,Alaska
543,50,61,6,24.62,147.72,2024-04-25,Delivered,New Shannonhaven,Pennsylvania
544,707,73,2,456.73,913.46,2025-06-19,Returned,Phelpsberg,Wyoming
545,127,26,3,15.15,45.45,2024-05-02,Delivered,New Kurt,North Carolina
546,763,109,2,115.28,0.0,2025-09-11,Cancelled,Franklinville,Washington
547,821,78,9,5.17,46.53,2025-10-26,Delivered,Floresmouth,Minnesota
548,853,175,3,58.63,175.89,2025-10-10,Delivered,Jonathanborough,Vermont
549,697,30,1,17.83,17.83,2024-01-15,Delivered,East Jasonville,Kansas
550,165,119,1,27.5,27.5,2025-02-16,Shipped,Port Jennifermouth,Alabama
551,454,180,10,5.05,50.5,2024-06-18,Delivered,Biancamouth,West Virginia
552,572,39,7,35.25,246.75,2025-07-10,Delivered,Johnsonstad,Arkansas
553,827,163,1,113.36,113.36,2024-02-18,Processing,North Stevenmouth,Virginia
554,100,181,3,86.64,259.92,2024-05-11,Shipped,New Mike,Wisconsin
555,753,196,4,138.33,553.32,2024-01-11,Delivered,Monicafort,Hawaii
556,737,182,1,675.46,675.46,2025-01-20,Delivered,Hernandezside,Wyoming
557,232,134,4,53.71,214.84,2024-02-10,Delivered,Garyfort,Hawaii
558,321,40,3,414.22,1242.66,2025-05-17,Delivered,Hopkinsport,Texas
559,872,2,3,134.26,402.78,2024-01-14,Delivered,Joshuabury,Colorado
560,984,46,2,35.34,70.68,2024-10-20,Delivered,Sandramouth,Oregon
561,438,158,4,34.1,136.4,2024-06-30,Delivered,East John,Delaware
562,966,134,4,53.71,214.84,2025-12-15,Delivered,Port Dorisport,Connecticut
563,458,136,2,81.75,163.5,2025-05-25,Shipped,Oscarborough,Arkansas
564,512,153,3,98.25,294.75,2025-11-16,Delivered,Jasonchester,New Hampshire
565,832,106,3,26.57,79.71,2025-05-10,Delivered,New Richard,North Carolina
566,423,136,4,81.75,327.0,2025-06-07,Shipped,New Angelaburgh,Maine
567,19,103,6,42.88,257.28,2024-06-03,Returned,North Davidshire,Vermont
568,156,46,1,35.34,35.34,2024-03-30,Delivered,Pagemouth,Maine
569,740,82,12,29.07,348.84,2025-09-27,Delivered,Lake Marilyn,Wisconsin
570,230,108,3,52.63,157.89,2024-07-24,Delivered,South Andrewport,Iowa
571,436,175,4,58.63,234.52,2025-01-05,Delivered,South Jefferyville,California
572,774,57,5,115.26,576.3,2025-10-19,Delivered,North Adamland,Rhode Island
573,201,76,1,143.96,143.96,2025-02-28,Delivered,New Brendamouth,New Hampshire
574,578,79,3,383.68,1151.04,2024-12-09,Delivered,Edwardborough,Rhode Island
575,271,189,4,48.34,193.36,2024-02-27,Delivered,West Robin,North Dakota
576,844,157,2,8.59,17.18,2024-02-19,Delivered,Priscillafurt,Connecticut
577,967,155,2,97.2,194.4,2025-08-17,Shipped,Kennethchester,Nebraska
578,904,69,4,12.9,51.6,2024-03-26,Delivered,Lake Johnathan,Michigan
579,357,149,2,274.44,548.88,2024-06-16,Delivered,Lake Sheriside,Iowa
580,25,123,3,271.01,813.03,2025-04-13,Delivered,North Tonya,Arkansas
581,87,40,3,414.22,1242.66,2024-11-02,Delivered,Monicaberg,Pennsylvania
582,121,127,1,150.5,150.5,2024-02-28,Shipped,Morrisonshire,Pennsylvania
583,274,40,1,414.22,414.22,2024-12-12,Delivered,Mcdonaldtown,New Mexico
584,861,75,3,51.24,153.72,2024-08-06,Delivered,Lake Anthony,Maine
585,826,147,2,487.95,975.9,2025-10-21,Delivered,West Mary,Wyoming
586,928,133,6,46.43,278.58,2024-11-06,Delivered,Priceport,Idaho
587,315,196,2,138.33,0.0,2025-02-25,Cancelled,Matthewview,New Hampshire
588,260,145,4,88.28,353.12,2025-12-21,Delivered,Shelbyburgh,Connecticut
589,705,147,2,487.95,975.9,2025-12-20,Delivered,Port Coryport,Nevada
590,723,66,1,235.08,235.08,2025-10-09,Delivered,North Judy,Florida
591,269,92,2,11.68,23.36,2024-04-11,Delivered,New Courtneyview,Tennessee
592,363,189,3,48.34,145.02,2024-09-20,Delivered,Mejiamouth,Massachusetts
593,52,19,2,342.31,684.62,2025-12-13,Shipped,Lorifurt,Ohio
594,194,184,2,107.03,214.06,2025-06-06,Delivered,Donaldland,North Carolina
595,731,162,2,115.69,231.38,2025-11-22,Delivered,Scottstad,North Dakota
596,388,100,2,48.33,96.66,2025-05-21,Delivered,Murphyhaven,Maryland
597,289,53,2,75.3,0.0,2025-04-21,Cancelled,Scottmouth,Texas
598,812,118,2,103.99,207.98,2025-01-20,Shipped,Carlamouth,Vermont
599,967,61,6,24.62,147.72,2025-04-06,Delivered,Kennethchester,Nebraska
600,51,98,1,46.15,46.15,2025-06-12,Delivered,New Sandrastad,Idaho
601,170,166,3,80.7,242.1,2025-03-09,Delivered,Tonyshire,Virginia
602,812,116,2,154.63,309.26,2025-10-21,Shipped,Carlamouth,Vermont
603,619,171,4,142.38,569.52,2025-10-03,Delivered,East Theresahaven,Colorado
604,389,116,1,154.63,154.63,2025-08-04,Delivered,Dennisberg,North Dakota
605,193,15,2,22.83,45.66,2025-03-02,Delivered,Bellville,Michigan
606,406,42,2,146.77,293.54,2024-05-26,Shipped,Calvinview,Utah
607,264,34,1,24.01,24.01,2025-08-12,Delivered,Wadebury,Utah
608,695,8,5,80.04,400.2,2025-04-18,Delivered,Brownhaven,Montana
609,168,100,5,48.33,241.65,2024-05-25,Shipped,Port Kaylamouth,New Mexico
610,385,37,4,110.69,442.76,2025-09-03,Delivered,Russellborough,Nebraska
611,618,91,1,222.92,222.92,2024-05-12,Returned,Jacksonview,Alaska
612,169,178,3,11.5,34.5,2024-07-31,Delivered,Bartonland,Nevada
613,286,90,4,170.31,0.0,2024-06-26,Cancelled,New Zacharyshire,Wisconsin
614,927,82,8,29.07,232.56,2025-03-07,Delivered,Judithchester,South Carolina
615,736,192,9,16.8,151.2,2024-12-23,Delivered,Jamesport,Mississippi
616,968,175,3,58.63,175.89,2025-05-14,Delivered,Ryanview,South Carolina
617,120,76,4,143.96,575.84,2024-10-01,Delivered,North Marie,Delaware
618,403,85,1,490.6,490.6,2025-01-09,Delivered,Davidberg,New Mexico
619,729,180,2,5.05,10.1,2025-10-27,Processing,Sarahbury,Rhode Island
620,31,81,1,51.28,51.28,2025-04-19,Delivered,Eugeneport,Nebraska
621,375,149,3,274.44,823.32,2024-04-09,Processing,Murrayborough,Tennessee
622,803,126,7,14.23,99.61,2024-04-26,Returned,West Jasmine,South Dakota
623,381,181,1,86.64,86.64,2024-06-07,Delivered,Dorothyville,Rhode Island
624,191,34,6,24.01,0.0,2025-07-27,Cancelled,Benjaminville,Wyoming
625,551,190,5,11.07,55.35,2025-07-28,Delivered,Jasontown,Tennessee
626,997,48,6,46.46,278.76,2024-08-20,Delivered,Latoyahaven,Alabama
627,760,155,4,97.2,388.8,2024-07-21,Delivered,Perkinsside,South Dakota
628,755,194,2,39.19,78.38,2025-11-23,Delivered,Jasonmouth,Vermont
629,856,150,2,167.9,335.8,2025-03-05,Delivered,East Brandonland,Delaware
630,884,16,1,53.79,53.79,2025-03-13,Delivered,East Jamesmouth,Kansas
631,796,14,3,28.78,86.34,2025-03-03,Delivered,Stephaniechester,Arkansas
632,957,126,8,14.23,113.84,2025-08-12,Delivered,Samanthaville,Michigan
633,892,14,2,28.78,57.56,2025-06-16,Returned,Lake Anthony,Nevada
634,544,156,4,76.9,307.6,2024-04-23,Delivered,West Ryanton,Pennsylvania
635,641,54,10,7.54,75.4,2024-02-20,Shipped,West Joshuafort,New York
636,638,118,1,103.99,103.99,2025-05-19,Delivered,North Gabrielberg,Arizona
637,763,155,3,97.2,291.6,2024-01-22,Delivered,Franklinville,Washington
638,398,5,8,14.19,113.52,2025-08-21,Delivered,Williamview,Delaware
639,651,145,2,88.28,176.56,2024-10-17,Delivered,South Jerrybury,South Dakota
640,41,116,2,154.63,309.26,2025-01-22,Shipped,Jameschester,Pennsylvania
641,644,173,1,63.4,63.4,2024-07-24,Delivered,Kaylamouth,Ohio
642,81,112,3,53.86,161.58,2025-02-19,Delivered,Lucasshire,Massachusetts
643,819,96,1,286.65,286.65,2025-10-20,Delivered,Clarkhaven,Texas
644,57,156,3,76.9,230.7,2024-05-20,Delivered,Port Alexisside,Nevada
645,14,178,1,11.5,11.5,2025-05-28,Delivered,Lake Peterfort,Ohio
646,937,138,4,160.33,641.32,2024-05-11,Delivered,Howardland,Colorado
647,966,19,1,342.31,342.31,2025-04-15,Shipped,Port Dorisport,Connecticut
648,348,119,11,27.5,302.5,2024-06-05,Delivered,Scottberg,Kansas
649,946,133,6,46.43,278.58,2024-01-27,Shipped,Port Anthony,Utah
650,473,96,1,286.65,286.65,2024-11-10,Delivered,Emilyburgh,Mississippi
651,374,49,3,98.4,295.2,2025-06-23,Delivered,Evelynport,Texas
652,529,192,6,16.8,100.8,2025-08-27,Delivered,South Darrylberg,Colorado
653,732,175,2,58.63,117.26,2024-03-07,Delivered,Mcgrathville,South Carolina
654,253,161,1,33.62,33.62,2024-12-21,Delivered,Leachton,New York
655,365,147,2,487.95,975.9,2024-05-18,Delivered,Christopherborough,Kansas
656,648,126,2,14.23,28.46,2024-04-01,Delivered,Acostabury,Pennsylvania
657,970,17,1,625.15,625.15,2025-06-27,Shipped,Robertsborough,Utah
658,911,146,2,157.34,314.68,2025-03-09,Delivered,New Stephanieland,Wyoming
659,832,147,2,487.95,975.9,2025-05-06,Delivered,New Richard,North Carolina
660,576,143,1,148.64,0.0,2024-07-16,Cancelled,Richardshire,Massachusetts
661,291,176,3,98.52,295.56,2024-01-26,Delivered,North Patricia,Vermont
662,699,169,4,175.75,703.0,2025-09-27,Delivered,Mckinneychester,Nebraska
663,879,176,1,98.52,98.52,2025-03-01,Delivered,Watsonport,Kentucky
664,116,20,2,34.83,69.66,2025-04-11,Delivered,Patriciashire,Utah
665,203,112,2,53.86,107.72,2024-03-27,Delivered,South Christopherton,South Carolina
666,820,152,5,105.39,526.95,2024-01-08,Delivered,Wilsonchester,Maine
667,430,31,3,50.16,150.48,2024-05-08,Delivered,South Connor,Montana
668,656,95,6,2.3,13.8,2024-07-14,Delivered,Danielleland,South Dakota
669,508,1,5,21.77,0.0,2025-03-25,Cancelled,North Louis,South Dakota
670,736,104,1,1515.73,1515.73,2024-03-16,Shipped,Jamesport,Mississippi
671,966,40,2,414.22,0.0,2025-05-25,Cancelled,Port Dorisport,Connecticut
672,446,154,1,42.12,42.12,2024-10-22,Delivered,Lake Johnside,Delaware
673,564,143,4,148.64,594.56,2024-02-05,Shipped,Pooletown,New Hampshire
674,406,157,6,8.59,51.54,2025-05-14,Returned,Calvinview,Utah
675,994,200,4,41.6,166.4,2024-07-15,Delivered,New Jamesland,Tennessee
676,947,8,4,80.04,320.16,2024-05-10,Delivered,Lopezberg,South Carolina
677,263,133,4,46.43,185.72,2024-05-21,Delivered,Rebeccastad,Utah
678,252,142,3,241.68,725.04,2025-04-09,Returned,North Samanthaport,Missouri
679,570,88,1,548.48,548.48,2024-10-24,Delivered,New Ashley,North Dakota
680,275,100,3,48.33,144.99,2025-10-05,Shipped,Markfort,Michigan
681,514,66,1,235.08,235.08,2025-03-15,Processing,Leeport,North Dakota
682,200,65,2,337.28,674.56,2025-05-29,Returned,Morganshire,Florida
683,764,148,2,639.02,1278.04,2025-11-15,Shipped,South Dawnburgh,Wisconsin
684,454,22,2,413.03,826.06,2024-10-01,Delivered,Biancamouth,West Virginia
685,856,80,6,31.23,0.0,2025-05-29,Cancelled,East Brandonland,Delaware
686,490,191,5,126.39,631.95,2025-04-20,Processing,Hillton,New Mexico
687,418,110,4,26.8,107.2,2025-12-20,Delivered,Ericstad,Florida
688,334,145,4,88.28,353.12,2025-06-22,Processing,South Bradleyside,Delaware
689,307,41,1,238.94,238.94,2025-03-16,Delivered,Jacobton,Mississippi
690,523,153,1,98.25,98.25,2025-07-30,Delivered,Harrisonchester,Vermont
691,533,115,5,98.26,0.0,2024-09-02,Cancelled,Cynthiaberg,New Hampshire
692,869,157,1,8.59,8.59,2024-08-04,Delivered,West Davidport,Arkansas
693,500,46,1,35.34,35.34,2024-02-29,Delivered,Heidimouth,Arizona
694,834,129,3,165.48,496.44,2024-11-29,Shipped,South Christie,South Carolina
695,662,61,11,24.62,270.82,2024-12-10,Delivered,Robbinsstad,South Carolina
696,345,7,4,43.74,174.96,2025-10-11,Delivered,Huntstad,Michigan
697,225,13,4,56.57,226.28,2025-12-14,Delivered,Rowechester,Massachusetts
698,296,158,4,34.1,136.4,2025-03-04,Delivered,Port Samuelton,Mississippi
699,838,13,1,56.57,56.57,2024-11-19,Delivered,Marshfort,Oklahoma
700,754,80,8,31.23,249.84,2025-05-24,Returned,South Tammy,Iowa
701,707,69,3,12.9,38.7,2024-05-25,Delivered,Phelpsberg,Wyoming
702,737,102,5,16.48,82.4,2025-11-13,Processing,Hernandezside,Wyoming
703,923,136,4,81.75,327.0,2025-10-25,Delivered,East Anaborough,New Mexico
704,899,168,5,16.61,83.05,2025-07-27,Delivered,West Nicholasburgh,Michigan
705,934,139,2,74.52,149.04,2025-01-07,Processing,Heatherside,Hawaii
706,359,13,1,56.57,56.57,2025-07-23,Delivered,Jordanshire,Washington
707,734,46,1,35.34,35.34,2024-05-12,Shipped,Hollyport,Arizona
708,953,103,8,42.88,343.04,2024-02-20,Delivered,Codychester,Rhode Island
709,355,63,2,1487.23,2974.46,2024-12-14,Shipped,Cynthiafurt,Connecticut
710,187,144,8,37.02,296.16,2024-11-06,Delivered,Onealfurt,Florida
711,312,52,5,27.18,135.9,2025-05-11,Delivered,Davidfort,Connecticut
712,183,163,3,113.36,340.08,2025-05-01,Delivered,South Shane,Kansas
713,65,162,5,115.69,578.45,2025-02-23,Delivered,North Daniel,Maine
714,89,80,4,31.23,124.92,2025-03-22,Delivered,Hobbsburgh,Idaho
715,305,16,5,53.79,268.95,2025-08-06,Delivered,Thomasville,Virginia
716,835,68,2,113.46,226.92,2025-11-05,Processing,Stephenstown,Arkansas
717,508,156,2,76.9,153.8,2025-11-14,Processing,North Louis,South Dakota
718,325,38,12,31.32,0.0,2025-09-12,Cancelled,Port Briannastad,Oregon
719,662,192,12,16.8,201.6,2025-03-19,Delivered,Robbinsstad,South Carolina
720,947,103,8,42.88,343.04,2025-06-19,Delivered,Lopezberg,South Carolina
721,168,25,2,212.04,424.08,2025-02-03,Delivered,Port Kaylamouth,New Mexico
722,550,161,3,33.62,100.86,2024-06-09,Delivered,South Jonathanville,New Mexico
723,532,76,5,143.96,719.8,2025-09-25,Delivered,Andersonborough,Wisconsin
724,247,124,1,108.4,108.4,2025-01-08,Delivered,Morrisonbury,Nebraska
725,975,164,1,46.38,46.38,2025-11-06,Processing,North Peter,Michigan
726,409,81,5,51.28,256.4,2024-07-26,Delivered,East Morganton,Indiana
727,502,144,4,37.02,148.08,2024-08-19,Delivered,Port Arielside,West Virginia
728,154,173,1,63.4,63.4,2024-05-24,Shipped,Port Kaylabury,New Hampshire
729,640,60,2,493.39,986.78,2025-07-17,Delivered,Melanieland,Massachusetts
730,624,48,2,46.46,92.92,2025-11-28,Shipped,New Katherine,North Dakota
731,835,48,2,46.46,92.92,2024-10-07,Delivered,Stephenstown,Arkansas
732,55,66,2,235.08,470.16,2025-05-23,Shipped,Ashleyfort,Maryland
733,352,167,1,243.83,243.83,2025-12-20,Delivered,Shafferview,New Mexico
734,145,100,3,48.33,144.99,2024-02-22,Delivered,Carrollfurt,Iowa
735,143,10,2,107.87,215.74,2024-02-09,Delivered,North Jake,Idaho
736,115,10,2,107.87,215.74,2024-03-27,Delivered,Henryfort,New York
737,140,115,5,98.26,491.3,2024-11-25,Delivered,West Christopherchester,Virginia
738,79,26,4,15.15,60.6,2025-03-22,Returned,Alexandriamouth,Indiana
739,300,130,2,87.12,174.24,2024-03-01,Delivered,Zamoraville,South Carolina
740,543,57,2,115.26,230.52,2025-05-11,Delivered,Jasminport,Maryland
741,223,147,2,487.95,975.9,2024-05-08,Delivered,Fostershire,Maryland
742,509,78,2,5.17,10.34,2025-03-02,Shipped,North Katie,Virginia
743,834,3,2,34.78,69.56,2025-05-28,Delivered,South Christie,South Carolina
744,484,171,3,142.38,427.14,2025-09-27,Delivered,Port Brandi,Kansas
745,876,14,4,28.78,115.12,2025-02-16,Delivered,North Susanville,Massachusetts
746,449,117,3,110.18,330.54,2025-09-14,Delivered,Justinhaven,Iowa
747,16,147,2,487.95,0.0,2024-03-14,Cancelled,Floresview,Vermont
748,187,138,2,160.33,320.66,2025-01-19,Delivered,Onealfurt,Florida
749,991,124,3,108.4,325.2,2024-10-03,Delivered,Franklinborough,Kansas
750,755,67,7,22.32,156.24,2024-06-05,Processing,Jasonmouth,Vermont
751,372,198,1,473.82,473.82,2025-10-31,Delivered,Smithberg,Connecticut
752,147,112,3,53.86,161.58,2025-02-03,Delivered,Stephanieburgh,Alaska
753,942,30,2,17.83,35.66,2024-04-01,Delivered,Jesseside,Ohio
754,914,60,1,493.39,493.39,2024-12-25,Shipped,North Jill,New Mexico
755,377,15,4,22.83,91.32,2024-06-11,Processing,Williamsstad,Florida
756,808,176,2,98.52,197.04,2024-04-21,Shipped,Russellfort,Arkansas
757,616,179,1,486.21,486.21,2025-08-16,Delivered,New Amanda,Nevada
758,842,36,2,193.51,387.02,2025-03-05,Delivered,Williamhaven,Utah
759,983,104,1,1515.73,1515.73,2024-11-11,Delivered,Seanborough,Nebraska
760,644,14,2,28.78,57.56,2025-11-20,Delivered,Kaylamouth,Ohio
761,632,39,9,35.25,317.25,2025-12-05,Delivered,Lake Renee,Washington
762,155,159,5,28.19,140.95,2024-02-09,Delivered,North Codybury,Pennsylvania
763,284,80,11,31.23,343.53,2025-06-27,Delivered,East Angel,Missouri
764,942,9,3,160.49,481.47,2025-12-06,Delivered,Jesseside,Ohio
765,691,132,1,895.45,895.45,2024-01-29,Processing,Melissamouth,West Virginia
766,295,53,2,75.3,150.6,2025-04-23,Delivered,South Angelica,Alaska
767,481,139,2,74.52,149.04,2025-05-04,Delivered,Charlesland,Texas
768,579,188,1,102.39,102.39,2024-05-25,Delivered,Angelachester,New Jersey
769,102,53,2,75.3,150.6,2024-01-04,Delivered,Haileyburgh,Texas
770,650,64,3,32.06,96.18,2024-03-06,Delivered,Alexanderside,West Virginia
771,274,168,5,16.61,83.05,2025-12-13,Delivered,Mcdonaldtown,New Mexico
772,499,63,1,1487.23,1487.23,2025-01-19,Shipped,West Michael,Rhode Island
773,270,19,3,342.31,1026.93,2024-05-04,Delivered,New Patricktown,Montana
774,993,6,2,1964.49,3928.98,2024-01-24,Delivered,North Josephmouth,Wyoming
775,31,85,3,490.6,1471.8,2025-07-06,Delivered,Eugeneport,Nebraska
776,330,66,2,235.08,470.16,2025-06-07,Delivered,Hamiltonmouth,Utah
777,153,77,4,5.4,0.0,2025-05-05,Cancelled,Westside,New Hampshire
778,535,199,4,97.62,390.48,2024-04-17,Returned,Torresmouth,Washington
779,879,78,12,5.17,62.04,2025-09-27,Shipped,Watsonport,Kentucky
780,937,136,3,81.75,245.25,2025-01-15,Delivered,Howardland,Colorado
781,950,85,1,490.6,490.6,2024-04-08,Shipped,Lake Elizabethhaven,Connecticut
782,609,126,6,14.23,85.38,2024-06-10,Delivered,Traceyborough,Louisiana
783,34,77,1,5.4,5.4,2025-05-25,Delivered,Joseland,Alabama
784,713,54,5,7.54,37.7,2025-08-10,Delivered,South James,Ohio
785,457,106,3,26.57,79.71,2025-05-23,Shipped,South Melanie,South Carolina
786,507,7,5,43.74,218.7,2024-12-05,Delivered,Vincentborough,Utah
787,137,144,9,37.02,333.18,2025-04-28,Delivered,Port Miguelfort,Iowa
788,345,138,3,160.33,480.99,2025-04-09,Shipped,Huntstad,Michigan
789,774,136,5,81.75,408.75,2024-03-03,Delivered,North Adamland,Rhode Island
790,769,76,4,143.96,575.84,2025-01-17,Shipped,West Sara,Nebraska
791,650,16,3,53.79,161.37,2024-03-29,Delivered,Alexanderside,West Virginia
792,333,135,3,144.51,0.0,2025-03-06,Cancelled,Mooreview,West Virginia
793,571,124,3,108.4,325.2,2025-01-19,Delivered,Wardbury,Michigan
794,487,158,3,34.1,102.3,2024-05-14,Delivered,Sarahton,Nevada
795,78,2,1,134.26,134.26,2025-04-09,Delivered,Lake Jonathanton,Alabama
796,595,197,3,42.46,127.38,2025-05-27,Delivered,Port Robin,California
797,498,160,11,37.99,417.89,2024-08-31,Processing,North Cassandra,Illinois
798,697,9,1,160.49,160.49,2025-05-17,Delivered,East Jasonville,Kansas
799,659,162,5,115.69,0.0,2024-03-29,Cancelled,Rodriguezview,California
800,378,8,2,80.04,160.08,2024-02-16,Shipped,Cameronborough,Virginia
801,412,158,3,34.1,0.0,2024-02-16,Cancelled,Lake Jay,North Dakota
802,979,62,3,99.97,299.91,2025-12-04,Delivered,Petersonfort,Georgia
803,991,146,2,157.34,314.68,2025-03-13,Delivered,Franklinborough,Kansas
804,838,31,3,50.16,150.48,2024-12-29,Delivered,Marshfort,Oklahoma
805,336,95,12,2.3,27.6,2024-11-08,Delivered,West Tina,Pennsylvania
806,286,64,2,32.06,64.12,2025-07-04,Returned,New Zacharyshire,Wisconsin
807,426,109,3,115.28,345.84,2024-06-29,Delivered,North Todd,Arizona
808,988,115,3,98.26,294.78,2024-04-24,Delivered,Jonesfurt,Missouri
809,755,56,3,208.97,626.91,2024-10-22,Delivered,Jasonmouth,Vermont
810,943,175,4,58.63,234.52,2024-04-17,Delivered,Paulville,Texas
811,856,76,4,143.96,575.84,2025-08-13,Shipped,East Brandonland,Delaware
812,213,197,1,42.46,42.46,2025-12-12,Delivered,Kingfort,New Hampshire
813,682,113,5,22.71,113.55,2025-08-29,Returned,Danielport,Oregon
814,656,25,3,212.04,636.12,2025-06-25,Shipped,Danielleland,South Dakota
815,923,64,3,32.06,96.18,2024-11-19,Shipped,East Anaborough,New Mexico
816,905,94,2,41.9,0.0,2025-12-20,Cancelled,Martinchester,Maryland
817,444,190,5,11.07,55.35,2025-06-23,Delivered,Davidfort,New Hampshire
818,594,132,2,895.45,1790.9,2025-06-06,Delivered,Chenberg,Pennsylvania
819,4,90,3,170.31,0.0,2025-12-26,Cancelled,East Johnathan,Maine
820,733,163,3,113.36,340.08,2024-11-25,Delivered,South Rebecca,Maine
821,75,6,2,1964.49,3928.98,2025-07-22,Delivered,Natalieside,New Jersey
822,938,66,3,235.08,705.24,2025-03-04,Processing,Mortonville,Alaska
823,301,135,1,144.51,144.51,2025-09-12,Delivered,North Wayne,Utah
824,674,71,2,311.35,622.7,2025-08-01,Returned,New Robert,Michigan
825,3,93,1,130.28,130.28,2024-11-03,Delivered,Tapiaburgh,New Hampshire
826,872,56,2,208.97,417.94,2024-03-03,Delivered,Joshuabury,Colorado
827,69,109,2,115.28,230.56,2024-02-28,Delivered,Guzmanmouth,Tennessee
828,232,107,1,56.54,56.54,2024-07-12,Processing,Garyfort,Hawaii
829,137,158,3,34.1,102.3,2024-02-15,Delivered,Port Miguelfort,Iowa
830,990,172,4,84.77,339.08,2024-07-19,Delivered,Juarezfurt,Alaska
831,187,111,1,93.95,0.0,2025-12-26,Cancelled,Onealfurt,Florida
832,588,131,2,917.21,1834.42,2024-08-05,Delivered,Thomasmouth,Texas
833,736,125,5,24.59,122.95,2025-06-23,Delivered,Jamesport,Mississippi
834,277,22,3,413.03,1239.09,2024-12-16,Delivered,Rachelfort,New Jersey
835,906,121,5,6.52,32.6,2024-04-06,Delivered,Dianahaven,Kansas
836,664,66,1,235.08,235.08,2024-08-15,Shipped,Mendozafurt,Connecticut
837,105,66,3,235.08,705.24,2024-12-31,Delivered,South Lisa,Rhode Island
838,688,63,2,1487.23,2974.46,2024-12-18,Delivered,Patrickfort,Wyoming
839,513,122,5,30.44,152.2,2025-03-03,Delivered,North Karen,Kentucky
840,924,162,5,115.69,0.0,2025-06-10,Cancelled,Hillberg,Georgia
841,428,59,3,462.07,1386.21,2025-01-02,Delivered,Lake Kayla,South Dakota
842,909,42,1,146.77,146.77,2025-03-12,Delivered,South Kimberly,Wisconsin
843,612,200,4,41.6,166.4,2024-11-16,Delivered,Nicholasview,Illinois
844,173,73,2,456.73,913.46,2024-06-07,Delivered,Powerschester,Colorado
845,657,55,3,29.42,88.26,2024-01-19,Delivered,North Richardview,Kansas
846,442,56,3,208.97,626.91,2024-12-18,Delivered,North Noah,Wyoming
847,933,50,3,23.62,70.86,2024-01-16,Delivered,Longside,Michigan
848,943,29,2,264.9,529.8,2024-06-25,Delivered,Paulville,Texas
849,222,199,4,97.62,390.48,2024-09-07,Shipped,Laurieburgh,Mississippi
850,686,151,2,192.55,385.1,2025-07-14,Delivered,Port Patrick,Colorado
851,69,139,1,74.52,74.52,2024-11-26,Delivered,Guzmanmouth,Tennessee
852,979,100,2,48.33,96.66,2025-07-30,Delivered,Petersonfort,Georgia
853,706,168,3,16.61,49.83,2025-12-26,Delivered,Gregoryville,New Mexico
854,507,120,1,1304.73,1304.73,2024-06-01,Delivered,Vincentborough,Utah
855,404,78,11,5.17,56.87,2025-06-15,Shipped,Laceyport,Washington
856,719,45,4,57.4,229.6,2024-08-11,Delivered,Shannonbury,Georgia
857,791,165,1,57.61,57.61,2025-09-05,Processing,Griffinton,North Dakota
858,504,85,1,490.6,490.6,2024-08-11,Processing,North Paul,Virginia
859,848,129,1,165.48,165.48,2024-02-02,Delivered,East Jacob,Wisconsin
860,554,188,3,102.39,307.17,2025-03-12,Delivered,Zimmermanmouth,Vermont
861,654,73,2,456.73,913.46,2025-03-25,Processing,North Michaelbury,West Virginia
862,237,193,5,69.03,345.15,2025-02-28,Delivered,North Tyroneport,South Dakota
863,818,109,3,115.28,345.84,2025-06-15,Processing,South Monicamouth,Nebraska
864,585,197,5,42.46,212.3,2024-03-30,Delivered,East Victoria,Rhode Island
865,253,35,2,179.74,359.48,2025-02-20,Delivered,Leachton,New York
866,956,64,1,32.06,32.06,2024-10-22,Delivered,Wheelerchester,South Carolina
867,458,109,1,115.28,115.28,2024-05-07,Delivered,Oscarborough,Arkansas
868,44,32,5,87.66,438.3,2024-03-31,Delivered,Tinahaven,Minnesota
869,394,53,2,75.3,150.6,2024-03-19,Delivered,Johnsonville,Wyoming
870,803,116,1,154.63,154.63,2025-12-09,Delivered,West Jasmine,South Dakota
871,613,86,1,1337.83,1337.83,2025-12-06,Delivered,New Blake,Utah
872,171,98,2,46.15,92.3,2025-06-06,Delivered,Cassandrashire,New York
873,744,95,6,2.3,13.8,2024-12-26,Delivered,Deborahstad,Oklahoma
874,43,56,3,208.97,626.91,2025-12-14,Shipped,Johnfort,North Carolina
875,652,197,4,42.46,169.84,2025-08-14,Delivered,Rachelfort,Missouri
876,543,102,5,16.48,82.4,2024-05-16,Shipped,Jasminport,Maryland
877,484,47,3,188.28,564.84,2024-05-04,Delivered,Port Brandi,Kansas
878,737,187,1,85.38,85.38,2024-01-03,Delivered,Hernandezside,Wyoming
879,88,79,1,383.68,383.68,2025-08-02,Delivered,Port Brendamouth,New Hampshire
880,131,180,11,5.05,55.55,2024-12-10,Delivered,East Jillstad,Pennsylvania
881,173,79,1,383.68,383.68,2024-02-12,Delivered,Powerschester,Colorado
882,565,42,2,146.77,0.0,2025-01-03,Cancelled,East Tara,Nebraska
883,7,146,3,157.34,0.0,2024-12-10,Cancelled,Kleinton,Tennessee
884,201,61,5,24.62,123.1,2025-09-25,Processing,New Brendamouth,New Hampshire
885,49,50,12,23.62,283.44,2024-01-07,Delivered,South Joshualand,Vermont
886,611,134,3,53.71,161.13,2025-04-25,Shipped,West Susanmouth,Florida
887,825,7,5,43.74,218.7,2024-05-31,Delivered,Lake Richard,Texas
888,269,96,1,286.65,286.65,2024-04-15,Delivered,New Courtneyview,Tennessee
889,852,9,1,160.49,160.49,2024-05-13,Delivered,Amyville,Alabama
890,144,141,4,55.53,222.12,2024-12-02,Shipped,West Mariahaven,Wisconsin
891,628,111,1,93.95,93.95,2024-02-20,Returned,New Sarahton,Idaho
892,976,36,4,193.51,774.04,2025-01-03,Shipped,Carneyburgh,Tennessee
893,54,187,4,85.38,341.52,2025-06-30,Shipped,Leeburgh,Maine
894,896,136,1,81.75,81.75,2024-12-27,Delivered,Randyhaven,Georgia
895,477,75,3,51.24,153.72,2025-05-26,Delivered,Nelsonborough,Minnesota
896,22,47,2,188.28,376.56,2024-02-08,Shipped,Brendastad,Nebraska
897,970,15,3,22.83,68.49,2024-10-03,Delivered,Robertsborough,Utah
898,185,43,3,102.37,0.0,2025-09-26,Cancelled,Tylerchester,California
899,718,57,3,115.26,345.78,2025-10-07,Shipped,West Kristinstad,New Hampshire
900,68,76,1,143.96,0.0,2024-03-11,Cancelled,Charlesfort,Alaska
901,429,160,1,37.99,0.0,2025-12-25,Cancelled,Aaronborough,Maryland
902,682,195,2,32.25,64.5,2024-09-30,Delivered,Danielport,Oregon
903,578,17,1,625.15,625.15,2024-10-28,Delivered,Edwardborough,Rhode Island
904,347,45,2,57.4,114.8,2024-05-15,Delivered,Donnaville,Colorado
905,400,111,1,93.95,93.95,2024-04-27,Delivered,Andersonside,Wyoming
906,86,122,5,30.44,152.2,2025-08-13,Delivered,East Dawnmouth,Maine
907,301,194,5,39.19,0.0,2024-03-09,Cancelled,North Wayne,Utah
908,319,137,1,484.65,484.65,2024-10-21,Returned,West Rachel,Delaware
909,955,137,2,484.65,969.3,2025-12-06,Shipped,New Ricardofort,Utah
910,64,92,2,11.68,23.36,2025-04-16,Delivered,Port James,California
911,434,128,5,15.74,78.7,2025-05-07,Processing,North Stevenmouth,Nebraska
912,696,176,2,98.52,197.04,2024-04-08,Delivered,Nicolestad,Delaware
913,844,47,1,188.28,188.28,2025-11-19,Delivered,Priscillafurt,Connecticut
914,837,26,4,15.15,60.6,2025-08-02,Delivered,Lake Michaelmouth,Delaware
915,714,87,3,29.52,88.56,2024-11-22,Shipped,Port Markshire,Minnesota
916,432,61,3,24.62,73.86,2025-03-20,Delivered,Lake Rachelberg,Hawaii
917,640,44,1,423.84,423.84,2024-12-17,Delivered,Melanieland,Massachusetts
918,731,56,2,208.97,417.94,2024-07-17,Delivered,Scottstad,North Dakota
919,710,76,3,143.96,431.88,2025-06-26,Delivered,Turnertown,Maine
920,538,171,3,142.38,427.14,2025-08-18,Delivered,Darrenmouth,West Virginia
921,669,94,4,41.9,167.6,2025-07-14,Delivered,East Dustinburgh,Maine
922,220,173,1,63.4,63.4,2024-12-11,Returned,Cindyport,North Dakota
923,967,160,11,37.99,417.89,2025-07-18,Delivered,Kennethchester,Nebraska
924,654,154,1,42.12,42.12,2024-11-01,Delivered,North Michaelbury,West Virginia
925,100,2,5,134.26,671.3,2024-04-08,Processing,New Mike,Wisconsin
926,201,97,4,43.15,172.6,2024-07-26,Delivered,New Brendamouth,New Hampshire
927,832,193,3,69.03,207.09,2025-11-14,Delivered,New Richard,North Carolina
928,649,165,3,57.61,172.83,2025-09-12,Delivered,East Jenniferfort,New Mexico
929,285,16,3,53.79,161.37,2025-09-24,Delivered,Tuckerview,Connecticut
930,64,146,1,157.34,157.34,2025-12-11,Shipped,Port James,California
931,73,117,1,110.18,110.18,2024-08-06,Delivered,Mccallside,Michigan
932,416,106,5,26.57,132.85,2025-11-02,Shipped,Kellyshire,South Dakota
933,972,38,9,31.32,281.88,2025-02-28,Delivered,New Richard,New Mexico
934,607,20,3,34.83,104.49,2024-07-30,Shipped,Walkertown,North Carolina
935,311,114,1,74.03,74.03,2025-05-25,Returned,South Philipland,Texas
936,151,130,1,87.12,87.12,2025-09-17,Delivered,Port Joelfurt,North Dakota
937,438,25,1,212.04,212.04,2025-12-25,Delivered,East John,Delaware
938,26,66,3,235.08,0.0,2024-08-06,Cancelled,Gregorychester,Arizona
939,708,21,4,65.8,263.2,2025-04-03,Delivered,North Jessicamouth,New Jersey
940,1,29,3,264.9,794.7,2025-11-25,Delivered,Port Jennifer,Pennsylvania
941,766,173,3,63.4,190.2,2024-07-20,Shipped,New Dianaberg,Alabama
942,259,164,2,46.38,92.76,2025-05-01,Delivered,South Jasmine,Montana
943,508,63,1,1487.23,0.0,2025-12-27,Cancelled,North Louis,South Dakota
944,406,113,3,22.71,68.13,2025-10-05,Delivered,Calvinview,Utah
945,175,157,1,8.59,8.59,2024-08-22,Delivered,Taylorstad,Alabama
946,408,34,3,24.01,72.03,2024-03-13,Delivered,Patelville,Iowa
947,258,31,4,50.16,200.64,2025-10-07,Delivered,Castilloberg,Rhode Island
948,259,177,2,1488.3,2976.6,2024-03-01,Processing,South Jasmine,Montana
949,757,136,3,81.75,245.25,2024-12-08,Processing,Valenciachester,Florida
950,783,119,8,27.5,220.0,2024-05-26,Delivered,Thompsonmouth,Colorado
951,629,165,5,57.61,288.05,2024-01-08,Returned,Jonesburgh,New Hampshire
952,726,110,5,26.8,134.0,2024-02-02,Delivered,Larsenshire,Pennsylvania
953,99,6,1,1964.49,1964.49,2025-07-10,Shipped,Carterton,North Dakota
954,114,84,2,148.96,297.92,2024-05-16,Delivered,Dawsonhaven,Colorado
955,195,129,2,165.48,330.96,2024-08-15,Delivered,West Justinborough,Missouri
956,944,85,2,490.6,981.2,2024-06-09,Returned,Freemanfurt,Virginia
957,640,159,5,28.19,140.95,2024-06-20,Delivered,Melanieland,Massachusetts
958,372,69,5,12.9,64.5,2025-03-05,Delivered,Smithberg,Connecticut
959,374,186,1,304.0,304.0,2024-04-06,Delivered,Evelynport,Texas
960,468,115,5,98.26,491.3,2025-07-18,Delivered,Perkinsside,Texas
961,648,114,1,74.03,74.03,2024-06-28,Shipped,Acostabury,Pennsylvania
962,645,167,1,243.83,243.83,2024-01-02,Shipped,New Antonioport,North Carolina
963,293,179,3,486.21,1458.63,2025-03-30,Delivered,Hayesfort,Utah
964,381,87,4,29.52,118.08,2025-06-20,Delivered,Dorothyville,Rhode Island
965,966,117,3,110.18,330.54,2025-12-02,Returned,Port Dorisport,Connecticut
966,518,114,3,74.03,222.09,2024-02-03,Delivered,Hopkinstown,Florida
967,843,22,1,413.03,0.0,2024-06-09,Cancelled,Port Megantown,Ohio
968,763,102,5,16.48,0.0,2025-06-03,Cancelled,Franklinville,Washington
969,544,133,5,46.43,232.15,2024-06-09,Processing,West Ryanton,Pennsylvania
970,939,170,1,81.2,81.2,2024-09-07,Delivered,South Jennifer,California
971,748,71,1,311.35,311.35,2025-10-13,Shipped,Kyleland,Oregon
972,549,102,2,16.48,32.96,2024-06-02,Processing,Port Alexandratown,Wyoming
973,402,10,2,107.87,215.74,2024-06-14,Shipped,Andreaville,Florida
974,838,186,1,304.0,304.0,2025-11-16,Delivered,Marshfort,Oklahoma
975,453,130,3,87.12,261.36,2025-11-30,Delivered,Smithshire,Florida
976,724,14,4,28.78,115.12,2025-09-13,Delivered,Lake Stephen,Wisconsin
977,625,166,2,80.7,161.4,2025-01-09,Delivered,Sarafort,Michigan
978,965,76,1,143.96,143.96,2025-03-27,Delivered,Lake Philipton,Mississippi
979,395,140,1,1253.62,1253.62,2025-05-30,Delivered,Deborahberg,Washington
980,917,182,2,675.46,1350.92,2024-05-01,Delivered,West Brian,Louisiana
981,387,125,2,24.59,49.18,2024-03-15,Delivered,Doughertyfort,North Dakota
982,431,168,2,16.61,33.22,2025-01-08,Delivered,Lorifort,Vermont
983,418,70,5,29.96,149.8,2025-06-05,Delivered,Ericstad,Florida
984,546,132,1,895.45,895.45,2024-10-16,Delivered,South Austin,Nebraska
985,250,174,3,194.56,583.68,2024-11-18,Delivered,West Jesseview,Tennessee
986,494,103,2,42.88,85.76,2025-07-28,Processing,Bentleyfurt,Delaware
987,989,150,3,167.9,503.7,2025-03-06,Returned,South Joelton,Ohio
988,469,94,1,41.9,0.0,2025-05-24,Cancelled,Joneshaven,Minnesota
989,842,53,3,75.3,225.9,2024-12-05,Shipped,Williamhaven,Utah
990,366,158,2,34.1,68.2,2024-11-08,Delivered,Randallborough,Illinois
991,863,75,2,51.24,102.48,2025-09-27,Delivered,Lake Amandahaven,Rhode Island
992,588,126,11,14.23,156.53,2025-08-16,Delivered,Thomasmouth,Texas
993,739,55,2,29.42,58.84,2025-12-29,Delivered,Lake Ronaldmouth,Virginia
994,232,70,3,29.96,89.88,2024-04-11,Shipped,Garyfort,Hawaii
995,768,136,5,81.75,408.75,2024-11-30,Shipped,Gutierrezmouth,Washington
996,188,64,4,32.06,128.24,2025-02-09,Delivered,Jackside,Arizona
997,138,14,1,28.78,28.78,2025-08-12,Delivered,West Kimberlyberg,Louisiana
998,151,174,2,194.56,389.12,2024-06-23,Shipped,Port Joelfurt,North Dakota
999,963,27,5,27.66,138.3,2025-04-03,Delivered,New Fernando,Georgia
1000,748,15,2,22.83,45.66,2025-09-28,Delivered,Kyleland,Oregon
1001,806,21,1,65.8,65.8,2024-10-31,Delivered,Williamsville,Alabama
1002,215,52,2,27.18,54.36,2024-10-04,Delivered,West Jessica,California
1003,91,172,3,84.77,254.31,2024-12-14,Delivered,Jonesmouth,Montana
1004,161,121,4,6.52,26.08,2024-02-17,Processing,Lake Amyberg,Ohio
1005,676,181,3,86.64,259.92,2024-09-23,Delivered,Juanbury,Georgia
1006,73,138,1,160.33,0.0,2024-05-12,Cancelled,Mccallside,Michigan
1007,241,158,4,34.1,136.4,2024-01-10,Delivered,Armstrongland,North Carolina
1008,495,129,4,165.48,661.92,2024-08-18,Processing,Gillespiemouth,New York
1009,312,117,3,110.18,330.54,2024-11-06,Delivered,Davidfort,Connecticut
1010,222,38,3,31.32,93.96,2025-09-22,Delivered,Laurieburgh,Mississippi
1011,355,93,4,130.28,521.12,2024-05-24,Delivered,Cynthiafurt,Connecticut
1012,504,1,4,21.77,87.08,2025-05-13,Delivered,North Paul,Virginia
1013,957,48,5,46.46,232.3,2024-08-24,Delivered,Samanthaville,Michigan
1014,132,177,1,1488.3,1488.3,2025-10-17,Delivered,South Jason,Wyoming
1015,960,38,9,31.32,281.88,2024-06-27,Delivered,West Jeffrey,North Dakota
1016,343,115,2,98.26,196.52,2024-10-13,Shipped,Christianstad,Montana
1017,179,46,3,35.34,106.02,2024-07-09,Delivered,Crystalbury,Arizona
1018,306,174,2,194.56,389.12,2025-05-02,Delivered,New Benjamin,Delaware
1019,341,189,4,48.34,193.36,2025-07-26,Delivered,Karenview,Ohio
1020,322,81,5,51.28,0.0,2024-01-07,Cancelled,Prattberg,Michigan
1021,534,182,2,675.46,1350.92,2025-06-13,Processing,Shieldsberg,New Hampshire
1022,431,39,6,35.25,211.5,2024-03-19,Delivered,Lorifort,Vermont
1023,775,41,2,238.94,477.88,2024-08-14,Delivered,Davidtown,Nebraska
1024,51,106,2,26.57,53.14,2024-10-23,Delivered,New Sandrastad,Idaho
1025,40,82,3,29.07,87.21,2024-01-12,Shipped,East Nicolas,Louisiana
1026,500,18,5,143.63,718.15,2025-11-07,Delivered,Heidimouth,Arizona
1027,86,175,1,58.63,58.63,2024-06-04,Processing,East Dawnmouth,Maine
1028,893,180,3,5.05,15.15,2024-12-24,Delivered,Daniellefort,Oklahoma
1029,407,119,3,27.5,82.5,2025-08-23,Delivered,North Walterview,Ohio
1030,274,22,1,413.03,413.03,2025-02-17,Delivered,Mcdonaldtown,New Mexico
1031,937,135,1,144.51,144.51,2025-07-13,Returned,Howardland,Colorado
1032,152,185,1,141.13,141.13,2024-03-12,Delivered,Port Christopherchester,South Carolina
1033,114,154,3,42.12,126.36,2024-02-26,Shipped,Dawsonhaven,Colorado
1034,355,88,2,548.48,1096.96,2024-03-23,Delivered,Cynthiafurt,Connecticut
1035,876,83,8,9.9,79.2,2025-09-27,Delivered,North Susanville,Massachusetts
1036,146,200,1,41.6,41.6,2025-01-19,Shipped,East Jasonmouth,South Dakota
1037,716,83,6,9.9,59.4,2024-07-14,Delivered,Smithborough,Michigan
1038,262,102,5,16.48,82.4,2025-05-16,Delivered,Odomtown,Massachusetts
1039,372,38,4,31.32,125.28,2025-05-23,Shipped,Smithberg,Connecticut
1040,283,152,5,105.39,526.95,2025-01-28,Delivered,Karaside,Arkansas
1041,399,193,5,69.03,345.15,2025-03-15,Delivered,Riverafurt,Kentucky
1042,24,22,2,413.03,826.06,2025-07-27,Delivered,Claudiashire,Texas
1043,344,81,3,51.28,153.84,2025-09-20,Shipped,Deborahchester,Virginia
1044,175,190,1,11.07,11.07,2024-07-11,Delivered,Taylorstad,Alabama
1045,35,120,2,1304.73,2609.46,2025-02-08,Delivered,Ronaldberg,Delaware
1046,389,190,4,11.07,44.28,2025-03-31,Delivered,Dennisberg,North Dakota
1047,646,87,5,29.52,147.6,2024-03-17,Delivered,Lake Joel,Texas
1048,678,70,3,29.96,89.88,2024-02-03,Delivered,East Charlesstad,South Dakota
1049,156,198,3,473.82,1421.46,2025-11-19,Delivered,Pagemouth,Maine
1050,134,30,1,17.83,17.83,2025-07-25,Processing,Kellyfurt,New Jersey
1051,509,87,1,29.52,29.52,2024-12-04,Delivered,North Katie,Virginia
1052,357,49,2,98.4,196.8,2025-07-09,Delivered,Lake Sheriside,Iowa
1053,557,29,1,264.9,0.0,2024-01-22,Cancelled,Anthonyton,Colorado
1054,763,6,1,1964.49,1964.49,2025-12-10,Delivered,Franklinville,Washington
1055,170,48,11,46.46,511.06,2025-12-18,Delivered,Tonyshire,Virginia
1056,311,63,2,1487.23,2974.46,2025-07-04,Delivered,South Philipland,Texas
1057,351,8,3,80.04,240.12,2024-11-21,Delivered,Dianeborough,New Jersey
1058,738,37,3,110.69,332.07,2024-03-16,Delivered,Chapmanville,Tennessee
1059,315,164,1,46.38,46.38,2024-08-22,Delivered,Matthewview,New Hampshire
1060,510,87,5,29.52,147.6,2025-06-27,Delivered,Nolanberg,Illinois
1061,205,156,4,76.9,307.6,2024-10-15,Delivered,South Samuelshire,Delaware
1062,363,87,4,29.52,118.08,2025-06-02,Processing,Mejiamouth,Massachusetts
1063,209,200,3,41.6,124.8,2024-08-07,Shipped,Vickiestad,Louisiana
1064,938,20,2,34.83,69.66,2024-09-16,Delivered,Mortonville,Alaska
1065,785,180,4,5.05,20.2,2024-07-11,Delivered,Ramirezside,Pennsylvania
1066,183,169,1,175.75,175.75,2024-06-05,Delivered,South Shane,Kansas
1067,399,102,4,16.48,65.92,2025-09-25,Delivered,Riverafurt,Kentucky
1068,351,194,2,39.19,78.38,2025-09-24,Delivered,Dianeborough,New Jersey
1069,948,185,1,141.13,141.13,2025-11-27,Delivered,Johnnybury,Oregon
1070,833,138,2,160.33,320.66,2024-03-28,Returned,Jonesfurt,Missouri
1071,867,120,1,1304.73,1304.73,2024-09-30,Delivered,Allenfort,Illinois
1072,181,133,1,46.43,46.43,2025-01-08,Delivered,Lake Victor,Georgia
1073,636,48,6,46.46,278.76,2024-01-13,Delivered,North Anna,Missouri
1074,648,23,3,16.35,0.0,2025-05-01,Cancelled,Acostabury,Pennsylvania
1075,633,154,1,42.12,42.12,2025-05-07,Delivered,Allenburgh,Michigan
1076,799,100,4,48.33,193.32,2025-03-16,Processing,Barkershire,Michigan
1077,639,22,3,413.03,1239.09,2024-08-31,Delivered,East Jamesstad,Michigan
1078,684,3,1,34.78,34.78,2025-09-28,Delivered,Torresville,Ohio
1079,308,194,5,39.19,195.95,2024-03-27,Delivered,Klinebury,Wisconsin
1080,635,47,3,188.28,564.84,2024-03-05,Processing,Port Timothy,South Carolina
1081,776,113,1,22.71,22.71,2025-04-04,Delivered,Davidhaven,Louisiana
1082,667,14,4,28.78,115.12,2025-08-22,Delivered,East Robin,New Mexico
1083,212,189,1,48.34,48.34,2024-03-17,Delivered,Port Jessicaside,Massachusetts
1084,949,157,3,8.59,25.77,2024-09-08,Delivered,East Johnside,Illinois
1085,833,56,3,208.97,626.91,2025-12-02,Delivered,Jonesfurt,Missouri
1086,320,76,1,143.96,143.96,2025-04-12,Delivered,Maryview,Ohio
1087,268,179,2,486.21,0.0,2025-07-02,Cancelled,Hallchester,Pennsylvania
1088,806,28,3,84.71,0.0,2025-04-28,Cancelled,Williamsville,Alabama
1089,549,195,4,32.25,129.0,2025-02-11,Returned,Port Alexandratown,Wyoming
1090,89,19,1,342.31,342.31,2024-10-20,Shipped,Hobbsburgh,Idaho
1091,121,46,2,35.34,70.68,2024-06-11,Delivered,Morrisonshire,Pennsylvania
1092,365,157,3,8.59,25.77,2025-08-29,Delivered,Christopherborough,Kansas
1093,867,45,4,57.4,229.6,2024-07-27,Delivered,Allenfort,Illinois
1094,747,174,2,194.56,0.0,2025-01-21,Cancelled,Ericabury,South Dakota
1095,866,35,3,179.74,539.22,2025-12-22,Delivered,East Saraport,Montana
1096,595,114,5,74.03,0.0,2025-04-10,Cancelled,Port Robin,California
1097,749,180,12,5.05,60.6,2024-01-28,Delivered,Nathanmouth,South Dakota
1098,556,59,3,462.07,1386.21,2024-03-21,Delivered,North Kimberly,Delaware
1099,439,155,1,97.2,97.2,2025-10-15,Delivered,East Howard,Oregon
1100,817,142,2,241.68,483.36,2025-04-03,Delivered,Cameronfurt,New Hampshire
1101,575,20,4,34.83,139.32,2025-05-15,Delivered,West Elizabethstad,Utah
1102,777,178,1,11.5,11.5,2025-11-17,Shipped,Lake Victoria,Connecticut
1103,894,80,10,31.23,312.3,2025-08-02,Delivered,New Christy,Idaho
1104,576,154,5,42.12,210.6,2025-06-29,Delivered,Richardshire,Massachusetts
1105,443,34,1,24.01,24.01,2024-09-07,Delivered,Hamiltonchester,Maryland
1106,758,94,3,41.9,125.7,2025-10-18,Delivered,Johnsonmouth,South Carolina
1107,353,33,2,1077.68,2155.36,2024-03-22,Delivered,West Georgeton,Michigan
1108,133,167,1,243.83,243.83,2024-11-01,Delivered,Harrisonborough,Arizona
1109,374,191,2,126.39,252.78,2024-08-26,Delivered,Evelynport,Texas
1110,831,110,1,26.8,26.8,2025-12-09,Shipped,South Markfurt,Wisconsin
1111,989,165,4,57.61,230.44,2024-06-17,Returned,South Joelton,Ohio
1112,11,75,2,51.24,102.48,2025-02-27,Delivered,Nathanland,Arkansas
1113,79,29,1,264.9,264.9,2024-04-18,Delivered,Alexandriamouth,Indiana
1114,583,113,2,22.71,45.42,2025-02-23,Delivered,Port Alexandraland,Arkansas
1115,148,6,2,1964.49,3928.98,2024-12-17,Delivered,Emmaton,North Carolina
1116,174,46,1,35.34,35.34,2025-04-06,Delivered,Simpsonchester,Virginia
1117,871,3,4,34.78,139.12,2025-12-30,Processing,South Sarah,Alabama
1118,612,14,4,28.78,115.12,2025-10-14,Delivered,Nicholasview,Illinois
1119,606,2,3,134.26,402.78,2025-02-18,Shipped,Port Sarah,New Mexico
1120,874,13,2,56.57,113.14,2024-05-14,Returned,North Josephland,Massachusetts
1121,593,114,3,74.03,222.09,2025-02-23,Delivered,North Walterbury,Pennsylvania
1122,350,118,2,103.99,207.98,2025-06-22,Delivered,Wendyfurt,Washington
1123,20,132,1,895.45,895.45,2025-08-12,Delivered,South Richard,Alabama
1124,828,103,7,42.88,300.16,2025-06-26,Returned,Rhondaville,Kentucky
1125,101,169,1,175.75,175.75,2024-04-02,Delivered,Michellefort,Maine
1126,915,83,6,9.9,59.4,2025-07-16,Shipped,Mccormickhaven,Ohio
1127,949,178,1,11.5,11.5,2024-01-05,Delivered,East Johnside,Illinois
1128,324,102,5,16.48,82.4,2025-04-23,Delivered,Brownside,Nebraska
1129,678,182,2,675.46,1350.92,2025-01-19,Returned,East Charlesstad,South Dakota
1130,320,1,3,21.77,65.31,2025-06-28,Processing,Maryview,Ohio
1131,736,9,1,160.49,160.49,2025-02-19,Delivered,Jamesport,Mississippi
1132,325,11,3,50.75,152.25,2024-01-28,Delivered,Port Briannastad,Oregon
1133,935,43,3,102.37,307.11,2025-04-04,Shipped,Moralesstad,Ohio
1134,884,120,2,1304.73,2609.46,2025-12-21,Delivered,East Jamesmouth,Kansas
1135,286,73,2,456.73,913.46,2024-10-18,Shipped,New Zacharyshire,Wisconsin
1136,41,96,2,286.65,573.3,2025-01-15,Shipped,Jameschester,Pennsylvania
1137,898,54,8,7.54,60.32,2025-12-12,Delivered,Lukeberg,Michigan
1138,897,177,2,1488.3,2976.6,2025-02-02,Delivered,Castrotown,Montana
1139,391,88,2,548.48,1096.96,2024-08-02,Delivered,Lake Kristenbury,Texas
1140,484,185,4,141.13,564.52,2024-06-25,Returned,Port Brandi,Kansas
1141,460,145,3,88.28,264.84,2025-06-14,Processing,South Richard,New Mexico
1142,816,83,10,9.9,99.0,2024-06-03,Processing,New Michael,Montana
1143,726,33,1,1077.68,1077.68,2024-02-12,Delivered,Larsenshire,Pennsylvania
1144,292,55,1,29.42,29.42,2024-12-20,Delivered,Lake Michaelmouth,Arkansas
1145,238,111,3,93.95,0.0,2024-01-01,Cancelled,Novakland,Ohio
1146,816,104,2,1515.73,3031.46,2024-01-14,Shipped,New Michael,Montana
1147,774,166,3,80.7,242.1,2024-11-14,Shipped,North Adamland,Rhode Island
1148,237,163,4,113.36,453.44,2024-06-18,Delivered,North Tyroneport,South Dakota
1149,864,97,3,43.15,129.45,2024-04-20,Returned,Jenniferport,West Virginia
1150,970,98,1,46.15,46.15,2025-10-15,Shipped,Robertsborough,Utah
1151,784,191,5,126.39,631.95,2025-12-31,Delivered,Kimberlytown,Oklahoma
1152,672,18,3,143.63,430.89,2024-08-25,Delivered,Lake Jamesland,Wyoming
1153,793,40,3,414.22,1242.66,2025-05-15,Delivered,Brownmouth,Colorado
1154,909,170,3,81.2,243.6,2025-07-20,Delivered,South Kimberly,Wisconsin
1155,58,44,2,423.84,847.68,2024-02-01,Delivered,West Teresaland,Illinois
1156,348,95,11,2.3,25.3,2025-02-21,Delivered,Scottberg,Kansas
1157,882,59,3,462.07,1386.21,2025-02-13,Delivered,East Jenniferview,New York
1158,92,23,5,16.35,81.75,2024-02-18,Delivered,Keithview,Michigan
1159,231,134,2,53.71,107.42,2024-05-04,Delivered,Taylorshire,Mississippi
1160,465,86,2,1337.83,2675.66,2024-01-02,Delivered,Vazquezville,New Mexico
1161,530,18,4,143.63,0.0,2025-03-28,Cancelled,Ashleyside,West Virginia
1162,412,52,3,27.18,81.54,2024-12-04,Delivered,Lake Jay,North Dakota
1163,634,57,3,115.26,345.78,2024-10-23,Delivered,South Ashleychester,Hawaii
1164,724,193,3,69.03,207.09,2025-10-28,Delivered,Lake Stephen,Wisconsin
1165,644,47,1,188.28,188.28,2024-06-16,Delivered,Kaylamouth,Ohio
1166,2,172,5,84.77,423.85,2024-04-03,Delivered,Moralesburgh,North Dakota
1167,427,142,1,241.68,241.68,2024-04-25,Delivered,South Michelleport,Wyoming
1168,472,124,2,108.4,216.8,2025-12-08,Delivered,Lake Micheal,Minnesota
1169,143,163,4,113.36,453.44,2024-11-14,Delivered,North Jake,Idaho
1170,370,76,5,143.96,719.8,2024-10-25,Processing,Port Lisaborough,Colorado
1171,840,177,1,1488.3,1488.3,2025-12-09,Delivered,Port Saraton,Missouri
1172,48,30,2,17.83,35.66,2024-02-04,Delivered,Port Vanessa,Illinois
1173,697,123,3,271.01,813.03,2025-12-22,Delivered,East Jasonville,Kansas
1174,706,79,3,383.68,1151.04,2024-10-29,Delivered,Gregoryville,New Mexico
1175,55,69,4,12.9,51.6,2025-08-21,Shipped,Ashleyfort,Maryland
1176,653,94,5,41.9,209.5,2025-02-16,Delivered,West Jeremyville,Oregon
1177,828,66,3,235.08,705.24,2024-03-16,Delivered,Rhondaville,Kentucky
1178,283,56,2,208.97,417.94,2024-08-21,Delivered,Karaside,Arkansas
1179,652,111,3,93.95,281.85,2024-11-01,Delivered,Rachelfort,Missouri
1180,724,85,1,490.6,490.6,2025-09-02,Delivered,Lake Stephen,Wisconsin
1181,183,84,2,148.96,0.0,2024-11-18,Cancelled,South Shane,Kansas
1182,555,176,1,98.52,98.52,2025-08-30,Delivered,Lake Marymouth,Illinois
1183,820,94,1,41.9,41.9,2024-10-31,Delivered,Wilsonchester,Maine
1184,944,82,5,29.07,145.35,2024-10-11,Returned,Freemanfurt,Virginia
1185,587,114,1,74.03,74.03,2025-04-20,Delivered,North Matthewland,Maine
1186,798,96,1,286.65,286.65,2024-07-06,Delivered,New Austinbury,Wisconsin
1187,87,103,4,42.88,171.52,2024-05-07,Returned,Monicaberg,Pennsylvania
1188,379,144,12,37.02,444.24,2025-07-04,Delivered,New Wesleyview,Oregon
1189,347,144,5,37.02,185.1,2024-11-11,Delivered,Donnaville,Colorado
1190,759,109,2,115.28,0.0,2025-06-12,Cancelled,Port Laurenchester,Utah
1191,438,161,3,33.62,100.86,2024-04-19,Delivered,East John,Delaware
1192,191,187,5,85.38,426.9,2024-03-18,Processing,Benjaminville,Wyoming
1193,262,33,2,1077.68,2155.36,2025-04-24,Delivered,Odomtown,Massachusetts
1194,538,58,1,1142.69,1142.69,2024-08-02,Shipped,Darrenmouth,West Virginia
1195,416,128,2,15.74,31.48,2024-06-21,Delivered,Kellyshire,South Dakota
1196,532,100,5,48.33,241.65,2024-05-26,Delivered,Andersonborough,Wisconsin
1197,969,53,1,75.3,75.3,2024-09-07,Delivered,North Amyton,Ohio
1198,252,124,1,108.4,108.4,2024-06-10,Shipped,North Samanthaport,Missouri
1199,360,58,2,1142.69,2285.38,2024-07-25,Delivered,North Georgeside,Louisiana
1200,906,10,4,107.87,431.48,2025-01-13,Delivered,Dianahaven,Kansas
1201,174,102,5,16.48,82.4,2025-01-01,Delivered,Simpsonchester,Virginia
1202,892,156,2,76.9,0.0,2024-03-22,Cancelled,Lake Anthony,Nevada
1203,374,46,2,35.34,70.68,2024-05-19,Delivered,Evelynport,Texas
1204,732,71,1,311.35,0.0,2024-05-11,Cancelled,Mcgrathville,South Carolina
1205,575,37,1,110.69,110.69,2025-07-30,Delivered,West Elizabethstad,Utah
1206,206,4,2,40.83,81.66,2025-11-18,Delivered,Deborahborough,Indiana
1207,272,172,5,84.77,423.85,2025-01-26,Delivered,Munozmouth,Tennessee
1208,735,118,3,103.99,311.97,2025-08-15,Delivered,West Tony,Oregon
1209,309,173,3,63.4,190.2,2024-05-04,Processing,New Cassidy,Rhode Island
1210,803,41,3,238.94,0.0,2024-08-28,Cancelled,West Jasmine,South Dakota
1211,560,112,1,53.86,53.86,2024-08-03,Shipped,Thomasview,West Virginia
1212,337,59,3,462.07,1386.21,2024-07-01,Delivered,Lake Jonathonfurt,Florida
1213,802,124,1,108.4,108.4,2025-07-24,Delivered,Lorifort,Missouri
1214,81,38,1,31.32,31.32,2024-01-09,Delivered,Lucasshire,Massachusetts
1215,86,70,3,29.96,89.88,2025-07-13,Delivered,East Dawnmouth,Maine
1216,511,180,5,5.05,25.25,2024-08-25,Shipped,South Amanda,Alabama
1217,17,180,4,5.05,20.2,2024-04-03,Delivered,South Victorchester,Tennessee
1218,187,67,12,22.32,267.84,2024-06-28,Shipped,Onealfurt,Florida
1219,41,87,3,29.52,88.56,2025-04-22,Delivered,Jameschester,Pennsylvania
1220,691,28,2,84.71,169.42,2024-07-21,Returned,Melissamouth,West Virginia
1221,376,146,3,157.34,472.02,2024-04-18,Delivered,Terriland,Arkansas
1222,808,192,9,16.8,0.0,2024-06-29,Cancelled,Russellfort,Arkansas
1223,893,186,2,304.0,608.0,2025-06-21,Delivered,Daniellefort,Oklahoma
1224,182,161,8,33.62,268.96,2024-02-16,Delivered,Gregoryborough,North Dakota
1225,654,184,1,107.03,107.03,2025-04-15,Delivered,North Michaelbury,West Virginia
1226,888,59,3,462.07,1386.21,2025-08-10,Delivered,Tracyfort,Oregon
1227,88,57,3,115.26,345.78,2024-02-04,Processing,Port Brendamouth,New Hampshire
1228,226,132,1,895.45,0.0,2024-01-20,Cancelled,Josephview,Florida
1229,937,44,1,423.84,423.84,2024-08-22,Delivered,Howardland,Colorado
1230,406,107,3,56.54,169.62,2024-06-15,Delivered,Calvinview,Utah
1231,563,163,1,113.36,113.36,2024-09-15,Delivered,Hendrixside,Delaware
1232,101,19,1,342.31,342.31,2024-03-03,Delivered,Michellefort,Maine
1233,186,183,2,258.69,517.38,2025-08-26,Delivered,North Jacob,Rhode Island
1234,587,9,3,160.49,481.47,2024-02-16,Shipped,North Matthewland,Maine
1235,344,170,3,81.2,243.6,2025-03-28,Delivered,Deborahchester,Virginia
1236,176,93,5,130.28,651.4,2025-12-01,Delivered,Jacobview,Maryland
1237,150,27,12,27.66,331.92,2024-10-24,Delivered,Jordantown,Kentucky
1238,396,127,1,150.5,150.5,2025-10-18,Delivered,Davidhaven,North Carolina
1239,509,131,2,917.21,1834.42,2025-12-21,Delivered,North Katie,Virginia
1240,680,103,10,42.88,428.8,2024-07-13,Delivered,Perryside,Utah
1241,376,48,10,46.46,464.6,2024-09-17,Delivered,Terriland,Arkansas
1242,76,128,1,15.74,15.74,2025-12-03,Delivered,East Maria,Nevada
1243,288,121,10,6.52,65.2,2025-03-30,Processing,Barberburgh,North Dakota
1244,484,183,3,258.69,776.07,2024-07-24,Delivered,Port Brandi,Kansas
1245,57,182,1,675.46,675.46,2024-04-29,Shipped,Port Alexisside,Nevada
1246,992,61,11,24.62,270.82,2025-07-10,Delivered,Haleytown,Nebraska
1247,221,146,4,157.34,629.36,2025-04-13,Delivered,Craigport,Utah
1248,647,124,2,108.4,216.8,2025-05-14,Delivered,Patelbury,Missouri
1249,91,124,2,108.4,216.8,2025-05-07,Delivered,Jonesmouth,Montana
1250,132,173,3,63.4,0.0,2024-04-23,Cancelled,South Jason,Wyoming
1251,173,50,9,23.62,212.58,2024-06-24,Returned,Powerschester,Colorado
1252,896,12,1,899.79,899.79,2024-02-17,Returned,Randyhaven,Georgia
1253,993,90,4,170.31,681.24,2025-03-18,Delivered,North Josephmouth,Wyoming
1254,779,11,4,50.75,203.0,2024-09-20,Returned,Timothyside,California
1255,228,102,4,16.48,65.92,2024-10-14,Delivered,New Douglas,Nevada
1256,499,50,1,23.62,23.62,2025-01-06,Delivered,West Michael,Rhode Island
1257,501,144,8,37.02,296.16,2025-01-15,Shipped,Chaneyhaven,Virginia
1258,102,148,1,639.02,0.0,2025-11-16,Cancelled,Haileyburgh,Texas
1259,663,192,2,16.8,33.6,2024-04-01,Shipped,West Matthewfurt,North Dakota
1260,378,81,4,51.28,205.12,2025-05-23,Delivered,Cameronborough,Virginia
1261,54,26,4,15.15,0.0,2024-11-21,Cancelled,Leeburgh,Maine
1262,12,111,1,93.95,93.95,2024-07-22,Delivered,Floresland,Virginia
1263,138,174,1,194.56,194.56,2025-08-11,Shipped,West Kimberlyberg,Louisiana
1264,731,177,2,1488.3,2976.6,2024-12-22,Delivered,Scottstad,North Dakota
1265,475,146,3,157.34,472.02,2024-09-25,Delivered,Zimmermanfort,Alaska
1266,789,121,12,6.52,78.24,2024-12-09,Shipped,South Markside,New York
1267,107,80,10,31.23,312.3,2024-02-19,Delivered,Whiteburgh,New York
1268,393,49,4,98.4,393.6,2024-08-02,Shipped,East Richard,Wyoming
1269,958,177,1,1488.3,1488.3,2025-05-20,Delivered,Medinaton,Hawaii
1270,7,7,2,43.74,87.48,2024-11-22,Delivered,Kleinton,Tennessee
1271,472,99,2,135.17,270.34,2025-05-29,Delivered,Lake Micheal,Minnesota
1272,269,154,2,42.12,84.24,2025-01-16,Delivered,New Courtneyview,Tennessee
1273,724,148,2,639.02,1278.04,2024-03-12,Delivered,Lake Stephen,Wisconsin
1274,506,152,4,105.39,421.56,2024-06-07,Delivered,South Danielborough,Idaho
1275,525,109,3,115.28,345.84,2024-04-18,Delivered,Michaelland,Virginia
1276,700,114,3,74.03,222.09,2024-09-12,Delivered,North Robert,Wyoming
1277,281,28,4,84.71,338.84,2024-10-28,Delivered,Joeton,New Hampshire
1278,184,27,12,27.66,331.92,2024-08-19,Delivered,Dennisbury,Connecticut
1279,987,48,11,46.46,511.06,2025-01-15,Delivered,South Jessehaven,New Jersey
1280,688,21,5,65.8,329.0,2024-03-06,Processing,Patrickfort,Wyoming
1281,762,150,3,167.9,503.7,2025-07-05,Processing,West Robertville,Florida
1282,246,34,4,24.01,96.04,2024-10-02,Delivered,Emmabury,Connecticut
1283,287,99,1,135.17,135.17,2024-01-15,Delivered,North Patricktown,Alaska
1284,518,9,3,160.49,481.47,2024-07-20,Shipped,Hopkinstown,Florida
1285,645,70,6,29.96,179.76,2025-05-18,Processing,New Antonioport,North Carolina
1286,585,190,4,11.07,44.28,2024-05-23,Delivered,East Victoria,Rhode Island
1287,188,193,1,69.03,69.03,2025-01-30,Delivered,Jackside,Arizona
1288,613,111,4,93.95,375.8,2025-06-09,Returned,New Blake,Utah
1289,263,103,4,42.88,171.52,2025-04-21,Delivered,Rebeccastad,Utah
1290,247,110,5,26.8,134.0,2024-09-21,Delivered,Morrisonbury,Nebraska
1291,10,78,10,5.17,51.7,2024-08-18,Shipped,South Michaelville,Illinois
1292,437,109,2,115.28,230.56,2024-08-06,Delivered,New Amy,Georgia
1293,532,165,3,57.61,172.83,2024-08-07,Delivered,Andersonborough,Wisconsin
1294,269,192,2,16.8,33.6,2025-02-19,Delivered,New Courtneyview,Tennessee
1295,721,128,5,15.74,78.7,2024-05-17,Delivered,Lake Jessestad,Maine
1296,3,30,3,17.83,53.49,2025-12-05,Delivered,Tapiaburgh,New Hampshire
1297,109,85,2,490.6,981.2,2024-08-20,Delivered,Maciaschester,Utah
1298,933,54,5,7.54,37.7,2024-07-02,Delivered,Longside,Michigan
1299,178,175,5,58.63,293.15,2025-07-10,Delivered,Graybury,Arkansas
1300,482,187,1,85.38,85.38,2025-06-23,Delivered,South Calebshire,Illinois
1301,818,177,1,1488.3,1488.3,2024-04-06,Delivered,South Monicamouth,Nebraska
1302,554,135,3,144.51,433.53,2025-02-11,Processing,Zimmermanmouth,Vermont
1303,763,58,1,1142.69,1142.69,2025-10-21,Processing,Franklinville,Washington
1304,869,148,2,639.02,1278.04,2025-01-22,Delivered,West Davidport,Arkansas
1305,433,4,5,40.83,204.15,2025-11-06,Delivered,Port Diana,Mississippi
1306,510,153,2,98.25,196.5,2025-01-26,Delivered,Nolanberg,Illinois
1307,926,22,2,413.03,826.06,2025-10-22,Delivered,Alexanderview,Hawaii
1308,837,95,11,2.3,25.3,2025-12-18,Delivered,Lake Michaelmouth,Delaware
1309,776,14,1,28.78,28.78,2025-03-29,Delivered,Davidhaven,Louisiana
1310,974,131,1,917.21,917.21,2025-12-22,Delivered,Hughestown,Tennessee
1311,488,37,2,110.69,221.38,2025-04-28,Delivered,Romeroland,West Virginia
1312,33,77,3,5.4,16.2,2025-09-12,Delivered,Andrewston,Nevada
1313,580,121,1,6.52,6.52,2025-01-17,Shipped,Lake William,Nevada
1314,740,173,3,63.4,190.2,2024-06-27,Delivered,Lake Marilyn,Wisconsin
1315,226,190,1,11.07,11.07,2025-08-07,Returned,Josephview,Florida
1316,378,154,3,42.12,126.36,2025-08-03,Processing,Cameronborough,Virginia
1317,986,148,1,639.02,0.0,2025-12-30,Cancelled,South Michaelville,Louisiana
1318,472,176,2,98.52,197.04,2025-11-04,Delivered,Lake Micheal,Minnesota
1319,900,175,4,58.63,0.0,2025-01-29,Cancelled,New Marioburgh,California
1320,723,190,2,11.07,22.14,2024-04-10,Delivered,North Judy,Florida
1321,870,115,2,98.26,196.52,2024-09-27,Processing,Stanleychester,Nevada
1322,748,35,4,179.74,718.96,2025-11-27,Delivered,Kyleland,Oregon
1323,585,174,3,194.56,583.68,2025-08-01,Delivered,East Victoria,Rhode Island
1324,440,100,2,48.33,96.66,2025-07-08,Delivered,Jonesfurt,Connecticut
1325,993,198,3,473.82,1421.46,2025-08-29,Delivered,North Josephmouth,Wyoming
1326,291,153,1,98.25,98.25,2025-05-16,Delivered,North Patricia,Vermont
1327,159,62,1,99.97,99.97,2025-10-20,Delivered,Blackbury,Washington
1328,662,6,2,1964.49,3928.98,2025-12-11,Processing,Robbinsstad,South Carolina
1329,147,175,5,58.63,293.15,2024-05-28,Delivered,Stephanieburgh,Alaska
1330,227,98,5,46.15,230.75,2024-03-24,Delivered,Jeffberg,Pennsylvania
1331,406,28,4,84.71,338.84,2024-10-12,Delivered,Calvinview,Utah
1332,947,196,2,138.33,276.66,2025-04-07,Delivered,Lopezberg,South Carolina
1333,366,158,1,34.1,34.1,2024-09-17,Shipped,Randallborough,Illinois
1334,400,186,3,304.0,912.0,2024-07-28,Delivered,Andersonside,Wyoming
1335,984,185,4,141.13,564.52,2025-05-25,Processing,Sandramouth,Oregon
1336,591,124,2,108.4,216.8,2024-08-07,Processing,Lopezhaven,Idaho
1337,94,193,3,69.03,207.09,2025-09-20,Delivered,North Marissa,Missouri
1338,81,22,3,413.03,0.0,2024-09-16,Cancelled,Lucasshire,Massachusetts
1339,819,183,3,258.69,776.07,2024-05-22,Shipped,Clarkhaven,Texas
1340,208,36,1,193.51,193.51,2025-06-13,Delivered,Christystad,Illinois
1341,642,4,2,40.83,81.66,2024-08-12,Delivered,Anneborough,New York
1342,318,183,2,258.69,517.38,2024-05-31,Delivered,South Caitlin,Nevada
1343,767,167,2,243.83,487.66,2025-12-22,Processing,Port Matthew,Oklahoma
1344,925,167,2,243.83,487.66,2025-12-13,Delivered,East Gregoryport,Maine
1345,832,57,2,115.26,230.52,2025-03-13,Delivered,New Richard,North Carolina
1346,410,168,3,16.61,49.83,2025-05-26,Delivered,Davidbury,Arizona
1347,818,83,9,9.9,89.1,2024-07-20,Delivered,South Monicamouth,Nebraska
1348,925,122,1,30.44,30.44,2025-02-17,Delivered,East Gregoryport,Maine
1349,728,130,3,87.12,261.36,2024-05-05,Delivered,North Adrienne,Texas
1350,643,151,1,192.55,192.55,2025-07-09,Delivered,Vanessatown,Mississippi
1351,349,14,1,28.78,28.78,2025-10-09,Delivered,East Susan,New Mexico
1352,895,48,10,46.46,464.6,2025-02-07,Delivered,New Reneeburgh,Maryland
1353,247,183,3,258.69,776.07,2024-08-26,Delivered,Morrisonbury,Nebraska
1354,35,37,5,110.69,553.45,2024-08-20,Returned,Ronaldberg,Delaware
1355,199,76,2,143.96,287.92,2024-10-18,Delivered,South Nicoleton,Maine
1356,661,120,1,1304.73,1304.73,2025-07-08,Delivered,Nicoletown,New Hampshire
1357,680,44,2,423.84,847.68,2024-07-27,Delivered,Perryside,Utah
1358,934,128,2,15.74,31.48,2025-08-12,Delivered,Heatherside,Hawaii
1359,110,175,2,58.63,117.26,2024-10-26,Processing,Breannafurt,New Jersey
1360,626,177,1,1488.3,1488.3,2025-02-25,Shipped,West Amymouth,New York
1361,591,177,1,1488.3,1488.3,2024-05-18,Delivered,Lopezhaven,Idaho
1362,80,58,1,1142.69,1142.69,2024-08-19,Processing,Mooreside,Alaska
1363,618,93,2,130.28,260.56,2025-06-03,Delivered,Jacksonview,Alaska
1364,905,141,6,55.53,333.18,2025-05-23,Delivered,Martinchester,Maryland
1365,321,107,2,56.54,113.08,2025-04-16,Processing,Hopkinsport,Texas
1366,377,162,5,115.69,578.45,2025-02-22,Delivered,Williamsstad,Florida
1367,83,33,2,1077.68,2155.36,2025-12-09,Delivered,New Joshua,Washington
1368,454,62,2,99.97,199.94,2025-06-05,Delivered,Biancamouth,West Virginia
1369,892,34,2,24.01,48.02,2025-10-04,Delivered,Lake Anthony,Nevada
1370,840,130,3,87.12,261.36,2024-11-27,Delivered,Port Saraton,Missouri
1371,832,107,2,56.54,113.08,2025-01-04,Delivered,New Richard,North Carolina
1372,607,15,4,22.83,91.32,2024-06-20,Processing,Walkertown,North Carolina
1373,368,22,1,413.03,413.03,2024-10-17,Shipped,Port Davidside,Oregon
1374,514,58,2,1142.69,2285.38,2024-10-26,Delivered,Leeport,North Dakota
1375,310,162,3,115.69,347.07,2025-09-26,Delivered,Mitchellchester,Alaska
1376,543,143,3,148.64,445.92,2024-12-21,Shipped,Jasminport,Maryland
1377,20,163,4,113.36,0.0,2025-03-16,Cancelled,South Richard,Alabama
1378,230,20,1,34.83,34.83,2024-05-23,Delivered,South Andrewport,Iowa
1379,343,20,4,34.83,139.32,2024-07-11,Shipped,Christianstad,Montana
1380,710,156,2,76.9,153.8,2025-05-10,Delivered,Turnertown,Maine
1381,882,185,1,141.13,141.13,2024-04-25,Shipped,East Jenniferview,New York
1382,472,86,2,1337.83,2675.66,2025-12-11,Delivered,Lake Micheal,Minnesota
1383,634,84,1,148.96,148.96,2024-06-01,Delivered,South Ashleychester,Hawaii
1384,638,127,1,150.5,150.5,2025-01-09,Delivered,North Gabrielberg,Arizona
1385,337,44,1,423.84,423.84,2024-10-15,Delivered,Lake Jonathonfurt,Florida
1386,428,11,1,50.75,50.75,2024-07-24,Delivered,Lake Kayla,South Dakota
1387,21,34,3,24.01,72.03,2025-12-30,Delivered,New Rebecca,Wyoming
1388,953,55,2,29.42,58.84,2025-03-03,Shipped,Codychester,Rhode Island
1389,58,24,3,180.09,540.27,2024-01-20,Delivered,West Teresaland,Illinois
1390,654,33,1,1077.68,1077.68,2024-10-24,Delivered,North Michaelbury,West Virginia
1391,294,79,3,383.68,1151.04,2025-06-26,Delivered,Port Brandon,Washington
1392,348,65,1,337.28,337.28,2025-02-22,Delivered,Scottberg,Kansas
1393,404,88,2,548.48,1096.96,2025-01-18,Processing,Laceyport,Washington
1394,111,17,1,625.15,625.15,2024-10-08,Delivered,Santosview,Florida
1395,469,196,2,138.33,276.66,2025-05-10,Delivered,Joneshaven,Minnesota
1396,810,173,3,63.4,190.2,2024-04-28,Delivered,Andersonchester,Florida
1397,990,103,5,42.88,214.4,2025-10-20,Delivered,Juarezfurt,Alaska
1398,343,53,1,75.3,75.3,2025-02-05,Delivered,Christianstad,Montana
1399,943,184,3,107.03,321.09,2024-08-31,Returned,Paulville,Texas
1400,374,93,3,130.28,390.84,2025-09-15,Shipped,Evelynport,Texas
1401,150,56,1,208.97,208.97,2024-06-02,Delivered,Jordantown,Kentucky
1402,735,32,4,87.66,350.64,2025-09-20,Delivered,West Tony,Oregon
1403,124,138,2,160.33,320.66,2025-08-07,Delivered,Isaiahburgh,Maine
1404,849,32,3,87.66,262.98,2025-06-12,Delivered,Lake Brent,West Virginia
1405,939,1,2,21.77,0.0,2024-09-28,Cancelled,South Jennifer,California
1406,193,199,4,97.62,390.48,2024-08-19,Delivered,Bellville,Michigan
1407,387,55,2,29.42,58.84,2025-02-10,Delivered,Doughertyfort,North Dakota
1408,542,70,2,29.96,59.92,2025-05-29,Delivered,Chavezburgh,Michigan
1409,613,141,3,55.53,166.59,2024-10-21,Shipped,New Blake,Utah
1410,157,30,2,17.83,35.66,2025-03-31,Delivered,Leechester,Wyoming
1411,742,60,1,493.39,493.39,2024-12-13,Returned,Port Samanthaside,Mississippi
1412,724,170,5,81.2,406.0,2025-11-20,Shipped,Lake Stephen,Wisconsin
1413,646,27,1,27.66,27.66,2024-04-05,Delivered,Lake Joel,Texas
1414,601,57,5,115.26,576.3,2024-06-20,Processing,West Lisa,Colorado
1415,12,98,1,46.15,46.15,2025-12-03,Delivered,Floresland,Virginia
1416,855,188,1,102.39,102.39,2025-12-10,Delivered,Michaelborough,Minnesota
1417,68,49,4,98.4,393.6,2025-12-22,Delivered,Charlesfort,Alaska
1418,460,137,1,484.65,484.65,2025-05-03,Delivered,South Richard,New Mexico
1419,937,74,1,301.83,301.83,2025-03-22,Delivered,Howardland,Colorado
1420,410,19,2,342.31,0.0,2024-03-11,Cancelled,Davidbury,Arizona
1421,286,195,1,32.25,32.25,2025-09-18,Delivered,New Zacharyshire,Wisconsin
1422,1000,148,2,639.02,1278.04,2025-11-27,Delivered,Mendezport,Missouri
1423,628,83,3,9.9,29.7,2025-06-12,Returned,New Sarahton,Idaho
1424,174,179,1,486.21,486.21,2025-09-12,Delivered,Simpsonchester,Virginia
1425,381,47,3,188.28,564.84,2025-10-03,Delivered,Dorothyville,Rhode Island
1426,730,142,1,241.68,241.68,2025-11-22,Delivered,Richardside,South Dakota
1427,290,195,5,32.25,161.25,2025-05-05,Delivered,North Joseph,Illinois
1428,717,71,1,311.35,311.35,2025-12-24,Delivered,Hallfurt,Illinois
1429,365,139,1,74.52,74.52,2025-03-23,Delivered,Christopherborough,Kansas
1430,804,105,4,136.66,546.64,2025-07-26,Delivered,South Rebecca,South Carolina
1431,989,160,7,37.99,265.93,2024-06-25,Delivered,South Joelton,Ohio
1432,984,191,1,126.39,126.39,2024-12-09,Delivered,Sandramouth,Oregon
1433,958,152,2,105.39,0.0,2025-01-29,Cancelled,Medinaton,Hawaii
1434,775,161,2,33.62,67.24,2024-06-30,Delivered,Davidtown,Nebraska
1435,733,60,2,493.39,986.78,2024-01-14,Delivered,South Rebecca,Maine
1436,963,132,1,895.45,895.45,2024-04-18,Delivered,New Fernando,Georgia
1437,633,73,2,456.73,913.46,2024-12-08,Delivered,Allenburgh,Michigan
1438,45,1,4,21.77,87.08,2025-05-12,Delivered,Melindaport,Pennsylvania
1439,642,114,3,74.03,222.09,2024-06-09,Delivered,Anneborough,New York
1440,563,161,11,33.62,369.82,2025-10-15,Shipped,Hendrixside,Delaware
1441,999,158,2,34.1,68.2,2025-07-14,Delivered,Matthewberg,Utah
1442,498,52,3,27.18,81.54,2024-08-13,Delivered,North Cassandra,Illinois
1443,363,174,2,194.56,389.12,2025-09-24,Delivered,Mejiamouth,Massachusetts
1444,764,61,6,24.62,147.72,2025-04-11,Delivered,South Dawnburgh,Wisconsin
1445,834,116,4,154.63,618.52,2025-11-02,Delivered,South Christie,South Carolina
1446,585,36,1,193.51,193.51,2024-11-06,Shipped,East Victoria,Rhode Island
1447,391,134,1,53.71,53.71,2024-06-16,Delivered,Lake Kristenbury,Texas
1448,313,53,1,75.3,75.3,2024-12-19,Delivered,Hernandezberg,North Carolina
1449,854,112,3,53.86,161.58,2025-05-15,Delivered,South Joshuaburgh,New Mexico
1450,200,160,9,37.99,341.91,2025-11-04,Returned,Morganshire,Florida
1451,3,131,1,917.21,917.21,2025-08-04,Processing,Tapiaburgh,New Hampshire
1452,385,160,7,37.99,265.93,2024-11-04,Processing,Russellborough,Nebraska
1453,595,35,3,179.74,0.0,2025-03-22,Cancelled,Port Robin,California
1454,348,170,3,81.2,243.6,2025-07-15,Delivered,Scottberg,Kansas
1455,767,57,1,115.26,115.26,2025-11-29,Delivered,Port Matthew,Oklahoma
1456,972,56,3,208.97,626.91,2025-09-29,Delivered,New Richard,New Mexico
1457,332,161,3,33.62,100.86,2024-05-04,Delivered,East Timothy,Tennessee
1458,128,52,1,27.18,27.18,2024-02-11,Delivered,Port Stevenhaven,Rhode Island
1459,96,200,2,41.6,83.2,2025-01-18,Delivered,West Jasonland,New York
1460,609,89,1,695.64,695.64,2025-07-07,Delivered,Traceyborough,Louisiana
1461,458,76,1,143.96,143.96,2024-04-05,Delivered,Oscarborough,Arkansas
1462,460,180,2,5.05,10.1,2025-03-18,Delivered,South Richard,New Mexico
1463,241,200,2,41.6,83.2,2024-06-20,Delivered,Armstrongland,North Carolina
1464,613,127,1,150.5,150.5,2024-09-22,Processing,New Blake,Utah
1465,818,148,1,639.02,639.02,2024-08-01,Delivered,South Monicamouth,Nebraska
1466,31,4,1,40.83,40.83,2025-04-09,Shipped,Eugeneport,Nebraska
1467,308,110,6,26.8,160.8,2025-06-04,Processing,Klinebury,Wisconsin
1468,958,99,4,135.17,540.68,2025-04-16,Delivered,Medinaton,Hawaii
1469,262,88,1,548.48,548.48,2024-08-20,Shipped,Odomtown,Massachusetts
1470,274,37,4,110.69,442.76,2024-06-25,Delivered,Mcdonaldtown,New Mexico
1471,655,92,2,11.68,23.36,2024-02-03,Delivered,North Joshuaside,Alaska
1472,860,125,1,24.59,24.59,2024-11-21,Delivered,Kaylatown,Rhode Island
1473,405,66,1,235.08,235.08,2025-07-12,Shipped,Spearsstad,Arizona
1474,462,112,3,53.86,161.58,2025-05-18,Delivered,Manningstad,Tennessee
1475,469,189,6,48.34,290.04,2024-11-18,Delivered,Joneshaven,Minnesota
1476,785,174,2,194.56,389.12,2024-04-06,Delivered,Ramirezside,Pennsylvania
1477,42,79,1,383.68,383.68,2024-07-17,Shipped,East Georgeport,Connecticut
1478,782,23,5,16.35,0.0,2025-09-12,Cancelled,Darrenton,New York
1479,548,28,3,84.71,254.13,2025-09-10,Delivered,Port Joshuamouth,Idaho
1480,288,126,10,14.23,142.3,2025-04-12,Delivered,Barberburgh,North Dakota
1481,675,4,6,40.83,244.98,2024-05-15,Processing,Butlerchester,Iowa
1482,120,24,2,180.09,360.18,2025-04-03,Delivered,North Marie,Delaware
1483,783,180,11,5.05,55.55,2024-03-17,Processing,Thompsonmouth,Colorado
1484,339,162,4,115.69,462.76,2024-05-12,Processing,Cesartown,Ohio
1485,920,26,2,15.15,30.3,2025-08-27,Delivered,Lake Sandraland,Hawaii
1486,191,26,5,15.15,75.75,2025-08-20,Shipped,Benjaminville,Wyoming
1487,93,152,1,105.39,105.39,2024-08-27,Delivered,Lake Toddport,Wisconsin
1488,486,43,1,102.37,102.37,2024-08-16,Delivered,Lake Dianeton,Illinois
1489,98,184,1,107.03,107.03,2024-08-11,Delivered,Christopherburgh,Texas
1490,871,147,2,487.95,0.0,2024-05-05,Cancelled,South Sarah,Alabama
1491,425,183,3,258.69,776.07,2025-08-25,Shipped,Brettstad,New Hampshire
1492,944,114,5,74.03,370.15,2024-08-06,Delivered,Freemanfurt,Virginia
1493,485,195,2,32.25,64.5,2024-10-09,Shipped,South Lindaton,North Carolina
1494,624,81,1,51.28,0.0,2025-11-21,Cancelled,New Katherine,North Dakota
1495,515,53,3,75.3,225.9,2025-12-17,Delivered,Leslieshire,Nebraska
1496,146,79,2,383.68,767.36,2025-11-05,Delivered,East Jasonmouth,South Dakota
1497,745,81,1,51.28,51.28,2025-11-07,Shipped,Steinport,Florida
1498,754,122,1,30.44,30.44,2025-05-14,Delivered,South Tammy,Iowa
1499,622,99,5,135.17,0.0,2024-01-06,Cancelled,Dianachester,Georgia
1500,707,163,2,113.36,226.72,2024-08-22,Delivered,Phelpsberg,Wyoming
1501,8,170,3,81.2,243.6,2025-01-10,Delivered,North Nathan,Nevada
1502,635,122,1,30.44,30.44,2025-05-28,Delivered,Port Timothy,South Carolina
1503,761,180,11,5.05,55.55,2025-05-18,Delivered,East Alexander,Oklahoma
1504,330,157,5,8.59,42.95,2024-07-18,Shipped,Hamiltonmouth,Utah
1505,433,92,1,11.68,0.0,2025-03-30,Cancelled,Port Diana,Mississippi
1506,630,9,3,160.49,481.47,2024-12-09,Delivered,Port Lisa,Virginia
1507,627,12,2,899.79,1799.58,2025-05-07,Delivered,Alexandraland,Alaska
1508,175,198,3,473.82,1421.46,2025-08-25,Delivered,Taylorstad,Alabama
1509,844,42,2,146.77,293.54,2025-05-20,Shipped,Priscillafurt,Connecticut
1510,512,112,2,53.86,0.0,2024-12-15,Cancelled,Jasonchester,New Hampshire
1511,400,158,3,34.1,102.3,2025-12-15,Delivered,Andersonside,Wyoming
1512,310,128,1,15.74,15.74,2024-09-16,Delivered,Mitchellchester,Alaska
1513,264,23,3,16.35,49.05,2024-12-05,Delivered,Wadebury,Utah
1514,848,118,2,103.99,207.98,2024-12-28,Delivered,East Jacob,Wisconsin
1515,723,81,3,51.28,153.84,2024-03-27,Delivered,North Judy,Florida
1516,981,184,1,107.03,107.03,2024-07-27,Delivered,Danachester,North Dakota
1517,266,176,2,98.52,0.0,2025-04-15,Cancelled,Jocelynbury,Vermont
1518,844,108,3,52.63,0.0,2024-01-09,Cancelled,Priscillafurt,Connecticut
1519,491,107,2,56.54,113.08,2025-07-24,Delivered,East Amanda,Idaho
1520,537,52,5,27.18,135.9,2025-03-10,Delivered,West Ryanton,West Virginia
1521,98,22,2,413.03,826.06,2025-03-23,Delivered,Christopherburgh,Texas
1522,882,16,4,53.79,215.16,2025-11-08,Delivered,East Jenniferview,New York
1523,53,75,3,51.24,153.72,2025-06-17,Delivered,Port Kylebury,Ohio
1524,596,115,5,98.26,491.3,2025-05-17,Delivered,Lake Michael,Colorado
1525,32,119,5,27.5,137.5,2024-11-25,Delivered,Brianshire,South Carolina
1526,86,16,4,53.79,215.16,2025-12-20,Shipped,East Dawnmouth,Maine
1527,468,106,3,26.57,79.71,2025-12-04,Delivered,Perkinsside,Texas
1528,639,8,1,80.04,80.04,2024-11-10,Shipped,East Jamesstad,Michigan
1529,409,197,5,42.46,212.3,2024-01-05,Delivered,East Morganton,Indiana
1530,952,11,6,50.75,304.5,2024-03-19,Delivered,Port Brian,Nevada
1531,135,58,2,1142.69,2285.38,2024-10-18,Delivered,Maddoxville,Hawaii
1532,491,144,7,37.02,259.14,2024-07-04,Delivered,East Amanda,Idaho
1533,813,198,3,473.82,1421.46,2024-12-23,Delivered,Mariaberg,Pennsylvania
1534,21,11,1,50.75,50.75,2025-06-28,Delivered,New Rebecca,Wyoming
1535,951,139,1,74.52,74.52,2025-07-17,Delivered,New Michaelside,Maryland
1536,409,113,5,22.71,113.55,2024-11-29,Delivered,East Morganton,Indiana
1537,31,107,3,56.54,169.62,2024-02-21,Delivered,Eugeneport,Nebraska
1538,362,41,3,238.94,716.82,2024-03-13,Shipped,West Annashire,Nevada
1539,563,135,1,144.51,144.51,2024-03-15,Processing,Hendrixside,Delaware
1540,312,15,2,22.83,45.66,2025-02-27,Processing,Davidfort,Connecticut
1541,132,105,3,136.66,409.98,2024-03-14,Delivered,South Jason,Wyoming
1542,298,170,5,81.2,406.0,2024-09-05,Delivered,Lake Codyside,Delaware
1543,134,80,1,31.23,31.23,2025-11-23,Delivered,Kellyfurt,New Jersey
1544,676,151,3,192.55,577.65,2025-04-18,Delivered,Juanbury,Georgia
1545,321,66,1,235.08,235.08,2025-09-18,Shipped,Hopkinsport,Texas
1546,725,54,4,7.54,30.16,2024-10-01,Delivered,Lake Leslie,Ohio
1547,491,22,2,413.03,0.0,2025-11-11,Cancelled,East Amanda,Idaho
1548,771,28,2,84.71,169.42,2024-09-14,Shipped,Adamsfurt,Alaska
1549,262,168,4,16.61,66.44,2025-12-24,Delivered,Odomtown,Massachusetts
1550,891,125,1,24.59,24.59,2024-01-09,Processing,Fischerborough,Idaho
1551,428,192,9,16.8,0.0,2024-05-07,Cancelled,Lake Kayla,South Dakota
1552,193,45,1,57.4,57.4,2025-04-17,Shipped,Bellville,Michigan
1553,209,15,4,22.83,91.32,2025-11-01,Shipped,Vickiestad,Louisiana
1554,217,163,4,113.36,453.44,2024-02-28,Returned,Aguilarchester,Nevada
1555,635,172,5,84.77,423.85,2025-01-27,Returned,Port Timothy,South Carolina
1556,215,155,2,97.2,194.4,2024-09-20,Delivered,West Jessica,California
1557,501,174,2,194.56,389.12,2024-02-09,Delivered,Chaneyhaven,Virginia
1558,399,90,4,170.31,681.24,2024-01-08,Processing,Riverafurt,Kentucky
1559,573,149,2,274.44,548.88,2025-04-29,Delivered,Richardside,Arkansas
1560,947,83,7,9.9,69.3,2024-10-13,Shipped,Lopezberg,South Carolina
1561,794,56,1,208.97,208.97,2025-07-12,Delivered,Shieldsmouth,Washington
1562,956,18,5,143.63,718.15,2024-12-06,Delivered,Wheelerchester,South Carolina
1563,98,14,3,28.78,86.34,2025-11-11,Delivered,Christopherburgh,Texas
1564,775,22,3,413.03,1239.09,2025-09-22,Shipped,Davidtown,Nebraska
1565,686,76,3,143.96,431.88,2025-06-09,Delivered,Port Patrick,Colorado
1566,330,197,4,42.46,169.84,2025-01-13,Delivered,Hamiltonmouth,Utah
1567,906,167,1,243.83,243.83,2024-11-07,Delivered,Dianahaven,Kansas
1568,643,29,1,264.9,264.9,2025-06-09,Delivered,Vanessatown,Mississippi
1569,382,122,2,30.44,60.88,2024-11-07,Shipped,Anthonyborough,Oklahoma
1570,36,194,5,39.19,195.95,2025-07-22,Returned,Lake Christopherville,Indiana
1571,43,153,5,98.25,491.25,2024-02-14,Delivered,Johnfort,North Carolina
1572,735,19,1,342.31,342.31,2025-01-17,Delivered,West Tony,Oregon
1573,170,187,2,85.38,170.76,2024-11-21,Processing,Tonyshire,Virginia
1574,504,111,2,93.95,187.9,2025-02-13,Delivered,North Paul,Virginia
1575,704,33,2,1077.68,2155.36,2025-07-17,Returned,Carterview,Delaware
1576,242,114,4,74.03,296.12,2024-02-03,Processing,Isaacburgh,Connecticut
1577,142,8,2,80.04,160.08,2025-01-24,Delivered,Brittanytown,Nevada
1578,545,146,2,157.34,314.68,2024-03-20,Shipped,Josephfort,Louisiana
1579,982,83,4,9.9,39.6,2025-07-05,Processing,West Kimberly,Massachusetts
1580,545,165,2,57.61,115.22,2024-05-02,Delivered,Josephfort,Louisiana
1581,602,176,2,98.52,197.04,2025-01-04,Delivered,Jasonmouth,Montana
1582,409,37,5,110.69,553.45,2024-01-22,Delivered,East Morganton,Indiana
1583,612,50,2,23.62,47.24,2025-11-12,Delivered,Nicholasview,Illinois
1584,962,103,8,42.88,343.04,2025-12-11,Delivered,Garciamouth,Nebraska
1585,888,130,1,87.12,87.12,2025-06-23,Shipped,Tracyfort,Oregon
1586,226,171,2,142.38,284.76,2024-03-11,Delivered,Josephview,Florida
1587,900,22,2,413.03,826.06,2024-04-18,Delivered,New Marioburgh,California
1588,569,6,1,1964.49,1964.49,2025-03-06,Delivered,Stanleychester,Massachusetts
1589,231,64,2,32.06,64.12,2025-09-06,Delivered,Taylorshire,Mississippi
1590,737,180,5,5.05,25.25,2024-12-19,Delivered,Hernandezside,Wyoming
1591,331,166,3,80.7,242.1,2025-03-03,Processing,West Johnmouth,New Hampshire
1592,88,182,2,675.46,0.0,2025-12-27,Cancelled,Port Brendamouth,New Hampshire
1593,312,65,1,337.28,337.28,2024-11-07,Delivered,Davidfort,Connecticut
1594,535,70,6,29.96,179.76,2025-05-20,Delivered,Torresmouth,Washington
1595,537,125,2,24.59,49.18,2024-04-20,Processing,West Ryanton,West Virginia
1596,257,137,2,484.65,0.0,2024-11-15,Cancelled,Meyerston,Mississippi
1597,540,74,1,301.83,301.83,2025-07-06,Returned,Michaelview,Connecticut
1598,36,59,3,462.07,0.0,2025-08-19,Cancelled,Lake Christopherville,Indiana
1599,515,40,3,414.22,1242.66,2025-07-04,Delivered,Leslieshire,Nebraska
1600,346,104,2,1515.73,3031.46,2024-11-01,Delivered,Lonnieborough,Indiana
1601,356,174,3,194.56,0.0,2024-11-14,Cancelled,Mirandafurt,Idaho
1602,214,46,3,35.34,106.02,2025-08-28,Delivered,Carolynborough,Kansas
1603,42,200,3,41.6,124.8,2025-02-01,Delivered,East Georgeport,Connecticut
1604,158,29,1,264.9,264.9,2025-01-05,Delivered,New Patrick,Indiana
1605,134,65,2,337.28,674.56,2025-08-28,Delivered,Kellyfurt,New Jersey
1606,662,50,9,23.62,212.58,2025-06-07,Delivered,Robbinsstad,South Carolina
1607,229,122,3,30.44,91.32,2025-08-25,Shipped,Nancytown,Oklahoma
1608,700,168,1,16.61,16.61,2025-01-19,Delivered,North Robert,Wyoming
1609,48,136,5,81.75,408.75,2025-02-16,Processing,Port Vanessa,Illinois
1610,914,108,1,52.63,52.63,2025-11-15,Delivered,North Jill,New Mexico
1611,401,135,2,144.51,289.02,2025-02-06,Shipped,West Sarah,Illinois
1612,963,23,1,16.35,16.35,2025-05-08,Returned,New Fernando,Georgia
1613,455,27,8,27.66,221.28,2025-08-22,Shipped,Lake Cynthiaborough,Louisiana
1614,578,57,1,115.26,115.26,2024-06-26,Delivered,Edwardborough,Rhode Island
1615,431,14,1,28.78,28.78,2024-02-01,Delivered,Lorifort,Vermont
1616,27,56,1,208.97,208.97,2024-12-03,Delivered,Millerside,South Carolina
1617,237,19,1,342.31,342.31,2024-08-02,Delivered,North Tyroneport,South Dakota
1618,856,96,2,286.65,573.3,2024-02-01,Shipped,East Brandonland,Delaware
1619,588,155,3,97.2,0.0,2025-05-01,Cancelled,Thomasmouth,Texas
1620,862,62,4,99.97,399.88,2025-02-11,Delivered,Lake Anthony,Oklahoma
1621,330,20,2,34.83,69.66,2024-08-24,Delivered,Hamiltonmouth,Utah
1622,859,169,3,175.75,527.25,2025-10-06,Returned,New Patricia,Minnesota
1623,462,170,4,81.2,324.8,2024-02-22,Delivered,Manningstad,Tennessee
1624,98,21,1,65.8,65.8,2025-04-26,Delivered,Christopherburgh,Texas
1625,816,87,5,29.52,147.6,2025-03-16,Delivered,New Michael,Montana
1626,879,87,2,29.52,59.04,2024-01-24,Delivered,Watsonport,Kentucky
1627,348,13,1,56.57,56.57,2024-11-13,Delivered,Scottberg,Kansas
1628,740,98,1,46.15,46.15,2024-12-24,Delivered,Lake Marilyn,Wisconsin
1629,525,184,1,107.03,107.03,2024-01-28,Delivered,Michaelland,Virginia
1630,417,109,1,115.28,115.28,2025-04-01,Processing,South Aaron,South Carolina
1631,123,173,5,63.4,317.0,2024-05-09,Delivered,West Steven,North Carolina
1632,467,27,11,27.66,0.0,2025-07-17,Cancelled,New Phillip,Nevada
1633,634,180,7,5.05,35.35,2024-08-15,Delivered,South Ashleychester,Hawaii
1634,947,10,2,107.87,215.74,2024-06-16,Delivered,Lopezberg,South Carolina
1635,826,34,3,24.01,72.03,2024-05-29,Delivered,West Mary,Wyoming
1636,481,137,3,484.65,1453.95,2024-06-25,Delivered,Charlesland,Texas
1637,853,105,1,136.66,136.66,2024-03-06,Shipped,Jonathanborough,Vermont
1638,746,138,3,160.33,480.99,2025-04-19,Shipped,Port Sarah,Kansas
1639,2,62,2,99.97,199.94,2025-06-04,Delivered,Moralesburgh,North Dakota
1640,627,36,4,193.51,774.04,2024-12-15,Delivered,Alexandraland,Alaska
1641,195,67,7,22.32,156.24,2024-10-23,Shipped,West Justinborough,Missouri
1642,882,2,2,134.26,268.52,2025-06-15,Delivered,East Jenniferview,New York
1643,102,126,12,14.23,170.76,2025-06-28,Delivered,Haileyburgh,Texas
1644,629,57,5,115.26,576.3,2025-01-31,Delivered,Jonesburgh,New Hampshire
1645,826,3,1,34.78,34.78,2025-02-16,Processing,West Mary,Wyoming
1646,541,56,3,208.97,626.91,2024-07-11,Delivered,Lake Katrinaborough,North Dakota
1647,456,96,1,286.65,286.65,2024-05-05,Processing,South Ashley,Massachusetts
1648,619,138,1,160.33,160.33,2025-08-29,Delivered,East Theresahaven,Colorado
1649,302,167,1,243.83,243.83,2025-07-05,Processing,Seanmouth,North Carolina
1650,260,93,2,130.28,260.56,2025-03-28,Delivered,Shelbyburgh,Connecticut
1651,605,163,4,113.36,453.44,2025-07-03,Delivered,Rodriguezland,New Mexico
1652,739,176,3,98.52,295.56,2025-06-13,Delivered,Lake Ronaldmouth,Virginia
1653,177,191,3,126.39,379.17,2025-01-15,Delivered,East Carolyn,Louisiana
1654,874,140,1,1253.62,1253.62,2025-08-12,Delivered,North Josephland,Massachusetts
1655,208,145,3,88.28,264.84,2025-04-11,Delivered,Christystad,Illinois
1656,954,198,3,473.82,1421.46,2025-08-06,Delivered,Natalieville,New Mexico
1657,851,86,2,1337.83,2675.66,2025-10-15,Delivered,South Laurastad,North Carolina
1658,486,76,3,143.96,431.88,2024-03-20,Delivered,Lake Dianeton,Illinois
1659,386,133,1,46.43,46.43,2025-09-02,Delivered,Alishamouth,Alabama
1660,837,169,1,175.75,175.75,2025-04-13,Delivered,Lake Michaelmouth,Delaware
1661,781,83,10,9.9,99.0,2024-04-25,Processing,South Brenda,Wisconsin
1662,479,170,1,81.2,81.2,2025-06-24,Delivered,Allenville,North Dakota
1663,107,191,4,126.39,505.56,2024-04-03,Delivered,Whiteburgh,New York
1664,546,76,2,143.96,287.92,2024-01-17,Shipped,South Austin,Nebraska
1665,747,73,2,456.73,913.46,2024-10-06,Processing,Ericabury,South Dakota
1666,5,18,3,143.63,430.89,2025-09-23,Delivered,South Natalieshire,New Jersey
1667,240,92,4,11.68,46.72,2024-07-20,Processing,Schmidtchester,Michigan
1668,16,164,4,46.38,185.52,2025-11-20,Delivered,Floresview,Vermont
1669,750,23,1,16.35,16.35,2025-01-01,Delivered,East Meganland,North Dakota
1670,400,118,1,103.99,103.99,2025-12-02,Returned,Andersonside,Wyoming
1671,552,178,1,11.5,11.5,2025-05-01,Delivered,Port Anthonymouth,Kentucky
1672,147,65,2,337.28,674.56,2024-03-23,Delivered,Stephanieburgh,Alaska
1673,716,38,1,31.32,31.32,2025-11-09,Delivered,Smithborough,Michigan
1674,538,46,2,35.34,70.68,2024-07-15,Delivered,Darrenmouth,West Virginia
1675,280,173,2,63.4,126.8,2025-09-02,Delivered,Samanthaland,South Dakota
1676,70,28,2,84.71,169.42,2024-11-23,Delivered,Evansmouth,Indiana
1677,691,63,1,1487.23,1487.23,2025-06-10,Delivered,Melissamouth,West Virginia
1678,106,55,2,29.42,58.84,2025-10-22,Delivered,South Justin,Georgia
1679,387,153,2,98.25,196.5,2024-03-25,Delivered,Doughertyfort,North Dakota
1680,818,63,2,1487.23,2974.46,2024-09-20,Shipped,South Monicamouth,Nebraska
1681,149,114,1,74.03,0.0,2025-04-23,Cancelled,New Ann,Kentucky
1682,533,42,2,146.77,0.0,2024-06-22,Cancelled,Cynthiaberg,New Hampshire
1683,462,25,3,212.04,636.12,2025-03-14,Delivered,Manningstad,Tennessee
1684,244,89,2,695.64,1391.28,2025-08-19,Delivered,Joannebury,New Jersey
1685,486,25,1,212.04,212.04,2025-04-15,Delivered,Lake Dianeton,Illinois
1686,957,97,5,43.15,215.75,2024-12-15,Delivered,Samanthaville,Michigan
1687,182,141,3,55.53,166.59,2024-06-25,Processing,Gregoryborough,North Dakota
1688,146,136,1,81.75,81.75,2025-01-31,Delivered,East Jasonmouth,South Dakota
1689,370,1,1,21.77,0.0,2024-04-05,Cancelled,Port Lisaborough,Colorado
1690,914,140,1,1253.62,1253.62,2025-03-23,Delivered,North Jill,New Mexico
1691,274,141,5,55.53,277.65,2024-09-15,Delivered,Mcdonaldtown,New Mexico
1692,354,196,4,138.33,553.32,2025-12-27,Delivered,Bushton,South Dakota
1693,986,128,2,15.74,31.48,2024-01-05,Processing,South Michaelville,Louisiana
1694,582,195,3,32.25,96.75,2024-01-28,Shipped,Port Amy,Indiana
1695,439,73,2,456.73,913.46,2025-06-26,Delivered,East Howard,Oregon
1696,695,4,5,40.83,204.15,2024-10-31,Delivered,Brownhaven,Montana
1697,964,67,2,22.32,44.64,2024-07-10,Shipped,Meganbury,Connecticut
1698,639,12,2,899.79,1799.58,2024-09-24,Delivered,East Jamesstad,Michigan
1699,495,77,1,5.4,5.4,2025-06-05,Delivered,Gillespiemouth,New York
1700,130,161,1,33.62,33.62,2025-11-05,Processing,South Derek,South Dakota
1701,900,111,4,93.95,375.8,2024-09-22,Delivered,New Marioburgh,California
1702,457,7,1,43.74,43.74,2024-08-03,Shipped,South Melanie,South Carolina
1703,851,91,2,222.92,445.84,2024-08-16,Delivered,South Laurastad,North Carolina
1704,460,70,3,29.96,89.88,2024-01-03,Delivered,South Richard,New Mexico
1705,596,24,2,180.09,360.18,2025-08-24,Delivered,Lake Michael,Colorado
1706,768,109,3,115.28,345.84,2025-04-23,Delivered,Gutierrezmouth,Washington
1707,918,25,3,212.04,636.12,2024-06-25,Processing,Robertchester,Arkansas
1708,600,172,3,84.77,254.31,2025-07-07,Processing,South Christopherfort,Massachusetts
1709,398,70,3,29.96,89.88,2025-11-02,Delivered,Williamview,Delaware
1710,148,157,5,8.59,42.95,2024-09-08,Shipped,Emmaton,North Carolina
1711,636,193,3,69.03,207.09,2024-11-04,Delivered,North Anna,Missouri
1712,806,191,1,126.39,126.39,2025-07-04,Delivered,Williamsville,Alabama
1713,346,136,2,81.75,163.5,2025-01-19,Delivered,Lonnieborough,Indiana
1714,81,107,4,56.54,226.16,2025-08-28,Delivered,Lucasshire,Massachusetts
1715,751,189,6,48.34,290.04,2024-01-11,Delivered,Tracyview,Illinois
1716,825,45,1,57.4,57.4,2025-11-13,Delivered,Lake Richard,Texas
1717,329,111,4,93.95,375.8,2024-01-01,Delivered,Marcton,Missouri
1718,639,67,6,22.32,133.92,2024-04-01,Delivered,East Jamesstad,Michigan
1719,117,34,2,24.01,48.02,2025-06-17,Delivered,Lake Gregory,California
1720,663,81,2,51.28,0.0,2025-07-26,Cancelled,West Matthewfurt,North Dakota
1721,748,44,2,423.84,847.68,2025-02-12,Processing,Kyleland,Oregon
1722,749,73,2,456.73,913.46,2025-01-31,Delivered,Nathanmouth,South Dakota
1723,805,78,9,5.17,46.53,2025-12-20,Returned,Charleschester,New Jersey
1724,972,155,2,97.2,194.4,2025-06-24,Delivered,New Richard,New Mexico
1725,199,168,3,16.61,49.83,2024-08-05,Shipped,South Nicoleton,Maine
1726,806,25,1,212.04,212.04,2025-10-09,Delivered,Williamsville,Alabama
1727,669,98,2,46.15,92.3,2025-02-27,Delivered,East Dustinburgh,Maine
1728,342,85,2,490.6,0.0,2024-01-13,Cancelled,North Diana,South Dakota
1729,23,41,3,238.94,0.0,2024-03-13,Cancelled,Jeanetteview,Texas
1730,989,146,2,157.34,314.68,2025-05-18,Shipped,South Joelton,Ohio
1731,100,123,1,271.01,271.01,2024-03-23,Delivered,New Mike,Wisconsin
1732,194,119,7,27.5,192.5,2025-03-20,Delivered,Donaldland,North Carolina
1733,592,159,2,28.19,56.38,2025-12-22,Processing,South Daniel,Louisiana
1734,236,173,2,63.4,126.8,2024-12-29,Delivered,South Steven,Montana
1735,109,75,2,51.24,102.48,2025-04-05,Delivered,Maciaschester,Utah
1736,53,87,1,29.52,29.52,2024-09-11,Delivered,Port Kylebury,Ohio
1737,35,73,2,456.73,913.46,2024-04-25,Delivered,Ronaldberg,Delaware
1738,500,35,3,179.74,539.22,2025-06-27,Delivered,Heidimouth,Arizona
1739,486,47,3,188.28,564.84,2025-01-03,Processing,Lake Dianeton,Illinois
1740,926,164,6,46.38,278.28,2024-12-15,Delivered,Alexanderview,Hawaii
1741,338,40,1,414.22,414.22,2024-07-02,Delivered,Dennisstad,Hawaii
1742,295,84,2,148.96,297.92,2024-06-08,Delivered,South Angelica,Alaska
1743,663,41,1,238.94,238.94,2024-09-14,Delivered,West Matthewfurt,North Dakota
1744,942,162,1,115.69,115.69,2024-12-05,Shipped,Jesseside,Ohio
1745,320,161,4,33.62,134.48,2024-07-10,Delivered,Maryview,Ohio
1746,197,102,3,16.48,49.44,2024-10-29,Delivered,Petersland,South Dakota
1747,49,37,2,110.69,221.38,2025-12-18,Delivered,South Joshualand,Vermont
1748,667,115,2,98.26,196.52,2025-08-22,Delivered,East Robin,New Mexico
1749,972,40,1,414.22,414.22,2024-11-21,Processing,New Richard,New Mexico
1750,845,42,3,146.77,440.31,2024-01-02,Delivered,Larryton,Utah
1751,677,189,4,48.34,193.36,2024-01-13,Delivered,Port Susanchester,West Virginia
1752,914,45,5,57.4,287.0,2024-04-21,Delivered,North Jill,New Mexico
1753,930,25,2,212.04,424.08,2025-01-27,Delivered,East Samuelbury,New Jersey
1754,204,27,6,27.66,165.96,2024-01-10,Delivered,Lake Samanthaview,Alabama
1755,963,30,2,17.83,35.66,2024-11-20,Delivered,New Fernando,Georgia
1756,416,49,4,98.4,393.6,2024-08-12,Delivered,Kellyshire,South Dakota
1757,608,71,1,311.35,311.35,2025-06-16,Delivered,Gregorychester,Georgia
1758,488,65,3,337.28,1011.84,2024-06-04,Delivered,Romeroland,West Virginia
1759,10,68,2,113.46,226.92,2024-08-16,Delivered,South Michaelville,Illinois
1760,801,22,3,413.03,0.0,2025-05-01,Cancelled,Suttonberg,Florida
1761,11,90,2,170.31,0.0,2025-12-13,Cancelled,Nathanland,Arkansas
1762,146,172,4,84.77,339.08,2024-11-17,Delivered,East Jasonmouth,South Dakota
1763,698,19,2,342.31,684.62,2025-01-25,Delivered,North Anthony,Massachusetts
1764,61,197,3,42.46,127.38,2025-06-16,Shipped,Thomasborough,Arizona
1765,996,49,3,98.4,295.2,2024-05-16,Shipped,North Jessicachester,Louisiana
1766,652,172,4,84.77,339.08,2025-10-04,Delivered,Rachelfort,Missouri
1767,599,96,2,286.65,573.3,2025-08-15,Delivered,East Andrea,Georgia
1768,40,180,7,5.05,35.35,2024-12-27,Delivered,East Nicolas,Louisiana
1769,504,140,2,1253.62,2507.24,2024-04-11,Delivered,North Paul,Virginia
1770,794,197,3,42.46,127.38,2024-12-01,Delivered,Shieldsmouth,Washington
1771,746,23,6,16.35,98.1,2024-08-09,Delivered,Port Sarah,Kansas
1772,130,120,2,1304.73,2609.46,2024-12-20,Delivered,South Derek,South Dakota
1773,646,183,1,258.69,258.69,2025-05-01,Delivered,Lake Joel,Texas
1774,98,191,5,126.39,631.95,2024-02-19,Delivered,Christopherburgh,Texas
1775,646,184,3,107.03,321.09,2024-07-24,Delivered,Lake Joel,Texas
1776,793,8,3,80.04,240.12,2025-03-21,Shipped,Brownmouth,Colorado
1777,73,122,5,30.44,152.2,2024-11-08,Delivered,Mccallside,Michigan
1778,188,194,4,39.19,156.76,2025-08-21,Delivered,Jackside,Arizona
1779,761,65,3,337.28,1011.84,2024-01-05,Shipped,East Alexander,Oklahoma
1780,314,86,1,1337.83,1337.83,2025-09-05,Delivered,Port Marc,Rhode Island
1781,405,70,6,29.96,179.76,2024-06-28,Delivered,Spearsstad,Arizona
1782,138,55,3,29.42,88.26,2024-12-21,Delivered,West Kimberlyberg,Louisiana
1783,726,181,2,86.64,173.28,2025-12-25,Delivered,Larsenshire,Pennsylvania
1784,274,69,2,12.9,25.8,2025-04-20,Shipped,Mcdonaldtown,New Mexico
1785,652,173,5,63.4,317.0,2025-11-25,Delivered,Rachelfort,Missouri
1786,371,185,4,141.13,564.52,2025-03-07,Returned,West Nicole,Wyoming
1787,243,149,1,274.44,274.44,2025-10-04,Processing,Port Danielland,Washington
1788,644,180,3,5.05,15.15,2024-06-10,Delivered,Kaylamouth,Ohio
1789,448,130,1,87.12,87.12,2024-08-28,Delivered,South William,Michigan
1790,116,17,1,625.15,625.15,2025-05-25,Delivered,Patriciashire,Utah
1791,496,44,1,423.84,423.84,2024-01-13,Delivered,Jamesburgh,Florida
1792,847,147,1,487.95,487.95,2024-08-31,Processing,South Stevenmouth,Kansas
1793,205,130,3,87.12,0.0,2025-11-24,Cancelled,South Samuelshire,Delaware
1794,635,17,1,625.15,625.15,2025-09-30,Delivered,Port Timothy,South Carolina
1795,63,105,2,136.66,273.32,2025-10-10,Returned,North Carmen,Iowa
1796,488,133,2,46.43,92.86,2025-07-31,Processing,Romeroland,West Virginia
1797,400,48,4,46.46,185.84,2024-05-02,Delivered,Andersonside,Wyoming
1798,688,88,1,548.48,548.48,2025-11-02,Shipped,Patrickfort,Wyoming
1799,154,111,3,93.95,281.85,2024-06-14,Delivered,Port Kaylabury,New Hampshire
1800,29,25,2,212.04,424.08,2025-07-10,Shipped,Owensborough,Florida
1801,410,124,2,108.4,216.8,2024-12-03,Delivered,Davidbury,Arizona
1802,675,125,3,24.59,73.77,2025-08-13,Delivered,Butlerchester,Iowa
1803,255,132,2,895.45,1790.9,2024-01-03,Delivered,Mitchellborough,Tennessee
1804,490,74,1,301.83,301.83,2025-06-06,Delivered,Hillton,New Mexico
1805,238,149,3,274.44,823.32,2024-04-19,Delivered,Novakland,Ohio
1806,508,16,3,53.79,161.37,2024-12-26,Processing,North Louis,South Dakota
1807,906,26,2,15.15,30.3,2024-08-28,Delivered,Dianahaven,Kansas
1808,333,109,2,115.28,230.56,2024-03-31,Delivered,Mooreview,West Virginia
1809,780,76,5,143.96,719.8,2024-07-09,Delivered,Barrettfort,Maryland
1810,927,67,9,22.32,200.88,2024-07-03,Delivered,Judithchester,South Carolina
1811,427,50,1,23.62,23.62,2025-12-10,Shipped,South Michelleport,Wyoming
1812,678,180,8,5.05,40.4,2024-11-30,Delivered,East Charlesstad,South Dakota
1813,927,172,2,84.77,169.54,2024-01-16,Delivered,Judithchester,South Carolina
1814,588,39,12,35.25,423.0,2024-02-16,Delivered,Thomasmouth,Texas
1815,527,107,3,56.54,169.62,2024-05-08,Delivered,South Susanfort,Nebraska
1816,682,184,1,107.03,107.03,2025-04-12,Delivered,Danielport,Oregon
1817,471,145,1,88.28,88.28,2025-03-20,Delivered,Donaldbury,Arizona
1818,637,150,3,167.9,503.7,2024-10-07,Delivered,West Joseph,South Dakota
1819,913,101,1,450.0,450.0,2024-07-24,Delivered,Nicholasfort,Rhode Island
1820,780,90,4,170.31,0.0,2024-06-25,Cancelled,Barrettfort,Maryland
1821,312,24,3,180.09,540.27,2025-10-16,Delivered,Davidfort,Connecticut
1822,851,92,2,11.68,23.36,2024-07-11,Shipped,South Laurastad,North Carolina
1823,244,164,3,46.38,139.14,2025-08-29,Shipped,Joannebury,New Jersey
1824,781,114,5,74.03,370.15,2024-07-14,Delivered,South Brenda,Wisconsin
1825,513,164,4,46.38,185.52,2024-06-03,Delivered,North Karen,Kentucky
1826,869,29,3,264.9,794.7,2024-03-26,Delivered,West Davidport,Arkansas
1827,940,164,1,46.38,46.38,2025-07-17,Delivered,North David,Tennessee
1828,482,194,1,39.19,39.19,2024-12-16,Delivered,South Calebshire,Illinois
1829,266,38,9,31.32,281.88,2025-09-07,Delivered,Jocelynbury,Vermont
1830,168,40,3,414.22,1242.66,2025-01-20,Delivered,Port Kaylamouth,New Mexico
1831,908,5,11,14.19,156.09,2025-09-30,Delivered,Port Walter,Iowa
1832,448,140,2,1253.62,2507.24,2024-09-20,Delivered,South William,Michigan
1833,10,42,3,146.77,440.31,2025-06-30,Processing,South Michaelville,Illinois
1834,707,137,1,484.65,484.65,2025-04-27,Delivered,Phelpsberg,Wyoming
1835,439,8,3,80.04,240.12,2025-12-28,Delivered,East Howard,Oregon
1836,801,24,1,180.09,180.09,2024-03-21,Delivered,Suttonberg,Florida
1837,41,159,6,28.19,169.14,2024-08-19,Processing,Jameschester,Pennsylvania
1838,671,85,3,490.6,1471.8,2025-12-19,Returned,East Johnside,Oregon
1839,74,97,2,43.15,86.3,2025-01-20,Delivered,Lake Charlesburgh,Minnesota
1840,813,180,1,5.05,5.05,2024-11-25,Delivered,Mariaberg,Pennsylvania
1841,505,32,1,87.66,87.66,2024-12-08,Delivered,Mcintyrebury,Kentucky
1842,821,46,2,35.34,70.68,2024-08-05,Delivered,Floresmouth,Minnesota
1843,899,88,2,548.48,1096.96,2024-01-04,Delivered,West Nicholasburgh,Michigan
1844,427,40,1,414.22,414.22,2024-01-30,Delivered,South Michelleport,Wyoming
1845,779,135,1,144.51,144.51,2025-02-10,Delivered,Timothyside,California
1846,41,171,2,142.38,284.76,2025-01-26,Delivered,Jameschester,Pennsylvania
1847,923,99,4,135.17,0.0,2025-03-02,Cancelled,East Anaborough,New Mexico
1848,565,63,1,1487.23,1487.23,2024-10-10,Delivered,East Tara,Nebraska
1849,527,44,2,423.84,0.0,2025-01-21,Cancelled,South Susanfort,Nebraska
1850,397,171,1,142.38,142.38,2025-07-16,Delivered,East Robertview,Virginia
1851,322,25,1,212.04,212.04,2024-09-21,Shipped,Prattberg,Michigan
1852,382,55,3,29.42,88.26,2024-05-03,Processing,Anthonyborough,Oklahoma
1853,93,147,2,487.95,0.0,2025-08-06,Cancelled,Lake Toddport,Wisconsin
1854,338,70,2,29.96,59.92,2024-12-06,Processing,Dennisstad,Hawaii
1855,51,114,4,74.03,296.12,2024-11-07,Delivered,New Sandrastad,Idaho
1856,411,107,4,56.54,226.16,2024-03-06,Delivered,Vasquezfurt,Massachusetts
1857,956,21,4,65.8,263.2,2025-09-26,Processing,Wheelerchester,South Carolina
1858,614,181,1,86.64,0.0,2025-07-17,Cancelled,Delacruzberg,New Hampshire
1859,36,41,1,238.94,238.94,2024-05-10,Delivered,Lake Christopherville,Indiana
1860,689,76,4,143.96,575.84,2024-10-12,Delivered,West Jillhaven,New York
1861,277,197,3,42.46,127.38,2025-07-06,Delivered,Rachelfort,New Jersey
1862,802,117,3,110.18,330.54,2024-07-14,Shipped,Lorifort,Missouri
1863,956,161,7,33.62,235.34,2025-01-20,Delivered,Wheelerchester,South Carolina
1864,798,187,4,85.38,341.52,2024-05-09,Delivered,New Austinbury,Wisconsin
1865,143,128,1,15.74,15.74,2024-01-19,Returned,North Jake,Idaho
1866,56,44,2,423.84,847.68,2025-01-14,Delivered,Lesliemouth,South Carolina
1867,654,125,4,24.59,0.0,2024-12-16,Cancelled,North Michaelbury,West Virginia
1868,170,137,2,484.65,969.3,2024-02-06,Delivered,Tonyshire,Virginia
1869,12,173,2,63.4,126.8,2025-09-07,Delivered,Floresland,Virginia
1870,797,114,4,74.03,296.12,2024-12-06,Returned,Lake Alexaside,Nevada
1871,699,189,2,48.34,96.68,2024-06-23,Delivered,Mckinneychester,Nebraska
1872,214,107,1,56.54,56.54,2025-03-17,Shipped,Carolynborough,Kansas
1873,709,170,3,81.2,243.6,2025-01-09,Delivered,South Patricia,New York
1874,831,92,3,11.68,35.04,2024-10-27,Shipped,South Markfurt,Wisconsin
1875,992,8,2,80.04,160.08,2025-01-18,Delivered,Haleytown,Nebraska
1876,156,166,1,80.7,80.7,2024-07-11,Delivered,Pagemouth,Maine
1877,438,65,1,337.28,337.28,2025-08-23,Delivered,East John,Delaware
1878,554,108,3,52.63,157.89,2025-08-24,Delivered,Zimmermanmouth,Vermont
1879,997,83,4,9.9,39.6,2024-06-21,Delivered,Latoyahaven,Alabama
1880,14,114,1,74.03,74.03,2024-03-02,Delivered,Lake Peterfort,Ohio
1881,758,90,1,170.31,170.31,2025-09-13,Delivered,Johnsonmouth,South Carolina
1882,893,39,7,35.25,246.75,2024-08-28,Delivered,Daniellefort,Oklahoma
1883,954,27,6,27.66,165.96,2025-07-27,Delivered,Natalieville,New Mexico
1884,134,139,3,74.52,223.56,2025-03-30,Delivered,Kellyfurt,New Jersey
1885,392,37,3,110.69,332.07,2024-04-07,Processing,New Donnatown,South Dakota
1886,163,34,3,24.01,72.03,2025-06-12,Delivered,Walterfort,Alaska
1887,314,194,3,39.19,0.0,2024-07-18,Cancelled,Port Marc,Rhode Island
1888,307,47,3,188.28,564.84,2024-10-08,Returned,Jacobton,Mississippi
1889,715,97,1,43.15,43.15,2024-04-02,Delivered,North Nathanshire,Georgia
1890,223,79,1,383.68,383.68,2025-11-25,Delivered,Fostershire,Maryland
1891,149,169,3,175.75,527.25,2025-01-09,Delivered,New Ann,Kentucky
1892,41,150,3,167.9,503.7,2025-06-09,Delivered,Jameschester,Pennsylvania
1893,869,94,2,41.9,83.8,2024-07-31,Delivered,West Davidport,Arkansas
1894,184,6,2,1964.49,3928.98,2025-12-10,Delivered,Dennisbury,Connecticut
1895,263,45,1,57.4,57.4,2025-03-17,Delivered,Rebeccastad,Utah
1896,222,71,3,311.35,934.05,2025-10-20,Delivered,Laurieburgh,Mississippi
1897,595,76,5,143.96,719.8,2024-03-26,Delivered,Port Robin,California
1898,171,71,3,311.35,934.05,2024-10-07,Delivered,Cassandrashire,New York
1899,737,93,3,130.28,390.84,2025-11-20,Processing,Hernandezside,Wyoming
1900,890,140,1,1253.62,1253.62,2024-06-19,Delivered,New Tyler,Texas
1901,755,33,2,1077.68,2155.36,2024-08-02,Delivered,Jasonmouth,Vermont
1902,272,61,5,24.62,0.0,2024-01-26,Cancelled,Munozmouth,Tennessee
1903,873,90,2,170.31,340.62,2025-07-30,Returned,Mendezville,Hawaii
1904,745,138,1,160.33,160.33,2025-09-10,Delivered,Steinport,Florida
1905,800,139,2,74.52,149.04,2025-12-30,Delivered,Williamhaven,Georgia
1906,496,166,1,80.7,80.7,2024-09-21,Shipped,Jamesburgh,Florida
1907,202,170,5,81.2,406.0,2025-07-28,Shipped,North Jerry,Kentucky
1908,165,194,6,39.19,235.14,2025-12-04,Delivered,Port Jennifermouth,Alabama
1909,572,71,1,311.35,0.0,2025-04-15,Cancelled,Johnsonstad,Arkansas
1910,338,150,3,167.9,503.7,2025-02-27,Delivered,Dennisstad,Hawaii
1911,196,95,4,2.3,9.2,2025-03-26,Processing,Port George,North Carolina
1912,363,10,3,107.87,323.61,2024-06-02,Delivered,Mejiamouth,Massachusetts
1913,991,177,2,1488.3,2976.6,2025-04-10,Delivered,Franklinborough,Kansas
1914,599,48,1,46.46,0.0,2024-05-29,Cancelled,East Andrea,Georgia
1915,680,109,1,115.28,115.28,2025-12-23,Delivered,Perryside,Utah
1916,371,60,2,493.39,986.78,2024-09-25,Delivered,West Nicole,Wyoming
1917,654,138,4,160.33,641.32,2025-05-06,Shipped,North Michaelbury,West Virginia
1918,36,152,1,105.39,105.39,2025-06-29,Delivered,Lake Christopherville,Indiana
1919,142,21,1,65.8,65.8,2024-03-13,Shipped,Brittanytown,Nevada
1920,178,95,4,2.3,9.2,2024-12-26,Delivered,Graybury,Arkansas
1921,843,180,10,5.05,50.5,2025-04-10,Delivered,Port Megantown,Ohio
1922,999,29,3,264.9,794.7,2024-12-20,Processing,Matthewberg,Utah
1923,106,55,3,29.42,88.26,2025-04-19,Shipped,South Justin,Georgia
1924,365,141,4,55.53,222.12,2025-12-11,Delivered,Christopherborough,Kansas
1925,52,188,3,102.39,307.17,2024-11-02,Delivered,Lorifurt,Ohio
1926,973,101,2,450.0,900.0,2025-11-29,Shipped,Amandamouth,Texas
1927,770,76,2,143.96,287.92,2024-03-25,Delivered,Sandraside,Oklahoma
1928,991,48,2,46.46,92.92,2025-12-11,Processing,Franklinborough,Kansas
1929,986,18,3,143.63,430.89,2024-02-28,Processing,South Michaelville,Louisiana
1930,6,174,2,194.56,389.12,2024-04-08,Shipped,Valerieville,Delaware
1931,963,196,4,138.33,553.32,2024-01-15,Delivered,New Fernando,Georgia
1932,703,115,4,98.26,393.04,2025-05-11,Delivered,New Lindsayton,South Carolina
1933,972,63,2,1487.23,2974.46,2025-09-22,Delivered,New Richard,New Mexico
1934,930,172,4,84.77,339.08,2024-03-07,Delivered,East Samuelbury,New Jersey
1935,770,12,1,899.79,899.79,2025-01-22,Delivered,Sandraside,Oklahoma
1936,398,185,5,141.13,705.65,2024-04-15,Delivered,Williamview,Delaware
1937,287,45,4,57.4,229.6,2024-09-25,Delivered,North Patricktown,Alaska
1938,571,100,4,48.33,193.32,2025-04-04,Processing,Wardbury,Michigan
1939,709,191,5,126.39,0.0,2024-11-16,Cancelled,South Patricia,New York
1940,306,89,1,695.64,695.64,2024-10-06,Delivered,New Benjamin,Delaware
1941,295,133,2,46.43,92.86,2024-07-06,Delivered,South Angelica,Alaska
1942,142,54,7,7.54,52.78,2025-08-18,Delivered,Brittanytown,Nevada
1943,837,172,5,84.77,423.85,2024-04-06,Delivered,Lake Michaelmouth,Delaware
1944,327,193,3,69.03,207.09,2024-12-17,Delivered,Schwartzside,Maine
1945,190,38,5,31.32,156.6,2024-04-14,Processing,South Taylorfurt,New Mexico
1946,77,108,1,52.63,52.63,2025-07-08,Delivered,Peterland,Pennsylvania
1947,293,90,3,170.31,510.93,2024-02-21,Delivered,Hayesfort,Utah
1948,912,59,1,462.07,0.0,2025-12-09,Cancelled,Avilaberg,South Carolina
1949,739,115,4,98.26,393.04,2024-02-28,Delivered,Lake Ronaldmouth,Virginia
1950,495,130,1,87.12,87.12,2024-10-29,Delivered,Gillespiemouth,New York
1951,405,125,3,24.59,73.77,2024-05-19,Shipped,Spearsstad,Arizona
1952,692,198,3,473.82,1421.46,2024-07-27,Delivered,New Mirandafort,New Mexico
1953,383,114,1,74.03,74.03,2025-01-14,Processing,Port Kathleenfort,Hawaii
1954,19,84,4,148.96,595.84,2024-09-23,Delivered,North Davidshire,Vermont
1955,935,164,3,46.38,0.0,2025-04-21,Cancelled,Moralesstad,Ohio
1956,755,200,4,41.6,166.4,2025-10-27,Delivered,Jasonmouth,Vermont
1957,976,78,7,5.17,36.19,2025-08-02,Delivered,Carneyburgh,Tennessee
1958,47,23,3,16.35,49.05,2024-06-04,Shipped,South Kristin,California
1959,208,96,3,286.65,859.95,2025-12-06,Delivered,Christystad,Illinois
1960,403,178,3,11.5,34.5,2025-09-06,Delivered,Davidberg,New Mexico
1961,986,4,6,40.83,244.98,2025-09-26,Delivered,South Michaelville,Louisiana
1962,318,82,10,29.07,290.7,2025-05-18,Delivered,South Caitlin,Nevada
1963,574,127,2,150.5,0.0,2024-07-14,Cancelled,South Cathyview,South Carolina
1964,8,146,2,157.34,314.68,2025-05-20,Delivered,North Nathan,Nevada
1965,6,62,5,99.97,499.85,2025-02-22,Returned,Valerieville,Delaware
1966,427,127,1,150.5,150.5,2025-04-22,Delivered,South Michelleport,Wyoming
1967,179,29,1,264.9,264.9,2024-04-22,Delivered,Crystalbury,Arizona
1968,1,57,1,115.26,115.26,2024-12-02,Delivered,Port Jennifer,Pennsylvania
1969,193,19,1,342.31,342.31,2025-10-10,Delivered,Bellville,Michigan
1970,234,147,1,487.95,487.95,2025-03-02,Delivered,East Davidview,North Dakota
1971,334,159,6,28.19,169.14,2024-03-20,Delivered,South Bradleyside,Delaware
1972,142,16,4,53.79,215.16,2025-10-02,Delivered,Brittanytown,Nevada
1973,844,149,3,274.44,823.32,2024-05-26,Processing,Priscillafurt,Connecticut
1974,568,23,5,16.35,0.0,2025-06-05,Cancelled,West Nicholasberg,Maine
1975,181,62,1,99.97,99.97,2025-04-29,Delivered,Lake Victor,Georgia
1976,520,23,3,16.35,49.05,2024-01-20,Delivered,Wilsonside,Delaware
1977,59,47,3,188.28,564.84,2024-01-18,Delivered,South Paulmouth,Tennessee
1978,259,20,3,34.83,0.0,2025-09-16,Cancelled,South Jasmine,Montana
1979,949,34,2,24.01,48.02,2024-02-07,Processing,East Johnside,Illinois
1980,753,50,4,23.62,94.48,2025-07-02,Delivered,Monicafort,Hawaii
1981,548,5,4,14.19,56.76,2025-02-04,Delivered,Port Joshuamouth,Idaho
1982,338,111,4,93.95,375.8,2024-05-02,Delivered,Dennisstad,Hawaii
1983,33,31,3,50.16,150.48,2025-03-05,Shipped,Andrewston,Nevada
1984,101,72,3,9.09,27.27,2024-03-11,Delivered,Michellefort,Maine
1985,36,129,1,165.48,165.48,2025-01-11,Delivered,Lake Christopherville,Indiana
1986,284,84,2,148.96,297.92,2025-04-11,Delivered,East Angel,Missouri
1987,781,86,1,1337.83,1337.83,2024-10-04,Returned,South Brenda,Wisconsin
1988,28,34,6,24.01,144.06,2024-08-09,Processing,Lake Amy,Oklahoma
1989,597,33,2,1077.68,2155.36,2025-05-10,Delivered,West Adamton,Tennessee
1990,461,191,2,126.39,0.0,2025-05-02,Cancelled,Lake Willieside,South Carolina
1991,362,82,6,29.07,174.42,2024-06-19,Shipped,West Annashire,Nevada
1992,893,165,1,57.61,57.61,2025-12-28,Delivered,Daniellefort,Oklahoma
1993,736,86,1,1337.83,1337.83,2025-04-14,Delivered,Jamesport,Mississippi
1994,621,184,2,107.03,214.06,2025-10-21,Shipped,Lake Amy,North Carolina
1995,548,164,6,46.38,278.28,2024-07-29,Shipped,Port Joshuamouth,Idaho
1996,733,3,4,34.78,139.12,2024-02-23,Delivered,South Rebecca,Maine
1997,329,45,4,57.4,229.6,2024-08-16,Delivered,Marcton,Missouri
1998,464,144,4,37.02,148.08,2025-07-13,Delivered,Jamesport,Nebraska
1999,828,107,1,56.54,56.54,2024-03-03,Delivered,Rhondaville,Kentucky
2000,820,158,4,34.1,136.4,2024-07-03,Processing,Wilsonchester,Maine
2001,685,55,3,29.42,88.26,2025-04-18,Delivered,East Amber,Iowa
2002,408,162,2,115.69,231.38,2025-06-15,Delivered,Patelville,Iowa
2003,99,136,1,81.75,81.75,2025-04-09,Delivered,Carterton,North Dakota
2004,431,125,1,24.59,24.59,2025-04-26,Delivered,Lorifort,Vermont
2005,429,176,3,98.52,295.56,2025-04-18,Delivered,Aaronborough,Maryland
2006,117,117,2,110.18,220.36,2025-05-26,Delivered,Lake Gregory,California
2007,716,38,5,31.32,156.6,2024-06-15,Delivered,Smithborough,Michigan
2008,826,30,3,17.83,53.49,2024-09-27,Processing,West Mary,Wyoming
2009,90,24,1,180.09,180.09,2025-10-16,Delivered,Rodriguezton,Oregon
2010,602,118,2,103.99,207.98,2025-06-30,Delivered,Jasonmouth,Montana
2011,603,189,1,48.34,48.34,2025-03-18,Delivered,West Nathan,New Hampshire
2012,636,24,3,180.09,540.27,2024-09-11,Delivered,North Anna,Missouri
2013,233,147,1,487.95,487.95,2025-10-12,Delivered,Leland,New York
2014,967,29,1,264.9,264.9,2024-06-20,Shipped,Kennethchester,Nebraska
2015,66,54,3,7.54,22.62,2024-01-16,Delivered,Cervantesland,Ohio
2016,797,54,4,7.54,30.16,2024-03-28,Processing,Lake Alexaside,Nevada
2017,828,176,1,98.52,98.52,2024-05-09,Returned,Rhondaville,Kentucky
2018,664,50,5,23.62,118.1,2024-03-23,Delivered,Mendozafurt,Connecticut
2019,600,118,1,103.99,103.99,2024-03-23,Delivered,South Christopherfort,Massachusetts
2020,9,9,3,160.49,481.47,2025-03-06,Processing,North Karla,Mississippi
2021,974,23,5,16.35,81.75,2024-11-20,Delivered,Hughestown,Tennessee
2022,545,92,1,11.68,11.68,2024-02-04,Delivered,Josephfort,Louisiana
2023,183,91,3,222.92,668.76,2025-02-25,Delivered,South Shane,Kansas
2024,519,39,4,35.25,141.0,2025-12-12,Delivered,Stephaniestad,Maine
2025,107,111,2,93.95,187.9,2025-12-21,Delivered,Whiteburgh,New York
2026,291,24,1,180.09,180.09,2024-07-08,Delivered,North Patricia,Vermont
2027,315,23,3,16.35,49.05,2025-12-11,Delivered,Matthewview,New Hampshire
2028,765,163,4,113.36,453.44,2025-06-09,Delivered,Bentleyborough,Virginia
2029,45,65,3,337.28,1011.84,2025-03-14,Delivered,Melindaport,Pennsylvania
2030,194,155,5,97.2,486.0,2025-01-02,Delivered,Donaldland,North Carolina
2031,110,66,1,235.08,0.0,2024-10-25,Cancelled,Breannafurt,New Jersey
2032,52,181,2,86.64,173.28,2024-07-10,Shipped,Lorifurt,Ohio
2033,379,1,3,21.77,65.31,2024-09-01,Delivered,New Wesleyview,Oregon
2034,992,135,1,144.51,0.0,2024-12-31,Cancelled,Haleytown,Nebraska
2035,102,161,2,33.62,67.24,2025-02-06,Delivered,Haileyburgh,Texas
2036,703,169,3,175.75,527.25,2025-10-01,Delivered,New Lindsayton,South Carolina
2037,452,194,3,39.19,117.57,2024-04-30,Processing,North Chadtown,Missouri
2038,410,61,6,24.62,147.72,2024-06-29,Returned,Davidbury,Arizona
2039,124,138,2,160.33,0.0,2024-04-13,Cancelled,Isaiahburgh,Maine
2040,156,48,9,46.46,418.14,2025-11-16,Delivered,Pagemouth,Maine
2041,484,195,5,32.25,161.25,2024-09-28,Delivered,Port Brandi,Kansas
2042,208,70,1,29.96,29.96,2024-02-16,Processing,Christystad,Illinois
2043,841,190,4,11.07,44.28,2024-07-06,Shipped,New Robert,Oklahoma
2044,88,23,5,16.35,81.75,2024-04-07,Processing,Port Brendamouth,New Hampshire
2045,217,91,2,222.92,445.84,2024-09-06,Delivered,Aguilarchester,Nevada
2046,145,196,4,138.33,553.32,2024-05-03,Returned,Carrollfurt,Iowa
2047,145,139,2,74.52,149.04,2024-09-10,Returned,Carrollfurt,Iowa
2048,811,194,6,39.19,235.14,2024-02-03,Delivered,Julialand,New Mexico
2049,881,10,3,107.87,323.61,2024-12-16,Delivered,Susanside,Maine
2050,104,139,1,74.52,74.52,2025-12-30,Shipped,Pamelaville,Louisiana
2051,308,37,1,110.69,110.69,2025-10-26,Delivered,Klinebury,Wisconsin
2052,279,26,5,15.15,75.75,2025-12-15,Delivered,Port Bradley,Florida
2053,925,40,1,414.22,414.22,2025-03-27,Delivered,East Gregoryport,Maine
2054,340,10,2,107.87,215.74,2025-02-25,Delivered,Scottmouth,Ohio
2055,232,82,6,29.07,174.42,2025-08-25,Processing,Garyfort,Hawaii
2056,935,9,3,160.49,481.47,2024-05-22,Delivered,Moralesstad,Ohio
2057,379,7,2,43.74,87.48,2025-10-22,Delivered,New Wesleyview,Oregon
2058,537,28,2,84.71,0.0,2025-07-10,Cancelled,West Ryanton,West Virginia
2059,813,70,4,29.96,119.84,2025-07-31,Delivered,Mariaberg,Pennsylvania
2060,745,179,2,486.21,972.42,2025-07-18,Delivered,Steinport,Florida
2061,555,93,4,130.28,521.12,2024-11-05,Delivered,Lake Marymouth,Illinois
2062,304,114,4,74.03,0.0,2024-10-23,Cancelled,Taraberg,Oregon
2063,146,194,6,39.19,235.14,2025-08-28,Delivered,East Jasonmouth,South Dakota
2064,778,190,3,11.07,33.21,2024-06-29,Returned,Jeromemouth,Utah
2065,574,24,2,180.09,360.18,2024-04-20,Delivered,South Cathyview,South Carolina
2066,496,62,1,99.97,99.97,2025-10-22,Processing,Jamesburgh,Florida
2067,306,91,3,222.92,668.76,2024-02-25,Delivered,New Benjamin,Delaware
2068,74,22,1,413.03,413.03,2024-04-27,Shipped,Lake Charlesburgh,Minnesota
2069,273,111,3,93.95,281.85,2024-09-08,Delivered,Lake Lindaport,Virginia
2070,141,142,2,241.68,483.36,2024-02-14,Delivered,Port Jamesbury,Indiana
2071,831,26,1,15.15,15.15,2025-12-21,Delivered,South Markfurt,Wisconsin
2072,809,26,4,15.15,60.6,2025-10-30,Shipped,Delgadomouth,New Mexico
2073,112,109,1,115.28,115.28,2025-12-09,Returned,Roberttown,Texas
2074,472,117,2,110.18,220.36,2024-08-09,Delivered,Lake Micheal,Minnesota
2075,472,23,5,16.35,81.75,2025-02-23,Delivered,Lake Micheal,Minnesota
2076,137,4,6,40.83,244.98,2024-05-01,Delivered,Port Miguelfort,Iowa
2077,1,149,3,274.44,823.32,2025-04-09,Delivered,Port Jennifer,Pennsylvania
2078,654,129,4,165.48,661.92,2024-01-31,Delivered,North Michaelbury,West Virginia
2079,569,66,2,235.08,470.16,2024-09-12,Delivered,Stanleychester,Massachusetts
2080,923,114,4,74.03,296.12,2025-05-16,Delivered,East Anaborough,New Mexico
2081,613,147,2,487.95,975.9,2025-11-18,Delivered,New Blake,Utah
2082,783,7,4,43.74,174.96,2025-01-25,Shipped,Thompsonmouth,Colorado
2083,24,21,5,65.8,329.0,2025-08-27,Delivered,Claudiashire,Texas
2084,97,131,1,917.21,917.21,2025-10-13,Delivered,Port Matthewberg,Washington
2085,471,41,2,238.94,477.88,2025-04-15,Delivered,Donaldbury,Arizona
2086,106,139,1,74.52,74.52,2025-04-04,Delivered,South Justin,Georgia
2087,813,11,2,50.75,101.5,2024-06-20,Delivered,Mariaberg,Pennsylvania
2088,974,26,5,15.15,75.75,2024-10-28,Delivered,Hughestown,Tennessee
2089,283,122,6,30.44,182.64,2024-10-23,Delivered,Karaside,Arkansas
2090,402,139,1,74.52,74.52,2024-02-26,Delivered,Andreaville,Florida
2091,687,164,4,46.38,185.52,2025-04-02,Delivered,Robertsberg,California
2092,226,156,2,76.9,153.8,2024-04-16,Delivered,Josephview,Florida
2093,552,4,6,40.83,244.98,2024-05-11,Returned,Port Anthonymouth,Kentucky
2094,503,74,1,301.83,301.83,2025-08-05,Delivered,New Lauraborough,Nevada
2095,616,124,1,108.4,108.4,2024-11-03,Delivered,New Amanda,Nevada
2096,95,170,4,81.2,324.8,2025-11-01,Returned,Lake Kathleenland,Colorado
2097,482,42,1,146.77,146.77,2024-01-16,Delivered,South Calebshire,Illinois
2098,870,44,1,423.84,423.84,2024-03-04,Delivered,Stanleychester,Nevada
2099,418,165,4,57.61,230.44,2025-03-31,Delivered,Ericstad,Florida
2100,532,15,4,22.83,91.32,2025-02-22,Delivered,Andersonborough,Wisconsin
2101,500,177,1,1488.3,1488.3,2025-05-07,Delivered,Heidimouth,Arizona
2102,687,60,2,493.39,986.78,2025-05-17,Processing,Robertsberg,California
2103,902,196,2,138.33,276.66,2024-02-11,Shipped,Matthewburgh,Hawaii
2104,286,83,10,9.9,99.0,2025-05-26,Delivered,New Zacharyshire,Wisconsin
2105,792,166,1,80.7,80.7,2024-02-10,Processing,North John,North Carolina
2106,954,20,1,34.83,34.83,2024-12-06,Delivered,Natalieville,New Mexico
2107,651,96,1,286.65,286.65,2024-08-14,Delivered,South Jerrybury,South Dakota
2108,94,128,2,15.74,31.48,2025-09-01,Processing,North Marissa,Missouri
2109,531,42,2,146.77,293.54,2024-11-12,Delivered,North Todd,Maryland
2110,94,174,3,194.56,583.68,2024-04-29,Delivered,North Marissa,Missouri
2111,299,142,1,241.68,241.68,2025-03-06,Delivered,Lake Jennifer,Illinois
2112,123,85,2,490.6,981.2,2024-05-03,Delivered,West Steven,North Carolina
2113,335,100,2,48.33,96.66,2025-12-13,Delivered,East Johnborough,Arizona
2114,640,3,1,34.78,34.78,2024-11-23,Delivered,Melanieland,Massachusetts
2115,593,100,5,48.33,241.65,2025-12-08,Delivered,North Walterbury,Pennsylvania
2116,268,190,4,11.07,44.28,2024-12-22,Delivered,Hallchester,Pennsylvania
2117,955,31,2,50.16,100.32,2025-10-13,Processing,New Ricardofort,Utah
2118,772,39,9,35.25,317.25,2025-08-16,Delivered,Longside,Idaho
2119,469,83,3,9.9,29.7,2024-12-30,Delivered,Joneshaven,Minnesota
2120,436,159,4,28.19,112.76,2024-11-17,Delivered,South Jefferyville,California
2121,245,35,3,179.74,539.22,2025-09-22,Delivered,Martinezfort,Idaho
2122,826,186,3,304.0,912.0,2025-12-12,Delivered,West Mary,Wyoming
2123,382,174,3,194.56,583.68,2024-03-31,Delivered,Anthonyborough,Oklahoma
2124,786,14,3,28.78,86.34,2024-08-20,Shipped,Port Donald,Iowa
2125,653,179,3,486.21,1458.63,2024-10-25,Processing,West Jeremyville,Oregon
2126,185,198,1,473.82,473.82,2025-03-07,Delivered,Tylerchester,California
2127,52,185,2,141.13,282.26,2025-01-08,Delivered,Lorifurt,Ohio
2128,839,126,8,14.23,113.84,2025-03-13,Delivered,Kimberlyburgh,Illinois
2129,356,74,2,301.83,603.66,2025-04-30,Delivered,Mirandafurt,Idaho
2130,467,195,3,32.25,96.75,2025-10-31,Delivered,New Phillip,Nevada
2131,235,153,2,98.25,196.5,2024-05-21,Shipped,Billside,Idaho
2132,389,85,2,490.6,981.2,2025-05-20,Delivered,Dennisberg,North Dakota
2133,881,76,4,143.96,575.84,2024-10-25,Delivered,Susanside,Maine
2134,391,134,4,53.71,214.84,2024-11-07,Delivered,Lake Kristenbury,Texas
2135,695,2,5,134.26,671.3,2024-05-06,Delivered,Brownhaven,Montana
2136,468,50,5,23.62,118.1,2025-11-09,Delivered,Perkinsside,Texas
2137,638,194,5,39.19,195.95,2025-05-11,Delivered,North Gabrielberg,Arizona
2138,98,178,2,11.5,23.0,2024-06-21,Delivered,Christopherburgh,Texas
2139,315,146,1,157.34,157.34,2024-04-12,Delivered,Matthewview,New Hampshire
2140,549,157,5,8.59,42.95,2024-05-27,Delivered,Port Alexandratown,Wyoming
2141,308,75,2,51.24,102.48,2024-10-17,Delivered,Klinebury,Wisconsin
2142,269,188,1,102.39,102.39,2025-05-20,Delivered,New Courtneyview,Tennessee
2143,988,96,3,286.65,859.95,2024-05-18,Delivered,Jonesfurt,Missouri
2144,97,70,2,29.96,59.92,2024-03-23,Delivered,Port Matthewberg,Washington
2145,499,140,1,1253.62,1253.62,2025-05-06,Delivered,West Michael,Rhode Island
2146,467,177,1,1488.3,1488.3,2025-09-12,Delivered,New Phillip,Nevada
2147,190,161,7,33.62,235.34,2025-06-04,Shipped,South Taylorfurt,New Mexico
2148,285,122,6,30.44,182.64,2025-10-17,Delivered,Tuckerview,Connecticut
2149,362,41,3,238.94,716.82,2024-01-11,Delivered,West Annashire,Nevada
2150,138,77,5,5.4,27.0,2025-01-07,Delivered,West Kimberlyberg,Louisiana
2151,780,85,3,490.6,1471.8,2025-11-28,Delivered,Barrettfort,Maryland
2152,731,192,9,16.8,151.2,2025-08-13,Delivered,Scottstad,North Dakota
2153,230,43,2,102.37,204.74,2024-06-03,Shipped,South Andrewport,Iowa
2154,547,128,1,15.74,15.74,2024-11-25,Delivered,Annport,Florida
2155,988,113,1,22.71,22.71,2024-05-07,Delivered,Jonesfurt,Missouri
2156,51,133,6,46.43,278.58,2024-03-30,Processing,New Sandrastad,Idaho
2157,913,162,3,115.69,347.07,2025-01-30,Delivered,Nicholasfort,Rhode Island
2158,244,188,2,102.39,204.78,2024-01-19,Returned,Joannebury,New Jersey
2159,400,15,4,22.83,91.32,2024-12-13,Delivered,Andersonside,Wyoming
2160,996,94,2,41.9,83.8,2025-03-05,Processing,North Jessicachester,Louisiana
2161,207,135,1,144.51,144.51,2025-07-14,Delivered,Port Seth,Virginia
2162,172,168,5,16.61,0.0,2024-02-25,Cancelled,West Miguelview,Arizona
2163,396,7,5,43.74,218.7,2025-12-17,Delivered,Davidhaven,North Carolina
2164,94,3,1,34.78,34.78,2024-07-22,Shipped,North Marissa,Missouri
2165,849,149,3,274.44,823.32,2024-06-18,Processing,Lake Brent,West Virginia
2166,298,88,1,548.48,548.48,2025-08-31,Delivered,Lake Codyside,Delaware
2167,479,60,1,493.39,493.39,2025-05-08,Delivered,Allenville,North Dakota
2168,625,95,6,2.3,13.8,2025-04-13,Delivered,Sarafort,Michigan
2169,787,20,3,34.83,104.49,2025-10-27,Shipped,East Davidberg,Vermont
2170,908,107,2,56.54,113.08,2025-02-21,Delivered,Port Walter,Iowa
2171,743,58,2,1142.69,2285.38,2024-07-02,Processing,Bryanhaven,New Hampshire
2172,409,189,4,48.34,193.36,2025-10-31,Delivered,East Morganton,Indiana
2173,491,37,5,110.69,553.45,2024-08-24,Delivered,East Amanda,Idaho
2174,287,95,11,2.3,25.3,2025-04-07,Delivered,North Patricktown,Alaska
2175,763,48,9,46.46,418.14,2024-09-10,Delivered,Franklinville,Washington
2176,429,106,5,26.57,132.85,2025-04-11,Delivered,Aaronborough,Maryland
2177,34,55,2,29.42,58.84,2025-07-20,Returned,Joseland,Alabama
2178,403,13,4,56.57,226.28,2024-11-22,Delivered,Davidberg,New Mexico
2179,786,42,3,146.77,440.31,2025-09-13,Delivered,Port Donald,Iowa
2180,69,93,2,130.28,260.56,2025-12-01,Delivered,Guzmanmouth,Tennessee
2181,77,136,5,81.75,408.75,2024-07-15,Delivered,Peterland,Pennsylvania
2182,643,175,1,58.63,58.63,2024-02-02,Processing,Vanessatown,Mississippi
2183,351,78,4,5.17,20.68,2024-04-06,Delivered,Dianeborough,New Jersey
2184,458,43,2,102.37,204.74,2025-11-21,Delivered,Oscarborough,Arkansas
2185,65,105,1,136.66,136.66,2025-01-07,Delivered,North Daniel,Maine
2186,357,135,1,144.51,144.51,2024-08-24,Delivered,Lake Sheriside,Iowa
2187,564,188,2,102.39,204.78,2025-12-29,Delivered,Pooletown,New Hampshire
2188,391,103,3,42.88,128.64,2025-04-20,Delivered,Lake Kristenbury,Texas
2189,859,45,3,57.4,0.0,2024-10-25,Cancelled,New Patricia,Minnesota
2190,862,170,2,81.2,162.4,2025-12-09,Delivered,Lake Anthony,Oklahoma
2191,987,32,2,87.66,175.32,2025-04-21,Returned,South Jessehaven,New Jersey
2192,497,120,1,1304.73,1304.73,2024-02-03,Delivered,Gregoryberg,Virginia
2193,358,104,1,1515.73,1515.73,2025-05-18,Delivered,Lyonsmouth,Virginia
2194,653,145,4,88.28,353.12,2025-09-20,Delivered,West Jeremyville,Oregon
2195,949,119,2,27.5,55.0,2025-11-09,Delivered,East Johnside,Illinois
2196,435,7,1,43.74,43.74,2024-04-28,Delivered,Sheilashire,Missouri
2197,447,44,2,423.84,847.68,2025-03-10,Delivered,North Toddburgh,Virginia
2198,193,117,1,110.18,110.18,2025-08-04,Delivered,Bellville,Michigan
2199,920,15,5,22.83,0.0,2025-12-08,Cancelled,Lake Sandraland,Hawaii
2200,481,91,2,222.92,445.84,2024-09-27,Delivered,Charlesland,Texas
2201,476,88,1,548.48,548.48,2025-06-26,Delivered,West Gordonville,Maine
2202,608,53,2,75.3,150.6,2025-03-08,Shipped,Gregorychester,Georgia
2203,55,183,3,258.69,776.07,2025-09-04,Delivered,Ashleyfort,Maryland
2204,201,184,1,107.03,107.03,2025-11-26,Shipped,New Brendamouth,New Hampshire
2205,994,126,1,14.23,14.23,2025-07-11,Shipped,New Jamesland,Tennessee
2206,489,51,2,45.28,90.56,2025-09-27,Delivered,South Jasonstad,Tennessee
2207,300,89,2,695.64,1391.28,2025-01-14,Delivered,Zamoraville,South Carolina
2208,779,84,1,148.96,148.96,2024-12-29,Delivered,Timothyside,California
2209,23,189,4,48.34,193.36,2024-05-22,Delivered,Jeanetteview,Texas
2210,109,75,2,51.24,0.0,2025-06-27,Cancelled,Maciaschester,Utah
2211,111,53,2,75.3,150.6,2024-08-05,Returned,Santosview,Florida
2212,303,163,1,113.36,113.36,2025-04-19,Delivered,Stevensfort,Iowa
2213,998,11,4,50.75,203.0,2024-08-08,Delivered,Hansonmouth,Iowa
2214,720,194,5,39.19,195.95,2024-06-15,Delivered,Tammybury,Utah
2215,535,101,2,450.0,900.0,2025-12-29,Delivered,Torresmouth,Washington
2216,525,30,1,17.83,17.83,2025-04-17,Delivered,Michaelland,Virginia
2217,436,52,3,27.18,81.54,2024-04-16,Delivered,South Jefferyville,California
2218,322,113,1,22.71,22.71,2025-02-11,Processing,Prattberg,Michigan
2219,855,125,5,24.59,122.95,2024-01-19,Delivered,Michaelborough,Minnesota
2220,946,195,3,32.25,96.75,2024-04-07,Delivered,Port Anthony,Utah
2221,194,125,4,24.59,98.36,2024-03-21,Delivered,Donaldland,North Carolina
2222,555,179,2,486.21,972.42,2025-10-15,Delivered,Lake Marymouth,Illinois
2223,571,146,2,157.34,314.68,2025-05-22,Delivered,Wardbury,Michigan
2224,476,134,5,53.71,268.55,2025-02-27,Delivered,West Gordonville,Maine
2225,225,10,3,107.87,323.61,2024-09-20,Delivered,Rowechester,Massachusetts
2226,381,94,2,41.9,83.8,2024-06-28,Processing,Dorothyville,Rhode Island
2227,646,33,2,1077.68,2155.36,2025-08-07,Delivered,Lake Joel,Texas
2228,388,91,1,222.92,222.92,2025-03-21,Delivered,Murphyhaven,Maryland
2229,186,181,3,86.64,259.92,2025-02-14,Delivered,North Jacob,Rhode Island
2230,302,18,3,143.63,430.89,2024-03-20,Shipped,Seanmouth,North Carolina
2231,67,119,5,27.5,0.0,2024-08-07,Cancelled,Barronshire,Oregon
2232,54,165,4,57.61,230.44,2025-09-09,Delivered,Leeburgh,Maine
2233,94,76,5,143.96,719.8,2024-04-16,Delivered,North Marissa,Missouri
2234,378,163,3,113.36,340.08,2025-07-10,Delivered,Cameronborough,Virginia
2235,568,53,3,75.3,225.9,2025-12-18,Delivered,West Nicholasberg,Maine
2236,991,29,1,264.9,264.9,2025-08-03,Delivered,Franklinborough,Kansas
2237,224,134,5,53.71,268.55,2024-10-13,Processing,Larsonshire,Connecticut
2238,3,87,4,29.52,118.08,2025-01-22,Delivered,Tapiaburgh,New Hampshire
2239,195,80,12,31.23,374.76,2025-09-28,Delivered,West Justinborough,Missouri
2240,694,57,2,115.26,230.52,2024-12-08,Delivered,Port Louis,New Hampshire
2241,16,178,1,11.5,11.5,2024-05-24,Delivered,Floresview,Vermont
2242,421,71,3,311.35,0.0,2025-04-21,Cancelled,South Leah,Louisiana
2243,985,77,1,5.4,5.4,2025-04-08,Delivered,Cruzton,Missouri
2244,950,146,3,157.34,472.02,2025-06-12,Delivered,Lake Elizabethhaven,Connecticut
2245,134,145,5,88.28,441.4,2024-12-28,Processing,Kellyfurt,New Jersey
2246,286,49,3,98.4,295.2,2024-10-14,Delivered,New Zacharyshire,Wisconsin
2247,652,51,5,45.28,226.4,2024-03-04,Returned,Rachelfort,Missouri
2248,304,60,2,493.39,0.0,2024-01-05,Cancelled,Taraberg,Oregon
2249,602,55,2,29.42,58.84,2025-10-22,Delivered,Jasonmouth,Montana
2250,71,67,1,22.32,22.32,2024-07-25,Returned,North Nicholas,New York
2251,229,187,2,85.38,170.76,2025-09-13,Processing,Nancytown,Oklahoma
2252,217,89,2,695.64,1391.28,2025-12-30,Shipped,Aguilarchester,Nevada
2253,38,130,1,87.12,87.12,2025-05-17,Delivered,West Nataliehaven,Arizona
2254,929,53,1,75.3,75.3,2025-05-29,Delivered,West Erikaview,Michigan
2255,422,152,1,105.39,105.39,2024-04-08,Delivered,Clarkmouth,Washington
2256,983,138,4,160.33,0.0,2025-08-22,Cancelled,Seanborough,Nebraska
2257,677,184,3,107.03,321.09,2024-03-26,Delivered,Port Susanchester,West Virginia
2258,201,32,2,87.66,175.32,2025-04-01,Delivered,New Brendamouth,New Hampshire
2259,966,42,2,146.77,293.54,2024-04-23,Delivered,Port Dorisport,Connecticut
2260,636,88,2,548.48,1096.96,2024-12-27,Delivered,North Anna,Missouri
2261,334,100,2,48.33,96.66,2025-09-19,Delivered,South Bradleyside,Delaware
2262,835,84,1,148.96,148.96,2025-05-08,Processing,Stephenstown,Arkansas
2263,916,171,4,142.38,569.52,2025-02-21,Delivered,Kristenton,Indiana
2264,693,18,5,143.63,718.15,2025-05-23,Shipped,Grossfort,Arkansas
2265,511,10,2,107.87,215.74,2024-10-04,Delivered,South Amanda,Alabama
2266,53,130,1,87.12,87.12,2025-08-31,Delivered,Port Kylebury,Ohio
2267,556,44,2,423.84,847.68,2024-01-31,Delivered,North Kimberly,Delaware
2268,20,22,1,413.03,413.03,2025-03-29,Delivered,South Richard,Alabama
2269,659,137,3,484.65,0.0,2024-04-06,Cancelled,Rodriguezview,California
2270,779,129,1,165.48,165.48,2025-04-29,Delivered,Timothyside,California
2271,676,139,3,74.52,223.56,2025-12-18,Delivered,Juanbury,Georgia
2272,130,159,1,28.19,28.19,2024-05-09,Delivered,South Derek,South Dakota
2273,795,187,5,85.38,426.9,2024-08-03,Delivered,Patelchester,New Hampshire
2274,771,44,1,423.84,423.84,2024-05-31,Delivered,Adamsfurt,Alaska
2275,952,176,2,98.52,0.0,2025-10-09,Cancelled,Port Brian,Nevada
2276,735,69,3,12.9,38.7,2024-12-06,Delivered,West Tony,Oregon
2277,538,137,3,484.65,1453.95,2025-09-09,Delivered,Darrenmouth,West Virginia
2278,506,188,3,102.39,307.17,2024-10-07,Delivered,South Danielborough,Idaho
2279,575,67,6,22.32,133.92,2025-06-22,Shipped,West Elizabethstad,Utah
2280,558,181,2,86.64,173.28,2024-04-22,Delivered,Danielleville,Utah
2281,584,161,12,33.62,403.44,2025-07-25,Delivered,North Kayla,New Mexico
2282,92,28,3,84.71,254.13,2025-11-27,Delivered,Keithview,Michigan
2283,68,196,4,138.33,553.32,2025-04-25,Delivered,Charlesfort,Alaska
2284,219,83,2,9.9,19.8,2024-03-07,Delivered,Grayport,Georgia
2285,379,181,1,86.64,86.64,2024-10-03,Delivered,New Wesleyview,Oregon
2286,751,99,1,135.17,135.17,2025-09-01,Shipped,Tracyview,Illinois
2287,120,35,4,179.74,718.96,2025-11-12,Delivered,North Marie,Delaware
2288,573,5,11,14.19,156.09,2024-01-19,Shipped,Richardside,Arkansas
2289,127,57,2,115.26,230.52,2025-06-13,Delivered,New Kurt,North Carolina
2290,546,46,4,35.34,141.36,2025-08-10,Delivered,South Austin,Nebraska
2291,956,14,5,28.78,143.9,2024-06-26,Delivered,Wheelerchester,South Carolina
2292,185,134,4,53.71,214.84,2024-04-20,Delivered,Tylerchester,California
2293,272,36,3,193.51,580.53,2025-10-24,Delivered,Munozmouth,Tennessee
2294,217,9,1,160.49,160.49,2024-01-27,Delivered,Aguilarchester,Nevada
2295,700,200,3,41.6,124.8,2025-09-08,Delivered,North Robert,Wyoming
2296,937,45,1,57.4,57.4,2024-07-16,Delivered,Howardland,Colorado
2297,877,143,2,148.64,297.28,2025-06-10,Delivered,Hunterburgh,Arkansas
2298,120,68,3,113.46,340.38,2025-03-16,Delivered,North Marie,Delaware
2299,840,131,1,917.21,917.21,2025-10-17,Processing,Port Saraton,Missouri
2300,362,119,12,27.5,330.0,2024-02-06,Shipped,West Annashire,Nevada
2301,700,73,2,456.73,913.46,2025-01-02,Shipped,North Robert,Wyoming
2302,50,77,4,5.4,21.6,2024-12-02,Processing,New Shannonhaven,Pennsylvania
2303,651,67,4,22.32,89.28,2025-06-03,Processing,South Jerrybury,South Dakota
2304,941,98,4,46.15,184.6,2024-08-03,Processing,Allenhaven,New Mexico
2305,499,122,2,30.44,60.88,2024-11-10,Delivered,West Michael,Rhode Island
2306,110,13,1,56.57,56.57,2025-09-17,Delivered,Breannafurt,New Jersey
2307,443,144,4,37.02,148.08,2024-01-01,Delivered,Hamiltonchester,Maryland
2308,903,22,2,413.03,826.06,2024-10-20,Delivered,Maryland,Alaska
2309,746,154,3,42.12,126.36,2025-10-01,Delivered,Port Sarah,Kansas
2310,480,24,2,180.09,360.18,2025-08-30,Delivered,South Tyler,Arkansas
2311,477,83,4,9.9,39.6,2025-08-28,Delivered,Nelsonborough,Minnesota
2312,487,116,2,154.63,309.26,2024-08-30,Delivered,Sarahton,Nevada
2313,125,131,1,917.21,917.21,2025-04-29,Delivered,North Sarahmouth,Kansas
2314,215,165,3,57.61,172.83,2024-04-28,Delivered,West Jessica,California
2315,721,156,2,76.9,153.8,2025-03-24,Delivered,Lake Jessestad,Maine
2316,631,87,4,29.52,118.08,2024-04-04,Delivered,Amandamouth,Oregon
2317,551,47,3,188.28,564.84,2024-09-04,Delivered,Jasontown,Tennessee
2318,935,195,2,32.25,64.5,2025-03-08,Shipped,Moralesstad,Ohio
2319,571,33,2,1077.68,2155.36,2024-05-16,Delivered,Wardbury,Michigan
2320,270,165,5,57.61,288.05,2024-04-19,Shipped,New Patricktown,Montana
2321,87,9,3,160.49,481.47,2025-05-22,Processing,Monicaberg,Pennsylvania
2322,837,160,4,37.99,151.96,2024-08-08,Delivered,Lake Michaelmouth,Delaware
2323,510,136,4,81.75,327.0,2024-10-02,Processing,Nolanberg,Illinois
2324,594,114,1,74.03,74.03,2025-10-24,Processing,Chenberg,Pennsylvania
2325,491,41,2,238.94,477.88,2025-04-22,Returned,East Amanda,Idaho
2326,322,143,2,148.64,297.28,2024-11-12,Delivered,Prattberg,Michigan
2327,553,149,1,274.44,274.44,2024-11-14,Delivered,Port Shelly,Illinois
2328,13,67,5,22.32,111.6,2025-02-12,Returned,West Nicole,Michigan
2329,56,111,4,93.95,375.8,2025-09-07,Processing,Lesliemouth,South Carolina
2330,157,158,1,34.1,34.1,2025-03-19,Delivered,Leechester,Wyoming
2331,494,54,6,7.54,45.24,2025-07-10,Delivered,Bentleyfurt,Delaware
2332,892,149,1,274.44,274.44,2024-05-05,Delivered,Lake Anthony,Nevada
2333,542,35,4,179.74,718.96,2024-09-30,Delivered,Chavezburgh,Michigan
2334,331,154,4,42.12,168.48,2025-04-17,Delivered,West Johnmouth,New Hampshire
2335,706,106,4,26.57,106.28,2024-07-12,Shipped,Gregoryville,New Mexico
2336,734,86,1,1337.83,1337.83,2025-06-18,Delivered,Hollyport,Arizona
2337,626,24,3,180.09,540.27,2024-02-04,Delivered,West Amymouth,New York
2338,225,187,4,85.38,341.52,2025-06-28,Delivered,Rowechester,Massachusetts
2339,602,124,1,108.4,108.4,2025-03-20,Processing,Jasonmouth,Montana
2340,686,126,7,14.23,99.61,2024-07-05,Delivered,Port Patrick,Colorado
2341,921,21,2,65.8,131.6,2025-01-01,Delivered,Marioside,Michigan
2342,633,169,3,175.75,527.25,2024-05-20,Delivered,Allenburgh,Michigan
2343,202,160,1,37.99,37.99,2025-04-21,Delivered,North Jerry,Kentucky
2344,957,89,1,695.64,695.64,2025-03-03,Delivered,Samanthaville,Michigan
2345,641,111,2,93.95,187.9,2024-04-25,Delivered,West Joshuafort,New York
2346,320,90,1,170.31,170.31,2024-12-05,Delivered,Maryview,Ohio
2347,479,136,1,81.75,81.75,2025-09-29,Shipped,Allenville,North Dakota
2348,72,78,9,5.17,46.53,2024-08-19,Processing,Davisville,Mississippi
2349,50,157,4,8.59,34.36,2025-03-08,Delivered,New Shannonhaven,Pennsylvania
2350,456,110,6,26.8,160.8,2025-10-08,Delivered,South Ashley,Massachusetts
2351,307,23,5,16.35,81.75,2025-09-06,Delivered,Jacobton,Mississippi
2352,722,54,6,7.54,45.24,2024-08-07,Delivered,South Kennethland,Arkansas
2353,405,199,4,97.62,390.48,2025-11-27,Delivered,Spearsstad,Arizona
2354,189,6,1,1964.49,0.0,2025-01-01,Cancelled,East Jeremymouth,Nebraska
2355,349,61,6,24.62,147.72,2024-12-17,Processing,East Susan,New Mexico
2356,679,163,1,113.36,113.36,2024-08-22,Delivered,Sullivanbury,Nevada
2357,371,154,5,42.12,210.6,2025-10-15,Processing,West Nicole,Wyoming
2358,502,155,3,97.2,291.6,2024-09-01,Delivered,Port Arielside,West Virginia
2359,424,40,1,414.22,414.22,2024-06-18,Returned,Port Christine,Wisconsin
2360,554,56,2,208.97,417.94,2025-10-26,Delivered,Zimmermanmouth,Vermont
2361,644,145,4,88.28,353.12,2025-12-26,Delivered,Kaylamouth,Ohio
2362,211,183,1,258.69,258.69,2024-06-09,Delivered,Kennethburgh,Nebraska
2363,610,94,4,41.9,167.6,2025-03-10,Delivered,Andrewchester,West Virginia
2364,880,136,3,81.75,245.25,2025-08-01,Delivered,Jamesland,North Dakota
2365,309,183,1,258.69,258.69,2024-12-19,Processing,New Cassidy,Rhode Island
2366,132,146,1,157.34,157.34,2025-03-26,Shipped,South Jason,Wyoming
2367,246,18,4,143.63,574.52,2024-09-07,Delivered,Emmabury,Connecticut
2368,56,137,3,484.65,1453.95,2025-09-07,Delivered,Lesliemouth,South Carolina
2369,749,174,1,194.56,194.56,2024-12-14,Processing,Nathanmouth,South Dakota
2370,970,64,3,32.06,96.18,2024-06-03,Shipped,Robertsborough,Utah
2371,761,171,1,142.38,142.38,2025-10-10,Delivered,East Alexander,Oklahoma
2372,298,122,5,30.44,152.2,2024-06-14,Processing,Lake Codyside,Delaware
2373,51,160,12,37.99,455.88,2024-08-03,Processing,New Sandrastad,Idaho
2374,112,75,1,51.24,51.24,2025-10-17,Delivered,Roberttown,Texas
2375,229,110,5,26.8,134.0,2025-03-19,Delivered,Nancytown,Oklahoma
2376,66,200,1,41.6,41.6,2024-11-09,Delivered,Cervantesland,Ohio
2377,64,58,2,1142.69,2285.38,2024-09-16,Delivered,Port James,California
2378,972,81,4,51.28,205.12,2024-05-10,Delivered,New Richard,New Mexico
2379,242,89,1,695.64,695.64,2024-09-15,Shipped,Isaacburgh,Connecticut
2380,714,166,3,80.7,242.1,2024-07-19,Returned,Port Markshire,Minnesota
2381,25,164,5,46.38,231.9,2025-01-20,Delivered,North Tonya,Arkansas
2382,831,189,3,48.34,145.02,2024-04-23,Delivered,South Markfurt,Wisconsin
2383,935,2,2,134.26,268.52,2024-03-16,Shipped,Moralesstad,Ohio
2384,312,162,1,115.69,115.69,2024-11-27,Delivered,Davidfort,Connecticut
2385,89,113,4,22.71,0.0,2024-02-27,Cancelled,Hobbsburgh,Idaho
2386,685,172,5,84.77,423.85,2024-10-01,Delivered,East Amber,Iowa
2387,489,97,5,43.15,215.75,2024-11-09,Delivered,South Jasonstad,Tennessee
2388,13,78,7,5.17,36.19,2025-12-05,Delivered,West Nicole,Michigan
2389,714,54,10,7.54,75.4,2025-11-28,Delivered,Port Markshire,Minnesota
2390,34,30,2,17.83,35.66,2025-10-29,Shipped,Joseland,Alabama
2391,507,86,1,1337.83,1337.83,2024-11-19,Delivered,Vincentborough,Utah
2392,658,152,3,105.39,316.17,2025-09-28,Delivered,North Melissaborough,Connecticut
2393,898,155,2,97.2,194.4,2024-02-10,Returned,Lukeberg,Michigan
2394,913,132,1,895.45,895.45,2025-01-17,Delivered,Nicholasfort,Rhode Island
2395,499,33,1,1077.68,1077.68,2024-11-22,Shipped,West Michael,Rhode Island
2396,425,122,2,30.44,60.88,2025-08-08,Delivered,Brettstad,New Hampshire
2397,549,183,3,258.69,776.07,2025-08-28,Delivered,Port Alexandratown,Wyoming
2398,114,81,3,51.28,153.84,2025-09-01,Shipped,Dawsonhaven,Colorado
2399,955,45,4,57.4,229.6,2025-01-08,Delivered,New Ricardofort,Utah
2400,726,172,3,84.77,254.31,2024-11-11,Shipped,Larsenshire,Pennsylvania
2401,777,134,2,53.71,107.42,2025-12-02,Delivered,Lake Victoria,Connecticut
2402,247,110,4,26.8,107.2,2025-11-02,Delivered,Morrisonbury,Nebraska
2403,254,158,3,34.1,0.0,2025-12-26,Cancelled,West Danielle,Nebraska
2404,890,64,3,32.06,96.18,2024-12-20,Delivered,New Tyler,Texas
2405,568,13,1,56.57,56.57,2024-04-23,Delivered,West Nicholasberg,Maine
2406,846,140,1,1253.62,1253.62,2025-05-04,Delivered,South Denisefort,New Mexico
2407,681,155,3,97.2,291.6,2025-07-18,Delivered,Christineburgh,Virginia
2408,908,26,4,15.15,60.6,2024-02-26,Delivered,Port Walter,Iowa
2409,450,3,1,34.78,34.78,2025-12-10,Delivered,New Brandonville,Ohio
2410,358,170,5,81.2,406.0,2024-04-04,Delivered,Lyonsmouth,Virginia
2411,116,50,6,23.62,141.72,2025-04-27,Delivered,Patriciashire,Utah
2412,191,59,3,462.07,1386.21,2024-02-06,Delivered,Benjaminville,Wyoming
2413,662,39,8,35.25,282.0,2024-09-29,Delivered,Robbinsstad,South Carolina
2414,314,64,2,32.06,64.12,2025-04-09,Delivered,Port Marc,Rhode Island
2415,28,168,2,16.61,33.22,2024-05-16,Delivered,Lake Amy,Oklahoma
2416,955,72,12,9.09,109.08,2025-04-12,Delivered,New Ricardofort,Utah
2417,564,142,1,241.68,241.68,2024-01-01,Processing,Pooletown,New Hampshire
2418,254,153,4,98.25,393.0,2024-01-15,Delivered,West Danielle,Nebraska
2419,771,2,1,134.26,134.26,2024-11-02,Processing,Adamsfurt,Alaska
2420,889,28,4,84.71,338.84,2024-09-01,Delivered,Port Jacquelinemouth,Rhode Island
2421,51,47,1,188.28,188.28,2025-08-26,Processing,New Sandrastad,Idaho
2422,956,64,2,32.06,64.12,2024-04-22,Delivered,Wheelerchester,South Carolina
2423,865,105,2,136.66,273.32,2025-08-15,Delivered,New Michaelville,South Carolina
2424,64,141,2,55.53,111.06,2024-09-05,Delivered,Port James,California
2425,423,104,2,1515.73,3031.46,2024-07-26,Delivered,New Angelaburgh,Maine
2426,374,71,2,311.35,622.7,2025-01-23,Processing,Evelynport,Texas
2427,363,117,3,110.18,330.54,2024-09-03,Delivered,Mejiamouth,Massachusetts
2428,268,165,4,57.61,230.44,2024-08-21,Delivered,Hallchester,Pennsylvania
2429,255,28,1,84.71,84.71,2024-07-28,Returned,Mitchellborough,Tennessee
2430,346,135,2,144.51,289.02,2025-05-10,Delivered,Lonnieborough,Indiana
2431,343,164,4,46.38,0.0,2024-06-22,Cancelled,Christianstad,Montana
2432,129,51,5,45.28,226.4,2024-09-25,Delivered,Johntown,Arkansas
2433,559,31,3,50.16,150.48,2025-10-18,Delivered,Theresaview,Georgia
2434,905,38,7,31.32,219.24,2025-09-15,Delivered,Martinchester,Maryland
2435,557,86,2,1337.83,0.0,2024-09-02,Cancelled,Anthonyton,Colorado
2436,517,75,2,51.24,102.48,2024-01-04,Delivered,Sarachester,Ohio
2437,3,182,2,675.46,1350.92,2025-02-23,Shipped,Tapiaburgh,New Hampshire
2438,521,176,2,98.52,197.04,2025-04-22,Shipped,Jodifurt,New Mexico
2439,57,109,3,115.28,345.84,2025-09-16,Delivered,Port Alexisside,Nevada
2440,702,48,11,46.46,511.06,2024-03-07,Delivered,Greenside,New York
2441,471,121,11,6.52,71.72,2025-04-18,Shipped,Donaldbury,Arizona
2442,533,147,2,487.95,975.9,2024-11-14,Processing,Cynthiaberg,New Hampshire
2443,8,97,3,43.15,129.45,2024-02-21,Delivered,North Nathan,Nevada
2444,928,166,3,80.7,242.1,2024-06-01,Shipped,Priceport,Idaho
2445,911,92,5,11.68,58.4,2025-02-02,Shipped,New Stephanieland,Wyoming
2446,875,191,1,126.39,126.39,2025-12-20,Shipped,New Williamchester,Ohio
2447,232,138,1,160.33,160.33,2024-09-09,Delivered,Garyfort,Hawaii
2448,833,72,7,9.09,63.63,2024-04-28,Delivered,Jonesfurt,Missouri
2449,247,70,2,29.96,59.92,2024-04-02,Delivered,Morrisonbury,Nebraska
2450,599,43,2,102.37,204.74,2025-10-24,Delivered,East Andrea,Georgia
2451,772,73,2,456.73,913.46,2025-10-19,Delivered,Longside,Idaho
2452,982,60,2,493.39,986.78,2024-11-13,Delivered,West Kimberly,Massachusetts
2453,186,124,2,108.4,216.8,2024-12-24,Delivered,North Jacob,Rhode Island
2454,366,88,2,548.48,1096.96,2024-12-22,Delivered,Randallborough,Illinois
2455,83,51,2,45.28,90.56,2024-07-28,Delivered,New Joshua,Washington
2456,364,11,3,50.75,152.25,2025-10-16,Shipped,Mooreshire,Nevada
2457,896,180,10,5.05,50.5,2025-12-31,Delivered,Randyhaven,Georgia
2458,10,102,1,16.48,16.48,2024-09-29,Delivered,South Michaelville,Illinois
2459,998,148,1,639.02,0.0,2024-12-09,Cancelled,Hansonmouth,Iowa
2460,162,129,4,165.48,661.92,2025-07-09,Delivered,Calhounside,Indiana
2461,187,78,9,5.17,46.53,2024-12-26,Delivered,Onealfurt,Florida
2462,202,41,3,238.94,716.82,2025-09-26,Delivered,North Jerry,Kentucky
2463,637,112,1,53.86,53.86,2024-10-03,Shipped,West Joseph,South Dakota
2464,918,169,3,175.75,527.25,2024-04-29,Delivered,Robertchester,Arkansas
2465,283,174,2,194.56,389.12,2024-11-07,Delivered,Karaside,Arkansas
2466,408,96,1,286.65,286.65,2024-10-23,Delivered,Patelville,Iowa
2467,807,88,2,548.48,1096.96,2025-02-28,Shipped,Reynoldsshire,Virginia
2468,246,194,3,39.19,117.57,2025-03-19,Delivered,Emmabury,Connecticut
2469,597,173,4,63.4,0.0,2024-06-02,Cancelled,West Adamton,Tennessee
2470,773,45,2,57.4,114.8,2024-03-14,Returned,East Anthonychester,Massachusetts
2471,953,73,1,456.73,456.73,2025-10-03,Returned,Codychester,Rhode Island
2472,660,162,5,115.69,578.45,2024-08-18,Shipped,South Jessicachester,Alabama
2473,640,28,2,84.71,169.42,2025-07-25,Delivered,Melanieland,Massachusetts
2474,239,167,1,243.83,243.83,2025-03-25,Delivered,Aaronside,Idaho
2475,69,40,1,414.22,414.22,2025-05-20,Delivered,Guzmanmouth,Tennessee
2476,328,151,2,192.55,385.1,2024-07-15,Delivered,East Nicholas,Massachusetts
2477,604,11,5,50.75,0.0,2024-09-12,Cancelled,Ericview,Maine
2478,370,54,12,7.54,90.48,2024-01-04,Delivered,Port Lisaborough,Colorado
2479,244,28,3,84.71,254.13,2025-10-13,Processing,Joannebury,New Jersey
2480,619,154,2,42.12,84.24,2025-12-22,Delivered,East Theresahaven,Colorado
2481,83,98,5,46.15,230.75,2024-12-28,Delivered,New Joshua,Washington
2482,638,10,1,107.87,107.87,2024-02-12,Delivered,North Gabrielberg,Arizona
2483,756,75,3,51.24,153.72,2025-03-04,Returned,Dianaville,Iowa
2484,5,60,2,493.39,986.78,2025-08-05,Delivered,South Natalieshire,New Jersey
2485,873,144,1,37.02,37.02,2024-11-01,Processing,Mendezville,Hawaii
2486,769,4,5,40.83,204.15,2024-12-20,Delivered,West Sara,Nebraska
2487,850,133,1,46.43,46.43,2024-02-09,Delivered,Goodwinside,West Virginia
2488,381,158,3,34.1,102.3,2024-07-04,Delivered,Dorothyville,Rhode Island
2489,65,13,5,56.57,282.85,2024-10-21,Delivered,North Daniel,Maine
2490,550,71,2,311.35,622.7,2024-03-26,Delivered,South Jonathanville,New Mexico
2491,723,147,1,487.95,487.95,2024-07-05,Delivered,North Judy,Florida
2492,811,16,5,53.79,268.95,2024-04-15,Delivered,Julialand,New Mexico
2493,701,180,10,5.05,50.5,2024-09-15,Processing,South Carlybury,Alabama
2494,124,127,2,150.5,301.0,2024-05-14,Delivered,Isaiahburgh,Maine
2495,786,128,3,15.74,47.22,2025-02-25,Delivered,Port Donald,Iowa
2496,541,152,2,105.39,210.78,2024-04-07,Delivered,Lake Katrinaborough,North Dakota
2497,14,57,5,115.26,576.3,2025-12-29,Delivered,Lake Peterfort,Ohio
2498,263,15,4,22.83,91.32,2024-11-18,Delivered,Rebeccastad,Utah
2499,364,129,3,165.48,496.44,2024-05-16,Delivered,Mooreshire,Nevada
2500,166,26,2,15.15,30.3,2024-04-17,Delivered,South Johnstad,New Jersey
2501,955,82,3,29.07,87.21,2024-12-26,Delivered,New Ricardofort,Utah
2502,335,152,5,105.39,526.95,2024-01-12,Shipped,East Johnborough,Arizona
2503,392,186,2,304.0,608.0,2024-10-31,Delivered,New Donnatown,South Dakota
2504,930,136,3,81.75,245.25,2024-07-21,Returned,East Samuelbury,New Jersey
2505,798,13,6,56.57,339.42,2024-05-19,Delivered,New Austinbury,Wisconsin
2506,106,36,1,193.51,193.51,2024-08-31,Delivered,South Justin,Georgia
2507,912,56,1,208.97,208.97,2024-04-17,Shipped,Avilaberg,South Carolina
2508,92,29,1,264.9,264.9,2024-10-04,Shipped,Keithview,Michigan
2509,870,89,1,695.64,695.64,2025-12-03,Delivered,Stanleychester,Nevada
2510,268,47,3,188.28,564.84,2025-07-23,Delivered,Hallchester,Pennsylvania
2511,1000,133,5,46.43,232.15,2024-05-06,Delivered,Mendezport,Missouri
2512,716,183,2,258.69,517.38,2025-01-09,Delivered,Smithborough,Michigan
2513,864,67,2,22.32,44.64,2025-09-12,Shipped,Jenniferport,West Virginia
2514,851,97,1,43.15,0.0,2025-08-04,Cancelled,South Laurastad,North Carolina
2515,795,12,1,899.79,899.79,2024-01-31,Delivered,Patelchester,New Hampshire
2516,68,48,11,46.46,511.06,2025-06-13,Delivered,Charlesfort,Alaska
2517,742,31,4,50.16,200.64,2024-10-07,Delivered,Port Samanthaside,Mississippi
2518,992,53,1,75.3,75.3,2025-08-02,Shipped,Haleytown,Nebraska
2519,310,149,1,274.44,274.44,2024-08-02,Delivered,Mitchellchester,Alaska
2520,207,50,5,23.62,0.0,2024-12-15,Cancelled,Port Seth,Virginia
2521,215,50,12,23.62,283.44,2024-08-12,Delivered,West Jessica,California
2522,50,154,4,42.12,168.48,2024-04-06,Delivered,New Shannonhaven,Pennsylvania
2523,205,110,6,26.8,0.0,2025-01-21,Cancelled,South Samuelshire,Delaware
2524,441,193,4,69.03,276.12,2025-10-04,Delivered,Franciscobury,Kansas
2525,330,192,12,16.8,201.6,2025-11-16,Delivered,Hamiltonmouth,Utah
2526,462,142,3,241.68,725.04,2024-06-30,Delivered,Manningstad,Tennessee
2527,650,140,2,1253.62,2507.24,2025-05-24,Shipped,Alexanderside,West Virginia
2528,88,12,2,899.79,1799.58,2024-08-11,Delivered,Port Brendamouth,New Hampshire
2529,667,8,1,80.04,80.04,2025-03-19,Delivered,East Robin,New Mexico
2530,12,106,1,26.57,26.57,2025-06-02,Delivered,Floresland,Virginia
2531,888,127,2,150.5,0.0,2024-05-30,Cancelled,Tracyfort,Oregon
2532,105,182,2,675.46,1350.92,2025-04-06,Delivered,South Lisa,Rhode Island
2533,564,3,2,34.78,69.56,2025-06-12,Delivered,Pooletown,New Hampshire
2534,481,191,2,126.39,252.78,2024-05-09,Processing,Charlesland,Texas
2535,262,133,4,46.43,185.72,2025-09-12,Delivered,Odomtown,Massachusetts
2536,965,151,1,192.55,192.55,2024-06-27,Shipped,Lake Philipton,Mississippi
2537,542,130,3,87.12,261.36,2025-07-16,Delivered,Chavezburgh,Michigan
2538,329,159,6,28.19,0.0,2025-04-02,Cancelled,Marcton,Missouri
2539,164,25,3,212.04,636.12,2024-05-17,Delivered,Port Stacystad,Vermont
2540,948,10,4,107.87,431.48,2024-02-28,Returned,Johnnybury,Oregon
2541,318,137,3,484.65,1453.95,2025-05-08,Delivered,South Caitlin,Nevada
2542,103,64,3,32.06,96.18,2024-09-18,Returned,South Suzanneland,California
2543,50,169,3,175.75,527.25,2025-04-30,Delivered,New Shannonhaven,Pennsylvania
2544,32,96,3,286.65,859.95,2025-01-31,Processing,Brianshire,South Carolina
2545,683,32,4,87.66,350.64,2025-04-30,Returned,New Jessica,New Mexico
2546,431,28,1,84.71,84.71,2024-11-06,Delivered,Lorifort,Vermont
2547,914,25,1,212.04,212.04,2024-05-12,Delivered,North Jill,New Mexico
2548,782,98,4,46.15,0.0,2025-09-29,Cancelled,Darrenton,New York
2549,472,115,3,98.26,294.78,2025-12-25,Delivered,Lake Micheal,Minnesota
2550,369,187,5,85.38,426.9,2025-01-02,Processing,Ryanport,Vermont
2551,509,117,2,110.18,220.36,2024-10-27,Delivered,North Katie,Virginia
2552,230,74,2,301.83,603.66,2025-06-01,Returned,South Andrewport,Iowa
2553,528,59,3,462.07,1386.21,2024-08-06,Delivered,Pamelaburgh,Wyoming
2554,29,168,3,16.61,49.83,2025-01-10,Delivered,Owensborough,Florida
2555,965,25,3,212.04,636.12,2024-02-25,Delivered,Lake Philipton,Mississippi
2556,236,107,1,56.54,56.54,2025-07-04,Delivered,South Steven,Montana
2557,322,114,3,74.03,222.09,2025-11-17,Delivered,Prattberg,Michigan
2558,8,14,3,28.78,86.34,2024-10-30,Delivered,North Nathan,Nevada
2559,729,106,1,26.57,26.57,2024-03-03,Delivered,Sarahbury,Rhode Island
2560,479,53,3,75.3,225.9,2024-12-06,Delivered,Allenville,North Dakota
2561,256,112,1,53.86,53.86,2025-11-15,Delivered,Lake Kevin,Wyoming
2562,475,22,1,413.03,413.03,2025-01-21,Delivered,Zimmermanfort,Alaska
2563,493,17,1,625.15,625.15,2025-01-30,Delivered,Josephtown,South Dakota
2564,863,56,2,208.97,417.94,2025-07-27,Delivered,Lake Amandahaven,Rhode Island
2565,934,74,1,301.83,301.83,2025-08-30,Delivered,Heatherside,Hawaii
2566,354,141,4,55.53,222.12,2025-09-05,Processing,Bushton,South Dakota
2567,485,7,2,43.74,87.48,2025-10-04,Delivered,South Lindaton,North Carolina
2568,185,131,2,917.21,1834.42,2024-07-29,Shipped,Tylerchester,California
2569,193,66,2,235.08,470.16,2025-11-07,Delivered,Bellville,Michigan
2570,978,51,4,45.28,181.12,2024-07-06,Delivered,Owensmouth,Pennsylvania
2571,497,6,1,1964.49,1964.49,2024-10-27,Delivered,Gregoryberg,Virginia
2572,368,111,1,93.95,93.95,2025-10-25,Delivered,Port Davidside,Oregon
2573,131,121,7,6.52,45.64,2025-04-06,Delivered,East Jillstad,Pennsylvania
2574,610,193,1,69.03,69.03,2024-10-02,Delivered,Andrewchester,West Virginia
2575,19,102,5,16.48,82.4,2025-11-27,Delivered,North Davidshire,Vermont
2576,535,139,1,74.52,74.52,2025-08-10,Delivered,Torresmouth,Washington
2577,888,13,1,56.57,56.57,2024-02-27,Processing,Tracyfort,Oregon
2578,404,91,1,222.92,222.92,2024-10-28,Processing,Laceyport,Washington
2579,750,159,1,28.19,28.19,2025-01-26,Delivered,East Meganland,North Dakota
2580,25,166,2,80.7,161.4,2025-12-26,Delivered,North Tonya,Arkansas
2581,428,20,1,34.83,34.83,2024-07-27,Delivered,Lake Kayla,South Dakota
2582,926,158,1,34.1,34.1,2025-10-29,Delivered,Alexanderview,Hawaii
2583,357,16,1,53.79,53.79,2025-10-26,Delivered,Lake Sheriside,Iowa
2584,422,82,10,29.07,290.7,2025-05-25,Delivered,Clarkmouth,Washington
2585,730,82,9,29.07,261.63,2025-12-12,Delivered,Richardside,South Dakota
2586,885,127,3,150.5,451.5,2024-01-29,Delivered,Austinland,Arkansas
2587,176,188,2,102.39,204.78,2025-06-24,Delivered,Jacobview,Maryland
2588,529,20,4,34.83,139.32,2024-01-11,Delivered,South Darrylberg,Colorado
2589,613,124,3,108.4,325.2,2024-01-10,Delivered,New Blake,Utah
2590,316,65,1,337.28,337.28,2025-05-20,Delivered,Lake Jennifer,Missouri
2591,534,102,4,16.48,65.92,2025-03-03,Delivered,Shieldsberg,New Hampshire
2592,984,85,3,490.6,1471.8,2024-09-11,Delivered,Sandramouth,Oregon
2593,69,79,3,383.68,1151.04,2025-09-15,Delivered,Guzmanmouth,Tennessee
2594,643,131,2,917.21,1834.42,2025-08-28,Shipped,Vanessatown,Mississippi
2595,766,190,4,11.07,44.28,2025-10-03,Delivered,New Dianaberg,Alabama
2596,159,116,4,154.63,618.52,2025-02-24,Delivered,Blackbury,Washington
2597,286,155,3,97.2,291.6,2025-07-18,Shipped,New Zacharyshire,Wisconsin
2598,229,109,3,115.28,345.84,2025-12-30,Processing,Nancytown,Oklahoma
2599,21,75,2,51.24,102.48,2025-12-08,Delivered,New Rebecca,Wyoming
2600,600,12,1,899.79,899.79,2025-10-02,Delivered,South Christopherfort,Massachusetts
2601,199,63,2,1487.23,2974.46,2024-02-02,Delivered,South Nicoleton,Maine
2602,554,153,2,98.25,196.5,2024-12-30,Delivered,Zimmermanmouth,Vermont
2603,351,16,4,53.79,215.16,2025-11-17,Shipped,Dianeborough,New Jersey
2604,418,100,4,48.33,193.32,2024-09-11,Delivered,Ericstad,Florida
2605,998,71,2,311.35,622.7,2025-02-07,Delivered,Hansonmouth,Iowa
2606,522,76,4,143.96,575.84,2024-11-14,Delivered,Barkerfort,Wisconsin
2607,717,2,2,134.26,268.52,2025-04-30,Delivered,Hallfurt,Illinois
2608,998,5,6,14.19,85.14,2025-04-06,Delivered,Hansonmouth,Iowa
2609,146,5,7,14.19,99.33,2024-09-04,Delivered,East Jasonmouth,South Dakota
2610,551,140,1,1253.62,1253.62,2024-11-09,Delivered,Jasontown,Tennessee
2611,939,86,1,1337.83,0.0,2024-03-31,Cancelled,South Jennifer,California
2612,233,95,8,2.3,18.4,2025-01-08,Delivered,Leland,New York
2613,376,4,2,40.83,81.66,2024-03-16,Delivered,Terriland,Arkansas
2614,119,189,6,48.34,290.04,2024-07-10,Returned,North Vanessaland,Virginia
2615,121,82,10,29.07,290.7,2025-06-13,Delivered,Morrisonshire,Pennsylvania
2616,290,18,5,143.63,718.15,2024-06-06,Delivered,North Joseph,Illinois
2617,613,86,1,1337.83,1337.83,2025-05-09,Shipped,New Blake,Utah
2618,636,151,3,192.55,577.65,2025-02-03,Delivered,North Anna,Missouri
2619,471,152,1,105.39,105.39,2025-01-17,Delivered,Donaldbury,Arizona
2620,655,139,2,74.52,149.04,2025-08-16,Shipped,North Joshuaside,Alaska
2621,12,169,4,175.75,703.0,2025-06-24,Delivered,Floresland,Virginia
2622,168,63,1,1487.23,1487.23,2025-04-06,Delivered,Port Kaylamouth,New Mexico
2623,116,179,1,486.21,486.21,2024-09-14,Delivered,Patriciashire,Utah
2624,884,104,1,1515.73,1515.73,2025-02-06,Processing,East Jamesmouth,Kansas
2625,917,158,3,34.1,102.3,2024-07-27,Processing,West Brian,Louisiana
2626,518,62,2,99.97,199.94,2025-03-15,Delivered,Hopkinstown,Florida
2627,372,9,3,160.49,481.47,2025-05-01,Delivered,Smithberg,Connecticut
2628,886,117,1,110.18,110.18,2025-03-08,Returned,Lake Travisview,Texas
2629,445,69,4,12.9,51.6,2025-10-12,Delivered,Longshire,New Jersey
2630,736,164,2,46.38,92.76,2024-05-22,Delivered,Jamesport,Mississippi
2631,389,172,4,84.77,339.08,2025-12-30,Delivered,Dennisberg,North Dakota
2632,47,1,2,21.77,43.54,2025-04-17,Delivered,South Kristin,California
2633,880,137,2,484.65,969.3,2025-09-12,Delivered,Jamesland,North Dakota
2634,342,167,2,243.83,487.66,2024-08-29,Delivered,North Diana,South Dakota
2635,74,6,2,1964.49,3928.98,2025-08-28,Delivered,Lake Charlesburgh,Minnesota
2636,279,55,2,29.42,58.84,2025-09-02,Delivered,Port Bradley,Florida
2637,671,158,3,34.1,102.3,2025-05-01,Processing,East Johnside,Oregon
2638,269,195,2,32.25,64.5,2024-05-26,Delivered,New Courtneyview,Tennessee
2639,347,147,2,487.95,975.9,2024-06-21,Delivered,Donnaville,Colorado
2640,353,65,2,337.28,674.56,2025-06-12,Delivered,West Georgeton,Michigan
2641,875,118,3,103.99,311.97,2025-02-08,Delivered,New Williamchester,Ohio
2642,584,161,7,33.62,235.34,2025-01-14,Shipped,North Kayla,New Mexico
2643,301,79,2,383.68,767.36,2024-02-27,Shipped,North Wayne,Utah
2644,624,185,4,141.13,0.0,2025-11-05,Cancelled,New Katherine,North Dakota
2645,66,98,5,46.15,230.75,2025-05-17,Delivered,Cervantesland,Ohio
2646,231,155,1,97.2,97.2,2024-08-15,Delivered,Taylorshire,Mississippi
2647,898,49,3,98.4,295.2,2024-07-02,Delivered,Lukeberg,Michigan
2648,887,56,2,208.97,417.94,2025-09-25,Returned,New Anitafort,Minnesota
2649,30,103,7,42.88,0.0,2024-09-10,Cancelled,Davidview,Iowa
2650,513,50,1,23.62,23.62,2025-01-29,Delivered,North Karen,Kentucky
2651,387,13,6,56.57,339.42,2024-02-22,Delivered,Doughertyfort,North Dakota
2652,623,95,8,2.3,18.4,2025-06-11,Shipped,South Antonio,Maine
2653,889,169,2,175.75,351.5,2025-11-19,Processing,Port Jacquelinemouth,Rhode Island
2654,481,113,2,22.71,45.42,2024-08-22,Delivered,Charlesland,Texas
2655,991,191,2,126.39,252.78,2024-02-14,Delivered,Franklinborough,Kansas
2656,157,82,1,29.07,29.07,2024-05-24,Delivered,Leechester,Wyoming
2657,815,105,2,136.66,273.32,2025-06-03,Delivered,Lake Heatherchester,Connecticut
2658,901,88,2,548.48,0.0,2024-04-22,Cancelled,Lake Dana,Tennessee
2659,764,115,5,98.26,491.3,2024-02-12,Delivered,South Dawnburgh,Wisconsin
2660,107,12,1,899.79,899.79,2024-03-31,Delivered,Whiteburgh,New York
2661,976,13,1,56.57,56.57,2025-09-16,Delivered,Carneyburgh,Tennessee
2662,44,172,2,84.77,169.54,2024-12-22,Returned,Tinahaven,Minnesota
2663,688,100,1,48.33,48.33,2025-08-10,Delivered,Patrickfort,Wyoming
2664,973,56,3,208.97,626.91,2024-05-28,Delivered,Amandamouth,Texas
2665,49,80,5,31.23,156.15,2024-02-14,Delivered,South Joshualand,Vermont
2666,560,54,6,7.54,0.0,2024-04-16,Cancelled,Thomasview,West Virginia
2667,200,187,2,85.38,170.76,2024-12-08,Delivered,Morganshire,Florida
2668,397,177,2,1488.3,2976.6,2025-03-21,Delivered,East Robertview,Virginia
2669,877,36,3,193.51,580.53,2025-06-13,Delivered,Hunterburgh,Arkansas
2670,875,179,3,486.21,1458.63,2025-08-20,Processing,New Williamchester,Ohio
2671,165,144,6,37.02,0.0,2024-08-14,Cancelled,Port Jennifermouth,Alabama
2672,196,191,4,126.39,505.56,2025-04-20,Delivered,Port George,North Carolina
2673,592,153,2,98.25,196.5,2024-02-20,Delivered,South Daniel,Louisiana
2674,187,105,4,136.66,546.64,2025-08-02,Delivered,Onealfurt,Florida
2675,726,34,6,24.01,144.06,2025-01-26,Shipped,Larsenshire,Pennsylvania
2676,11,27,6,27.66,165.96,2025-11-24,Delivered,Nathanland,Arkansas
2677,105,177,2,1488.3,2976.6,2024-10-06,Processing,South Lisa,Rhode Island
2678,339,145,1,88.28,88.28,2025-12-08,Processing,Cesartown,Ohio
2679,410,187,4,85.38,341.52,2025-10-10,Processing,Davidbury,Arizona
2680,950,130,2,87.12,174.24,2024-11-17,Processing,Lake Elizabethhaven,Connecticut
2681,762,9,3,160.49,481.47,2025-02-01,Shipped,West Robertville,Florida
2682,9,10,3,107.87,323.61,2025-06-04,Delivered,North Karla,Mississippi
2683,113,153,1,98.25,98.25,2024-09-15,Processing,East Jamie,South Carolina
2684,508,160,7,37.99,265.93,2024-10-26,Delivered,North Louis,South Dakota
2685,423,149,1,274.44,274.44,2025-09-28,Returned,New Angelaburgh,Maine
2686,447,178,2,11.5,23.0,2024-06-04,Delivered,North Toddburgh,Virginia
2687,405,129,4,165.48,661.92,2025-11-06,Delivered,Spearsstad,Arizona
2688,847,75,3,51.24,153.72,2024-04-21,Delivered,South Stevenmouth,Kansas
2689,828,129,3,165.48,496.44,2025-08-11,Delivered,Rhondaville,Kentucky
2690,224,107,4,56.54,226.16,2024-11-20,Delivered,Larsonshire,Connecticut
2691,675,200,3,41.6,124.8,2025-04-20,Delivered,Butlerchester,Iowa
2692,366,28,2,84.71,169.42,2025-04-12,Delivered,Randallborough,Illinois
2693,4,67,9,22.32,200.88,2025-04-19,Delivered,East Johnathan,Maine
2694,78,21,5,65.8,0.0,2024-06-22,Cancelled,Lake Jonathanton,Alabama
2695,893,71,2,311.35,622.7,2024-06-05,Delivered,Daniellefort,Oklahoma
2696,490,11,4,50.75,203.0,2024-03-09,Delivered,Hillton,New Mexico
2697,68,99,4,135.17,540.68,2024-06-21,Delivered,Charlesfort,Alaska
2698,318,80,10,31.23,312.3,2024-04-03,Delivered,South Caitlin,Nevada
2699,108,180,6,5.05,30.3,2025-02-10,Returned,New Danny,Nevada
2700,911,192,7,16.8,117.6,2025-10-04,Processing,New Stephanieland,Wyoming
2701,394,69,4,12.9,51.6,2024-06-17,Processing,Johnsonville,Wyoming
2702,403,126,12,14.23,170.76,2025-05-04,Delivered,Davidberg,New Mexico
2703,223,175,1,58.63,58.63,2025-03-24,Delivered,Fostershire,Maryland
2704,586,184,2,107.03,214.06,2025-12-26,Returned,South Johnton,Kansas
2705,150,114,2,74.03,148.06,2024-12-30,Delivered,Jordantown,Kentucky
2706,809,58,1,1142.69,1142.69,2025-08-28,Delivered,Delgadomouth,New Mexico
2707,825,2,2,134.26,268.52,2025-05-15,Delivered,Lake Richard,Texas
2708,563,56,2,208.97,417.94,2024-01-15,Delivered,Hendrixside,Delaware
2709,237,65,3,337.28,1011.84,2025-07-05,Delivered,North Tyroneport,South Dakota
2710,664,150,3,167.9,503.7,2024-11-22,Delivered,Mendozafurt,Connecticut
2711,563,19,2,342.31,684.62,2024-09-18,Shipped,Hendrixside,Delaware
2712,316,102,2,16.48,32.96,2025-12-03,Delivered,Lake Jennifer,Missouri
2713,687,26,4,15.15,60.6,2025-01-23,Delivered,Robertsberg,California
2714,818,166,1,80.7,80.7,2025-12-24,Delivered,South Monicamouth,Nebraska
2715,578,66,1,235.08,235.08,2024-12-05,Delivered,Edwardborough,Rhode Island
2716,578,144,5,37.02,185.1,2025-10-20,Delivered,Edwardborough,Rhode Island
2717,51,47,3,188.28,564.84,2025-08-29,Delivered,New Sandrastad,Idaho
2718,589,36,1,193.51,193.51,2025-10-28,Delivered,Samuelview,Florida
2719,777,80,7,31.23,218.61,2025-09-16,Delivered,Lake Victoria,Connecticut
2720,642,81,1,51.28,51.28,2024-12-05,Delivered,Anneborough,New York
2721,828,173,5,63.4,317.0,2024-02-24,Shipped,Rhondaville,Kentucky
2722,665,26,4,15.15,60.6,2024-06-25,Shipped,Desireemouth,Maine
2723,957,70,4,29.96,119.84,2025-11-19,Delivered,Samanthaville,Michigan
2724,622,156,4,76.9,307.6,2025-01-23,Processing,Dianachester,Georgia
2725,180,52,4,27.18,108.72,2024-12-16,Shipped,Butlermouth,Nebraska
2726,781,153,4,98.25,393.0,2024-02-08,Delivered,South Brenda,Wisconsin
2727,193,108,3,52.63,0.0,2024-01-21,Cancelled,Bellville,Michigan
2728,82,76,2,143.96,287.92,2024-11-06,Delivered,Michaelland,Massachusetts
2729,658,131,2,917.21,1834.42,2025-01-23,Delivered,North Melissaborough,Connecticut
2730,488,59,3,462.07,0.0,2024-04-03,Cancelled,Romeroland,West Virginia
2731,416,185,2,141.13,282.26,2025-08-16,Delivered,Kellyshire,South Dakota
2732,246,29,1,264.9,264.9,2024-10-10,Shipped,Emmabury,Connecticut
2733,24,14,5,28.78,143.9,2025-09-17,Shipped,Claudiashire,Texas
2734,147,78,5,5.17,25.85,2025-08-14,Delivered,Stephanieburgh,Alaska
2735,46,142,1,241.68,0.0,2024-07-10,Cancelled,West Victoriastad,Minnesota
2736,678,91,2,222.92,445.84,2025-01-19,Delivered,East Charlesstad,South Dakota
2737,83,180,12,5.05,60.6,2024-09-16,Processing,New Joshua,Washington
2738,40,198,1,473.82,0.0,2024-11-14,Cancelled,East Nicolas,Louisiana
2739,816,124,1,108.4,108.4,2025-01-12,Delivered,New Michael,Montana
2740,414,131,1,917.21,0.0,2024-03-05,Cancelled,Williamton,Virginia
2741,997,94,3,41.9,125.7,2024-10-07,Delivered,Latoyahaven,Alabama
2742,288,171,4,142.38,569.52,2025-05-07,Delivered,Barberburgh,North Dakota
2743,532,117,2,110.18,220.36,2024-07-01,Delivered,Andersonborough,Wisconsin
2744,68,166,3,80.7,242.1,2024-11-22,Delivered,Charlesfort,Alaska
2745,346,77,3,5.4,16.2,2025-05-23,Delivered,Lonnieborough,Indiana
2746,569,31,3,50.16,150.48,2025-11-30,Delivered,Stanleychester,Massachusetts
2747,414,139,1,74.52,74.52,2024-05-29,Returned,Williamton,Virginia
2748,998,172,3,84.77,254.31,2024-04-12,Delivered,Hansonmouth,Iowa
2749,944,155,1,97.2,97.2,2024-09-13,Delivered,Freemanfurt,Virginia
2750,175,156,5,76.9,384.5,2024-10-29,Shipped,Taylorstad,Alabama
2751,583,62,1,99.97,99.97,2025-05-22,Delivered,Port Alexandraland,Arkansas
2752,333,167,1,243.83,243.83,2025-01-05,Shipped,Mooreview,West Virginia
2753,18,156,2,76.9,153.8,2024-02-05,Delivered,East Brian,New Hampshire
2754,955,183,1,258.69,258.69,2025-07-02,Delivered,New Ricardofort,Utah
2755,766,149,1,274.44,274.44,2024-10-03,Delivered,New Dianaberg,Alabama
2756,968,81,2,51.28,102.56,2025-03-23,Delivered,Ryanview,South Carolina
2757,585,51,2,45.28,90.56,2024-05-21,Processing,East Victoria,Rhode Island
2758,143,113,3,22.71,68.13,2024-02-20,Delivered,North Jake,Idaho
2759,872,37,1,110.69,110.69,2024-01-04,Shipped,Joshuabury,Colorado
2760,635,165,5,57.61,288.05,2025-11-24,Delivered,Port Timothy,South Carolina
2761,838,141,1,55.53,55.53,2025-11-27,Delivered,Marshfort,Oklahoma
2762,548,124,2,108.4,216.8,2024-04-12,Delivered,Port Joshuamouth,Idaho
2763,433,47,1,188.28,188.28,2024-10-17,Shipped,Port Diana,Mississippi
2764,272,103,2,42.88,85.76,2024-07-06,Processing,Munozmouth,Tennessee
2765,675,111,2,93.95,187.9,2024-11-30,Processing,Butlerchester,Iowa
2766,447,110,5,26.8,134.0,2025-02-03,Delivered,North Toddburgh,Virginia
2767,401,14,1,28.78,28.78,2024-06-27,Delivered,West Sarah,Illinois
2768,84,54,4,7.54,30.16,2025-01-17,Delivered,Christinaport,Idaho
2769,369,134,4,53.71,214.84,2025-10-06,Delivered,Ryanport,Vermont
2770,747,39,7,35.25,246.75,2024-03-22,Delivered,Ericabury,South Dakota
2771,198,111,4,93.95,375.8,2025-03-24,Shipped,Andrewmouth,Texas
2772,424,175,5,58.63,293.15,2024-09-22,Delivered,Port Christine,Wisconsin
2773,195,24,2,180.09,360.18,2024-07-03,Delivered,West Justinborough,Missouri
2774,692,188,3,102.39,307.17,2024-11-23,Delivered,New Mirandafort,New Mexico
2775,278,88,1,548.48,548.48,2025-06-17,Delivered,Butlerton,California
2776,377,55,3,29.42,88.26,2025-11-03,Delivered,Williamsstad,Florida
2777,281,178,2,11.5,23.0,2025-05-14,Shipped,Joeton,New Hampshire
2778,4,135,1,144.51,144.51,2024-06-05,Delivered,East Johnathan,Maine
2779,223,1,3,21.77,65.31,2024-05-05,Shipped,Fostershire,Maryland
2780,89,75,1,51.24,51.24,2024-05-11,Returned,Hobbsburgh,Idaho
2781,390,189,1,48.34,48.34,2025-04-04,Delivered,Nicoleshire,Louisiana
2782,989,16,1,53.79,53.79,2025-05-05,Delivered,South Joelton,Ohio
2783,46,149,3,274.44,823.32,2025-02-05,Shipped,West Victoriastad,Minnesota
2784,734,3,4,34.78,139.12,2025-07-30,Processing,Hollyport,Arizona
2785,805,41,3,238.94,0.0,2024-07-04,Cancelled,Charleschester,New Jersey
2786,391,134,2,53.71,107.42,2024-08-31,Processing,Lake Kristenbury,Texas
2787,707,41,2,238.94,477.88,2025-09-03,Processing,Phelpsberg,Wyoming
2788,983,9,2,160.49,0.0,2025-01-01,Cancelled,Seanborough,Nebraska
2789,246,193,3,69.03,207.09,2025-02-13,Delivered,Emmabury,Connecticut
2790,574,193,1,69.03,69.03,2024-08-24,Delivered,South Cathyview,South Carolina
2791,889,148,2,639.02,1278.04,2024-10-08,Delivered,Port Jacquelinemouth,Rhode Island
2792,40,155,5,97.2,486.0,2025-03-22,Delivered,East Nicolas,Louisiana
2793,603,134,5,53.71,268.55,2025-01-18,Delivered,West Nathan,New Hampshire
2794,335,195,2,32.25,64.5,2024-01-05,Delivered,East Johnborough,Arizona
2795,31,117,1,110.18,110.18,2024-08-26,Delivered,Eugeneport,Nebraska
2796,445,42,2,146.77,293.54,2024-10-27,Shipped,Longshire,New Jersey
2797,273,87,2,29.52,59.04,2024-11-19,Delivered,Lake Lindaport,Virginia
2798,931,4,6,40.83,244.98,2025-12-31,Delivered,New Johnshire,Massachusetts
2799,768,181,3,86.64,259.92,2024-07-31,Delivered,Gutierrezmouth,Washington
2800,520,60,3,493.39,1480.17,2024-10-29,Delivered,Wilsonside,Delaware
2801,501,84,4,148.96,595.84,2025-11-28,Delivered,Chaneyhaven,Virginia
2802,988,171,1,142.38,142.38,2025-03-14,Delivered,Jonesfurt,Missouri
2803,736,110,1,26.8,26.8,2024-11-07,Processing,Jamesport,Mississippi
2804,794,73,1,456.73,456.73,2025-08-10,Delivered,Shieldsmouth,Washington
2805,512,147,1,487.95,0.0,2025-09-24,Cancelled,Jasonchester,New Hampshire
2806,688,173,5,63.4,317.0,2025-12-09,Delivered,Patrickfort,Wyoming
2807,317,129,4,165.48,661.92,2024-01-21,Delivered,New Tylerburgh,Wisconsin
2808,451,148,2,639.02,1278.04,2025-03-15,Delivered,Port Lindsaymouth,New Hampshire
2809,608,23,6,16.35,98.1,2024-05-03,Delivered,Gregorychester,Georgia
2810,502,184,1,107.03,107.03,2025-09-03,Returned,Port Arielside,West Virginia
2811,489,118,3,103.99,311.97,2024-07-03,Processing,South Jasonstad,Tennessee
2812,203,58,1,1142.69,1142.69,2025-10-04,Returned,South Christopherton,South Carolina
2813,157,72,4,9.09,36.36,2024-10-05,Delivered,Leechester,Wyoming
2814,902,36,4,193.51,774.04,2024-07-18,Delivered,Matthewburgh,Hawaii
2815,851,59,3,462.07,1386.21,2024-08-12,Processing,South Laurastad,North Carolina
2816,186,193,4,69.03,276.12,2025-04-25,Delivered,North Jacob,Rhode Island
2817,47,91,3,222.92,668.76,2025-04-23,Delivered,South Kristin,California
2818,316,172,5,84.77,423.85,2024-12-21,Delivered,Lake Jennifer,Missouri
2819,397,142,2,241.68,483.36,2025-04-21,Delivered,East Robertview,Virginia
2820,251,1,3,21.77,65.31,2025-02-04,Delivered,Rileyview,New Mexico
2821,474,199,1,97.62,97.62,2025-11-05,Shipped,New Christopher,North Dakota
2822,160,50,11,23.62,259.82,2024-05-14,Delivered,Lake Marcus,Virginia
2823,758,12,1,899.79,899.79,2024-10-17,Shipped,Johnsonmouth,South Carolina
2824,141,116,2,154.63,309.26,2024-06-18,Delivered,Port Jamesbury,Indiana
2825,297,47,2,188.28,376.56,2024-09-07,Delivered,Lake Jonathan,Vermont
2826,318,9,3,160.49,481.47,2024-05-29,Delivered,South Caitlin,Nevada
2827,215,82,10,29.07,290.7,2024-07-24,Shipped,West Jessica,California
2828,156,149,2,274.44,548.88,2024-12-20,Delivered,Pagemouth,Maine
2829,270,75,1,51.24,51.24,2024-07-20,Delivered,New Patricktown,Montana
2830,505,127,3,150.5,451.5,2025-08-26,Delivered,Mcintyrebury,Kentucky
2831,761,82,12,29.07,348.84,2024-11-22,Shipped,East Alexander,Oklahoma
2832,594,147,1,487.95,487.95,2024-10-24,Delivered,Chenberg,Pennsylvania
2833,87,9,3,160.49,481.47,2024-03-28,Delivered,Monicaberg,Pennsylvania
2834,261,141,6,55.53,333.18,2025-05-22,Delivered,Larrybury,Minnesota
2835,436,178,3,11.5,34.5,2024-05-17,Delivered,South Jefferyville,California
2836,467,190,2,11.07,22.14,2024-12-26,Shipped,New Phillip,Nevada
2837,316,51,4,45.28,181.12,2025-06-13,Delivered,Lake Jennifer,Missouri
2838,505,188,2,102.39,204.78,2025-05-31,Delivered,Mcintyrebury,Kentucky
2839,661,30,1,17.83,17.83,2024-12-11,Delivered,Nicoletown,New Hampshire
2840,261,111,3,93.95,281.85,2024-01-01,Returned,Larrybury,Minnesota
2841,954,18,2,143.63,287.26,2024-07-18,Delivered,Natalieville,New Mexico
2842,351,196,2,138.33,276.66,2024-12-01,Delivered,Dianeborough,New Jersey
2843,518,41,1,238.94,238.94,2025-11-06,Processing,Hopkinstown,Florida
2844,637,184,3,107.03,0.0,2025-07-21,Cancelled,West Joseph,South Dakota
2845,436,184,2,107.03,0.0,2024-11-11,Cancelled,South Jefferyville,California
2846,808,192,11,16.8,184.8,2024-05-04,Shipped,Russellfort,Arkansas
2847,274,103,5,42.88,214.4,2024-03-01,Delivered,Mcdonaldtown,New Mexico
2848,480,52,2,27.18,54.36,2025-12-10,Delivered,South Tyler,Arkansas
2849,912,115,3,98.26,294.78,2025-05-08,Delivered,Avilaberg,South Carolina
2850,380,8,4,80.04,320.16,2025-07-16,Delivered,North Michellemouth,Kentucky
2851,921,18,1,143.63,143.63,2024-07-27,Returned,Marioside,Michigan
2852,889,39,4,35.25,141.0,2025-02-16,Shipped,Port Jacquelinemouth,Rhode Island
2853,870,16,3,53.79,161.37,2024-09-11,Returned,Stanleychester,Nevada
2854,656,145,4,88.28,353.12,2025-05-24,Shipped,Danielleland,South Dakota
2855,862,131,1,917.21,917.21,2025-12-18,Delivered,Lake Anthony,Oklahoma
2856,260,187,5,85.38,426.9,2024-03-07,Delivered,Shelbyburgh,Connecticut
2857,676,85,1,490.6,490.6,2024-01-03,Processing,Juanbury,Georgia
2858,818,155,4,97.2,388.8,2025-12-13,Shipped,South Monicamouth,Nebraska
2859,961,18,4,143.63,574.52,2025-11-19,Delivered,Raymondbury,Kentucky
2860,382,124,2,108.4,216.8,2025-08-09,Delivered,Anthonyborough,Oklahoma
2861,94,52,3,27.18,81.54,2024-04-23,Delivered,North Marissa,Missouri
2862,572,49,3,98.4,295.2,2025-03-01,Delivered,Johnsonstad,Arkansas
2863,349,140,2,1253.62,2507.24,2024-02-04,Delivered,East Susan,New Mexico
2864,435,161,12,33.62,403.44,2025-10-10,Shipped,Sheilashire,Missouri
2865,408,82,6,29.07,174.42,2024-07-14,Processing,Patelville,Iowa
2866,255,4,2,40.83,81.66,2025-05-13,Delivered,Mitchellborough,Tennessee
2867,585,65,1,337.28,0.0,2024-05-24,Cancelled,East Victoria,Rhode Island
2868,636,138,4,160.33,641.32,2025-02-05,Processing,North Anna,Missouri
2869,192,4,2,40.83,81.66,2025-11-03,Delivered,West Jenniferfort,Kentucky
2870,144,15,3,22.83,68.49,2024-11-14,Delivered,West Mariahaven,Wisconsin
2871,227,180,12,5.05,60.6,2025-04-03,Delivered,Jeffberg,Pennsylvania
2872,188,20,1,34.83,34.83,2025-07-28,Delivered,Jackside,Arizona
2873,695,188,1,102.39,102.39,2024-02-06,Delivered,Brownhaven,Montana
2874,209,177,2,1488.3,2976.6,2025-10-08,Delivered,Vickiestad,Louisiana
2875,225,42,3,146.77,440.31,2024-12-20,Delivered,Rowechester,Massachusetts
2876,446,141,2,55.53,111.06,2025-09-21,Delivered,Lake Johnside,Delaware
2877,395,174,3,194.56,583.68,2025-09-16,Delivered,Deborahberg,Washington
2878,355,132,2,895.45,1790.9,2025-01-21,Delivered,Cynthiafurt,Connecticut
2879,524,105,4,136.66,546.64,2025-10-28,Delivered,South David,Virginia
2880,808,42,3,146.77,440.31,2024-01-31,Delivered,Russellfort,Arkansas
2881,182,166,1,80.7,80.7,2024-03-26,Delivered,Gregoryborough,North Dakota
2882,997,83,8,9.9,79.2,2025-03-30,Delivered,Latoyahaven,Alabama
2883,603,47,3,188.28,564.84,2024-03-08,Delivered,West Nathan,New Hampshire
2884,604,17,1,625.15,625.15,2024-09-22,Delivered,Ericview,Maine
2885,55,126,9,14.23,128.07,2024-09-24,Delivered,Ashleyfort,Maryland
2886,445,32,3,87.66,262.98,2024-01-06,Delivered,Longshire,New Jersey
2887,258,136,5,81.75,408.75,2025-02-20,Delivered,Castilloberg,Rhode Island
2888,200,39,1,35.25,35.25,2024-09-21,Shipped,Morganshire,Florida
2889,163,11,5,50.75,253.75,2025-12-28,Delivered,Walterfort,Alaska
2890,709,117,2,110.18,220.36,2025-01-22,Delivered,South Patricia,New York
2891,997,14,4,28.78,115.12,2024-02-19,Shipped,Latoyahaven,Alabama
2892,787,54,5,7.54,37.7,2025-08-15,Delivered,East Davidberg,Vermont
2893,257,80,1,31.23,31.23,2025-11-17,Shipped,Meyerston,Mississippi
2894,191,196,4,138.33,553.32,2024-02-14,Delivered,Benjaminville,Wyoming
2895,42,59,2,462.07,924.14,2025-06-17,Processing,East Georgeport,Connecticut
2896,487,73,2,456.73,913.46,2025-05-31,Shipped,Sarahton,Nevada
2897,847,108,1,52.63,52.63,2025-11-12,Returned,South Stevenmouth,Kansas
2898,729,169,4,175.75,0.0,2025-05-03,Cancelled,Sarahbury,Rhode Island
2899,123,103,1,42.88,42.88,2024-05-17,Delivered,West Steven,North Carolina
2900,171,76,4,143.96,575.84,2024-06-09,Processing,Cassandrashire,New York
2901,194,9,2,160.49,320.98,2025-11-09,Delivered,Donaldland,North Carolina
2902,553,134,4,53.71,214.84,2024-08-08,Delivered,Port Shelly,Illinois
2903,666,148,1,639.02,639.02,2024-03-08,Delivered,North Codychester,Utah
2904,164,70,2,29.96,59.92,2024-10-30,Delivered,Port Stacystad,Vermont
2905,861,80,5,31.23,156.15,2025-10-15,Delivered,Lake Anthony,Maine
2906,754,109,3,115.28,345.84,2024-10-07,Delivered,South Tammy,Iowa
2907,64,22,2,413.03,826.06,2025-12-22,Delivered,Port James,California
2908,484,170,3,81.2,243.6,2024-11-20,Delivered,Port Brandi,Kansas
2909,260,109,3,115.28,345.84,2025-03-01,Delivered,Shelbyburgh,Connecticut
2910,415,144,3,37.02,111.06,2025-02-23,Delivered,South Justin,Mississippi
2911,348,32,1,87.66,87.66,2024-05-22,Returned,Scottberg,Kansas
2912,559,16,2,53.79,107.58,2024-06-10,Shipped,Theresaview,Georgia
2913,801,89,1,695.64,695.64,2024-03-16,Delivered,Suttonberg,Florida
2914,98,121,8,6.52,52.16,2024-05-16,Delivered,Christopherburgh,Texas
2915,902,67,9,22.32,200.88,2024-10-11,Processing,Matthewburgh,Hawaii
2916,946,37,4,110.69,442.76,2025-08-30,Delivered,Port Anthony,Utah
2917,622,113,5,22.71,113.55,2024-02-19,Delivered,Dianachester,Georgia
2918,706,92,5,11.68,58.4,2025-10-14,Delivered,Gregoryville,New Mexico
2919,341,10,3,107.87,323.61,2025-02-07,Delivered,Karenview,Ohio
2920,360,79,1,383.68,383.68,2024-09-28,Delivered,North Georgeside,Louisiana
2921,142,166,1,80.7,80.7,2024-01-09,Shipped,Brittanytown,Nevada
2922,96,6,2,1964.49,3928.98,2024-11-02,Shipped,West Jasonland,New York
2923,765,138,1,160.33,160.33,2024-05-19,Delivered,Bentleyborough,Virginia
2924,71,107,1,56.54,56.54,2025-12-29,Shipped,North Nicholas,New York
2925,815,183,1,258.69,0.0,2024-07-12,Cancelled,Lake Heatherchester,Connecticut
2926,275,131,2,917.21,1834.42,2024-04-25,Delivered,Markfort,Michigan
2927,610,164,1,46.38,46.38,2025-06-07,Returned,Andrewchester,West Virginia
2928,354,154,4,42.12,168.48,2024-05-29,Delivered,Bushton,South Dakota
2929,196,116,4,154.63,618.52,2024-10-19,Delivered,Port George,North Carolina
2930,90,132,2,895.45,1790.9,2024-09-30,Shipped,Rodriguezton,Oregon
2931,345,127,2,150.5,301.0,2024-08-26,Delivered,Huntstad,Michigan
2932,130,19,3,342.31,1026.93,2025-08-19,Delivered,South Derek,South Dakota
2933,542,105,3,136.66,409.98,2025-11-18,Delivered,Chavezburgh,Michigan
2934,38,155,5,97.2,486.0,2025-04-21,Delivered,West Nataliehaven,Arizona
2935,687,88,1,548.48,548.48,2025-10-15,Delivered,Robertsberg,California
2936,302,93,2,130.28,260.56,2024-08-12,Shipped,Seanmouth,North Carolina
2937,605,28,1,84.71,84.71,2024-09-30,Delivered,Rodriguezland,New Mexico
2938,657,2,5,134.26,671.3,2024-08-06,Delivered,North Richardview,Kansas
2939,981,43,1,102.37,102.37,2024-12-24,Delivered,Danachester,North Dakota
2940,377,70,1,29.96,29.96,2025-04-10,Processing,Williamsstad,Florida
2941,506,50,9,23.62,212.58,2024-10-15,Shipped,South Danielborough,Idaho
2942,662,146,3,157.34,472.02,2024-06-17,Delivered,Robbinsstad,South Carolina
2943,582,128,5,15.74,78.7,2025-01-14,Processing,Port Amy,Indiana
2944,933,157,1,8.59,8.59,2025-12-18,Returned,Longside,Michigan
2945,766,70,6,29.96,179.76,2025-10-15,Delivered,New Dianaberg,Alabama
2946,923,141,2,55.53,111.06,2025-02-19,Shipped,East Anaborough,New Mexico
2947,620,194,3,39.19,117.57,2025-04-09,Delivered,Lake Debrahaven,Alabama
2948,910,128,3,15.74,47.22,2024-09-19,Processing,Port Christopher,South Carolina
2949,89,175,1,58.63,58.63,2025-11-25,Delivered,Hobbsburgh,Idaho
2950,17,100,1,48.33,48.33,2024-07-21,Delivered,South Victorchester,Tennessee
2951,580,151,2,192.55,385.1,2025-12-01,Delivered,Lake William,Nevada
2952,866,187,5,85.38,426.9,2025-04-17,Delivered,East Saraport,Montana
2953,595,87,5,29.52,147.6,2025-02-03,Returned,Port Robin,California
2954,267,185,2,141.13,282.26,2025-03-14,Delivered,Jenniferland,Idaho
2955,828,165,3,57.61,172.83,2024-10-18,Delivered,Rhondaville,Kentucky
2956,4,48,10,46.46,464.6,2025-03-18,Delivered,East Johnathan,Maine
2957,264,61,11,24.62,270.82,2024-03-17,Delivered,Wadebury,Utah
2958,729,96,1,286.65,286.65,2024-12-01,Delivered,Sarahbury,Rhode Island
2959,989,177,2,1488.3,2976.6,2024-07-25,Delivered,South Joelton,Ohio
2960,999,147,2,487.95,975.9,2024-12-28,Delivered,Matthewberg,Utah
2961,857,46,1,35.34,35.34,2024-03-28,Delivered,Jonesborough,South Dakota
2962,110,100,5,48.33,241.65,2024-01-09,Delivered,Breannafurt,New Jersey
2963,506,44,2,423.84,847.68,2025-06-23,Delivered,South Danielborough,Idaho
2964,232,104,2,1515.73,3031.46,2025-08-21,Delivered,Garyfort,Hawaii
2965,687,166,2,80.7,0.0,2024-04-22,Cancelled,Robertsberg,California
2966,681,125,2,24.59,49.18,2024-04-03,Shipped,Christineburgh,Virginia
2967,373,73,1,456.73,456.73,2025-10-12,Delivered,New Linda,New York
2968,679,89,1,695.64,695.64,2024-10-02,Returned,Sullivanbury,Nevada
2969,263,98,5,46.15,230.75,2024-01-19,Delivered,Rebeccastad,Utah
2970,747,26,5,15.15,75.75,2025-08-24,Processing,Ericabury,South Dakota
2971,322,128,2,15.74,31.48,2024-05-28,Delivered,Prattberg,Michigan
2972,112,39,1,35.25,35.25,2024-02-04,Delivered,Roberttown,Texas
2973,654,23,4,16.35,65.4,2025-06-11,Processing,North Michaelbury,West Virginia
2974,17,63,1,1487.23,1487.23,2025-09-24,Delivered,South Victorchester,Tennessee
2975,770,70,4,29.96,119.84,2025-04-02,Delivered,Sandraside,Oklahoma
2976,463,139,1,74.52,74.52,2024-07-21,Delivered,Michaelhaven,Washington
2977,361,34,6,24.01,144.06,2025-09-05,Delivered,Kellerside,Utah
2978,482,140,2,1253.62,2507.24,2024-06-03,Delivered,South Calebshire,Illinois
2979,514,171,1,142.38,142.38,2025-02-03,Delivered,Leeport,North Dakota
2980,676,4,6,40.83,244.98,2025-03-07,Delivered,Juanbury,Georgia
2981,34,38,2,31.32,62.64,2025-05-24,Delivered,Joseland,Alabama
2982,973,60,1,493.39,0.0,2025-12-17,Cancelled,Amandamouth,Texas
2983,278,4,5,40.83,204.15,2025-02-06,Shipped,Butlerton,California
2984,28,37,1,110.69,110.69,2025-08-01,Delivered,Lake Amy,Oklahoma
2985,599,127,1,150.5,150.5,2024-04-29,Delivered,East Andrea,Georgia
2986,764,69,4,12.9,51.6,2025-07-02,Delivered,South Dawnburgh,Wisconsin
2987,959,135,2,144.51,289.02,2024-08-22,Shipped,North Ericmouth,Arizona
2988,109,38,11,31.32,344.52,2025-11-15,Processing,Maciaschester,Utah
2989,665,24,1,180.09,180.09,2025-10-10,Delivered,Desireemouth,Maine
2990,610,11,1,50.75,50.75,2024-06-22,Delivered,Andrewchester,West Virginia
2991,975,49,2,98.4,196.8,2024-05-22,Processing,North Peter,Michigan
2992,74,112,2,53.86,107.72,2024-08-21,Delivered,Lake Charlesburgh,Minnesota
2993,958,111,4,93.95,375.8,2025-03-09,Shipped,Medinaton,Hawaii
2994,962,166,1,80.7,80.7,2025-08-03,Delivered,Garciamouth,Nebraska
2995,927,72,6,9.09,54.54,2024-02-23,Processing,Judithchester,South Carolina
2996,284,163,2,113.36,226.72,2024-05-17,Delivered,East Angel,Missouri
2997,419,64,2,32.06,64.12,2024-11-10,Delivered,Deannaburgh,Missouri
2998,158,177,1,1488.3,1488.3,2025-05-28,Delivered,New Patrick,Indiana
2999,116,84,1,148.96,148.96,2025-11-26,Shipped,Patriciashire,Utah
3000,634,68,2,113.46,226.92,2024-03-10,Delivered,South Ashleychester,Hawaii
3001,882,20,2,34.83,69.66,2025-12-29,Processing,East Jenniferview,New York
3002,956,174,2,194.56,0.0,2025-09-17,Cancelled,Wheelerchester,South Carolina
3003,773,100,5,48.33,241.65,2024-12-24,Delivered,East Anthonychester,Massachusetts
3004,140,37,5,110.69,553.45,2024-04-29,Delivered,West Christopherchester,Virginia
3005,290,58,2,1142.69,2285.38,2024-05-17,Delivered,North Joseph,Illinois
3006,802,148,1,639.02,639.02,2024-05-31,Delivered,Lorifort,Missouri
3007,359,37,1,110.69,110.69,2024-08-03,Delivered,Jordanshire,Washington
3008,182,70,3,29.96,0.0,2024-12-21,Cancelled,Gregoryborough,North Dakota
3009,136,4,1,40.83,40.83,2024-02-15,Delivered,Teresaborough,Texas
3010,386,61,12,24.62,0.0,2024-10-16,Cancelled,Alishamouth,Alabama
3011,790,44,1,423.84,423.84,2024-05-10,Delivered,Edwardsside,Texas
3012,544,155,5,97.2,486.0,2024-08-19,Returned,West Ryanton,Pennsylvania
3013,598,171,2,142.38,284.76,2025-07-13,Processing,East Tannerview,Oklahoma
3014,628,97,1,43.15,43.15,2024-04-02,Delivered,New Sarahton,Idaho
3015,287,92,2,11.68,23.36,2024-08-29,Delivered,North Patricktown,Alaska
3016,217,149,2,274.44,548.88,2024-05-26,Delivered,Aguilarchester,Nevada
3017,436,160,2,37.99,75.98,2024-08-11,Delivered,South Jefferyville,California
3018,464,81,3,51.28,153.84,2025-09-20,Delivered,Jamesport,Nebraska
3019,610,2,1,134.26,134.26,2024-06-17,Shipped,Andrewchester,West Virginia
3020,766,180,3,5.05,15.15,2024-11-16,Delivered,New Dianaberg,Alabama
3021,740,58,2,1142.69,2285.38,2024-10-24,Delivered,Lake Marilyn,Wisconsin
3022,917,40,2,414.22,828.44,2025-02-17,Delivered,West Brian,Louisiana
3023,890,191,5,126.39,631.95,2025-10-07,Delivered,New Tyler,Texas
3024,969,166,1,80.7,80.7,2025-06-14,Delivered,North Amyton,Ohio
3025,434,50,12,23.62,283.44,2025-01-16,Delivered,North Stevenmouth,Nebraska
3026,266,177,1,1488.3,1488.3,2025-05-27,Processing,Jocelynbury,Vermont
3027,400,161,2,33.62,67.24,2025-07-04,Returned,Andersonside,Wyoming
3028,535,154,4,42.12,168.48,2024-02-17,Delivered,Torresmouth,Washington
3029,107,190,1,11.07,11.07,2024-02-18,Delivered,Whiteburgh,New York
3030,50,127,2,150.5,301.0,2024-04-07,Delivered,New Shannonhaven,Pennsylvania
3031,6,1,2,21.77,43.54,2024-09-06,Delivered,Valerieville,Delaware
3032,506,114,4,74.03,296.12,2025-10-06,Delivered,South Danielborough,Idaho
3033,187,156,5,76.9,384.5,2024-04-04,Delivered,Onealfurt,Florida
3034,541,104,2,1515.73,3031.46,2025-05-05,Shipped,Lake Katrinaborough,North Dakota
3035,693,110,5,26.8,134.0,2025-11-26,Delivered,Grossfort,Arkansas
3036,282,94,5,41.9,209.5,2024-08-12,Delivered,Lake Robinfort,Maine
3037,128,107,1,56.54,56.54,2025-12-23,Delivered,Port Stevenhaven,Rhode Island
3038,234,167,2,243.83,487.66,2024-06-30,Processing,East Davidview,North Dakota
3039,491,45,1,57.4,57.4,2024-11-17,Delivered,East Amanda,Idaho
3040,818,120,1,1304.73,1304.73,2025-05-10,Delivered,South Monicamouth,Nebraska
3041,395,44,1,423.84,423.84,2025-07-28,Delivered,Deborahberg,Washington
3042,494,13,4,56.57,226.28,2025-10-19,Delivered,Bentleyfurt,Delaware
3043,527,19,3,342.31,1026.93,2024-01-25,Shipped,South Susanfort,Nebraska
3044,285,132,1,895.45,895.45,2025-02-17,Returned,Tuckerview,Connecticut
3045,484,140,2,1253.62,2507.24,2024-12-30,Processing,Port Brandi,Kansas
3046,75,136,4,81.75,327.0,2024-11-19,Delivered,Natalieside,New Jersey
3047,278,70,3,29.96,89.88,2024-11-07,Delivered,Butlerton,California
3048,976,173,4,63.4,253.6,2025-07-21,Returned,Carneyburgh,Tennessee
3049,182,81,2,51.28,102.56,2024-03-22,Delivered,Gregoryborough,North Dakota
3050,600,102,5,16.48,82.4,2025-05-22,Delivered,South Christopherfort,Massachusetts
3051,152,123,1,271.01,271.01,2024-09-23,Processing,Port Christopherchester,South Carolina
3052,461,56,1,208.97,208.97,2025-03-26,Delivered,Lake Willieside,South Carolina
3053,554,135,2,144.51,0.0,2025-12-09,Cancelled,Zimmermanmouth,Vermont
3054,899,103,7,42.88,300.16,2024-07-05,Shipped,West Nicholasburgh,Michigan
3055,157,69,4,12.9,51.6,2025-11-15,Delivered,Leechester,Wyoming
3056,193,19,3,342.31,1026.93,2025-12-05,Delivered,Bellville,Michigan
3057,439,48,2,46.46,92.92,2024-02-14,Delivered,East Howard,Oregon
3058,820,143,4,148.64,594.56,2024-07-30,Returned,Wilsonchester,Maine
3059,783,200,2,41.6,83.2,2025-01-24,Delivered,Thompsonmouth,Colorado
3060,532,46,3,35.34,106.02,2024-12-21,Delivered,Andersonborough,Wisconsin
3061,813,148,1,639.02,639.02,2024-10-05,Delivered,Mariaberg,Pennsylvania
3062,621,13,3,56.57,169.71,2024-10-10,Delivered,Lake Amy,North Carolina
3063,883,94,4,41.9,167.6,2024-04-25,Delivered,East Michaelland,Pennsylvania
3064,176,114,3,74.03,222.09,2024-12-03,Delivered,Jacobview,Maryland
3065,917,178,2,11.5,23.0,2025-12-21,Delivered,West Brian,Louisiana
3066,386,160,5,37.99,189.95,2024-10-18,Delivered,Alishamouth,Alabama
3067,876,58,1,1142.69,1142.69,2025-12-05,Delivered,North Susanville,Massachusetts
3068,249,146,3,157.34,472.02,2024-06-15,Delivered,Rosetown,Missouri
3069,531,37,4,110.69,442.76,2025-10-29,Delivered,North Todd,Maryland
3070,411,76,1,143.96,0.0,2025-10-25,Cancelled,Vasquezfurt,Massachusetts
3071,494,135,3,144.51,433.53,2024-11-16,Delivered,Bentleyfurt,Delaware
3072,289,45,3,57.4,172.2,2025-01-16,Delivered,Scottmouth,Texas
3073,466,158,2,34.1,68.2,2024-11-27,Delivered,New Justin,Washington
3074,726,184,2,107.03,214.06,2025-09-30,Delivered,Larsenshire,Pennsylvania
3075,345,77,3,5.4,0.0,2024-11-23,Cancelled,Huntstad,Michigan
3076,883,121,7,6.52,45.64,2025-01-08,Delivered,East Michaelland,Pennsylvania
3077,533,29,3,264.9,794.7,2025-03-15,Delivered,Cynthiaberg,New Hampshire
3078,636,30,1,17.83,17.83,2024-10-21,Processing,North Anna,Missouri
3079,412,6,1,1964.49,1964.49,2024-12-15,Returned,Lake Jay,North Dakota
3080,320,178,1,11.5,11.5,2024-04-24,Delivered,Maryview,Ohio
3081,177,9,3,160.49,481.47,2025-06-05,Delivered,East Carolyn,Louisiana
3082,318,182,2,675.46,1350.92,2024-07-26,Shipped,South Caitlin,Nevada
3083,146,91,1,222.92,222.92,2025-06-16,Shipped,East Jasonmouth,South Dakota
3084,794,83,2,9.9,19.8,2024-03-16,Delivered,Shieldsmouth,Washington
3085,332,101,1,450.0,450.0,2025-07-07,Processing,East Timothy,Tennessee
3086,977,100,3,48.33,144.99,2025-08-29,Delivered,New Keith,Oregon
3087,334,85,2,490.6,981.2,2025-01-31,Delivered,South Bradleyside,Delaware
3088,728,200,2,41.6,83.2,2025-03-10,Delivered,North Adrienne,Texas
3089,474,112,1,53.86,53.86,2024-01-02,Delivered,New Christopher,North Dakota
3090,773,18,4,143.63,574.52,2024-10-27,Delivered,East Anthonychester,Massachusetts
3091,394,113,5,22.71,113.55,2025-06-20,Delivered,Johnsonville,Wyoming
3092,617,57,1,115.26,115.26,2024-05-17,Shipped,Lake Sonyaville,New York
3093,534,100,3,48.33,144.99,2025-11-17,Delivered,Shieldsberg,New Hampshire
3094,55,98,2,46.15,92.3,2025-06-23,Delivered,Ashleyfort,Maryland
3095,363,136,1,81.75,81.75,2025-10-08,Delivered,Mejiamouth,Massachusetts
3096,971,120,1,1304.73,1304.73,2025-08-12,Delivered,Lake Peterborough,Indiana
3097,913,115,4,98.26,393.04,2025-12-08,Delivered,Nicholasfort,Rhode Island
3098,339,19,2,342.31,684.62,2024-09-11,Shipped,Cesartown,Ohio
3099,774,103,11,42.88,471.68,2024-07-28,Delivered,North Adamland,Rhode Island
3100,176,109,1,115.28,115.28,2025-12-19,Shipped,Jacobview,Maryland
3101,9,117,3,110.18,330.54,2025-04-08,Processing,North Karla,Mississippi
3102,375,14,4,28.78,115.12,2025-08-03,Delivered,Murrayborough,Tennessee
3103,662,121,10,6.52,0.0,2025-12-12,Cancelled,Robbinsstad,South Carolina
3104,827,97,3,43.15,129.45,2025-01-01,Delivered,North Stevenmouth,Virginia
3105,627,132,2,895.45,1790.9,2025-07-16,Processing,Alexandraland,Alaska
3106,123,138,2,160.33,320.66,2025-03-13,Processing,West Steven,North Carolina
3107,929,165,5,57.61,0.0,2025-02-24,Cancelled,West Erikaview,Michigan
3108,204,195,1,32.25,32.25,2024-07-05,Delivered,Lake Samanthaview,Alabama
3109,194,141,2,55.53,111.06,2024-02-18,Delivered,Donaldland,North Carolina
3110,752,184,2,107.03,214.06,2024-11-08,Delivered,Port Denise,North Dakota
3111,774,44,1,423.84,423.84,2024-03-27,Delivered,North Adamland,Rhode Island
3112,813,129,2,165.48,330.96,2024-03-19,Delivered,Mariaberg,Pennsylvania
3113,427,63,2,1487.23,2974.46,2025-06-07,Delivered,South Michelleport,Wyoming
3114,43,133,4,46.43,185.72,2024-11-03,Shipped,Johnfort,North Carolina
3115,38,139,3,74.52,223.56,2024-04-29,Delivered,West Nataliehaven,Arizona
3116,821,23,5,16.35,81.75,2025-03-22,Delivered,Floresmouth,Minnesota
3117,431,98,2,46.15,92.3,2024-08-31,Shipped,Lorifort,Vermont
3118,578,99,5,135.17,675.85,2025-07-14,Delivered,Edwardborough,Rhode Island
3119,212,130,3,87.12,261.36,2024-12-22,Delivered,Port Jessicaside,Massachusetts
3120,179,58,2,1142.69,2285.38,2025-04-20,Shipped,Crystalbury,Arizona
3121,450,30,3,17.83,53.49,2024-09-29,Delivered,New Brandonville,Ohio
3122,691,67,1,22.32,22.32,2024-08-24,Delivered,Melissamouth,West Virginia
3123,324,121,1,6.52,6.52,2025-01-19,Shipped,Brownside,Nebraska
3124,702,143,3,148.64,445.92,2025-10-15,Delivered,Greenside,New York
3125,383,25,3,212.04,636.12,2025-09-06,Delivered,Port Kathleenfort,Hawaii
3126,395,61,2,24.62,49.24,2025-12-01,Delivered,Deborahberg,Washington
3127,708,63,2,1487.23,2974.46,2024-12-11,Delivered,North Jessicamouth,New Jersey
3128,793,67,11,22.32,245.52,2024-01-08,Shipped,Brownmouth,Colorado
3129,927,20,1,34.83,34.83,2025-01-01,Delivered,Judithchester,South Carolina
3130,687,98,3,46.15,138.45,2024-01-31,Delivered,Robertsberg,California
3131,720,118,1,103.99,103.99,2024-09-18,Delivered,Tammybury,Utah
3132,695,23,1,16.35,16.35,2024-12-03,Delivered,Brownhaven,Montana
3133,589,180,9,5.05,45.45,2024-01-02,Delivered,Samuelview,Florida
3134,564,86,1,1337.83,1337.83,2025-01-21,Processing,Pooletown,New Hampshire
3135,675,130,2,87.12,174.24,2024-07-04,Delivered,Butlerchester,Iowa
3136,976,43,3,102.37,307.11,2025-05-08,Delivered,Carneyburgh,Tennessee
3137,187,122,4,30.44,0.0,2025-08-11,Cancelled,Onealfurt,Florida
3138,619,135,2,144.51,289.02,2024-07-27,Shipped,East Theresahaven,Colorado
3139,883,87,4,29.52,118.08,2024-04-25,Delivered,East Michaelland,Pennsylvania
3140,686,184,1,107.03,107.03,2024-10-09,Delivered,Port Patrick,Colorado
3141,374,35,4,179.74,718.96,2025-07-04,Delivered,Evelynport,Texas
3142,528,111,3,93.95,281.85,2025-01-12,Delivered,Pamelaburgh,Wyoming
3143,188,152,4,105.39,421.56,2024-04-11,Delivered,Jackside,Arizona
3144,612,35,4,179.74,718.96,2025-02-21,Delivered,Nicholasview,Illinois
3145,838,129,1,165.48,165.48,2024-01-18,Delivered,Marshfort,Oklahoma
3146,411,148,2,639.02,1278.04,2024-10-22,Delivered,Vasquezfurt,Massachusetts
3147,362,116,3,154.63,463.89,2025-05-02,Delivered,West Annashire,Nevada
3148,332,107,3,56.54,169.62,2025-05-31,Delivered,East Timothy,Tennessee
3149,535,195,1,32.25,32.25,2025-08-20,Shipped,Torresmouth,Washington
3150,22,115,4,98.26,393.04,2025-10-21,Shipped,Brendastad,Nebraska
3151,913,120,1,1304.73,1304.73,2024-10-02,Delivered,Nicholasfort,Rhode Island
3152,884,174,2,194.56,389.12,2025-07-08,Delivered,East Jamesmouth,Kansas
3153,163,138,2,160.33,320.66,2024-06-04,Delivered,Walterfort,Alaska
3154,80,63,1,1487.23,1487.23,2024-01-04,Shipped,Mooreside,Alaska
3155,463,21,3,65.8,197.4,2025-03-01,Delivered,Michaelhaven,Washington
3156,646,196,4,138.33,553.32,2024-04-03,Delivered,Lake Joel,Texas
3157,129,200,3,41.6,124.8,2025-05-18,Shipped,Johntown,Arkansas
3158,323,120,1,1304.73,1304.73,2024-04-24,Shipped,Martinfurt,Montana
3159,329,124,2,108.4,216.8,2024-12-09,Processing,Marcton,Missouri
3160,267,133,6,46.43,278.58,2025-05-21,Delivered,Jenniferland,Idaho
3161,501,43,2,102.37,204.74,2024-02-11,Returned,Chaneyhaven,Virginia
3162,275,77,1,5.4,5.4,2024-02-08,Shipped,Markfort,Michigan
3163,147,157,4,8.59,34.36,2024-02-22,Delivered,Stephanieburgh,Alaska
3164,836,4,1,40.83,40.83,2024-02-02,Delivered,Port Jill,Connecticut
3165,354,51,2,45.28,90.56,2025-04-19,Delivered,Bushton,South Dakota
3166,95,48,12,46.46,557.52,2025-12-12,Delivered,Lake Kathleenland,Colorado
3167,325,46,1,35.34,35.34,2024-12-16,Delivered,Port Briannastad,Oregon
3168,440,126,6,14.23,85.38,2025-07-09,Delivered,Jonesfurt,Connecticut
3169,213,36,1,193.51,193.51,2025-07-16,Shipped,Kingfort,New Hampshire
3170,666,158,2,34.1,68.2,2025-08-06,Delivered,North Codychester,Utah
3171,535,26,4,15.15,60.6,2024-01-17,Processing,Torresmouth,Washington
3172,8,36,4,193.51,774.04,2025-01-16,Delivered,North Nathan,Nevada
3173,302,162,4,115.69,462.76,2025-05-01,Delivered,Seanmouth,North Carolina
3174,105,185,1,141.13,141.13,2025-01-25,Delivered,South Lisa,Rhode Island
3175,898,36,1,193.51,193.51,2024-04-04,Delivered,Lukeberg,Michigan
3176,266,104,2,1515.73,3031.46,2024-07-28,Delivered,Jocelynbury,Vermont
3177,952,86,2,1337.83,2675.66,2025-06-09,Delivered,Port Brian,Nevada
3178,436,72,7,9.09,63.63,2024-06-30,Returned,South Jefferyville,California
3179,305,22,2,413.03,826.06,2025-12-16,Delivered,Thomasville,Virginia
3180,773,189,5,48.34,241.7,2025-05-26,Delivered,East Anthonychester,Massachusetts
3181,293,192,1,16.8,16.8,2025-10-25,Delivered,Hayesfort,Utah
3182,90,132,2,895.45,1790.9,2025-11-11,Delivered,Rodriguezton,Oregon
3183,556,152,3,105.39,316.17,2025-11-11,Delivered,North Kimberly,Delaware
3184,108,153,4,98.25,393.0,2024-09-03,Delivered,New Danny,Nevada
3185,802,45,2,57.4,114.8,2025-03-11,Delivered,Lorifort,Missouri
3186,248,47,2,188.28,376.56,2024-03-08,Returned,West Kaylabury,Vermont
3187,394,42,1,146.77,146.77,2025-09-09,Delivered,Johnsonville,Wyoming
3188,125,146,4,157.34,629.36,2025-05-10,Delivered,North Sarahmouth,Kansas
3189,193,39,2,35.25,70.5,2024-11-27,Delivered,Bellville,Michigan
3190,440,145,3,88.28,264.84,2024-05-02,Delivered,Jonesfurt,Connecticut
3191,168,50,12,23.62,283.44,2025-06-01,Delivered,Port Kaylamouth,New Mexico
3192,332,14,1,28.78,28.78,2025-01-29,Shipped,East Timothy,Tennessee
3193,122,23,4,16.35,65.4,2025-02-21,Returned,Richardstad,Vermont
3194,52,127,3,150.5,451.5,2025-01-07,Delivered,Lorifurt,Ohio
3195,30,26,3,15.15,45.45,2024-04-20,Delivered,Davidview,Iowa
3196,125,147,2,487.95,975.9,2025-11-20,Delivered,North Sarahmouth,Kansas
3197,874,38,2,31.32,62.64,2024-12-23,Delivered,North Josephland,Massachusetts
3198,929,47,3,188.28,564.84,2025-08-25,Delivered,West Erikaview,Michigan
3199,393,170,5,81.2,406.0,2025-10-18,Delivered,East Richard,Wyoming
3200,866,48,3,46.46,139.38,2024-08-07,Delivered,East Saraport,Montana
3201,645,177,2,1488.3,2976.6,2024-02-27,Delivered,New Antonioport,North Carolina
3202,283,73,2,456.73,913.46,2024-05-02,Delivered,Karaside,Arkansas
3203,164,12,1,899.79,899.79,2024-05-30,Delivered,Port Stacystad,Vermont
3204,977,28,2,84.71,169.42,2025-09-01,Delivered,New Keith,Oregon
3205,458,172,1,84.77,84.77,2025-09-07,Delivered,Oscarborough,Arkansas
3206,62,91,2,222.92,445.84,2024-04-15,Delivered,West Jenny,Kentucky
3207,829,95,1,2.3,2.3,2024-05-09,Delivered,Andersonfurt,Ohio
3208,732,149,3,274.44,823.32,2024-11-19,Delivered,Mcgrathville,South Carolina
3209,455,9,3,160.49,481.47,2025-02-25,Delivered,Lake Cynthiaborough,Louisiana
3210,938,53,3,75.3,225.9,2025-01-21,Delivered,Mortonville,Alaska
3211,221,76,5,143.96,0.0,2024-01-25,Cancelled,Craigport,Utah
3212,589,146,4,157.34,629.36,2024-12-29,Delivered,Samuelview,Florida
3213,953,117,1,110.18,110.18,2024-08-26,Delivered,Codychester,Rhode Island
3214,305,58,1,1142.69,1142.69,2025-06-21,Delivered,Thomasville,Virginia
3215,380,117,1,110.18,0.0,2024-11-11,Cancelled,North Michellemouth,Kentucky
3216,425,132,1,895.45,895.45,2025-09-16,Processing,Brettstad,New Hampshire
3217,734,154,5,42.12,210.6,2025-04-05,Delivered,Hollyport,Arizona
3218,766,153,4,98.25,393.0,2025-03-03,Delivered,New Dianaberg,Alabama
3219,73,24,2,180.09,0.0,2024-01-15,Cancelled,Mccallside,Michigan
3220,747,106,5,26.57,132.85,2024-01-31,Delivered,Ericabury,South Dakota
3221,680,111,2,93.95,187.9,2024-02-24,Shipped,Perryside,Utah
3222,461,149,2,274.44,548.88,2024-10-09,Delivered,Lake Willieside,South Carolina
3223,738,114,4,74.03,296.12,2025-03-02,Delivered,Chapmanville,Tennessee
3224,84,191,1,126.39,126.39,2025-01-09,Delivered,Christinaport,Idaho
3225,442,104,1,1515.73,1515.73,2025-02-01,Delivered,North Noah,Wyoming
3226,512,28,1,84.71,84.71,2024-05-18,Delivered,Jasonchester,New Hampshire
3227,752,42,1,146.77,146.77,2025-12-25,Shipped,Port Denise,North Dakota
3228,231,170,5,81.2,406.0,2024-08-19,Delivered,Taylorshire,Mississippi
3229,888,120,1,1304.73,1304.73,2024-02-12,Delivered,Tracyfort,Oregon
3230,580,162,1,115.69,115.69,2024-02-20,Delivered,Lake William,Nevada
3231,651,173,5,63.4,317.0,2024-07-08,Delivered,South Jerrybury,South Dakota
3232,750,187,1,85.38,85.38,2024-11-25,Delivered,East Meganland,North Dakota
3233,291,60,1,493.39,493.39,2024-02-27,Shipped,North Patricia,Vermont
3234,53,34,6,24.01,144.06,2024-03-10,Shipped,Port Kylebury,Ohio
3235,453,29,3,264.9,794.7,2024-04-24,Delivered,Smithshire,Florida
3236,82,30,2,17.83,35.66,2024-11-17,Delivered,Michaelland,Massachusetts
3237,234,200,1,41.6,41.6,2025-12-10,Delivered,East Davidview,North Dakota
3238,191,6,1,1964.49,1964.49,2024-05-28,Delivered,Benjaminville,Wyoming
3239,82,26,3,15.15,45.45,2024-11-23,Processing,Michaelland,Massachusetts
3240,995,86,2,1337.83,2675.66,2024-10-19,Delivered,East Michael,New Mexico
3241,529,10,3,107.87,323.61,2024-12-14,Delivered,South Darrylberg,Colorado
3242,604,86,2,1337.83,2675.66,2024-04-13,Delivered,Ericview,Maine
3243,261,14,5,28.78,143.9,2024-04-09,Delivered,Larrybury,Minnesota
3244,109,44,2,423.84,847.68,2024-01-26,Shipped,Maciaschester,Utah
3245,821,7,5,43.74,218.7,2025-12-26,Delivered,Floresmouth,Minnesota
3246,583,117,2,110.18,220.36,2024-12-17,Returned,Port Alexandraland,Arkansas
3247,247,200,2,41.6,83.2,2024-07-18,Returned,Morrisonbury,Nebraska
3248,894,182,2,675.46,1350.92,2024-01-03,Delivered,New Christy,Idaho
3249,161,198,1,473.82,0.0,2024-10-24,Cancelled,Lake Amyberg,Ohio
3250,412,44,1,423.84,423.84,2024-05-28,Delivered,Lake Jay,North Dakota
3251,315,191,1,126.39,126.39,2024-06-03,Delivered,Matthewview,New Hampshire
3252,258,169,2,175.75,351.5,2024-01-24,Delivered,Castilloberg,Rhode Island
3253,984,178,1,11.5,0.0,2024-11-08,Cancelled,Sandramouth,Oregon
3254,72,184,1,107.03,107.03,2025-12-08,Delivered,Davisville,Mississippi
3255,877,159,5,28.19,140.95,2024-07-18,Shipped,Hunterburgh,Arkansas
3256,769,57,4,115.26,461.04,2024-06-10,Delivered,West Sara,Nebraska
3257,315,93,2,130.28,260.56,2024-02-27,Delivered,Matthewview,New Hampshire
3258,469,164,1,46.38,46.38,2025-09-30,Shipped,Joneshaven,Minnesota
3259,908,181,2,86.64,173.28,2025-07-17,Processing,Port Walter,Iowa
3260,736,43,3,102.37,307.11,2024-11-09,Delivered,Jamesport,Mississippi
3261,605,13,4,56.57,226.28,2024-08-18,Delivered,Rodriguezland,New Mexico
3262,23,117,2,110.18,220.36,2025-12-30,Delivered,Jeanetteview,Texas
3263,427,192,3,16.8,50.4,2024-03-30,Delivered,South Michelleport,Wyoming
3264,729,178,1,11.5,11.5,2025-07-19,Delivered,Sarahbury,Rhode Island
3265,372,131,2,917.21,1834.42,2024-12-26,Delivered,Smithberg,Connecticut
3266,366,110,2,26.8,53.6,2025-01-23,Delivered,Randallborough,Illinois
3267,788,48,10,46.46,464.6,2025-04-27,Processing,Lake Angela,Oregon
3268,433,88,2,548.48,1096.96,2025-07-29,Delivered,Port Diana,Mississippi
3269,827,164,3,46.38,139.14,2024-06-12,Delivered,North Stevenmouth,Virginia
3270,425,40,3,414.22,1242.66,2024-01-14,Returned,Brettstad,New Hampshire
3271,829,164,1,46.38,46.38,2025-04-28,Processing,Andersonfurt,Ohio
3272,146,124,1,108.4,108.4,2025-08-24,Delivered,East Jasonmouth,South Dakota
3273,461,47,1,188.28,188.28,2025-04-17,Delivered,Lake Willieside,South Carolina
3274,906,140,2,1253.62,2507.24,2024-12-24,Delivered,Dianahaven,Kansas
3275,246,70,6,29.96,179.76,2025-03-20,Delivered,Emmabury,Connecticut
3276,538,128,3,15.74,47.22,2025-01-21,Processing,Darrenmouth,West Virginia
3277,345,8,4,80.04,320.16,2024-12-15,Shipped,Huntstad,Michigan
3278,619,146,2,157.34,314.68,2025-10-22,Delivered,East Theresahaven,Colorado
3279,862,114,2,74.03,148.06,2024-11-26,Delivered,Lake Anthony,Oklahoma
3280,374,168,5,16.61,83.05,2025-12-03,Delivered,Evelynport,Texas
3281,127,96,1,286.65,0.0,2025-08-20,Cancelled,New Kurt,North Carolina
3282,82,20,1,34.83,34.83,2024-02-13,Delivered,Michaelland,Massachusetts
3283,248,118,1,103.99,103.99,2025-11-19,Delivered,West Kaylabury,Vermont
3284,946,2,3,134.26,402.78,2024-04-12,Delivered,Port Anthony,Utah
3285,730,4,5,40.83,204.15,2024-08-30,Processing,Richardside,South Dakota
3286,161,196,4,138.33,553.32,2024-11-22,Delivered,Lake Amyberg,Ohio
3287,298,131,1,917.21,917.21,2024-03-04,Delivered,Lake Codyside,Delaware
3288,509,57,3,115.26,345.78,2024-04-18,Delivered,North Katie,Virginia
3289,723,80,4,31.23,124.92,2025-05-20,Delivered,North Judy,Florida
3290,81,59,3,462.07,1386.21,2025-09-19,Delivered,Lucasshire,Massachusetts
3291,567,38,8,31.32,250.56,2025-10-21,Shipped,Whiteheadmouth,Tennessee
3292,13,118,3,103.99,311.97,2025-10-04,Delivered,West Nicole,Michigan
3293,770,108,3,52.63,157.89,2025-11-16,Delivered,Sandraside,Oklahoma
3294,825,101,1,450.0,450.0,2025-06-19,Returned,Lake Richard,Texas
3295,465,173,4,63.4,253.6,2024-06-24,Delivered,Vazquezville,New Mexico
3296,261,51,4,45.28,181.12,2024-01-05,Delivered,Larrybury,Minnesota
3297,141,168,1,16.61,16.61,2025-01-21,Delivered,Port Jamesbury,Indiana
3298,633,85,1,490.6,490.6,2024-01-05,Delivered,Allenburgh,Michigan
3299,749,62,2,99.97,199.94,2024-04-29,Delivered,Nathanmouth,South Dakota
3300,708,55,3,29.42,88.26,2025-07-06,Shipped,North Jessicamouth,New Jersey
3301,961,16,2,53.79,107.58,2025-03-01,Delivered,Raymondbury,Kentucky
3302,536,110,4,26.8,107.2,2025-01-05,Returned,New Rogerton,Montana
3303,261,71,2,311.35,622.7,2024-12-29,Delivered,Larrybury,Minnesota
3304,549,68,3,113.46,340.38,2024-03-25,Delivered,Port Alexandratown,Wyoming
3305,776,189,6,48.34,290.04,2025-12-19,Delivered,Davidhaven,Louisiana
3306,55,167,1,243.83,243.83,2025-05-03,Delivered,Ashleyfort,Maryland
3307,853,164,5,46.38,231.9,2024-01-04,Delivered,Jonathanborough,Vermont
3308,968,136,2,81.75,163.5,2025-03-28,Returned,Ryanview,South Carolina
3309,233,117,1,110.18,110.18,2024-07-23,Shipped,Leland,New York
3310,932,175,2,58.63,117.26,2024-06-14,Delivered,West Anita,Illinois
3311,128,3,2,34.78,69.56,2024-02-04,Shipped,Port Stevenhaven,Rhode Island
3312,709,59,1,462.07,462.07,2024-09-17,Delivered,South Patricia,New York
3313,770,160,5,37.99,189.95,2025-04-11,Delivered,Sandraside,Oklahoma
3314,520,152,5,105.39,526.95,2025-10-05,Delivered,Wilsonside,Delaware
3315,360,74,2,301.83,603.66,2024-11-26,Delivered,North Georgeside,Louisiana
3316,198,4,6,40.83,244.98,2024-02-29,Delivered,Andrewmouth,Texas
3317,773,186,2,304.0,608.0,2024-06-04,Delivered,East Anthonychester,Massachusetts
3318,272,137,1,484.65,0.0,2024-08-26,Cancelled,Munozmouth,Tennessee
3319,657,39,6,35.25,211.5,2025-01-22,Delivered,North Richardview,Kansas
3320,783,25,2,212.04,424.08,2025-07-28,Processing,Thompsonmouth,Colorado
3321,94,11,2,50.75,101.5,2025-07-01,Delivered,North Marissa,Missouri
3322,546,150,2,167.9,335.8,2025-02-14,Delivered,South Austin,Nebraska
3323,896,5,12,14.19,170.28,2025-04-14,Returned,Randyhaven,Georgia
3324,232,52,2,27.18,54.36,2024-04-28,Delivered,Garyfort,Hawaii
3325,309,154,1,42.12,42.12,2025-11-29,Delivered,New Cassidy,Rhode Island
3326,274,60,3,493.39,1480.17,2024-10-24,Delivered,Mcdonaldtown,New Mexico
3327,815,76,3,143.96,431.88,2024-02-11,Processing,Lake Heatherchester,Connecticut
3328,796,78,4,5.17,20.68,2024-05-31,Delivered,Stephaniechester,Arkansas
3329,310,194,5,39.19,195.95,2025-12-30,Delivered,Mitchellchester,Alaska
3330,152,123,2,271.01,542.02,2024-03-26,Delivered,Port Christopherchester,South Carolina
3331,760,198,3,473.82,1421.46,2024-06-09,Delivered,Perkinsside,South Dakota
3332,996,80,10,31.23,312.3,2024-08-08,Shipped,North Jessicachester,Louisiana
3333,363,63,1,1487.23,1487.23,2024-12-11,Delivered,Mejiamouth,Massachusetts
3334,397,78,4,5.17,20.68,2024-11-20,Delivered,East Robertview,Virginia
3335,201,165,5,57.61,288.05,2024-10-30,Shipped,New Brendamouth,New Hampshire
3336,276,23,5,16.35,81.75,2025-10-04,Delivered,Lake Katrinahaven,Pennsylvania
3337,465,148,2,639.02,1278.04,2024-11-05,Delivered,Vazquezville,New Mexico
3338,732,169,1,175.75,175.75,2025-01-15,Delivered,Mcgrathville,South Carolina
3339,957,87,4,29.52,118.08,2024-11-11,Delivered,Samanthaville,Michigan
3340,180,104,2,1515.73,3031.46,2025-02-18,Delivered,Butlermouth,Nebraska
3341,640,149,3,274.44,823.32,2024-01-08,Delivered,Melanieland,Massachusetts
3342,938,75,1,51.24,51.24,2024-09-10,Delivered,Mortonville,Alaska
3343,296,1,6,21.77,0.0,2025-02-25,Cancelled,Port Samuelton,Mississippi
3344,882,167,1,243.83,243.83,2025-08-11,Delivered,East Jenniferview,New York
3345,16,15,4,22.83,91.32,2025-05-10,Delivered,Floresview,Vermont
3346,909,75,3,51.24,0.0,2024-12-13,Cancelled,South Kimberly,Wisconsin
3347,155,142,3,241.68,725.04,2024-02-27,Delivered,North Codybury,Pennsylvania
3348,407,104,1,1515.73,1515.73,2024-05-04,Delivered,North Walterview,Ohio
3349,843,70,5,29.96,149.8,2025-11-06,Delivered,Port Megantown,Ohio
3350,717,73,2,456.73,913.46,2025-12-11,Delivered,Hallfurt,Illinois
3351,995,3,1,34.78,34.78,2025-05-08,Processing,East Michael,New Mexico
3352,966,196,4,138.33,553.32,2024-08-09,Delivered,Port Dorisport,Connecticut
3353,926,135,3,144.51,433.53,2024-07-30,Shipped,Alexanderview,Hawaii
3354,884,186,3,304.0,912.0,2025-08-20,Delivered,East Jamesmouth,Kansas
3355,644,50,8,23.62,188.96,2024-02-16,Delivered,Kaylamouth,Ohio
3356,374,173,2,63.4,126.8,2025-04-13,Delivered,Evelynport,Texas
3357,822,125,4,24.59,98.36,2025-05-10,Delivered,North Daniel,Nebraska
3358,169,10,1,107.87,107.87,2024-12-24,Delivered,Bartonland,Nevada
3359,974,88,1,548.48,548.48,2025-06-26,Shipped,Hughestown,Tennessee
3360,355,9,3,160.49,481.47,2024-09-21,Processing,Cynthiafurt,Connecticut
3361,73,151,1,192.55,192.55,2024-07-10,Delivered,Mccallside,Michigan
3362,640,176,2,98.52,0.0,2025-03-23,Cancelled,Melanieland,Massachusetts
3363,396,193,5,69.03,345.15,2025-09-11,Delivered,Davidhaven,North Carolina
3364,652,48,10,46.46,464.6,2024-08-24,Delivered,Rachelfort,Missouri
3365,412,58,1,1142.69,1142.69,2024-10-24,Delivered,Lake Jay,North Dakota
3366,947,157,2,8.59,17.18,2025-07-02,Delivered,Lopezberg,South Carolina
3367,408,57,1,115.26,115.26,2024-01-13,Delivered,Patelville,Iowa
3368,480,137,2,484.65,969.3,2024-07-10,Returned,South Tyler,Arkansas
3369,714,33,2,1077.68,2155.36,2025-09-05,Delivered,Port Markshire,Minnesota
3370,73,57,2,115.26,230.52,2025-08-05,Delivered,Mccallside,Michigan
3371,397,47,1,188.28,188.28,2024-11-28,Delivered,East Robertview,Virginia
3372,277,32,3,87.66,262.98,2025-06-02,Returned,Rachelfort,New Jersey
3373,336,41,2,238.94,477.88,2024-05-16,Delivered,West Tina,Pennsylvania
3374,451,21,2,65.8,131.6,2024-03-16,Delivered,Port Lindsaymouth,New Hampshire
3375,410,95,7,2.3,16.1,2025-08-10,Processing,Davidbury,Arizona
3376,40,105,1,136.66,136.66,2025-06-11,Shipped,East Nicolas,Louisiana
3377,477,53,1,75.3,75.3,2025-12-03,Delivered,Nelsonborough,Minnesota
3378,61,117,3,110.18,330.54,2024-01-01,Delivered,Thomasborough,Arizona
3379,187,115,4,98.26,393.04,2025-05-14,Delivered,Onealfurt,Florida
3380,919,10,2,107.87,215.74,2024-12-10,Shipped,West Brandytown,South Carolina
3381,938,86,1,1337.83,1337.83,2025-11-07,Delivered,Mortonville,Alaska
3382,97,110,1,26.8,26.8,2025-06-10,Shipped,Port Matthewberg,Washington
3383,221,167,1,243.83,243.83,2025-09-16,Delivered,Craigport,Utah
3384,400,127,2,150.5,301.0,2025-11-26,Delivered,Andersonside,Wyoming
3385,159,189,2,48.34,96.68,2024-10-04,Delivered,Blackbury,Washington
3386,790,35,1,179.74,179.74,2025-03-10,Shipped,Edwardsside,Texas
3387,134,188,3,102.39,307.17,2024-08-08,Delivered,Kellyfurt,New Jersey
3388,316,135,2,144.51,289.02,2025-06-13,Delivered,Lake Jennifer,Missouri
3389,489,196,1,138.33,138.33,2024-09-14,Processing,South Jasonstad,Tennessee
3390,586,13,1,56.57,56.57,2024-04-13,Delivered,South Johnton,Kansas
3391,283,83,4,9.9,39.6,2024-12-14,Delivered,Karaside,Arkansas
3392,710,90,1,170.31,170.31,2024-01-09,Processing,Turnertown,Maine
3393,364,183,3,258.69,776.07,2024-11-01,Delivered,Mooreshire,Nevada
3394,564,173,1,63.4,63.4,2024-07-20,Shipped,Pooletown,New Hampshire
3395,249,46,1,35.34,35.34,2025-10-09,Delivered,Rosetown,Missouri
3396,611,149,2,274.44,548.88,2024-07-27,Processing,West Susanmouth,Florida
3397,436,190,1,11.07,11.07,2024-10-15,Delivered,South Jefferyville,California
3398,192,37,3,110.69,332.07,2024-07-12,Delivered,West Jenniferfort,Kentucky
3399,881,73,1,456.73,456.73,2025-09-08,Processing,Susanside,Maine
3400,194,55,1,29.42,29.42,2024-03-08,Delivered,Donaldland,North Carolina
3401,823,146,2,157.34,314.68,2025-10-16,Delivered,New James,Virginia
3402,858,7,4,43.74,174.96,2024-08-10,Delivered,Matthewhaven,Idaho
3403,19,15,2,22.83,45.66,2024-07-19,Delivered,North Davidshire,Vermont
3404,731,164,1,46.38,46.38,2024-03-24,Delivered,Scottstad,North Dakota
3405,263,154,2,42.12,84.24,2025-07-30,Delivered,Rebeccastad,Utah
3406,58,61,12,24.62,0.0,2024-03-07,Cancelled,West Teresaland,Illinois
3407,227,105,3,136.66,409.98,2024-03-09,Shipped,Jeffberg,Pennsylvania
3408,9,22,1,413.03,0.0,2025-07-26,Cancelled,North Karla,Mississippi
3409,916,73,1,456.73,456.73,2024-06-29,Shipped,Kristenton,Indiana
3410,848,107,2,56.54,0.0,2024-05-31,Cancelled,East Jacob,Wisconsin
3411,94,137,3,484.65,1453.95,2024-01-29,Delivered,North Marissa,Missouri
3412,589,40,1,414.22,414.22,2025-12-29,Delivered,Samuelview,Florida
3413,943,98,4,46.15,184.6,2025-05-11,Delivered,Paulville,Texas
3414,915,74,2,301.83,603.66,2025-05-06,Processing,Mccormickhaven,Ohio
3415,285,131,1,917.21,917.21,2024-05-05,Delivered,Tuckerview,Connecticut
3416,641,177,2,1488.3,2976.6,2024-04-19,Delivered,West Joshuafort,New York
3417,647,154,3,42.12,126.36,2024-07-19,Delivered,Patelbury,Missouri
3418,412,167,1,243.83,243.83,2024-05-17,Processing,Lake Jay,North Dakota
3419,760,150,2,167.9,335.8,2025-06-04,Processing,Perkinsside,South Dakota
3420,493,117,1,110.18,110.18,2025-03-17,Shipped,Josephtown,South Dakota
3421,496,46,3,35.34,106.02,2025-04-14,Delivered,Jamesburgh,Florida
3422,314,92,4,11.68,46.72,2024-02-24,Shipped,Port Marc,Rhode Island
3423,261,90,1,170.31,170.31,2024-10-31,Delivered,Larrybury,Minnesota
3424,302,13,4,56.57,226.28,2025-11-08,Delivered,Seanmouth,North Carolina
3425,553,103,11,42.88,471.68,2025-10-30,Delivered,Port Shelly,Illinois
3426,367,146,4,157.34,629.36,2025-04-15,Delivered,Port Marieside,Virginia
3427,874,91,2,222.92,445.84,2024-08-16,Delivered,North Josephland,Massachusetts
3428,538,188,3,102.39,307.17,2025-09-22,Delivered,Darrenmouth,West Virginia
3429,484,116,4,154.63,618.52,2024-11-07,Delivered,Port Brandi,Kansas
3430,305,2,4,134.26,0.0,2024-08-30,Cancelled,Thomasville,Virginia
3431,66,200,2,41.6,0.0,2025-05-28,Cancelled,Cervantesland,Ohio
3432,715,126,1,14.23,14.23,2024-04-06,Delivered,North Nathanshire,Georgia
3433,639,30,1,17.83,17.83,2024-04-13,Shipped,East Jamesstad,Michigan
3434,769,156,2,76.9,153.8,2024-12-01,Delivered,West Sara,Nebraska
3435,647,168,5,16.61,83.05,2024-11-15,Delivered,Patelbury,Missouri
3436,613,160,5,37.99,189.95,2024-10-16,Delivered,New Blake,Utah
3437,848,44,2,423.84,847.68,2025-03-19,Delivered,East Jacob,Wisconsin
3438,411,34,1,24.01,0.0,2024-05-28,Cancelled,Vasquezfurt,Massachusetts
3439,2,137,3,484.65,1453.95,2024-04-24,Delivered,Moralesburgh,North Dakota
3440,132,124,1,108.4,0.0,2024-02-04,Cancelled,South Jason,Wyoming
3441,1000,195,3,32.25,0.0,2024-10-29,Cancelled,Mendezport,Missouri
3442,963,45,1,57.4,57.4,2025-10-05,Delivered,New Fernando,Georgia
3443,650,36,2,193.51,387.02,2025-03-17,Delivered,Alexanderside,West Virginia
3444,387,141,1,55.53,0.0,2025-07-18,Cancelled,Doughertyfort,North Dakota
3445,895,116,2,154.63,309.26,2024-04-17,Delivered,New Reneeburgh,Maryland
3446,977,8,1,80.04,80.04,2024-08-08,Delivered,New Keith,Oregon
3447,911,143,4,148.64,594.56,2025-08-20,Delivered,New Stephanieland,Wyoming
3448,870,195,3,32.25,96.75,2025-03-13,Delivered,Stanleychester,Nevada
3449,534,94,2,41.9,83.8,2025-11-13,Delivered,Shieldsberg,New Hampshire
3450,216,26,2,15.15,30.3,2025-12-01,Delivered,Robinsonton,Colorado
3451,684,5,6,14.19,85.14,2024-04-13,Delivered,Torresville,Ohio
3452,384,120,1,1304.73,1304.73,2025-01-27,Shipped,Potterborough,Nebraska
3453,777,74,1,301.83,301.83,2025-03-05,Delivered,Lake Victoria,Connecticut
3454,289,115,5,98.26,491.3,2024-07-01,Processing,Scottmouth,Texas
3455,149,70,5,29.96,149.8,2024-10-12,Shipped,New Ann,Kentucky
3456,270,196,2,138.33,276.66,2025-09-19,Delivered,New Patricktown,Montana
3457,637,148,2,639.02,0.0,2024-03-24,Cancelled,West Joseph,South Dakota
3458,926,172,3,84.77,254.31,2025-07-07,Delivered,Alexanderview,Hawaii
3459,591,200,2,41.6,83.2,2024-03-12,Delivered,Lopezhaven,Idaho
3460,741,123,3,271.01,813.03,2024-05-04,Delivered,Santosside,North Dakota
3461,855,123,3,271.01,813.03,2024-07-14,Delivered,Michaelborough,Minnesota
3462,264,131,2,917.21,1834.42,2024-01-02,Delivered,Wadebury,Utah
3463,59,164,4,46.38,185.52,2024-11-01,Returned,South Paulmouth,Tennessee
3464,18,27,11,27.66,304.26,2024-02-12,Delivered,East Brian,New Hampshire
3465,962,198,1,473.82,473.82,2025-10-31,Delivered,Garciamouth,Nebraska
3466,139,161,9,33.62,302.58,2025-04-23,Delivered,South Christopher,Nebraska
3467,466,52,2,27.18,54.36,2025-06-08,Delivered,New Justin,Washington
3468,539,147,1,487.95,487.95,2025-01-08,Delivered,North Karen,Vermont
3469,34,197,5,42.46,212.3,2024-03-29,Delivered,Joseland,Alabama
3470,953,176,3,98.52,295.56,2025-07-23,Delivered,Codychester,Rhode Island
3471,568,85,2,490.6,981.2,2025-12-21,Processing,West Nicholasberg,Maine
3472,390,92,3,11.68,35.04,2024-10-26,Delivered,Nicoleshire,Louisiana
3473,855,11,2,50.75,101.5,2024-07-25,Processing,Michaelborough,Minnesota
3474,422,186,3,304.0,912.0,2025-10-24,Shipped,Clarkmouth,Washington
3475,717,73,2,456.73,913.46,2025-12-21,Delivered,Hallfurt,Illinois
3476,647,35,4,179.74,718.96,2024-09-06,Delivered,Patelbury,Missouri
3477,803,18,4,143.63,574.52,2024-06-16,Delivered,West Jasmine,South Dakota
3478,790,22,1,413.03,413.03,2024-10-30,Delivered,Edwardsside,Texas
3479,21,36,3,193.51,0.0,2024-12-25,Cancelled,New Rebecca,Wyoming
3480,318,30,1,17.83,17.83,2025-04-27,Delivered,South Caitlin,Nevada
3481,736,156,5,76.9,384.5,2024-07-17,Delivered,Jamesport,Mississippi
3482,461,95,12,2.3,27.6,2025-05-05,Processing,Lake Willieside,South Carolina
3483,216,55,1,29.42,29.42,2025-12-20,Shipped,Robinsonton,Colorado
3484,207,178,1,11.5,11.5,2024-12-15,Delivered,Port Seth,Virginia
3485,821,20,1,34.83,34.83,2025-11-07,Delivered,Floresmouth,Minnesota
3486,193,152,4,105.39,421.56,2024-07-11,Delivered,Bellville,Michigan
3487,800,85,3,490.6,1471.8,2024-11-30,Delivered,Williamhaven,Georgia
3488,39,6,2,1964.49,3928.98,2024-05-14,Delivered,East Alexandra,South Carolina
3489,111,76,4,143.96,575.84,2025-01-26,Delivered,Santosview,Florida
3490,405,50,11,23.62,259.82,2024-03-26,Delivered,Spearsstad,Arizona
3491,92,5,2,14.19,28.38,2025-01-20,Shipped,Keithview,Michigan
3492,389,186,2,304.0,608.0,2025-06-17,Delivered,Dennisberg,North Dakota
3493,793,165,3,57.61,172.83,2024-03-26,Delivered,Brownmouth,Colorado
3494,775,126,2,14.23,28.46,2025-10-31,Delivered,Davidtown,Nebraska
3495,413,167,1,243.83,243.83,2024-02-09,Delivered,Manningshire,Tennessee
3496,665,170,3,81.2,243.6,2024-11-28,Delivered,Desireemouth,Maine
3497,284,14,5,28.78,143.9,2025-05-07,Delivered,East Angel,Missouri
3498,97,151,2,192.55,385.1,2024-04-03,Delivered,Port Matthewberg,Washington
3499,526,113,1,22.71,22.71,2025-12-09,Returned,Andrewtown,Alabama
3500,609,101,1,450.0,450.0,2024-10-19,Delivered,Traceyborough,Louisiana
3501,131,87,2,29.52,0.0,2024-07-12,Cancelled,East Jillstad,Pennsylvania
3502,157,161,4,33.62,134.48,2024-05-19,Delivered,Leechester,Wyoming
3503,453,8,2,80.04,160.08,2025-12-02,Delivered,Smithshire,Florida
3504,240,141,6,55.53,333.18,2024-03-28,Delivered,Schmidtchester,Michigan
3505,902,47,1,188.28,188.28,2024-04-30,Delivered,Matthewburgh,Hawaii
3506,422,110,2,26.8,53.6,2024-02-14,Delivered,Clarkmouth,Washington
3507,85,15,4,22.83,91.32,2024-12-01,Delivered,New Stephanie,South Dakota
3508,686,94,1,41.9,41.9,2025-10-30,Delivered,Port Patrick,Colorado
3509,204,122,2,30.44,60.88,2024-09-03,Shipped,Lake Samanthaview,Alabama
3510,47,96,3,286.65,859.95,2024-12-21,Returned,South Kristin,California
3511,723,144,2,37.02,74.04,2024-04-22,Delivered,North Judy,Florida
3512,549,114,3,74.03,0.0,2025-05-10,Cancelled,Port Alexandratown,Wyoming
3513,402,153,2,98.25,196.5,2025-02-12,Processing,Andreaville,Florida
3514,559,27,8,27.66,221.28,2025-12-27,Processing,Theresaview,Georgia
3515,818,59,3,462.07,1386.21,2025-03-25,Shipped,South Monicamouth,Nebraska
3516,653,141,4,55.53,0.0,2024-11-24,Cancelled,West Jeremyville,Oregon
3517,66,166,3,80.7,242.1,2025-12-16,Delivered,Cervantesland,Ohio
3518,342,31,1,50.16,50.16,2025-11-05,Delivered,North Diana,South Dakota
3519,847,180,2,5.05,10.1,2025-01-18,Returned,South Stevenmouth,Kansas
3520,938,119,8,27.5,220.0,2025-07-14,Delivered,Mortonville,Alaska
3521,399,180,5,5.05,25.25,2024-06-21,Delivered,Riverafurt,Kentucky
3522,901,136,3,81.75,245.25,2024-01-06,Delivered,Lake Dana,Tennessee
3523,799,44,2,423.84,847.68,2025-09-18,Processing,Barkershire,Michigan
3524,609,186,1,304.0,304.0,2024-04-27,Shipped,Traceyborough,Louisiana
3525,487,165,5,57.61,288.05,2025-10-19,Processing,Sarahton,Nevada
3526,969,75,1,51.24,51.24,2024-03-10,Delivered,North Amyton,Ohio
3527,216,89,1,695.64,695.64,2024-11-02,Delivered,Robinsonton,Colorado
3528,838,143,3,148.64,445.92,2024-02-25,Delivered,Marshfort,Oklahoma
3529,845,48,3,46.46,139.38,2025-02-02,Delivered,Larryton,Utah
3530,70,107,2,56.54,113.08,2024-02-09,Delivered,Evansmouth,Indiana
3531,501,94,1,41.9,41.9,2024-02-26,Delivered,Chaneyhaven,Virginia
3532,885,152,5,105.39,526.95,2025-09-01,Delivered,Austinland,Arkansas
3533,585,21,3,65.8,197.4,2025-08-10,Shipped,East Victoria,Rhode Island
3534,633,1,6,21.77,130.62,2025-01-18,Delivered,Allenburgh,Michigan
3535,500,182,1,675.46,675.46,2025-10-27,Delivered,Heidimouth,Arizona
3536,977,105,4,136.66,546.64,2024-10-18,Delivered,New Keith,Oregon
3537,276,188,1,102.39,102.39,2025-02-16,Processing,Lake Katrinahaven,Pennsylvania
3538,288,90,3,170.31,510.93,2024-05-11,Delivered,Barberburgh,North Dakota
3539,862,22,2,413.03,826.06,2025-07-19,Delivered,Lake Anthony,Oklahoma
3540,442,85,2,490.6,981.2,2025-01-11,Delivered,North Noah,Wyoming
3541,32,17,2,625.15,1250.3,2024-07-23,Delivered,Brianshire,South Carolina
3542,525,64,3,32.06,96.18,2025-01-10,Shipped,Michaelland,Virginia
3543,745,182,2,675.46,1350.92,2024-03-08,Delivered,Steinport,Florida
3544,345,192,4,16.8,67.2,2025-09-01,Delivered,Huntstad,Michigan
3545,292,69,4,12.9,51.6,2024-01-26,Shipped,Lake Michaelmouth,Arkansas
3546,496,121,12,6.52,78.24,2024-08-22,Delivered,Jamesburgh,Florida
3547,224,137,3,484.65,1453.95,2025-09-25,Delivered,Larsonshire,Connecticut
3548,660,80,2,31.23,62.46,2024-01-17,Delivered,South Jessicachester,Alabama
3549,621,77,5,5.4,27.0,2024-07-31,Delivered,Lake Amy,North Carolina
3550,230,11,3,50.75,152.25,2024-08-14,Shipped,South Andrewport,Iowa
3551,637,56,2,208.97,417.94,2025-08-07,Delivered,West Joseph,South Dakota
3552,72,35,3,179.74,539.22,2024-08-04,Processing,Davisville,Mississippi
3553,843,13,5,56.57,282.85,2024-05-09,Returned,Port Megantown,Ohio
3554,342,134,4,53.71,214.84,2025-12-10,Processing,North Diana,South Dakota
3555,479,39,5,35.25,176.25,2025-10-13,Delivered,Allenville,North Dakota
3556,200,27,4,27.66,110.64,2025-01-28,Delivered,Morganshire,Florida
3557,159,81,4,51.28,205.12,2025-07-23,Delivered,Blackbury,Washington
3558,716,92,4,11.68,46.72,2025-06-19,Processing,Smithborough,Michigan
3559,457,196,1,138.33,138.33,2025-06-23,Shipped,South Melanie,South Carolina
3560,95,91,1,222.92,222.92,2025-06-20,Delivered,Lake Kathleenland,Colorado
3561,114,127,1,150.5,150.5,2024-11-20,Delivered,Dawsonhaven,Colorado
3562,218,197,3,42.46,127.38,2024-06-13,Processing,Shannonshire,Pennsylvania
3563,942,117,1,110.18,110.18,2024-08-05,Returned,Jesseside,Ohio
3564,136,192,2,16.8,33.6,2024-06-06,Delivered,Teresaborough,Texas
3565,99,50,6,23.62,141.72,2024-01-24,Delivered,Carterton,North Dakota
3566,495,75,1,51.24,51.24,2025-01-24,Shipped,Gillespiemouth,New York
3567,741,159,6,28.19,169.14,2025-07-09,Delivered,Santosside,North Dakota
3568,499,90,4,170.31,681.24,2024-08-20,Delivered,West Michael,Rhode Island
3569,666,182,2,675.46,1350.92,2024-03-04,Delivered,North Codychester,Utah
3570,641,91,2,222.92,445.84,2025-09-07,Delivered,West Joshuafort,New York
3571,724,5,2,14.19,28.38,2024-10-09,Delivered,Lake Stephen,Wisconsin
3572,717,40,3,414.22,1242.66,2024-05-05,Delivered,Hallfurt,Illinois
3573,40,98,1,46.15,46.15,2025-04-07,Delivered,East Nicolas,Louisiana
3574,574,141,2,55.53,111.06,2025-12-09,Delivered,South Cathyview,South Carolina
3575,845,33,2,1077.68,0.0,2025-08-05,Cancelled,Larryton,Utah
3576,809,2,3,134.26,402.78,2025-11-04,Delivered,Delgadomouth,New Mexico
3577,915,6,1,1964.49,1964.49,2025-06-02,Delivered,Mccormickhaven,Ohio
3578,112,110,5,26.8,134.0,2024-12-15,Delivered,Roberttown,Texas
3579,334,200,4,41.6,166.4,2024-01-21,Delivered,South Bradleyside,Delaware
3580,150,85,2,490.6,981.2,2025-03-09,Delivered,Jordantown,Kentucky
3581,602,65,3,337.28,1011.84,2024-12-02,Shipped,Jasonmouth,Montana
3582,913,63,2,1487.23,2974.46,2025-04-21,Processing,Nicholasfort,Rhode Island
3583,574,114,3,74.03,222.09,2025-09-10,Delivered,South Cathyview,South Carolina
3584,881,50,7,23.62,165.34,2025-04-20,Shipped,Susanside,Maine
3585,202,195,2,32.25,64.5,2025-09-16,Delivered,North Jerry,Kentucky
3586,807,114,2,74.03,148.06,2024-02-27,Delivered,Reynoldsshire,Virginia
3587,522,116,3,154.63,463.89,2024-01-07,Delivered,Barkerfort,Wisconsin
3588,249,33,2,1077.68,2155.36,2024-12-19,Delivered,Rosetown,Missouri
3589,537,87,1,29.52,29.52,2024-04-04,Delivered,West Ryanton,West Virginia
3590,960,56,3,208.97,626.91,2024-10-01,Delivered,West Jeffrey,North Dakota
3591,939,62,3,99.97,299.91,2025-12-24,Delivered,South Jennifer,California
3592,651,21,1,65.8,0.0,2025-01-02,Cancelled,South Jerrybury,South Dakota
3593,549,145,3,88.28,264.84,2025-12-02,Delivered,Port Alexandratown,Wyoming
3594,803,190,4,11.07,44.28,2024-07-26,Delivered,West Jasmine,South Dakota
3595,908,5,12,14.19,0.0,2024-10-01,Cancelled,Port Walter,Iowa
3596,75,4,3,40.83,122.49,2025-10-10,Delivered,Natalieside,New Jersey
3597,491,56,3,208.97,626.91,2024-12-03,Delivered,East Amanda,Idaho
3598,91,198,3,473.82,1421.46,2025-06-09,Delivered,Jonesmouth,Montana
3599,589,125,4,24.59,98.36,2024-02-27,Delivered,Samuelview,Florida
3600,402,174,2,194.56,389.12,2024-11-13,Shipped,Andreaville,Florida
3601,531,133,2,46.43,92.86,2024-10-06,Delivered,North Todd,Maryland
3602,622,92,3,11.68,35.04,2024-12-08,Delivered,Dianachester,Georgia
3603,154,152,4,105.39,421.56,2025-03-18,Shipped,Port Kaylabury,New Hampshire
3604,459,94,1,41.9,41.9,2024-10-31,Delivered,Rodriguezmouth,New York
3605,481,28,3,84.71,254.13,2025-07-13,Delivered,Charlesland,Texas
3606,670,93,4,130.28,521.12,2024-03-31,Delivered,West Alexandrastad,Oklahoma
3607,911,17,2,625.15,1250.3,2024-04-22,Delivered,New Stephanieland,Wyoming
3608,944,12,2,899.79,1799.58,2024-04-07,Delivered,Freemanfurt,Virginia
3609,119,198,3,473.82,1421.46,2025-07-06,Delivered,North Vanessaland,Virginia
3610,402,157,1,8.59,8.59,2024-03-19,Delivered,Andreaville,Florida
3611,112,93,1,130.28,130.28,2025-05-13,Delivered,Roberttown,Texas
3612,609,162,1,115.69,115.69,2025-12-26,Delivered,Traceyborough,Louisiana
3613,839,145,1,88.28,88.28,2025-03-24,Delivered,Kimberlyburgh,Illinois
3614,932,125,2,24.59,49.18,2025-07-24,Delivered,West Anita,Illinois
3615,906,29,3,264.9,794.7,2024-06-26,Delivered,Dianahaven,Kansas
3616,403,132,2,895.45,1790.9,2025-01-22,Delivered,Davidberg,New Mexico
3617,357,145,1,88.28,0.0,2024-03-16,Cancelled,Lake Sheriside,Iowa
3618,122,97,5,43.15,215.75,2024-07-30,Delivered,Richardstad,Vermont
3619,473,55,1,29.42,29.42,2025-05-02,Returned,Emilyburgh,Mississippi
3620,617,83,1,9.9,9.9,2025-02-05,Shipped,Lake Sonyaville,New York
3621,834,179,2,486.21,972.42,2025-04-25,Delivered,South Christie,South Carolina
3622,159,86,1,1337.83,1337.83,2024-04-26,Delivered,Blackbury,Washington
3623,821,103,12,42.88,514.56,2024-01-15,Delivered,Floresmouth,Minnesota
3624,251,187,1,85.38,85.38,2025-06-15,Delivered,Rileyview,New Mexico
3625,563,80,8,31.23,249.84,2025-11-11,Delivered,Hendrixside,Delaware
3626,143,158,2,34.1,68.2,2025-09-24,Delivered,North Jake,Idaho
3627,75,69,2,12.9,25.8,2024-06-16,Delivered,Natalieside,New Jersey
3628,981,190,5,11.07,55.35,2025-03-31,Delivered,Danachester,North Dakota
3629,958,126,10,14.23,142.3,2024-11-19,Delivered,Medinaton,Hawaii
3630,984,74,1,301.83,301.83,2024-10-10,Delivered,Sandramouth,Oregon
3631,848,123,3,271.01,813.03,2025-01-05,Delivered,East Jacob,Wisconsin
3632,64,13,2,56.57,113.14,2025-08-09,Delivered,Port James,California
3633,559,4,1,40.83,40.83,2024-03-29,Delivered,Theresaview,Georgia
3634,473,158,2,34.1,68.2,2024-06-04,Delivered,Emilyburgh,Mississippi
3635,538,128,1,15.74,15.74,2024-08-07,Delivered,Darrenmouth,West Virginia
3636,185,101,1,450.0,450.0,2025-11-25,Processing,Tylerchester,California
3637,585,26,1,15.15,15.15,2025-06-10,Delivered,East Victoria,Rhode Island
3638,82,45,1,57.4,57.4,2024-08-09,Delivered,Michaelland,Massachusetts
3639,997,61,1,24.62,24.62,2025-07-05,Delivered,Latoyahaven,Alabama
3640,535,164,1,46.38,46.38,2025-01-19,Delivered,Torresmouth,Washington
3641,69,56,3,208.97,0.0,2025-05-12,Cancelled,Guzmanmouth,Tennessee
3642,558,98,2,46.15,92.3,2024-03-02,Delivered,Danielleville,Utah
3643,146,10,2,107.87,215.74,2025-11-02,Processing,East Jasonmouth,South Dakota
3644,832,43,3,102.37,307.11,2024-09-01,Delivered,New Richard,North Carolina
3645,955,112,1,53.86,53.86,2024-09-02,Delivered,New Ricardofort,Utah
3646,524,7,4,43.74,174.96,2024-01-01,Delivered,South David,Virginia
3647,29,133,4,46.43,185.72,2025-11-01,Delivered,Owensborough,Florida
3648,148,170,5,81.2,406.0,2024-12-30,Delivered,Emmaton,North Carolina
3649,455,195,1,32.25,32.25,2025-10-12,Processing,Lake Cynthiaborough,Louisiana
3650,529,88,1,548.48,548.48,2025-07-09,Delivered,South Darrylberg,Colorado
3651,721,115,5,98.26,491.3,2024-12-22,Delivered,Lake Jessestad,Maine
3652,679,130,3,87.12,261.36,2025-09-03,Delivered,Sullivanbury,Nevada
3653,703,112,3,53.86,161.58,2024-07-11,Delivered,New Lindsayton,South Carolina
3654,748,174,3,194.56,583.68,2025-07-13,Delivered,Kyleland,Oregon
3655,871,173,4,63.4,253.6,2024-01-03,Processing,South Sarah,Alabama
3656,263,15,4,22.83,91.32,2025-01-16,Delivered,Rebeccastad,Utah
3657,445,77,3,5.4,16.2,2025-08-24,Shipped,Longshire,New Jersey
3658,366,19,1,342.31,342.31,2025-09-02,Delivered,Randallborough,Illinois
3659,363,2,2,134.26,268.52,2024-01-29,Delivered,Mejiamouth,Massachusetts
3660,98,141,6,55.53,333.18,2024-04-18,Delivered,Christopherburgh,Texas
3661,837,86,2,1337.83,2675.66,2024-12-12,Delivered,Lake Michaelmouth,Delaware
3662,563,71,2,311.35,622.7,2024-08-20,Delivered,Hendrixside,Delaware
3663,907,103,2,42.88,85.76,2025-03-14,Delivered,Lake James,Iowa
3664,607,84,2,148.96,0.0,2025-07-20,Cancelled,Walkertown,North Carolina
3665,844,36,2,193.51,387.02,2025-08-31,Delivered,Priscillafurt,Connecticut
3666,204,169,4,175.75,703.0,2024-03-10,Delivered,Lake Samanthaview,Alabama
3667,777,179,1,486.21,486.21,2025-07-31,Delivered,Lake Victoria,Connecticut
3668,877,40,3,414.22,1242.66,2025-07-31,Delivered,Hunterburgh,Arkansas
3669,600,195,5,32.25,161.25,2025-06-13,Delivered,South Christopherfort,Massachusetts
3670,189,27,9,27.66,248.94,2024-06-26,Delivered,East Jeremymouth,Nebraska
3671,235,162,2,115.69,231.38,2024-12-27,Delivered,Billside,Idaho
3672,460,63,1,1487.23,1487.23,2025-07-31,Delivered,South Richard,New Mexico
3673,172,10,2,107.87,215.74,2024-02-05,Delivered,West Miguelview,Arizona
3674,647,101,2,450.0,900.0,2025-07-16,Delivered,Patelbury,Missouri
3675,441,148,1,639.02,639.02,2025-07-07,Delivered,Franciscobury,Kansas
3676,705,91,3,222.92,668.76,2025-05-23,Delivered,Port Coryport,Nevada
3677,621,29,1,264.9,264.9,2024-01-31,Delivered,Lake Amy,North Carolina
3678,442,97,4,43.15,172.6,2024-07-02,Delivered,North Noah,Wyoming
3679,940,95,6,2.3,13.8,2024-03-14,Shipped,North David,Tennessee
3680,45,97,4,43.15,172.6,2025-10-03,Delivered,Melindaport,Pennsylvania
3681,75,139,1,74.52,74.52,2024-01-04,Delivered,Natalieside,New Jersey
3682,910,132,1,895.45,895.45,2025-02-23,Delivered,Port Christopher,South Carolina
3683,626,191,3,126.39,379.17,2025-05-03,Delivered,West Amymouth,New York
3684,346,60,3,493.39,1480.17,2025-01-15,Delivered,Lonnieborough,Indiana
3685,282,4,3,40.83,122.49,2025-05-12,Delivered,Lake Robinfort,Maine
3686,646,49,1,98.4,98.4,2024-09-10,Delivered,Lake Joel,Texas
3687,521,182,2,675.46,1350.92,2024-11-24,Delivered,Jodifurt,New Mexico
3688,996,56,1,208.97,208.97,2024-02-19,Processing,North Jessicachester,Louisiana
3689,514,119,1,27.5,27.5,2025-11-02,Delivered,Leeport,North Dakota
3690,401,24,1,180.09,180.09,2024-09-28,Delivered,West Sarah,Illinois
3691,876,144,10,37.02,370.2,2025-07-04,Shipped,North Susanville,Massachusetts
3692,997,3,3,34.78,104.34,2025-12-29,Delivered,Latoyahaven,Alabama
3693,139,15,3,22.83,68.49,2024-07-01,Delivered,South Christopher,Nebraska
3694,285,163,1,113.36,0.0,2025-05-30,Cancelled,Tuckerview,Connecticut
3695,267,7,1,43.74,0.0,2024-09-08,Cancelled,Jenniferland,Idaho
3696,479,159,3,28.19,84.57,2024-04-02,Shipped,Allenville,North Dakota
3697,143,4,1,40.83,40.83,2025-01-17,Delivered,North Jake,Idaho
3698,782,129,4,165.48,661.92,2024-11-18,Delivered,Darrenton,New York
3699,444,119,4,27.5,110.0,2024-07-21,Delivered,Davidfort,New Hampshire
3700,543,155,4,97.2,388.8,2025-05-05,Delivered,Jasminport,Maryland
3701,774,15,2,22.83,45.66,2025-10-26,Delivered,North Adamland,Rhode Island
3702,503,189,2,48.34,96.68,2024-08-23,Delivered,New Lauraborough,Nevada
3703,665,131,1,917.21,917.21,2024-05-10,Processing,Desireemouth,Maine
3704,16,41,3,238.94,716.82,2024-03-30,Processing,Floresview,Vermont
3705,714,155,3,97.2,291.6,2024-08-20,Delivered,Port Markshire,Minnesota
3706,279,109,1,115.28,115.28,2024-01-26,Delivered,Port Bradley,Florida
3707,829,1,5,21.77,108.85,2025-11-12,Returned,Andersonfurt,Ohio
3708,320,13,4,56.57,226.28,2024-06-09,Shipped,Maryview,Ohio
3709,798,129,4,165.48,661.92,2024-05-15,Returned,New Austinbury,Wisconsin
3710,931,122,4,30.44,0.0,2024-11-04,Cancelled,New Johnshire,Massachusetts
3711,535,129,4,165.48,661.92,2025-01-07,Shipped,Torresmouth,Washington
3712,244,119,12,27.5,330.0,2024-12-03,Processing,Joannebury,New Jersey
3713,704,13,6,56.57,339.42,2024-06-14,Delivered,Carterview,Delaware
3714,757,180,5,5.05,25.25,2025-09-08,Delivered,Valenciachester,Florida
3715,700,81,4,51.28,205.12,2024-04-18,Processing,North Robert,Wyoming
3716,906,124,1,108.4,108.4,2025-05-08,Delivered,Dianahaven,Kansas
3717,36,51,3,45.28,135.84,2025-03-15,Processing,Lake Christopherville,Indiana
3718,389,9,2,160.49,320.98,2025-06-22,Processing,Dennisberg,North Dakota
3719,615,31,2,50.16,100.32,2024-03-31,Delivered,Grossshire,Montana
3720,685,116,3,154.63,463.89,2024-01-17,Delivered,East Amber,Iowa
3721,51,88,2,548.48,1096.96,2025-02-28,Delivered,New Sandrastad,Idaho
3722,503,148,2,639.02,1278.04,2025-06-29,Delivered,New Lauraborough,Nevada
3723,581,140,2,1253.62,2507.24,2024-12-11,Delivered,North Paula,New Jersey
3724,466,165,5,57.61,288.05,2025-11-21,Shipped,New Justin,Washington
3725,351,140,2,1253.62,0.0,2025-04-13,Cancelled,Dianeborough,New Jersey
3726,368,17,1,625.15,625.15,2025-03-02,Delivered,Port Davidside,Oregon
3727,976,54,3,7.54,22.62,2025-05-21,Delivered,Carneyburgh,Tennessee
3728,852,165,5,57.61,288.05,2024-11-09,Delivered,Amyville,Alabama
3729,954,73,2,456.73,913.46,2025-12-09,Delivered,Natalieville,New Mexico
3730,370,134,1,53.71,53.71,2025-09-07,Shipped,Port Lisaborough,Colorado
3731,332,77,1,5.4,5.4,2024-12-23,Delivered,East Timothy,Tennessee
3732,864,151,3,192.55,577.65,2024-09-07,Delivered,Jenniferport,West Virginia
3733,936,98,5,46.15,230.75,2024-10-15,Delivered,Melissachester,Rhode Island
3734,319,118,1,103.99,103.99,2025-02-15,Shipped,West Rachel,Delaware
3735,420,160,4,37.99,151.96,2024-06-05,Delivered,Thompsonhaven,Alaska
3736,164,55,3,29.42,88.26,2024-05-17,Processing,Port Stacystad,Vermont
3737,59,190,3,11.07,33.21,2024-11-06,Shipped,South Paulmouth,Tennessee
3738,251,144,8,37.02,296.16,2025-03-06,Delivered,Rileyview,New Mexico
3739,715,79,1,383.68,383.68,2024-10-05,Delivered,North Nathanshire,Georgia
3740,117,162,3,115.69,347.07,2024-12-26,Delivered,Lake Gregory,California
3741,520,156,3,76.9,230.7,2025-08-12,Delivered,Wilsonside,Delaware
3742,673,51,1,45.28,45.28,2024-06-04,Delivered,Josefurt,Montana
3743,759,151,3,192.55,577.65,2024-11-22,Delivered,Port Laurenchester,Utah
3744,843,91,3,222.92,668.76,2024-08-24,Delivered,Port Megantown,Ohio
3745,391,141,2,55.53,111.06,2025-02-07,Delivered,Lake Kristenbury,Texas
3746,551,158,2,34.1,68.2,2024-11-27,Processing,Jasontown,Tennessee
3747,46,178,3,11.5,34.5,2025-08-01,Delivered,West Victoriastad,Minnesota
3748,264,14,3,28.78,0.0,2024-09-12,Cancelled,Wadebury,Utah
3749,160,14,1,28.78,28.78,2025-04-07,Delivered,Lake Marcus,Virginia
3750,507,200,4,41.6,166.4,2024-04-10,Delivered,Vincentborough,Utah
3751,453,144,3,37.02,111.06,2025-10-24,Delivered,Smithshire,Florida
3752,698,121,1,6.52,6.52,2024-05-26,Delivered,North Anthony,Massachusetts
3753,9,7,5,43.74,0.0,2024-04-20,Cancelled,North Karla,Mississippi
3754,684,175,1,58.63,58.63,2024-06-22,Delivered,Torresville,Ohio
3755,383,26,5,15.15,75.75,2024-08-26,Delivered,Port Kathleenfort,Hawaii
3756,675,100,3,48.33,144.99,2024-01-13,Delivered,Butlerchester,Iowa
3757,93,126,5,14.23,71.15,2024-02-15,Delivered,Lake Toddport,Wisconsin
3758,477,145,1,88.28,88.28,2025-04-19,Processing,Nelsonborough,Minnesota
3759,730,190,2,11.07,22.14,2024-07-13,Processing,Richardside,South Dakota
3760,109,88,2,548.48,1096.96,2025-08-14,Delivered,Maciaschester,Utah
3761,463,36,1,193.51,193.51,2024-05-17,Delivered,Michaelhaven,Washington
3762,189,1,1,21.77,21.77,2024-09-11,Delivered,East Jeremymouth,Nebraska
3763,985,36,2,193.51,387.02,2024-06-27,Delivered,Cruzton,Missouri
3764,435,37,4,110.69,442.76,2025-05-07,Delivered,Sheilashire,Missouri
3765,687,177,2,1488.3,2976.6,2025-03-11,Delivered,Robertsberg,California
3766,869,10,4,107.87,431.48,2025-03-16,Delivered,West Davidport,Arkansas
3767,535,111,4,93.95,375.8,2024-08-22,Returned,Torresmouth,Washington
3768,386,195,4,32.25,129.0,2025-03-14,Delivered,Alishamouth,Alabama
3769,350,82,7,29.07,203.49,2025-04-28,Delivered,Wendyfurt,Washington
3770,520,160,9,37.99,341.91,2024-05-31,Returned,Wilsonside,Delaware
3771,11,141,3,55.53,166.59,2024-10-07,Delivered,Nathanland,Arkansas
3772,270,136,5,81.75,408.75,2025-01-19,Shipped,New Patricktown,Montana
3773,918,197,2,42.46,84.92,2025-06-19,Delivered,Robertchester,Arkansas
3774,144,17,2,625.15,1250.3,2025-12-28,Delivered,West Mariahaven,Wisconsin
3775,815,13,3,56.57,169.71,2025-10-20,Delivered,Lake Heatherchester,Connecticut
3776,75,130,2,87.12,174.24,2024-05-25,Delivered,Natalieside,New Jersey
3777,788,103,6,42.88,257.28,2024-05-10,Delivered,Lake Angela,Oregon
3778,149,166,1,80.7,0.0,2025-05-23,Cancelled,New Ann,Kentucky
3779,568,93,5,130.28,651.4,2024-01-24,Delivered,West Nicholasberg,Maine
3780,979,122,6,30.44,182.64,2025-02-13,Shipped,Petersonfort,Georgia
3781,765,121,11,6.52,71.72,2025-10-06,Delivered,Bentleyborough,Virginia
3782,632,28,1,84.71,84.71,2025-02-17,Delivered,Lake Renee,Washington
3783,210,93,2,130.28,260.56,2024-08-20,Delivered,Ryanmouth,Delaware
3784,993,48,10,46.46,464.6,2025-03-24,Delivered,North Josephmouth,Wyoming
3785,336,116,1,154.63,154.63,2024-09-14,Delivered,West Tina,Pennsylvania
3786,200,77,4,5.4,21.6,2025-01-24,Shipped,Morganshire,Florida
3787,494,149,1,274.44,274.44,2024-05-26,Shipped,Bentleyfurt,Delaware
3788,553,133,5,46.43,232.15,2024-07-11,Delivered,Port Shelly,Illinois
3789,91,118,2,103.99,207.98,2025-06-28,Delivered,Jonesmouth,Montana
3790,422,128,3,15.74,47.22,2025-05-06,Shipped,Clarkmouth,Washington
3791,861,19,3,342.31,1026.93,2024-04-20,Delivered,Lake Anthony,Maine
3792,937,127,1,150.5,150.5,2025-04-07,Delivered,Howardland,Colorado
3793,576,161,5,33.62,168.1,2025-06-26,Shipped,Richardshire,Massachusetts
3794,997,13,2,56.57,113.14,2025-09-06,Delivered,Latoyahaven,Alabama
3795,565,120,2,1304.73,2609.46,2025-05-13,Shipped,East Tara,Nebraska
3796,952,174,1,194.56,194.56,2025-10-15,Delivered,Port Brian,Nevada
3797,814,61,4,24.62,98.48,2025-05-03,Delivered,Avilafort,Colorado
3798,447,116,4,154.63,618.52,2024-12-20,Processing,North Toddburgh,Virginia
3799,312,59,3,462.07,1386.21,2024-11-02,Delivered,Davidfort,Connecticut
3800,333,184,1,107.03,107.03,2025-10-01,Delivered,Mooreview,West Virginia
3801,470,2,4,134.26,537.04,2024-09-15,Delivered,Watsonville,Montana
3802,650,26,3,15.15,45.45,2025-06-28,Delivered,Alexanderside,West Virginia
3803,784,169,3,175.75,527.25,2024-11-15,Shipped,Kimberlytown,Oklahoma
3804,396,80,1,31.23,31.23,2024-07-04,Shipped,Davidhaven,North Carolina
3805,989,134,2,53.71,107.42,2024-10-18,Delivered,South Joelton,Ohio
3806,234,84,3,148.96,446.88,2024-07-19,Delivered,East Davidview,North Dakota
3807,367,148,2,639.02,1278.04,2025-05-29,Delivered,Port Marieside,Virginia
3808,3,185,1,141.13,141.13,2024-07-25,Shipped,Tapiaburgh,New Hampshire
3809,496,48,12,46.46,557.52,2025-04-15,Delivered,Jamesburgh,Florida
3810,955,145,1,88.28,88.28,2025-05-21,Delivered,New Ricardofort,Utah
3811,350,163,4,113.36,453.44,2025-12-13,Delivered,Wendyfurt,Washington
3812,666,113,3,22.71,68.13,2025-07-13,Delivered,North Codychester,Utah
3813,297,101,1,450.0,450.0,2025-06-05,Delivered,Lake Jonathan,Vermont
3814,248,149,2,274.44,0.0,2025-11-07,Cancelled,West Kaylabury,Vermont
3815,682,154,2,42.12,0.0,2025-01-31,Cancelled,Danielport,Oregon
3816,63,195,1,32.25,32.25,2025-02-11,Delivered,North Carmen,Iowa
3817,599,130,2,87.12,174.24,2025-08-16,Delivered,East Andrea,Georgia
3818,7,6,2,1964.49,0.0,2025-06-27,Cancelled,Kleinton,Tennessee
3819,281,134,4,53.71,214.84,2024-08-29,Delivered,Joeton,New Hampshire
3820,292,24,2,180.09,360.18,2025-02-13,Delivered,Lake Michaelmouth,Arkansas
3821,346,180,3,5.05,15.15,2025-04-24,Delivered,Lonnieborough,Indiana
3822,554,23,1,16.35,16.35,2025-06-03,Processing,Zimmermanmouth,Vermont
3823,947,191,4,126.39,505.56,2025-02-24,Delivered,Lopezberg,South Carolina
3824,63,18,3,143.63,0.0,2025-06-27,Cancelled,North Carmen,Iowa
3825,870,36,3,193.51,580.53,2024-10-12,Delivered,Stanleychester,Nevada
3826,410,169,3,175.75,527.25,2025-08-13,Delivered,Davidbury,Arizona
3827,105,89,2,695.64,1391.28,2025-09-08,Delivered,South Lisa,Rhode Island
3828,749,180,11,5.05,55.55,2024-05-17,Delivered,Nathanmouth,South Dakota
3829,142,152,1,105.39,105.39,2024-05-31,Delivered,Brittanytown,Nevada
3830,156,82,1,29.07,29.07,2024-12-20,Delivered,Pagemouth,Maine
3831,788,112,3,53.86,161.58,2024-01-04,Delivered,Lake Angela,Oregon
3832,924,72,1,9.09,9.09,2024-05-14,Processing,Hillberg,Georgia
3833,311,82,11,29.07,319.77,2025-08-07,Delivered,South Philipland,Texas
3834,855,94,1,41.9,41.9,2024-04-13,Delivered,Michaelborough,Minnesota
3835,134,146,4,157.34,629.36,2024-02-24,Shipped,Kellyfurt,New Jersey
3836,391,197,5,42.46,212.3,2024-02-03,Delivered,Lake Kristenbury,Texas
3837,29,84,3,148.96,446.88,2025-05-15,Delivered,Owensborough,Florida
3838,970,132,1,895.45,895.45,2025-03-08,Delivered,Robertsborough,Utah
3839,632,102,4,16.48,65.92,2025-09-11,Shipped,Lake Renee,Washington
3840,158,23,3,16.35,49.05,2025-09-13,Delivered,New Patrick,Indiana
3841,237,111,1,93.95,93.95,2025-03-20,Delivered,North Tyroneport,South Dakota
3842,586,188,1,102.39,102.39,2024-03-01,Shipped,South Johnton,Kansas
3843,147,97,3,43.15,129.45,2025-06-25,Delivered,Stephanieburgh,Alaska
3844,269,68,2,113.46,226.92,2025-04-25,Delivered,New Courtneyview,Tennessee
3845,400,104,1,1515.73,1515.73,2025-09-23,Delivered,Andersonside,Wyoming
3846,469,130,1,87.12,87.12,2024-02-25,Delivered,Joneshaven,Minnesota
3847,346,196,2,138.33,276.66,2024-09-29,Delivered,Lonnieborough,Indiana
3848,209,102,3,16.48,49.44,2024-01-11,Processing,Vickiestad,Louisiana
3849,36,112,2,53.86,107.72,2024-06-21,Delivered,Lake Christopherville,Indiana
3850,302,200,2,41.6,83.2,2024-07-01,Delivered,Seanmouth,North Carolina
3851,315,131,2,917.21,1834.42,2025-10-06,Delivered,Matthewview,New Hampshire
3852,240,171,1,142.38,142.38,2025-10-14,Shipped,Schmidtchester,Michigan
3853,528,160,6,37.99,227.94,2024-12-15,Shipped,Pamelaburgh,Wyoming
3854,291,128,6,15.74,94.44,2025-10-31,Delivered,North Patricia,Vermont
3855,418,158,2,34.1,68.2,2024-12-25,Delivered,Ericstad,Florida
3856,239,138,1,160.33,160.33,2024-05-25,Processing,Aaronside,Idaho
3857,452,91,1,222.92,222.92,2025-03-01,Processing,North Chadtown,Missouri
3858,34,96,1,286.65,286.65,2024-10-14,Delivered,Joseland,Alabama
3859,587,55,1,29.42,29.42,2025-07-18,Delivered,North Matthewland,Maine
3860,671,114,5,74.03,370.15,2024-08-12,Delivered,East Johnside,Oregon
3861,629,27,11,27.66,0.0,2024-09-20,Cancelled,Jonesburgh,New Hampshire
3862,649,88,2,548.48,1096.96,2025-01-01,Processing,East Jenniferfort,New Mexico
3863,889,46,2,35.34,70.68,2025-09-18,Delivered,Port Jacquelinemouth,Rhode Island
3864,286,101,2,450.0,900.0,2025-04-29,Shipped,New Zacharyshire,Wisconsin
3865,406,2,3,134.26,402.78,2024-09-07,Delivered,Calvinview,Utah
3866,507,80,2,31.23,62.46,2025-11-25,Delivered,Vincentborough,Utah
3867,607,91,1,222.92,222.92,2024-03-09,Delivered,Walkertown,North Carolina
3868,244,91,3,222.92,668.76,2024-05-06,Delivered,Joannebury,New Jersey
3869,5,107,3,56.54,169.62,2024-10-10,Delivered,South Natalieshire,New Jersey
3870,792,171,2,142.38,284.76,2025-05-02,Delivered,North John,North Carolina
3871,432,96,3,286.65,859.95,2025-10-23,Delivered,Lake Rachelberg,Hawaii
3872,926,12,1,899.79,899.79,2024-07-14,Delivered,Alexanderview,Hawaii
3873,596,178,1,11.5,11.5,2025-08-17,Delivered,Lake Michael,Colorado
3874,994,148,1,639.02,639.02,2024-11-19,Returned,New Jamesland,Tennessee
3875,164,189,3,48.34,145.02,2025-08-20,Shipped,Port Stacystad,Vermont
3876,552,182,2,675.46,0.0,2025-01-04,Cancelled,Port Anthonymouth,Kentucky
3877,119,68,3,113.46,340.38,2024-05-13,Delivered,North Vanessaland,Virginia
3878,294,120,2,1304.73,2609.46,2024-11-29,Delivered,Port Brandon,Washington
3879,18,5,6,14.19,0.0,2025-03-04,Cancelled,East Brian,New Hampshire
3880,588,119,3,27.5,82.5,2025-04-18,Processing,Thomasmouth,Texas
3881,776,152,5,105.39,526.95,2025-07-23,Delivered,Davidhaven,Louisiana
3882,676,160,11,37.99,417.89,2025-10-22,Returned,Juanbury,Georgia
3883,170,132,2,895.45,1790.9,2025-08-03,Processing,Tonyshire,Virginia
3884,757,137,3,484.65,1453.95,2025-08-08,Delivered,Valenciachester,Florida
3885,537,71,1,311.35,311.35,2024-01-27,Delivered,West Ryanton,West Virginia
3886,593,34,4,24.01,96.04,2024-07-04,Delivered,North Walterbury,Pennsylvania
3887,506,100,1,48.33,48.33,2025-08-29,Processing,South Danielborough,Idaho
3888,359,181,3,86.64,259.92,2025-06-19,Delivered,Jordanshire,Washington
3889,56,7,1,43.74,43.74,2024-10-10,Shipped,Lesliemouth,South Carolina
3890,454,124,1,108.4,108.4,2025-12-13,Delivered,Biancamouth,West Virginia
3891,423,34,5,24.01,120.05,2025-12-08,Delivered,New Angelaburgh,Maine
3892,422,81,3,51.28,153.84,2024-08-20,Processing,Clarkmouth,Washington
3893,504,68,3,113.46,340.38,2024-10-28,Delivered,North Paul,Virginia
3894,118,47,1,188.28,188.28,2024-11-13,Shipped,North Michelletown,Nebraska
3895,466,161,5,33.62,168.1,2025-08-22,Delivered,New Justin,Washington
3896,757,43,2,102.37,204.74,2025-08-12,Delivered,Valenciachester,Florida
3897,730,62,4,99.97,0.0,2025-12-16,Cancelled,Richardside,South Dakota
3898,506,109,2,115.28,230.56,2025-01-13,Delivered,South Danielborough,Idaho
3899,243,25,3,212.04,636.12,2024-03-18,Delivered,Port Danielland,Washington
3900,54,105,1,136.66,136.66,2025-05-30,Delivered,Leeburgh,Maine
3901,896,86,1,1337.83,1337.83,2025-02-24,Delivered,Randyhaven,Georgia
3902,949,10,4,107.87,431.48,2025-04-09,Delivered,East Johnside,Illinois
3903,146,171,3,142.38,427.14,2024-07-23,Delivered,East Jasonmouth,South Dakota
3904,287,190,2,11.07,22.14,2024-11-28,Delivered,North Patricktown,Alaska
3905,498,88,1,548.48,548.48,2025-07-03,Delivered,North Cassandra,Illinois
3906,465,138,1,160.33,160.33,2025-02-27,Delivered,Vazquezville,New Mexico
3907,631,4,1,40.83,40.83,2025-08-18,Shipped,Amandamouth,Oregon
3908,799,4,6,40.83,244.98,2024-06-10,Delivered,Barkershire,Michigan
3909,879,96,3,286.65,859.95,2025-08-17,Delivered,Watsonport,Kentucky
3910,678,148,2,639.02,1278.04,2024-09-11,Delivered,East Charlesstad,South Dakota
3911,901,91,2,222.92,445.84,2024-05-02,Delivered,Lake Dana,Tennessee
3912,320,122,3,30.44,91.32,2024-04-22,Delivered,Maryview,Ohio
3913,38,59,1,462.07,462.07,2024-11-15,Processing,West Nataliehaven,Arizona
3914,388,15,2,22.83,45.66,2024-03-27,Shipped,Murphyhaven,Maryland
3915,844,18,5,143.63,718.15,2024-07-18,Delivered,Priscillafurt,Connecticut
3916,261,50,9,23.62,212.58,2025-01-23,Delivered,Larrybury,Minnesota
3917,640,86,2,1337.83,2675.66,2024-03-31,Shipped,Melanieland,Massachusetts
3918,628,7,4,43.74,174.96,2025-10-30,Delivered,New Sarahton,Idaho
3919,854,8,1,80.04,80.04,2024-07-11,Delivered,South Joshuaburgh,New Mexico
3920,37,60,1,493.39,493.39,2024-07-23,Delivered,Zacharychester,New York
3921,426,4,5,40.83,204.15,2025-06-08,Delivered,North Todd,Arizona
3922,774,145,1,88.28,88.28,2025-08-15,Delivered,North Adamland,Rhode Island
3923,500,141,2,55.53,111.06,2025-04-22,Shipped,Heidimouth,Arizona
3924,785,168,5,16.61,83.05,2024-07-14,Delivered,Ramirezside,Pennsylvania
3925,879,72,2,9.09,18.18,2025-08-20,Shipped,Watsonport,Kentucky
3926,380,106,5,26.57,132.85,2025-02-13,Delivered,North Michellemouth,Kentucky
3927,860,15,5,22.83,114.15,2025-12-30,Delivered,Kaylatown,Rhode Island
3928,243,197,5,42.46,212.3,2025-09-02,Shipped,Port Danielland,Washington
3929,555,176,2,98.52,197.04,2024-06-05,Delivered,Lake Marymouth,Illinois
3930,957,68,1,113.46,113.46,2024-07-19,Delivered,Samanthaville,Michigan
3931,269,175,3,58.63,175.89,2024-02-13,Delivered,New Courtneyview,Tennessee
3932,174,190,1,11.07,11.07,2024-06-17,Delivered,Simpsonchester,Virginia
3933,202,39,4,35.25,141.0,2024-05-25,Delivered,North Jerry,Kentucky
3934,770,129,1,165.48,165.48,2025-05-17,Shipped,Sandraside,Oklahoma
3935,492,175,1,58.63,58.63,2025-05-26,Delivered,East Nathanielchester,Ohio
3936,217,119,2,27.5,55.0,2025-02-13,Delivered,Aguilarchester,Nevada
3937,438,156,3,76.9,230.7,2025-05-29,Delivered,East John,Delaware
3938,220,96,2,286.65,573.3,2025-01-23,Delivered,Cindyport,North Dakota
3939,78,130,3,87.12,261.36,2025-07-31,Delivered,Lake Jonathanton,Alabama
3940,470,67,9,22.32,200.88,2025-04-14,Delivered,Watsonville,Montana
3941,879,133,5,46.43,232.15,2025-09-14,Delivered,Watsonport,Kentucky
3942,416,24,2,180.09,360.18,2025-08-30,Delivered,Kellyshire,South Dakota
3943,313,137,1,484.65,484.65,2024-12-21,Delivered,Hernandezberg,North Carolina
3944,111,24,3,180.09,540.27,2024-11-22,Delivered,Santosview,Florida
3945,703,143,2,148.64,297.28,2024-02-24,Shipped,New Lindsayton,South Carolina
3946,718,114,5,74.03,370.15,2025-05-12,Returned,West Kristinstad,New Hampshire
3947,590,80,9,31.23,281.07,2024-08-30,Shipped,Port Jennifer,Connecticut
3948,346,151,1,192.55,192.55,2025-09-11,Delivered,Lonnieborough,Indiana
3949,767,53,1,75.3,75.3,2025-02-14,Shipped,Port Matthew,Oklahoma
3950,572,85,1,490.6,0.0,2024-03-10,Cancelled,Johnsonstad,Arkansas
3951,567,13,2,56.57,113.14,2025-10-26,Delivered,Whiteheadmouth,Tennessee
3952,274,93,1,130.28,130.28,2025-09-04,Delivered,Mcdonaldtown,New Mexico
3953,282,56,1,208.97,208.97,2024-03-14,Delivered,Lake Robinfort,Maine
3954,527,28,1,84.71,84.71,2024-10-08,Delivered,South Susanfort,Nebraska
3955,134,7,5,43.74,218.7,2025-02-19,Delivered,Kellyfurt,New Jersey
3956,738,55,1,29.42,29.42,2025-03-22,Delivered,Chapmanville,Tennessee
3957,226,15,2,22.83,45.66,2025-09-27,Delivered,Josephview,Florida
3958,261,139,3,74.52,223.56,2024-09-17,Shipped,Larrybury,Minnesota
3959,658,183,1,258.69,258.69,2024-01-31,Delivered,North Melissaborough,Connecticut
3960,811,185,5,141.13,705.65,2025-01-04,Delivered,Julialand,New Mexico
3961,176,105,3,136.66,409.98,2024-05-12,Delivered,Jacobview,Maryland
3962,415,79,2,383.68,767.36,2024-04-30,Delivered,South Justin,Mississippi
3963,511,10,3,107.87,323.61,2024-04-27,Shipped,South Amanda,Alabama
3964,159,150,1,167.9,167.9,2024-11-19,Shipped,Blackbury,Washington
3965,270,160,11,37.99,417.89,2025-05-04,Shipped,New Patricktown,Montana
3966,152,66,3,235.08,705.24,2024-05-11,Delivered,Port Christopherchester,South Carolina
3967,141,31,3,50.16,150.48,2025-07-06,Delivered,Port Jamesbury,Indiana
3968,918,127,3,150.5,451.5,2024-04-21,Delivered,Robertchester,Arkansas
3969,940,36,2,193.51,387.02,2025-12-01,Shipped,North David,Tennessee
3970,369,107,1,56.54,56.54,2025-10-04,Returned,Ryanport,Vermont
3971,535,154,5,42.12,210.6,2025-02-20,Delivered,Torresmouth,Washington
3972,428,34,4,24.01,96.04,2024-04-19,Delivered,Lake Kayla,South Dakota
3973,934,177,1,1488.3,1488.3,2024-08-07,Shipped,Heatherside,Hawaii
3974,216,112,2,53.86,107.72,2024-08-22,Delivered,Robinsonton,Colorado
3975,726,183,2,258.69,517.38,2025-04-05,Processing,Larsenshire,Pennsylvania
3976,315,138,3,160.33,480.99,2024-02-18,Delivered,Matthewview,New Hampshire
3977,749,165,4,57.61,230.44,2024-04-20,Delivered,Nathanmouth,South Dakota
3978,823,188,2,102.39,204.78,2024-05-04,Delivered,New James,Virginia
3979,930,84,3,148.96,446.88,2025-08-24,Delivered,East Samuelbury,New Jersey
3980,435,31,2,50.16,100.32,2024-10-21,Delivered,Sheilashire,Missouri
3981,966,103,6,42.88,257.28,2024-05-30,Processing,Port Dorisport,Connecticut
3982,887,149,2,274.44,548.88,2025-08-20,Delivered,New Anitafort,Minnesota
3983,867,97,2,43.15,86.3,2025-01-11,Delivered,Allenfort,Illinois
3984,145,34,3,24.01,72.03,2024-06-12,Delivered,Carrollfurt,Iowa
3985,25,149,1,274.44,274.44,2024-05-23,Delivered,North Tonya,Arkansas
3986,627,171,4,142.38,569.52,2025-11-12,Delivered,Alexandraland,Alaska
3987,348,19,1,342.31,342.31,2025-10-24,Delivered,Scottberg,Kansas
3988,952,50,6,23.62,0.0,2024-10-13,Cancelled,Port Brian,Nevada
3989,884,89,1,695.64,695.64,2024-09-09,Shipped,East Jamesmouth,Kansas
3990,761,158,3,34.1,102.3,2024-02-26,Processing,East Alexander,Oklahoma
3991,570,150,2,167.9,335.8,2024-06-21,Processing,New Ashley,North Dakota
3992,787,192,8,16.8,134.4,2024-11-27,Delivered,East Davidberg,Vermont
3993,256,36,4,193.51,774.04,2024-03-25,Delivered,Lake Kevin,Wyoming
3994,119,196,3,138.33,0.0,2024-05-19,Cancelled,North Vanessaland,Virginia
3995,2,30,1,17.83,17.83,2024-11-01,Shipped,Moralesburgh,North Dakota
3996,966,190,2,11.07,22.14,2024-10-17,Delivered,Port Dorisport,Connecticut
3997,237,113,5,22.71,113.55,2024-11-11,Delivered,North Tyroneport,South Dakota
3998,606,126,9,14.23,128.07,2025-12-07,Delivered,Port Sarah,New Mexico
3999,249,67,4,22.32,89.28,2024-04-21,Shipped,Rosetown,Missouri
4000,380,100,2,48.33,96.66,2024-01-30,Delivered,North Michellemouth,Kentucky
4001,200,81,6,51.28,307.68,2024-12-16,Processing,Morganshire,Florida
4002,925,36,4,193.51,774.04,2024-07-22,Processing,East Gregoryport,Maine
4003,698,8,2,80.04,160.08,2025-06-22,Processing,North Anthony,Massachusetts
4004,480,185,1,141.13,141.13,2025-06-25,Delivered,South Tyler,Arkansas
4005,353,61,8,24.62,196.96,2024-12-23,Delivered,West Georgeton,Michigan
4006,273,43,2,102.37,204.74,2024-08-26,Delivered,Lake Lindaport,Virginia
4007,222,172,5,84.77,423.85,2024-05-07,Delivered,Laurieburgh,Mississippi
4008,436,91,3,222.92,668.76,2025-12-29,Delivered,South Jefferyville,California
4009,712,67,2,22.32,44.64,2024-03-18,Delivered,Harrisborough,Tennessee
4010,865,179,1,486.21,486.21,2025-01-01,Delivered,New Michaelville,South Carolina
4011,599,112,1,53.86,53.86,2024-04-03,Delivered,East Andrea,Georgia
4012,433,40,3,414.22,1242.66,2025-07-23,Returned,Port Diana,Mississippi
4013,986,20,3,34.83,104.49,2025-11-30,Delivered,South Michaelville,Louisiana
4014,480,46,3,35.34,106.02,2025-10-17,Processing,South Tyler,Arkansas
4015,237,91,2,222.92,445.84,2025-01-26,Delivered,North Tyroneport,South Dakota
4016,971,199,1,97.62,97.62,2024-11-21,Delivered,Lake Peterborough,Indiana
4017,471,145,4,88.28,353.12,2025-09-30,Delivered,Donaldbury,Arizona
4018,386,106,1,26.57,26.57,2024-04-14,Processing,Alishamouth,Alabama
4019,679,140,1,1253.62,1253.62,2024-06-17,Delivered,Sullivanbury,Nevada
4020,22,4,6,40.83,244.98,2024-08-06,Processing,Brendastad,Nebraska
4021,955,111,1,93.95,93.95,2024-10-28,Delivered,New Ricardofort,Utah
4022,283,63,2,1487.23,0.0,2025-09-18,Cancelled,Karaside,Arkansas
4023,372,117,1,110.18,110.18,2025-11-20,Delivered,Smithberg,Connecticut
4024,408,146,3,157.34,472.02,2024-05-18,Delivered,Patelville,Iowa
4025,587,157,1,8.59,8.59,2025-01-13,Delivered,North Matthewland,Maine
4026,693,49,3,98.4,295.2,2025-04-18,Shipped,Grossfort,Arkansas
4027,168,117,3,110.18,330.54,2025-09-18,Delivered,Port Kaylamouth,New Mexico
4028,328,24,3,180.09,0.0,2024-07-28,Cancelled,East Nicholas,Massachusetts
4029,427,191,2,126.39,252.78,2024-06-11,Delivered,South Michelleport,Wyoming
4030,261,160,11,37.99,417.89,2024-08-31,Delivered,Larrybury,Minnesota
4031,742,35,3,179.74,539.22,2024-12-02,Shipped,Port Samanthaside,Mississippi
4032,369,86,1,1337.83,1337.83,2025-03-17,Delivered,Ryanport,Vermont
4033,936,141,1,55.53,55.53,2024-12-12,Delivered,Melissachester,Rhode Island
4034,53,141,3,55.53,166.59,2024-02-27,Delivered,Port Kylebury,Ohio
4035,895,123,3,271.01,0.0,2024-03-30,Cancelled,New Reneeburgh,Maryland
4036,456,163,3,113.36,340.08,2025-05-03,Processing,South Ashley,Massachusetts
4037,664,87,2,29.52,59.04,2024-06-21,Delivered,Mendozafurt,Connecticut
4038,343,2,4,134.26,537.04,2025-11-08,Shipped,Christianstad,Montana
4039,504,110,1,26.8,26.8,2024-09-14,Processing,North Paul,Virginia
4040,644,190,5,11.07,0.0,2025-01-17,Cancelled,Kaylamouth,Ohio
4041,632,50,12,23.62,283.44,2025-11-04,Delivered,Lake Renee,Washington
4042,731,174,3,194.56,583.68,2024-05-14,Shipped,Scottstad,North Dakota
4043,459,169,1,175.75,175.75,2024-04-30,Delivered,Rodriguezmouth,New York
4044,884,3,1,34.78,34.78,2024-12-27,Processing,East Jamesmouth,Kansas
4045,365,68,3,113.46,340.38,2024-02-06,Delivered,Christopherborough,Kansas
4046,819,141,5,55.53,277.65,2025-07-05,Returned,Clarkhaven,Texas
4047,447,103,7,42.88,300.16,2025-08-27,Delivered,North Toddburgh,Virginia
4048,366,140,1,1253.62,1253.62,2025-09-06,Shipped,Randallborough,Illinois
4049,633,92,2,11.68,23.36,2025-08-10,Processing,Allenburgh,Michigan
4050,110,25,1,212.04,212.04,2024-06-03,Delivered,Breannafurt,New Jersey
4051,528,137,3,484.65,1453.95,2024-05-22,Processing,Pamelaburgh,Wyoming
4052,542,86,1,1337.83,0.0,2025-05-01,Cancelled,Chavezburgh,Michigan
4053,19,174,2,194.56,389.12,2025-03-03,Delivered,North Davidshire,Vermont
4054,615,86,1,1337.83,1337.83,2024-01-03,Shipped,Grossshire,Montana
4055,749,173,1,63.4,63.4,2025-06-29,Shipped,Nathanmouth,South Dakota
4056,946,136,1,81.75,81.75,2025-10-30,Processing,Port Anthony,Utah
4057,425,167,1,243.83,243.83,2024-10-05,Delivered,Brettstad,New Hampshire
4058,394,26,4,15.15,60.6,2025-02-14,Delivered,Johnsonville,Wyoming
4059,486,149,3,274.44,0.0,2025-12-22,Cancelled,Lake Dianeton,Illinois
4060,921,15,2,22.83,45.66,2024-11-15,Delivered,Marioside,Michigan
4061,106,165,1,57.61,57.61,2025-04-08,Processing,South Justin,Georgia
4062,611,103,11,42.88,471.68,2025-06-26,Delivered,West Susanmouth,Florida
4063,40,32,2,87.66,175.32,2024-03-23,Shipped,East Nicolas,Louisiana
4064,513,121,9,6.52,58.68,2024-07-26,Delivered,North Karen,Kentucky
4065,419,74,1,301.83,301.83,2025-11-05,Shipped,Deannaburgh,Missouri
4066,889,126,3,14.23,42.69,2025-12-30,Shipped,Port Jacquelinemouth,Rhode Island
4067,589,89,1,695.64,695.64,2024-08-08,Delivered,Samuelview,Florida
4068,219,175,2,58.63,117.26,2024-02-09,Delivered,Grayport,Georgia
4069,740,48,5,46.46,232.3,2025-11-07,Processing,Lake Marilyn,Wisconsin
4070,234,18,3,143.63,430.89,2025-02-21,Shipped,East Davidview,North Dakota
4071,964,136,2,81.75,163.5,2024-05-31,Delivered,Meganbury,Connecticut
4072,618,182,1,675.46,675.46,2025-01-28,Shipped,Jacksonview,Alaska
4073,569,160,9,37.99,341.91,2025-05-26,Delivered,Stanleychester,Massachusetts
4074,330,47,3,188.28,564.84,2025-12-12,Delivered,Hamiltonmouth,Utah
4075,676,169,4,175.75,703.0,2024-10-05,Delivered,Juanbury,Georgia
4076,23,43,2,102.37,204.74,2024-11-15,Delivered,Jeanetteview,Texas
4077,398,52,4,27.18,108.72,2024-12-16,Delivered,Williamview,Delaware
4078,795,85,2,490.6,981.2,2024-09-17,Delivered,Patelchester,New Hampshire
4079,350,137,2,484.65,969.3,2025-08-16,Shipped,Wendyfurt,Washington
4080,277,118,3,103.99,311.97,2025-12-23,Delivered,Rachelfort,New Jersey
4081,336,111,3,93.95,281.85,2025-11-19,Delivered,West Tina,Pennsylvania
4082,404,9,1,160.49,160.49,2024-10-03,Delivered,Laceyport,Washington
4083,891,155,2,97.2,194.4,2025-09-20,Processing,Fischerborough,Idaho
4084,653,145,1,88.28,88.28,2025-02-24,Delivered,West Jeremyville,Oregon
4085,239,181,1,86.64,86.64,2024-07-16,Processing,Aaronside,Idaho
4086,622,160,12,37.99,455.88,2024-08-12,Delivered,Dianachester,Georgia
4087,476,106,1,26.57,26.57,2025-05-20,Shipped,West Gordonville,Maine
4088,653,124,3,108.4,325.2,2025-10-16,Delivered,West Jeremyville,Oregon
4089,838,30,1,17.83,17.83,2024-10-27,Processing,Marshfort,Oklahoma
4090,933,133,2,46.43,92.86,2025-12-11,Delivered,Longside,Michigan
4091,819,186,3,304.0,912.0,2024-01-29,Delivered,Clarkhaven,Texas
4092,509,31,1,50.16,50.16,2025-09-03,Delivered,North Katie,Virginia
4093,225,116,1,154.63,154.63,2025-09-25,Delivered,Rowechester,Massachusetts
4094,485,154,5,42.12,210.6,2024-12-08,Delivered,South Lindaton,North Carolina
4095,558,5,2,14.19,28.38,2025-03-15,Shipped,Danielleville,Utah
4096,433,121,12,6.52,78.24,2024-07-03,Delivered,Port Diana,Mississippi
4097,769,69,5,12.9,64.5,2025-08-28,Delivered,West Sara,Nebraska
4098,25,16,3,53.79,161.37,2025-11-29,Shipped,North Tonya,Arkansas
4099,718,8,4,80.04,320.16,2024-11-26,Delivered,West Kristinstad,New Hampshire
4100,976,128,3,15.74,47.22,2024-03-15,Processing,Carneyburgh,Tennessee
4101,860,18,2,143.63,287.26,2024-02-03,Delivered,Kaylatown,Rhode Island
4102,897,27,11,27.66,0.0,2025-08-29,Cancelled,Castrotown,Montana
4103,739,14,4,28.78,115.12,2024-08-28,Shipped,Lake Ronaldmouth,Virginia
4104,863,72,9,9.09,81.81,2024-02-18,Delivered,Lake Amandahaven,Rhode Island
4105,587,142,3,241.68,725.04,2024-05-30,Shipped,North Matthewland,Maine
4106,382,91,3,222.92,668.76,2025-10-02,Delivered,Anthonyborough,Oklahoma
4107,689,187,2,85.38,170.76,2025-03-12,Delivered,West Jillhaven,New York
4108,385,47,2,188.28,376.56,2024-10-22,Delivered,Russellborough,Nebraska
4109,421,156,4,76.9,307.6,2024-03-27,Delivered,South Leah,Louisiana
4110,49,176,3,98.52,295.56,2025-07-21,Delivered,South Joshualand,Vermont
4111,429,72,9,9.09,81.81,2025-08-10,Delivered,Aaronborough,Maryland
4112,242,138,1,160.33,160.33,2024-06-07,Delivered,Isaacburgh,Connecticut
4113,109,84,3,148.96,446.88,2024-03-13,Processing,Maciaschester,Utah
4114,152,20,2,34.83,69.66,2025-03-15,Delivered,Port Christopherchester,South Carolina
4115,570,109,1,115.28,115.28,2025-11-16,Delivered,New Ashley,North Dakota
4116,466,154,4,42.12,168.48,2024-06-24,Delivered,New Justin,Washington
4117,476,23,1,16.35,16.35,2024-05-16,Delivered,West Gordonville,Maine
4118,380,21,3,65.8,197.4,2024-05-02,Delivered,North Michellemouth,Kentucky
4119,333,140,1,1253.62,1253.62,2025-06-30,Delivered,Mooreview,West Virginia
4120,733,42,3,146.77,440.31,2025-01-23,Delivered,South Rebecca,Maine
4121,690,121,10,6.52,65.2,2025-05-15,Delivered,New Tiffany,Arizona
4122,182,188,3,102.39,307.17,2024-04-19,Delivered,Gregoryborough,North Dakota
4123,212,179,1,486.21,486.21,2025-04-23,Delivered,Port Jessicaside,Massachusetts
4124,126,71,2,311.35,0.0,2025-07-29,Cancelled,Ritashire,New Jersey
4125,41,90,1,170.31,170.31,2024-01-03,Delivered,Jameschester,Pennsylvania
4126,699,159,3,28.19,84.57,2025-02-06,Delivered,Mckinneychester,Nebraska
4127,669,160,7,37.99,265.93,2025-02-28,Delivered,East Dustinburgh,Maine
4128,554,96,2,286.65,573.3,2024-07-06,Delivered,Zimmermanmouth,Vermont
4129,218,30,3,17.83,53.49,2025-12-21,Delivered,Shannonshire,Pennsylvania
4130,110,118,3,103.99,311.97,2025-07-26,Shipped,Breannafurt,New Jersey
4131,619,177,2,1488.3,2976.6,2025-04-30,Delivered,East Theresahaven,Colorado
4132,521,127,2,150.5,301.0,2025-04-07,Delivered,Jodifurt,New Mexico
4133,84,77,5,5.4,27.0,2025-04-08,Delivered,Christinaport,Idaho
4134,247,74,2,301.83,603.66,2025-11-20,Delivered,Morrisonbury,Nebraska
4135,395,130,3,87.12,261.36,2024-01-13,Delivered,Deborahberg,Washington
4136,11,93,4,130.28,521.12,2025-01-27,Delivered,Nathanland,Arkansas
4137,411,74,1,301.83,301.83,2025-12-21,Delivered,Vasquezfurt,Massachusetts
4138,375,139,3,74.52,223.56,2025-12-17,Delivered,Murrayborough,Tennessee
4139,573,129,3,165.48,496.44,2025-08-12,Processing,Richardside,Arkansas
4140,430,166,1,80.7,80.7,2024-08-22,Delivered,South Connor,Montana
4141,557,112,2,53.86,107.72,2025-08-26,Delivered,Anthonyton,Colorado
4142,753,81,2,51.28,0.0,2024-07-16,Cancelled,Monicafort,Hawaii
4143,171,158,3,34.1,102.3,2025-11-12,Delivered,Cassandrashire,New York
4144,91,143,3,148.64,445.92,2024-06-22,Delivered,Jonesmouth,Montana
4145,147,70,2,29.96,59.92,2025-02-16,Delivered,Stephanieburgh,Alaska
4146,131,160,6,37.99,227.94,2025-12-01,Delivered,East Jillstad,Pennsylvania
4147,943,83,2,9.9,19.8,2025-06-16,Shipped,Paulville,Texas
4148,482,144,5,37.02,185.1,2024-05-01,Delivered,South Calebshire,Illinois
4149,19,31,4,50.16,200.64,2025-12-06,Delivered,North Davidshire,Vermont
4150,763,191,1,126.39,126.39,2024-04-14,Delivered,Franklinville,Washington
4151,666,81,2,51.28,102.56,2025-12-30,Returned,North Codychester,Utah
4152,857,57,5,115.26,576.3,2025-05-16,Delivered,Jonesborough,South Dakota
4153,429,40,2,414.22,828.44,2024-02-07,Delivered,Aaronborough,Maryland
4154,160,115,4,98.26,393.04,2024-03-22,Shipped,Lake Marcus,Virginia
4155,109,48,9,46.46,0.0,2024-11-28,Cancelled,Maciaschester,Utah
4156,740,158,1,34.1,34.1,2024-07-12,Delivered,Lake Marilyn,Wisconsin
4157,986,22,3,413.03,0.0,2024-04-08,Cancelled,South Michaelville,Louisiana
4158,339,124,1,108.4,0.0,2025-11-25,Cancelled,Cesartown,Ohio
4159,657,19,2,342.31,684.62,2024-05-13,Delivered,North Richardview,Kansas
4160,984,20,3,34.83,104.49,2024-06-11,Shipped,Sandramouth,Oregon
4161,767,8,2,80.04,160.08,2024-10-06,Delivered,Port Matthew,Oklahoma
4162,645,180,8,5.05,40.4,2025-02-28,Delivered,New Antonioport,North Carolina
4163,216,9,3,160.49,481.47,2024-02-03,Delivered,Robinsonton,Colorado
4164,224,110,5,26.8,134.0,2024-01-05,Processing,Larsonshire,Connecticut
4165,918,121,6,6.52,39.12,2025-09-29,Processing,Robertchester,Arkansas
4166,713,87,2,29.52,59.04,2024-05-10,Delivered,South James,Ohio
4167,528,148,1,639.02,639.02,2025-10-05,Delivered,Pamelaburgh,Wyoming
4168,38,65,3,337.28,1011.84,2024-11-11,Delivered,West Nataliehaven,Arizona
4169,935,175,1,58.63,58.63,2024-09-25,Delivered,Moralesstad,Ohio
4170,753,116,2,154.63,309.26,2025-12-06,Shipped,Monicafort,Hawaii
4171,202,91,3,222.92,668.76,2025-12-15,Delivered,North Jerry,Kentucky
4172,52,90,4,170.31,681.24,2025-12-18,Delivered,Lorifurt,Ohio
4173,198,113,2,22.71,45.42,2024-02-22,Delivered,Andrewmouth,Texas
4174,70,147,2,487.95,0.0,2025-09-06,Cancelled,Evansmouth,Indiana
4175,845,93,2,130.28,260.56,2024-05-14,Shipped,Larryton,Utah
4176,266,156,1,76.9,76.9,2025-11-14,Delivered,Jocelynbury,Vermont
4177,43,60,1,493.39,493.39,2024-04-22,Delivered,Johnfort,North Carolina
4178,512,147,1,487.95,0.0,2025-12-22,Cancelled,Jasonchester,New Hampshire
4179,427,84,1,148.96,148.96,2024-06-22,Returned,South Michelleport,Wyoming
4180,889,122,2,30.44,0.0,2024-03-12,Cancelled,Port Jacquelinemouth,Rhode Island
4181,360,13,1,56.57,56.57,2024-11-24,Delivered,North Georgeside,Louisiana
4182,294,15,4,22.83,91.32,2024-04-17,Delivered,Port Brandon,Washington
4183,36,115,3,98.26,294.78,2025-11-23,Delivered,Lake Christopherville,Indiana
4184,422,66,2,235.08,470.16,2025-03-28,Processing,Clarkmouth,Washington
4185,843,25,3,212.04,636.12,2024-03-10,Delivered,Port Megantown,Ohio
4186,520,17,2,625.15,1250.3,2024-08-23,Delivered,Wilsonside,Delaware
4187,677,19,3,342.31,1026.93,2025-12-29,Delivered,Port Susanchester,West Virginia
4188,494,70,3,29.96,89.88,2024-03-18,Returned,Bentleyfurt,Delaware
4189,890,58,2,1142.69,2285.38,2025-12-15,Processing,New Tyler,Texas
4190,586,11,5,50.75,253.75,2025-10-08,Delivered,South Johnton,Kansas
4191,925,184,3,107.03,321.09,2024-12-24,Delivered,East Gregoryport,Maine
4192,621,151,1,192.55,192.55,2025-06-08,Delivered,Lake Amy,North Carolina
4193,577,62,2,99.97,199.94,2025-10-29,Delivered,Sarahmouth,Arizona
4194,500,24,1,180.09,180.09,2025-10-14,Delivered,Heidimouth,Arizona
4195,164,23,2,16.35,32.7,2024-12-24,Delivered,Port Stacystad,Vermont
4196,55,28,3,84.71,254.13,2024-02-14,Processing,Ashleyfort,Maryland
4197,989,1,2,21.77,0.0,2025-04-12,Cancelled,South Joelton,Ohio
4198,309,136,5,81.75,408.75,2025-09-28,Delivered,New Cassidy,Rhode Island
4199,34,133,1,46.43,46.43,2024-08-04,Delivered,Joseland,Alabama
4200,773,73,2,456.73,913.46,2025-10-22,Delivered,East Anthonychester,Massachusetts
4201,757,52,2,27.18,54.36,2025-03-18,Delivered,Valenciachester,Florida
4202,842,75,1,51.24,51.24,2024-12-23,Delivered,Williamhaven,Utah
4203,785,30,1,17.83,17.83,2025-08-28,Delivered,Ramirezside,Pennsylvania
4204,240,91,2,222.92,445.84,2024-12-06,Delivered,Schmidtchester,Michigan
4205,385,91,3,222.92,668.76,2024-11-21,Delivered,Russellborough,Nebraska
4206,284,114,4,74.03,296.12,2024-09-20,Delivered,East Angel,Missouri
4207,222,151,3,192.55,577.65,2024-08-08,Delivered,Laurieburgh,Mississippi
4208,421,29,3,264.9,794.7,2024-09-29,Returned,South Leah,Louisiana
4209,342,22,2,413.03,826.06,2024-03-04,Delivered,North Diana,South Dakota
4210,887,24,3,180.09,540.27,2025-05-18,Delivered,New Anitafort,Minnesota
4211,159,133,1,46.43,46.43,2025-01-14,Delivered,Blackbury,Washington
4212,743,115,2,98.26,196.52,2024-03-23,Shipped,Bryanhaven,New Hampshire
4213,416,161,12,33.62,403.44,2025-04-16,Delivered,Kellyshire,South Dakota
4214,433,160,5,37.99,189.95,2025-12-11,Shipped,Port Diana,Mississippi
4215,416,104,1,1515.73,1515.73,2025-09-15,Delivered,Kellyshire,South Dakota
4216,463,120,2,1304.73,2609.46,2024-01-24,Delivered,Michaelhaven,Washington
4217,503,180,1,5.05,5.05,2025-08-07,Processing,New Lauraborough,Nevada
4218,59,124,3,108.4,325.2,2024-11-19,Delivered,South Paulmouth,Tennessee
4219,116,133,1,46.43,46.43,2024-09-08,Delivered,Patriciashire,Utah
4220,776,8,4,80.04,320.16,2025-10-31,Delivered,Davidhaven,Louisiana
4221,812,106,4,26.57,106.28,2025-03-08,Delivered,Carlamouth,Vermont
4222,241,169,4,175.75,703.0,2025-01-08,Delivered,Armstrongland,North Carolina
4223,750,183,1,258.69,258.69,2024-09-26,Delivered,East Meganland,North Dakota
4224,460,194,2,39.19,78.38,2025-03-23,Shipped,South Richard,New Mexico
4225,329,191,1,126.39,126.39,2024-11-29,Delivered,Marcton,Missouri
4226,220,48,3,46.46,139.38,2024-07-03,Returned,Cindyport,North Dakota
4227,945,80,9,31.23,281.07,2025-11-07,Delivered,East Nataliefurt,California
4228,576,23,4,16.35,65.4,2025-12-31,Shipped,Richardshire,Massachusetts
4229,161,14,1,28.78,28.78,2025-09-04,Delivered,Lake Amyberg,Ohio
4230,721,109,3,115.28,345.84,2025-06-21,Returned,Lake Jessestad,Maine
4231,259,107,1,56.54,56.54,2025-05-19,Delivered,South Jasmine,Montana
4232,311,55,1,29.42,29.42,2025-10-27,Delivered,South Philipland,Texas
4233,326,42,1,146.77,146.77,2024-12-11,Delivered,Lisachester,New York
4234,360,133,2,46.43,92.86,2025-08-06,Delivered,North Georgeside,Louisiana
4235,201,21,5,65.8,329.0,2025-05-11,Shipped,New Brendamouth,New Hampshire
4236,619,96,2,286.65,573.3,2024-09-18,Returned,East Theresahaven,Colorado
4237,652,108,3,52.63,157.89,2025-02-20,Delivered,Rachelfort,Missouri
4238,315,184,3,107.03,321.09,2025-03-31,Delivered,Matthewview,New Hampshire
4239,148,97,4,43.15,172.6,2024-06-21,Delivered,Emmaton,North Carolina
4240,598,69,5,12.9,64.5,2024-11-14,Processing,East Tannerview,Oklahoma
4241,116,115,5,98.26,491.3,2025-06-13,Shipped,Patriciashire,Utah
4242,834,64,1,32.06,32.06,2024-11-14,Processing,South Christie,South Carolina
4243,184,91,3,222.92,668.76,2024-11-09,Returned,Dennisbury,Connecticut
4244,631,153,1,98.25,98.25,2024-12-09,Shipped,Amandamouth,Oregon
4245,173,131,2,917.21,1834.42,2025-09-27,Delivered,Powerschester,Colorado
4246,642,53,2,75.3,150.6,2024-01-23,Shipped,Anneborough,New York
4247,694,125,2,24.59,49.18,2024-10-10,Delivered,Port Louis,New Hampshire
4248,202,138,2,160.33,320.66,2025-09-27,Delivered,North Jerry,Kentucky
4249,64,58,2,1142.69,0.0,2024-03-11,Cancelled,Port James,California
4250,630,168,5,16.61,83.05,2025-01-07,Delivered,Port Lisa,Virginia
4251,594,152,4,105.39,421.56,2025-07-17,Delivered,Chenberg,Pennsylvania
4252,519,177,1,1488.3,1488.3,2025-03-23,Delivered,Stephaniestad,Maine
4253,530,164,1,46.38,46.38,2024-08-06,Delivered,Ashleyside,West Virginia
4254,406,14,3,28.78,0.0,2024-10-20,Cancelled,Calvinview,Utah
4255,643,12,1,899.79,899.79,2025-03-14,Processing,Vanessatown,Mississippi
4256,756,127,2,150.5,301.0,2025-04-28,Delivered,Dianaville,Iowa
4257,936,66,2,235.08,470.16,2025-03-07,Delivered,Melissachester,Rhode Island
4258,869,173,4,63.4,253.6,2024-02-16,Delivered,West Davidport,Arkansas
4259,102,5,11,14.19,156.09,2024-05-28,Delivered,Haileyburgh,Texas
4260,133,73,1,456.73,456.73,2024-06-14,Delivered,Harrisonborough,Arizona
4261,567,168,4,16.61,66.44,2024-07-14,Delivered,Whiteheadmouth,Tennessee
4262,203,179,2,486.21,972.42,2024-02-05,Delivered,South Christopherton,South Carolina
4263,418,20,1,34.83,34.83,2024-07-07,Delivered,Ericstad,Florida
4264,524,23,6,16.35,0.0,2025-09-24,Cancelled,South David,Virginia
4265,467,57,4,115.26,461.04,2024-07-11,Delivered,New Phillip,Nevada
4266,988,56,1,208.97,208.97,2025-10-02,Delivered,Jonesfurt,Missouri
4267,878,156,3,76.9,230.7,2024-06-11,Delivered,Manningbury,West Virginia
4268,681,169,1,175.75,175.75,2025-12-26,Delivered,Christineburgh,Virginia
4269,280,34,3,24.01,72.03,2024-09-01,Delivered,Samanthaland,South Dakota
4270,9,150,3,167.9,503.7,2024-02-26,Delivered,North Karla,Mississippi
4271,409,153,3,98.25,294.75,2025-11-27,Delivered,East Morganton,Indiana
4272,291,54,4,7.54,30.16,2025-06-17,Delivered,North Patricia,Vermont
4273,104,61,2,24.62,49.24,2025-01-17,Delivered,Pamelaville,Louisiana
4274,69,77,1,5.4,5.4,2024-01-13,Shipped,Guzmanmouth,Tennessee
4275,462,136,4,81.75,327.0,2025-09-01,Delivered,Manningstad,Tennessee
4276,237,149,1,274.44,274.44,2024-11-05,Shipped,North Tyroneport,South Dakota
4277,202,112,1,53.86,53.86,2024-06-13,Delivered,North Jerry,Kentucky
4278,816,26,1,15.15,15.15,2024-08-17,Delivered,New Michael,Montana
4279,989,194,6,39.19,235.14,2024-03-09,Delivered,South Joelton,Ohio
4280,940,135,3,144.51,433.53,2025-02-28,Delivered,North David,Tennessee
4281,328,180,9,5.05,0.0,2025-03-07,Cancelled,East Nicholas,Massachusetts
4282,759,127,2,150.5,301.0,2025-08-10,Processing,Port Laurenchester,Utah
4283,298,80,5,31.23,156.15,2024-01-01,Delivered,Lake Codyside,Delaware
4284,938,115,5,98.26,491.3,2024-04-02,Delivered,Mortonville,Alaska
4285,673,16,2,53.79,107.58,2024-09-21,Delivered,Josefurt,Montana
4286,72,154,1,42.12,42.12,2025-05-23,Delivered,Davisville,Mississippi
4287,953,30,1,17.83,17.83,2025-08-01,Delivered,Codychester,Rhode Island
4288,71,39,8,35.25,282.0,2025-12-07,Processing,North Nicholas,New York
4289,686,55,2,29.42,58.84,2024-01-25,Delivered,Port Patrick,Colorado
4290,954,43,1,102.37,102.37,2024-05-13,Shipped,Natalieville,New Mexico
4291,713,104,2,1515.73,3031.46,2025-02-24,Delivered,South James,Ohio
4292,551,188,1,102.39,0.0,2024-10-16,Cancelled,Jasontown,Tennessee
4293,424,13,4,56.57,226.28,2024-05-29,Delivered,Port Christine,Wisconsin
4294,56,3,2,34.78,69.56,2024-04-27,Delivered,Lesliemouth,South Carolina
4295,549,8,5,80.04,400.2,2024-11-24,Delivered,Port Alexandratown,Wyoming
4296,563,172,3,84.77,254.31,2025-02-19,Delivered,Hendrixside,Delaware
4297,976,21,2,65.8,131.6,2024-07-18,Shipped,Carneyburgh,Tennessee
4298,331,39,8,35.25,282.0,2024-07-15,Delivered,West Johnmouth,New Hampshire
4299,986,71,2,311.35,622.7,2024-03-25,Delivered,South Michaelville,Louisiana
4300,839,75,1,51.24,0.0,2024-09-25,Cancelled,Kimberlyburgh,Illinois
4301,38,43,3,102.37,307.11,2024-05-13,Delivered,West Nataliehaven,Arizona
4302,315,138,3,160.33,480.99,2024-06-24,Processing,Matthewview,New Hampshire
4303,581,28,1,84.71,84.71,2025-06-23,Delivered,North Paula,New Jersey
4304,498,164,3,46.38,139.14,2024-08-16,Delivered,North Cassandra,Illinois
4305,504,136,4,81.75,327.0,2024-02-08,Delivered,North Paul,Virginia
4306,817,86,2,1337.83,2675.66,2025-10-18,Delivered,Cameronfurt,New Hampshire
4307,706,63,1,1487.23,1487.23,2024-09-30,Shipped,Gregoryville,New Mexico
4308,204,96,2,286.65,573.3,2025-11-18,Delivered,Lake Samanthaview,Alabama
4309,259,42,2,146.77,293.54,2025-09-03,Processing,South Jasmine,Montana
4310,229,131,1,917.21,917.21,2025-07-14,Delivered,Nancytown,Oklahoma
4311,295,145,3,88.28,0.0,2024-02-10,Cancelled,South Angelica,Alaska
4312,369,188,2,102.39,204.78,2025-04-10,Delivered,Ryanport,Vermont
4313,245,91,1,222.92,222.92,2025-12-12,Delivered,Martinezfort,Idaho
4314,7,151,1,192.55,192.55,2024-04-04,Returned,Kleinton,Tennessee
4315,27,200,4,41.6,166.4,2024-09-12,Delivered,Millerside,South Carolina
4316,115,127,3,150.5,451.5,2024-12-14,Delivered,Henryfort,New York
4317,916,6,2,1964.49,3928.98,2025-10-24,Delivered,Kristenton,Indiana
4318,852,156,1,76.9,76.9,2024-07-22,Shipped,Amyville,Alabama
4319,535,182,1,675.46,675.46,2025-04-14,Delivered,Torresmouth,Washington
4320,490,155,1,97.2,97.2,2024-07-10,Delivered,Hillton,New Mexico
4321,802,159,5,28.19,140.95,2025-06-18,Returned,Lorifort,Missouri
4322,799,65,1,337.28,337.28,2024-09-25,Processing,Barkershire,Michigan
4323,639,107,1,56.54,56.54,2024-04-01,Returned,East Jamesstad,Michigan
4324,540,195,4,32.25,129.0,2024-04-23,Shipped,Michaelview,Connecticut
4325,728,41,2,238.94,477.88,2025-01-11,Processing,North Adrienne,Texas
4326,905,123,3,271.01,813.03,2025-06-23,Delivered,Martinchester,Maryland
4327,900,46,3,35.34,106.02,2025-06-08,Delivered,New Marioburgh,California
4328,401,71,2,311.35,622.7,2024-09-30,Processing,West Sarah,Illinois
4329,371,6,2,1964.49,3928.98,2024-07-31,Returned,West Nicole,Wyoming
4330,732,71,3,311.35,934.05,2025-11-08,Processing,Mcgrathville,South Carolina
4331,537,59,2,462.07,924.14,2024-07-10,Delivered,West Ryanton,West Virginia
4332,261,184,3,107.03,321.09,2025-04-17,Delivered,Larrybury,Minnesota
4333,948,92,4,11.68,46.72,2024-10-30,Returned,Johnnybury,Oregon
4334,315,35,4,179.74,718.96,2025-09-29,Delivered,Matthewview,New Hampshire
4335,232,85,2,490.6,981.2,2025-04-28,Delivered,Garyfort,Hawaii
4336,593,37,3,110.69,332.07,2025-12-14,Shipped,North Walterbury,Pennsylvania
4337,163,114,1,74.03,74.03,2024-01-05,Delivered,Walterfort,Alaska
4338,816,67,12,22.32,267.84,2025-07-24,Delivered,New Michael,Montana
4339,267,166,3,80.7,0.0,2024-10-07,Cancelled,Jenniferland,Idaho
4340,201,12,1,899.79,899.79,2024-02-29,Delivered,New Brendamouth,New Hampshire
4341,578,169,2,175.75,351.5,2025-06-05,Delivered,Edwardborough,Rhode Island
4342,760,93,5,130.28,0.0,2025-12-16,Cancelled,Perkinsside,South Dakota
4343,13,161,2,33.62,67.24,2024-04-10,Delivered,West Nicole,Michigan
4344,498,4,6,40.83,244.98,2025-12-11,Delivered,North Cassandra,Illinois
4345,418,182,2,675.46,1350.92,2024-05-28,Delivered,Ericstad,Florida
4346,525,116,4,154.63,0.0,2025-12-15,Cancelled,Michaelland,Virginia
4347,152,103,4,42.88,171.52,2025-08-05,Delivered,Port Christopherchester,South Carolina
4348,195,165,2,57.61,115.22,2025-11-27,Delivered,West Justinborough,Missouri
4349,592,186,1,304.0,304.0,2024-03-16,Delivered,South Daniel,Louisiana
4350,394,149,2,274.44,548.88,2025-02-26,Delivered,Johnsonville,Wyoming
4351,936,44,1,423.84,423.84,2024-01-03,Delivered,Melissachester,Rhode Island
4352,83,40,1,414.22,414.22,2024-03-27,Delivered,New Joshua,Washington
4353,207,190,1,11.07,11.07,2024-12-03,Delivered,Port Seth,Virginia
4354,40,191,3,126.39,379.17,2024-12-05,Processing,East Nicolas,Louisiana
4355,198,83,6,9.9,59.4,2025-01-18,Processing,Andrewmouth,Texas
4356,714,93,2,130.28,260.56,2025-04-13,Delivered,Port Markshire,Minnesota
4357,42,96,1,286.65,286.65,2024-01-31,Delivered,East Georgeport,Connecticut
4358,309,130,2,87.12,174.24,2025-06-04,Shipped,New Cassidy,Rhode Island
4359,116,197,4,42.46,169.84,2024-08-03,Delivered,Patriciashire,Utah
4360,229,67,1,22.32,22.32,2025-12-12,Delivered,Nancytown,Oklahoma
4361,479,194,3,39.19,117.57,2024-02-18,Delivered,Allenville,North Dakota
4362,112,18,3,143.63,430.89,2024-11-20,Delivered,Roberttown,Texas
4363,544,43,3,102.37,0.0,2025-03-29,Cancelled,West Ryanton,Pennsylvania
4364,474,103,7,42.88,300.16,2025-11-24,Delivered,New Christopher,North Dakota
4365,572,110,2,26.8,53.6,2025-03-14,Delivered,Johnsonstad,Arkansas
4366,882,105,1,136.66,136.66,2025-09-24,Delivered,East Jenniferview,New York
4367,223,1,6,21.77,130.62,2025-08-06,Delivered,Fostershire,Maryland
4368,656,145,5,88.28,441.4,2024-12-30,Delivered,Danielleland,South Dakota
4369,177,59,1,462.07,462.07,2025-05-23,Delivered,East Carolyn,Louisiana
4370,617,34,4,24.01,96.04,2025-09-06,Delivered,Lake Sonyaville,New York
4371,64,169,4,175.75,703.0,2024-10-10,Delivered,Port James,California
4372,98,67,11,22.32,245.52,2025-11-17,Delivered,Christopherburgh,Texas
4373,387,43,2,102.37,204.74,2025-10-13,Delivered,Doughertyfort,North Dakota
4374,877,78,3,5.17,15.51,2024-10-21,Delivered,Hunterburgh,Arkansas
4375,300,35,1,179.74,179.74,2024-11-14,Delivered,Zamoraville,South Carolina
4376,954,117,3,110.18,330.54,2025-10-18,Delivered,Natalieville,New Mexico
4377,888,134,6,53.71,322.26,2025-03-12,Delivered,Tracyfort,Oregon
4378,109,129,1,165.48,165.48,2024-12-06,Returned,Maciaschester,Utah
4379,277,58,1,1142.69,1142.69,2024-12-16,Delivered,Rachelfort,New Jersey
4380,326,155,4,97.2,388.8,2025-01-08,Delivered,Lisachester,New York
4381,620,80,5,31.23,156.15,2025-09-18,Shipped,Lake Debrahaven,Alabama
4382,921,93,1,130.28,130.28,2025-10-05,Delivered,Marioside,Michigan
4383,7,69,5,12.9,64.5,2024-03-08,Returned,Kleinton,Tennessee
4384,16,24,2,180.09,360.18,2025-01-31,Delivered,Floresview,Vermont
4385,832,23,3,16.35,49.05,2024-09-24,Shipped,New Richard,North Carolina
4386,705,47,3,188.28,564.84,2025-12-24,Processing,Port Coryport,Nevada
4387,853,127,1,150.5,150.5,2025-10-26,Delivered,Jonathanborough,Vermont
4388,646,137,3,484.65,1453.95,2024-08-05,Delivered,Lake Joel,Texas
4389,589,48,4,46.46,185.84,2025-10-08,Shipped,Samuelview,Florida
4390,577,72,9,9.09,81.81,2024-10-15,Delivered,Sarahmouth,Arizona
4391,20,45,5,57.4,287.0,2025-05-15,Delivered,South Richard,Alabama
4392,719,17,2,625.15,1250.3,2025-11-15,Returned,Shannonbury,Georgia
4393,697,141,2,55.53,111.06,2025-08-24,Processing,East Jasonville,Kansas
4394,429,114,3,74.03,222.09,2025-03-04,Shipped,Aaronborough,Maryland
4395,485,122,1,30.44,30.44,2024-06-02,Delivered,South Lindaton,North Carolina
4396,300,143,2,148.64,0.0,2024-10-19,Cancelled,Zamoraville,South Carolina
4397,379,58,2,1142.69,2285.38,2025-04-22,Delivered,New Wesleyview,Oregon
4398,974,113,3,22.71,68.13,2025-04-12,Delivered,Hughestown,Tennessee
4399,348,96,1,286.65,286.65,2024-02-25,Delivered,Scottberg,Kansas
4400,856,1,2,21.77,0.0,2025-12-25,Cancelled,East Brandonland,Delaware
4401,447,19,1,342.31,342.31,2024-02-26,Delivered,North Toddburgh,Virginia
4402,998,51,1,45.28,45.28,2025-04-14,Delivered,Hansonmouth,Iowa
4403,988,43,2,102.37,204.74,2025-02-07,Delivered,Jonesfurt,Missouri
4404,249,44,1,423.84,423.84,2025-03-26,Delivered,Rosetown,Missouri
4405,681,120,1,1304.73,0.0,2025-11-22,Cancelled,Christineburgh,Virginia
4406,572,39,8,35.25,282.0,2024-04-10,Shipped,Johnsonstad,Arkansas
4407,15,87,1,29.52,29.52,2024-07-11,Processing,Lawrencehaven,New Jersey
4408,165,131,2,917.21,1834.42,2025-07-01,Processing,Port Jennifermouth,Alabama
4409,220,33,2,1077.68,2155.36,2024-05-28,Shipped,Cindyport,North Dakota
4410,683,31,1,50.16,50.16,2024-04-05,Delivered,New Jessica,New Mexico
4411,991,10,3,107.87,323.61,2025-08-16,Delivered,Franklinborough,Kansas
4412,342,158,2,34.1,68.2,2025-10-17,Shipped,North Diana,South Dakota
4413,786,51,2,45.28,90.56,2024-05-13,Delivered,Port Donald,Iowa
4414,112,75,1,51.24,51.24,2025-05-14,Delivered,Roberttown,Texas
4415,45,10,3,107.87,323.61,2024-01-13,Delivered,Melindaport,Pennsylvania
4416,5,198,2,473.82,947.64,2025-02-02,Delivered,South Natalieshire,New Jersey
4417,108,26,1,15.15,15.15,2024-11-04,Delivered,New Danny,Nevada
4418,88,35,4,179.74,718.96,2025-12-20,Shipped,Port Brendamouth,New Hampshire
4419,80,162,5,115.69,578.45,2025-10-26,Delivered,Mooreside,Alaska
4420,492,55,2,29.42,58.84,2024-06-04,Delivered,East Nathanielchester,Ohio
4421,114,41,3,238.94,716.82,2024-02-12,Delivered,Dawsonhaven,Colorado
4422,480,59,2,462.07,924.14,2025-08-10,Shipped,South Tyler,Arkansas
4423,845,183,2,258.69,517.38,2024-02-14,Delivered,Larryton,Utah
4424,661,100,2,48.33,96.66,2024-06-22,Delivered,Nicoletown,New Hampshire
4425,862,94,1,41.9,41.9,2025-06-11,Delivered,Lake Anthony,Oklahoma
4426,331,169,1,175.75,175.75,2024-12-09,Delivered,West Johnmouth,New Hampshire
4427,193,40,3,414.22,0.0,2024-12-04,Cancelled,Bellville,Michigan
4428,145,96,3,286.65,859.95,2024-07-18,Delivered,Carrollfurt,Iowa
4429,77,97,3,43.15,129.45,2024-11-17,Delivered,Peterland,Pennsylvania
4430,605,7,2,43.74,87.48,2025-03-29,Delivered,Rodriguezland,New Mexico
4431,196,190,5,11.07,55.35,2024-06-07,Delivered,Port George,North Carolina
4432,666,43,1,102.37,102.37,2025-04-27,Shipped,North Codychester,Utah
4433,132,170,1,81.2,81.2,2025-11-04,Shipped,South Jason,Wyoming
4434,93,13,2,56.57,113.14,2025-04-01,Delivered,Lake Toddport,Wisconsin
4435,314,173,3,63.4,190.2,2024-04-13,Delivered,Port Marc,Rhode Island
4436,311,127,1,150.5,150.5,2025-08-06,Shipped,South Philipland,Texas
4437,627,78,10,5.17,51.7,2025-11-12,Delivered,Alexandraland,Alaska
4438,2,38,3,31.32,0.0,2024-04-26,Cancelled,Moralesburgh,North Dakota
4439,75,59,2,462.07,924.14,2024-02-12,Delivered,Natalieside,New Jersey
4440,216,88,2,548.48,1096.96,2024-09-08,Processing,Robinsonton,Colorado
4441,137,11,3,50.75,152.25,2024-09-23,Delivered,Port Miguelfort,Iowa
4442,874,186,2,304.0,608.0,2024-03-29,Returned,North Josephland,Massachusetts
4443,358,144,12,37.02,444.24,2024-04-09,Delivered,Lyonsmouth,Virginia
4444,837,173,2,63.4,126.8,2025-04-14,Delivered,Lake Michaelmouth,Delaware
4445,700,151,3,192.55,577.65,2025-12-01,Processing,North Robert,Wyoming
4446,207,79,1,383.68,383.68,2024-12-15,Processing,Port Seth,Virginia
4447,249,42,1,146.77,146.77,2024-04-06,Delivered,Rosetown,Missouri
4448,987,29,3,264.9,794.7,2024-08-18,Delivered,South Jessehaven,New Jersey
4449,153,46,3,35.34,106.02,2024-02-16,Delivered,Westside,New Hampshire
4450,551,111,2,93.95,187.9,2024-08-12,Delivered,Jasontown,Tennessee
4451,100,143,3,148.64,445.92,2024-07-22,Shipped,New Mike,Wisconsin
4452,169,143,1,148.64,148.64,2024-07-18,Delivered,Bartonland,Nevada
4453,741,35,4,179.74,718.96,2024-03-23,Returned,Santosside,North Dakota
4454,714,186,2,304.0,608.0,2024-03-21,Shipped,Port Markshire,Minnesota
4455,177,161,1,33.62,33.62,2025-08-27,Processing,East Carolyn,Louisiana
4456,332,126,3,14.23,42.69,2024-10-09,Returned,East Timothy,Tennessee
4457,173,13,1,56.57,56.57,2025-09-20,Processing,Powerschester,Colorado
4458,346,111,3,93.95,281.85,2025-10-27,Delivered,Lonnieborough,Indiana
4459,824,102,2,16.48,32.96,2024-02-15,Shipped,Colemanside,Connecticut
4460,801,172,4,84.77,0.0,2025-11-16,Cancelled,Suttonberg,Florida
4461,660,98,1,46.15,46.15,2025-04-10,Delivered,South Jessicachester,Alabama
4462,959,158,2,34.1,68.2,2024-06-05,Delivered,North Ericmouth,Arizona
4463,817,163,1,113.36,113.36,2025-08-05,Delivered,Cameronfurt,New Hampshire
4464,526,14,5,28.78,143.9,2024-05-11,Shipped,Andrewtown,Alabama
4465,107,8,1,80.04,80.04,2024-01-21,Delivered,Whiteburgh,New York
4466,309,146,4,157.34,629.36,2024-11-06,Delivered,New Cassidy,Rhode Island
4467,162,59,2,462.07,924.14,2024-05-21,Processing,Calhounside,Indiana
4468,348,7,4,43.74,174.96,2024-10-09,Delivered,Scottberg,Kansas
4469,764,161,7,33.62,235.34,2024-03-13,Delivered,South Dawnburgh,Wisconsin
4470,467,44,2,423.84,847.68,2025-02-13,Delivered,New Phillip,Nevada
4471,522,188,2,102.39,204.78,2024-06-09,Delivered,Barkerfort,Wisconsin
4472,65,46,4,35.34,141.36,2025-02-02,Shipped,North Daniel,Maine
4473,688,58,1,1142.69,1142.69,2025-05-05,Delivered,Patrickfort,Wyoming
4474,811,133,2,46.43,92.86,2024-04-26,Delivered,Julialand,New Mexico
4475,146,54,3,7.54,22.62,2024-01-29,Delivered,East Jasonmouth,South Dakota
4476,458,40,3,414.22,1242.66,2025-06-25,Delivered,Oscarborough,Arkansas
4477,252,39,8,35.25,282.0,2025-10-29,Delivered,North Samanthaport,Missouri
4478,357,191,4,126.39,505.56,2025-05-22,Delivered,Lake Sheriside,Iowa
4479,774,83,5,9.9,49.5,2024-11-11,Delivered,North Adamland,Rhode Island
4480,512,134,5,53.71,268.55,2024-01-18,Delivered,Jasonchester,New Hampshire
4481,366,136,4,81.75,327.0,2024-11-14,Delivered,Randallborough,Illinois
4482,286,146,1,157.34,157.34,2024-11-13,Delivered,New Zacharyshire,Wisconsin
4483,44,102,3,16.48,49.44,2024-04-03,Delivered,Tinahaven,Minnesota
4484,309,84,3,148.96,446.88,2024-09-07,Delivered,New Cassidy,Rhode Island
4485,929,96,3,286.65,859.95,2024-07-24,Delivered,West Erikaview,Michigan
4486,594,71,3,311.35,934.05,2025-10-07,Processing,Chenberg,Pennsylvania
4487,833,48,12,46.46,557.52,2024-02-04,Shipped,Jonesfurt,Missouri
4488,149,173,4,63.4,253.6,2024-12-28,Delivered,New Ann,Kentucky
4489,60,43,2,102.37,204.74,2024-10-06,Delivered,Austintown,North Dakota
4490,618,72,2,9.09,18.18,2024-08-23,Delivered,Jacksonview,Alaska
4491,234,155,5,97.2,486.0,2024-12-29,Returned,East Davidview,North Dakota
4492,528,66,1,235.08,235.08,2025-11-07,Delivered,Pamelaburgh,Wyoming
4493,712,59,2,462.07,924.14,2025-01-03,Shipped,Harrisborough,Tennessee
4494,67,175,5,58.63,293.15,2024-07-27,Delivered,Barronshire,Oregon
4495,187,3,4,34.78,139.12,2025-10-03,Delivered,Onealfurt,Florida
4496,420,142,1,241.68,241.68,2025-03-18,Delivered,Thompsonhaven,Alaska
4497,254,13,6,56.57,339.42,2025-07-01,Processing,West Danielle,Nebraska
4498,420,150,1,167.9,167.9,2024-03-20,Delivered,Thompsonhaven,Alaska
4499,242,190,2,11.07,22.14,2024-09-20,Processing,Isaacburgh,Connecticut
4500,798,76,1,143.96,143.96,2024-06-24,Delivered,New Austinbury,Wisconsin
4501,696,76,3,143.96,431.88,2024-04-13,Shipped,Nicolestad,Delaware
4502,235,194,4,39.19,156.76,2024-05-16,Delivered,Billside,Idaho
4503,694,163,4,113.36,453.44,2024-05-21,Delivered,Port Louis,New Hampshire
4504,670,139,1,74.52,74.52,2025-02-01,Processing,West Alexandrastad,Oklahoma
4505,503,181,3,86.64,259.92,2024-02-11,Delivered,New Lauraborough,Nevada
4506,945,165,1,57.61,0.0,2024-03-10,Cancelled,East Nataliefurt,California
4507,394,149,3,274.44,823.32,2024-02-26,Shipped,Johnsonville,Wyoming
4508,222,69,4,12.9,51.6,2024-03-26,Delivered,Laurieburgh,Mississippi
4509,363,28,3,84.71,254.13,2024-03-06,Delivered,Mejiamouth,Massachusetts
4510,713,86,2,1337.83,2675.66,2024-09-03,Delivered,South James,Ohio
4511,445,171,5,142.38,711.9,2025-11-06,Delivered,Longshire,New Jersey
4512,894,167,2,243.83,487.66,2024-03-07,Delivered,New Christy,Idaho
4513,331,103,12,42.88,514.56,2024-03-08,Delivered,West Johnmouth,New Hampshire
4514,239,177,1,1488.3,1488.3,2025-09-22,Delivered,Aaronside,Idaho
4515,581,67,6,22.32,133.92,2024-04-28,Delivered,North Paula,New Jersey
4516,714,1,5,21.77,108.85,2024-09-27,Delivered,Port Markshire,Minnesota
4517,978,38,1,31.32,31.32,2025-05-13,Shipped,Owensmouth,Pennsylvania
4518,389,123,1,271.01,271.01,2025-04-22,Delivered,Dennisberg,North Dakota
4519,505,85,2,490.6,981.2,2024-02-15,Delivered,Mcintyrebury,Kentucky
4520,294,12,2,899.79,1799.58,2025-06-24,Returned,Port Brandon,Washington
4521,824,64,5,32.06,160.3,2024-08-19,Delivered,Colemanside,Connecticut
4522,608,185,3,141.13,423.39,2024-01-17,Delivered,Gregorychester,Georgia
4523,469,154,1,42.12,42.12,2025-02-05,Processing,Joneshaven,Minnesota
4524,545,178,3,11.5,34.5,2024-12-12,Delivered,Josephfort,Louisiana
4525,214,118,1,103.99,103.99,2024-06-25,Delivered,Carolynborough,Kansas
4526,795,100,2,48.33,96.66,2025-05-28,Shipped,Patelchester,New Hampshire
4527,212,146,1,157.34,157.34,2024-07-30,Delivered,Port Jessicaside,Massachusetts
4528,760,77,5,5.4,0.0,2024-09-04,Cancelled,Perkinsside,South Dakota
4529,437,66,3,235.08,705.24,2024-06-19,Delivered,New Amy,Georgia
4530,306,54,9,7.54,67.86,2025-07-31,Processing,New Benjamin,Delaware
4531,760,94,1,41.9,41.9,2025-05-14,Shipped,Perkinsside,South Dakota
4532,103,77,3,5.4,16.2,2024-07-15,Delivered,South Suzanneland,California
4533,349,179,3,486.21,1458.63,2025-07-13,Delivered,East Susan,New Mexico
4534,697,196,4,138.33,553.32,2024-03-09,Delivered,East Jasonville,Kansas
4535,101,52,3,27.18,81.54,2025-03-10,Processing,Michellefort,Maine
4536,454,178,2,11.5,23.0,2024-06-07,Delivered,Biancamouth,West Virginia
4537,111,24,1,180.09,180.09,2025-07-15,Delivered,Santosview,Florida
4538,486,111,3,93.95,281.85,2024-06-28,Returned,Lake Dianeton,Illinois
4539,729,23,4,16.35,65.4,2025-10-08,Delivered,Sarahbury,Rhode Island
4540,640,150,1,167.9,167.9,2025-12-14,Delivered,Melanieland,Massachusetts
4541,839,110,1,26.8,26.8,2025-05-10,Delivered,Kimberlyburgh,Illinois
4542,689,60,2,493.39,986.78,2025-01-04,Delivered,West Jillhaven,New York
4543,542,123,2,271.01,542.02,2025-10-05,Delivered,Chavezburgh,Michigan
4544,785,193,4,69.03,276.12,2024-02-15,Delivered,Ramirezside,Pennsylvania
4545,633,105,3,136.66,409.98,2025-05-16,Shipped,Allenburgh,Michigan
4546,561,193,1,69.03,69.03,2024-05-30,Delivered,West Robinland,Pennsylvania
4547,501,73,1,456.73,0.0,2025-02-02,Cancelled,Chaneyhaven,Virginia
4548,119,104,1,1515.73,1515.73,2024-03-12,Returned,North Vanessaland,Virginia
4549,671,65,3,337.28,1011.84,2024-10-04,Delivered,East Johnside,Oregon
4550,188,175,3,58.63,175.89,2024-01-31,Delivered,Jackside,Arizona
4551,145,26,2,15.15,30.3,2024-01-06,Delivered,Carrollfurt,Iowa
4552,412,28,2,84.71,169.42,2025-04-17,Processing,Lake Jay,North Dakota
4553,843,28,1,84.71,84.71,2025-12-23,Delivered,Port Megantown,Ohio
4554,296,148,2,639.02,1278.04,2024-04-17,Delivered,Port Samuelton,Mississippi
4555,345,165,4,57.61,230.44,2024-01-08,Delivered,Huntstad,Michigan
4556,997,126,4,14.23,56.92,2025-02-11,Delivered,Latoyahaven,Alabama
4557,446,173,3,63.4,190.2,2025-06-26,Delivered,Lake Johnside,Delaware
4558,431,140,2,1253.62,2507.24,2024-05-20,Shipped,Lorifort,Vermont
4559,31,93,5,130.28,651.4,2025-04-30,Delivered,Eugeneport,Nebraska
4560,932,30,1,17.83,17.83,2025-11-24,Delivered,West Anita,Illinois
4561,792,185,4,141.13,564.52,2024-02-23,Delivered,North John,North Carolina
4562,72,72,3,9.09,27.27,2025-05-31,Delivered,Davisville,Mississippi
4563,310,89,2,695.64,1391.28,2024-08-06,Delivered,Mitchellchester,Alaska
4564,786,83,10,9.9,0.0,2025-12-03,Cancelled,Port Donald,Iowa
4565,1,137,2,484.65,969.3,2025-06-09,Delivered,Port Jennifer,Pennsylvania
4566,363,174,3,194.56,583.68,2025-12-04,Delivered,Mejiamouth,Massachusetts
4567,716,147,1,487.95,487.95,2025-12-02,Delivered,Smithborough,Michigan
4568,688,42,2,146.77,293.54,2024-07-21,Delivered,Patrickfort,Wyoming
4569,89,123,1,271.01,271.01,2025-08-31,Shipped,Hobbsburgh,Idaho
4570,331,56,2,208.97,417.94,2025-02-26,Delivered,West Johnmouth,New Hampshire
4571,194,160,8,37.99,303.92,2025-01-05,Shipped,Donaldland,North Carolina
4572,818,139,2,74.52,149.04,2024-12-01,Delivered,South Monicamouth,Nebraska
4573,769,59,1,462.07,462.07,2024-03-29,Delivered,West Sara,Nebraska
4574,840,22,2,413.03,826.06,2024-06-12,Shipped,Port Saraton,Missouri
4575,9,81,3,51.28,153.84,2024-04-02,Delivered,North Karla,Mississippi
4576,444,82,1,29.07,29.07,2024-08-19,Shipped,Davidfort,New Hampshire
4577,967,50,1,23.62,23.62,2025-07-19,Shipped,Kennethchester,Nebraska
4578,458,85,3,490.6,1471.8,2025-07-06,Delivered,Oscarborough,Arkansas
4579,780,82,5,29.07,145.35,2024-09-02,Returned,Barrettfort,Maryland
4580,664,44,2,423.84,847.68,2025-07-23,Delivered,Mendozafurt,Connecticut
4581,731,138,2,160.33,320.66,2025-12-30,Delivered,Scottstad,North Dakota
4582,748,53,1,75.3,75.3,2025-06-28,Delivered,Kyleland,Oregon
4583,424,194,2,39.19,78.38,2024-03-14,Processing,Port Christine,Wisconsin
4584,677,113,4,22.71,90.84,2025-05-09,Shipped,Port Susanchester,West Virginia
4585,68,93,5,130.28,651.4,2025-08-31,Shipped,Charlesfort,Alaska
4586,807,60,1,493.39,493.39,2024-12-04,Delivered,Reynoldsshire,Virginia
4587,463,142,2,241.68,0.0,2024-08-22,Cancelled,Michaelhaven,Washington
4588,190,151,2,192.55,0.0,2024-12-16,Cancelled,South Taylorfurt,New Mexico
4589,741,151,1,192.55,192.55,2024-03-23,Delivered,Santosside,North Dakota
4590,561,184,1,107.03,107.03,2025-12-29,Delivered,West Robinland,Pennsylvania
4591,57,195,4,32.25,129.0,2024-12-01,Delivered,Port Alexisside,Nevada
4592,211,200,1,41.6,41.6,2024-05-29,Delivered,Kennethburgh,Nebraska
4593,30,82,10,29.07,290.7,2024-03-07,Delivered,Davidview,Iowa
4594,111,144,3,37.02,111.06,2025-08-12,Delivered,Santosview,Florida
4595,856,190,2,11.07,22.14,2024-07-18,Delivered,East Brandonland,Delaware
4596,850,192,11,16.8,184.8,2025-11-04,Delivered,Goodwinside,West Virginia
4597,571,126,3,14.23,42.69,2024-07-27,Delivered,Wardbury,Michigan
4598,751,149,1,274.44,274.44,2025-12-22,Delivered,Tracyview,Illinois
4599,339,32,5,87.66,438.3,2024-07-20,Delivered,Cesartown,Ohio
4600,656,98,4,46.15,184.6,2025-11-26,Returned,Danielleland,South Dakota
4601,313,180,12,5.05,60.6,2024-04-25,Delivered,Hernandezberg,North Carolina
4602,149,65,3,337.28,1011.84,2025-08-14,Delivered,New Ann,Kentucky
4603,553,56,2,208.97,417.94,2025-07-24,Delivered,Port Shelly,Illinois
4604,57,7,2,43.74,87.48,2024-01-09,Delivered,Port Alexisside,Nevada
4605,107,110,3,26.8,80.4,2024-04-21,Delivered,Whiteburgh,New York
4606,193,159,1,28.19,28.19,2025-07-21,Processing,Bellville,Michigan
4607,737,200,3,41.6,124.8,2024-06-28,Delivered,Hernandezside,Wyoming
4608,941,166,2,80.7,161.4,2024-06-03,Shipped,Allenhaven,New Mexico
4609,498,169,4,175.75,703.0,2024-07-16,Processing,North Cassandra,Illinois
4610,438,3,4,34.78,139.12,2025-10-18,Shipped,East John,Delaware
4611,819,9,3,160.49,481.47,2025-04-24,Delivered,Clarkhaven,Texas
4612,399,147,1,487.95,487.95,2025-09-29,Delivered,Riverafurt,Kentucky
4613,716,69,2,12.9,25.8,2024-10-10,Shipped,Smithborough,Michigan
4614,677,88,1,548.48,548.48,2025-04-06,Delivered,Port Susanchester,West Virginia
4615,331,192,2,16.8,33.6,2025-09-05,Delivered,West Johnmouth,New Hampshire
4616,55,83,12,9.9,118.8,2025-10-17,Delivered,Ashleyfort,Maryland
4617,531,155,5,97.2,486.0,2024-11-20,Delivered,North Todd,Maryland
4618,694,92,3,11.68,35.04,2025-08-30,Delivered,Port Louis,New Hampshire
4619,660,33,2,1077.68,2155.36,2025-07-09,Delivered,South Jessicachester,Alabama
4620,750,65,2,337.28,674.56,2024-11-20,Shipped,East Meganland,North Dakota
4621,532,20,1,34.83,34.83,2025-03-03,Delivered,Andersonborough,Wisconsin
4622,353,138,3,160.33,480.99,2025-07-20,Delivered,West Georgeton,Michigan
4623,454,157,1,8.59,8.59,2025-03-03,Processing,Biancamouth,West Virginia
4624,591,17,1,625.15,625.15,2025-02-14,Delivered,Lopezhaven,Idaho
4625,174,79,3,383.68,1151.04,2025-04-06,Delivered,Simpsonchester,Virginia
4626,516,85,3,490.6,1471.8,2024-04-09,Delivered,South Michelleside,Alabama
4627,36,193,3,69.03,207.09,2024-04-16,Returned,Lake Christopherville,Indiana
4628,513,33,2,1077.68,2155.36,2025-06-10,Processing,North Karen,Kentucky
4629,946,196,1,138.33,138.33,2025-05-31,Delivered,Port Anthony,Utah
4630,770,5,9,14.19,127.71,2025-07-25,Delivered,Sandraside,Oklahoma
4631,145,79,2,383.68,767.36,2025-09-04,Returned,Carrollfurt,Iowa
4632,212,156,3,76.9,230.7,2025-07-10,Delivered,Port Jessicaside,Massachusetts
4633,991,40,3,414.22,1242.66,2025-12-07,Shipped,Franklinborough,Kansas
4634,125,33,1,1077.68,1077.68,2024-05-06,Delivered,North Sarahmouth,Kansas
4635,252,149,3,274.44,823.32,2024-05-26,Delivered,North Samanthaport,Missouri
4636,874,181,1,86.64,86.64,2025-12-04,Delivered,North Josephland,Massachusetts
4637,334,116,1,154.63,154.63,2025-01-30,Delivered,South Bradleyside,Delaware
4638,170,152,5,105.39,0.0,2024-11-26,Cancelled,Tonyshire,Virginia
4639,429,122,2,30.44,60.88,2025-11-08,Delivered,Aaronborough,Maryland
4640,339,3,3,34.78,104.34,2025-02-15,Delivered,Cesartown,Ohio
4641,772,178,1,11.5,11.5,2024-03-24,Shipped,Longside,Idaho
4642,56,179,3,486.21,1458.63,2024-04-10,Delivered,Lesliemouth,South Carolina
4643,339,104,1,1515.73,1515.73,2025-06-08,Delivered,Cesartown,Ohio
4644,617,102,4,16.48,65.92,2024-04-13,Processing,Lake Sonyaville,New York
4645,283,106,3,26.57,79.71,2024-05-19,Shipped,Karaside,Arkansas
4646,760,42,3,146.77,440.31,2025-03-17,Delivered,Perkinsside,South Dakota
4647,389,18,3,143.63,430.89,2025-05-02,Delivered,Dennisberg,North Dakota
4648,331,61,5,24.62,123.1,2025-02-19,Delivered,West Johnmouth,New Hampshire
4649,437,40,1,414.22,0.0,2025-11-26,Cancelled,New Amy,Georgia
4650,389,159,6,28.19,169.14,2024-04-09,Delivered,Dennisberg,North Dakota
4651,127,91,3,222.92,668.76,2025-01-07,Delivered,New Kurt,North Carolina
4652,672,36,1,193.51,193.51,2024-06-29,Delivered,Lake Jamesland,Wyoming
4653,346,153,3,98.25,294.75,2025-09-02,Shipped,Lonnieborough,Indiana
4654,539,75,1,51.24,51.24,2024-06-25,Delivered,North Karen,Vermont
4655,984,46,1,35.34,35.34,2025-03-01,Delivered,Sandramouth,Oregon
4656,586,60,3,493.39,1480.17,2024-09-10,Delivered,South Johnton,Kansas
4657,255,190,1,11.07,11.07,2024-03-27,Delivered,Mitchellborough,Tennessee
4658,593,194,1,39.19,39.19,2025-12-16,Delivered,North Walterbury,Pennsylvania
4659,64,174,3,194.56,583.68,2024-04-08,Shipped,Port James,California
4660,402,78,6,5.17,31.02,2025-05-16,Delivered,Andreaville,Florida
4661,910,78,12,5.17,62.04,2024-03-30,Delivered,Port Christopher,South Carolina
4662,194,11,5,50.75,0.0,2024-11-25,Cancelled,Donaldland,North Carolina
4663,979,69,5,12.9,64.5,2025-01-15,Delivered,Petersonfort,Georgia
4664,838,113,3,22.71,68.13,2025-01-09,Delivered,Marshfort,Oklahoma
4665,647,163,1,113.36,113.36,2025-06-23,Delivered,Patelbury,Missouri
4666,471,1,5,21.77,108.85,2025-02-16,Delivered,Donaldbury,Arizona
4667,249,177,1,1488.3,1488.3,2025-03-30,Delivered,Rosetown,Missouri
4668,354,102,4,16.48,65.92,2025-12-20,Delivered,Bushton,South Dakota
4669,712,9,3,160.49,481.47,2024-05-13,Shipped,Harrisborough,Tennessee
4670,921,33,1,1077.68,1077.68,2024-07-01,Delivered,Marioside,Michigan
4671,668,122,4,30.44,121.76,2024-04-13,Delivered,South Miguel,Ohio
4672,669,156,1,76.9,76.9,2025-04-07,Returned,East Dustinburgh,Maine
4673,454,110,1,26.8,26.8,2025-06-30,Returned,Biancamouth,West Virginia
4674,797,56,1,208.97,208.97,2024-11-13,Delivered,Lake Alexaside,Nevada
4675,509,38,5,31.32,156.6,2025-08-18,Delivered,North Katie,Virginia
4676,649,59,1,462.07,462.07,2024-06-09,Delivered,East Jenniferfort,New Mexico
4677,915,116,3,154.63,463.89,2025-10-17,Delivered,Mccormickhaven,Ohio
4678,263,76,2,143.96,287.92,2025-07-20,Delivered,Rebeccastad,Utah
4679,598,8,4,80.04,320.16,2024-08-04,Shipped,East Tannerview,Oklahoma
4680,783,126,9,14.23,128.07,2024-07-02,Shipped,Thompsonmouth,Colorado
4681,475,167,2,243.83,487.66,2025-06-27,Delivered,Zimmermanfort,Alaska
4682,887,194,3,39.19,117.57,2025-07-04,Delivered,New Anitafort,Minnesota
4683,822,77,2,5.4,10.8,2025-10-26,Shipped,North Daniel,Nebraska
4684,675,53,2,75.3,150.6,2025-03-06,Delivered,Butlerchester,Iowa
4685,617,44,1,423.84,423.84,2024-12-06,Delivered,Lake Sonyaville,New York
4686,516,88,2,548.48,1096.96,2025-06-05,Delivered,South Michelleside,Alabama
4687,911,189,6,48.34,290.04,2025-01-05,Shipped,New Stephanieland,Wyoming
4688,213,144,12,37.02,444.24,2024-05-19,Delivered,Kingfort,New Hampshire
4689,815,81,4,51.28,205.12,2024-09-16,Delivered,Lake Heatherchester,Connecticut
4690,246,140,2,1253.62,2507.24,2025-02-10,Shipped,Emmabury,Connecticut
4691,235,105,1,136.66,136.66,2025-09-24,Delivered,Billside,Idaho
4692,24,112,1,53.86,0.0,2025-08-21,Cancelled,Claudiashire,Texas
4693,272,127,2,150.5,301.0,2024-09-20,Delivered,Munozmouth,Tennessee
4694,437,89,2,695.64,1391.28,2025-04-25,Delivered,New Amy,Georgia
4695,91,164,4,46.38,185.52,2024-01-18,Delivered,Jonesmouth,Montana
4696,642,56,1,208.97,208.97,2024-11-25,Delivered,Anneborough,New York
4697,650,82,8,29.07,232.56,2024-12-10,Delivered,Alexanderside,West Virginia
4698,776,101,1,450.0,450.0,2025-12-02,Delivered,Davidhaven,Louisiana
4699,452,27,12,27.66,331.92,2025-04-16,Shipped,North Chadtown,Missouri
4700,349,93,1,130.28,130.28,2025-02-15,Delivered,East Susan,New Mexico
4701,758,136,1,81.75,81.75,2025-09-05,Delivered,Johnsonmouth,South Carolina
4702,155,103,5,42.88,214.4,2024-12-17,Shipped,North Codybury,Pennsylvania
4703,314,136,5,81.75,408.75,2024-05-21,Delivered,Port Marc,Rhode Island
4704,979,91,2,222.92,445.84,2025-08-12,Delivered,Petersonfort,Georgia
4705,773,131,1,917.21,917.21,2024-10-12,Delivered,East Anthonychester,Massachusetts
4706,422,35,4,179.74,718.96,2025-04-29,Delivered,Clarkmouth,Washington
4707,139,88,2,548.48,1096.96,2025-03-11,Shipped,South Christopher,Nebraska
4708,118,136,2,81.75,163.5,2025-05-25,Shipped,North Michelletown,Nebraska
4709,262,62,1,99.97,99.97,2024-03-25,Returned,Odomtown,Massachusetts
4710,524,106,3,26.57,79.71,2024-07-01,Delivered,South David,Virginia
4711,304,108,1,52.63,52.63,2024-05-05,Processing,Taraberg,Oregon
4712,975,156,4,76.9,307.6,2024-07-05,Delivered,North Peter,Michigan
4713,263,9,1,160.49,160.49,2025-04-12,Delivered,Rebeccastad,Utah
4714,632,30,3,17.83,53.49,2025-04-09,Delivered,Lake Renee,Washington
4715,38,190,3,11.07,33.21,2024-07-17,Delivered,West Nataliehaven,Arizona
4716,235,66,3,235.08,705.24,2024-07-06,Delivered,Billside,Idaho
4717,636,92,2,11.68,23.36,2024-08-28,Delivered,North Anna,Missouri
4718,400,39,5,35.25,176.25,2024-05-01,Shipped,Andersonside,Wyoming
4719,199,66,2,235.08,470.16,2025-04-10,Delivered,South Nicoleton,Maine
4720,730,171,5,142.38,711.9,2024-05-04,Delivered,Richardside,South Dakota
4721,253,7,4,43.74,174.96,2025-12-05,Delivered,Leachton,New York
4722,878,78,4,5.17,20.68,2025-09-22,Delivered,Manningbury,West Virginia
4723,185,142,1,241.68,241.68,2024-09-18,Delivered,Tylerchester,California
4724,335,67,8,22.32,178.56,2024-03-11,Delivered,East Johnborough,Arizona
4725,173,67,5,22.32,0.0,2025-10-09,Cancelled,Powerschester,Colorado
4726,979,20,1,34.83,34.83,2025-03-30,Delivered,Petersonfort,Georgia
4727,599,30,1,17.83,17.83,2025-01-01,Delivered,East Andrea,Georgia
4728,710,54,5,7.54,37.7,2024-06-03,Delivered,Turnertown,Maine
4729,422,169,4,175.75,703.0,2024-08-03,Processing,Clarkmouth,Washington
4730,243,106,1,26.57,26.57,2025-07-01,Delivered,Port Danielland,Washington
4731,149,153,5,98.25,491.25,2024-07-28,Delivered,New Ann,Kentucky
4732,480,4,3,40.83,0.0,2025-07-12,Cancelled,South Tyler,Arkansas
4733,265,101,2,450.0,900.0,2024-09-18,Delivered,New Michael,Wisconsin
4734,751,52,2,27.18,54.36,2025-04-05,Shipped,Tracyview,Illinois
4735,457,24,2,180.09,360.18,2025-04-03,Delivered,South Melanie,South Carolina
4736,971,100,1,48.33,48.33,2025-06-16,Delivered,Lake Peterborough,Indiana
4737,800,34,5,24.01,120.05,2025-12-16,Processing,Williamhaven,Georgia
4738,538,79,3,383.68,1151.04,2024-04-13,Delivered,Darrenmouth,West Virginia
4739,1,22,3,413.03,1239.09,2024-05-12,Delivered,Port Jennifer,Pennsylvania
4740,355,34,2,24.01,0.0,2025-05-20,Cancelled,Cynthiafurt,Connecticut
4741,371,119,6,27.5,165.0,2025-01-05,Delivered,West Nicole,Wyoming
4742,644,197,1,42.46,42.46,2025-03-15,Processing,Kaylamouth,Ohio
4743,79,94,1,41.9,41.9,2024-07-14,Shipped,Alexandriamouth,Indiana
4744,465,142,1,241.68,241.68,2024-10-22,Delivered,Vazquezville,New Mexico
4745,571,71,1,311.35,311.35,2025-07-20,Delivered,Wardbury,Michigan
4746,255,51,3,45.28,135.84,2025-07-11,Delivered,Mitchellborough,Tennessee
4747,526,138,4,160.33,0.0,2025-12-26,Cancelled,Andrewtown,Alabama
4748,343,179,3,486.21,1458.63,2024-12-03,Delivered,Christianstad,Montana
4749,28,87,1,29.52,29.52,2024-12-26,Delivered,Lake Amy,Oklahoma
4750,360,59,3,462.07,1386.21,2024-02-09,Shipped,North Georgeside,Louisiana
4751,242,48,8,46.46,371.68,2024-02-22,Returned,Isaacburgh,Connecticut
4752,76,175,4,58.63,234.52,2024-12-04,Delivered,East Maria,Nevada
4753,670,85,3,490.6,1471.8,2024-05-30,Delivered,West Alexandrastad,Oklahoma
4754,266,150,3,167.9,503.7,2024-07-28,Delivered,Jocelynbury,Vermont
4755,577,101,2,450.0,900.0,2025-09-17,Shipped,Sarahmouth,Arizona
4756,506,125,3,24.59,73.77,2024-05-06,Delivered,South Danielborough,Idaho
4757,211,70,6,29.96,179.76,2025-06-28,Delivered,Kennethburgh,Nebraska
4758,239,19,3,342.31,1026.93,2024-02-16,Shipped,Aaronside,Idaho
4759,921,49,3,98.4,295.2,2025-02-03,Delivered,Marioside,Michigan
4760,596,46,3,35.34,106.02,2024-11-07,Delivered,Lake Michael,Colorado
4761,652,141,1,55.53,55.53,2024-06-01,Processing,Rachelfort,Missouri
4762,26,146,2,157.34,0.0,2025-11-15,Cancelled,Gregorychester,Arizona
4763,738,153,4,98.25,393.0,2025-06-11,Delivered,Chapmanville,Tennessee
4764,410,44,2,423.84,847.68,2025-08-20,Delivered,Davidbury,Arizona
4765,180,43,1,102.37,0.0,2024-11-25,Cancelled,Butlermouth,Nebraska
4766,670,177,1,1488.3,1488.3,2025-07-16,Delivered,West Alexandrastad,Oklahoma
4767,79,98,4,46.15,184.6,2025-01-21,Delivered,Alexandriamouth,Indiana
4768,645,185,4,141.13,564.52,2024-12-13,Delivered,New Antonioport,North Carolina
4769,515,125,1,24.59,24.59,2024-08-23,Delivered,Leslieshire,Nebraska
4770,122,109,1,115.28,115.28,2025-10-29,Delivered,Richardstad,Vermont
4771,197,32,4,87.66,350.64,2025-06-09,Delivered,Petersland,South Dakota
4772,404,89,2,695.64,1391.28,2024-08-24,Shipped,Laceyport,Washington
4773,346,10,1,107.87,0.0,2025-09-01,Cancelled,Lonnieborough,Indiana
4774,426,75,1,51.24,51.24,2024-02-23,Delivered,North Todd,Arizona
4775,968,85,1,490.6,0.0,2025-03-28,Cancelled,Ryanview,South Carolina
4776,735,90,3,170.31,510.93,2024-02-06,Delivered,West Tony,Oregon
4777,980,83,12,9.9,118.8,2025-06-09,Delivered,Shortberg,Georgia
4778,336,54,10,7.54,75.4,2025-06-18,Delivered,West Tina,Pennsylvania
4779,640,197,1,42.46,42.46,2025-09-19,Delivered,Melanieland,Massachusetts
4780,690,181,3,86.64,259.92,2025-12-13,Delivered,New Tiffany,Arizona
4781,376,121,7,6.52,0.0,2025-08-30,Cancelled,Terriland,Arkansas
4782,228,115,2,98.26,196.52,2025-02-15,Delivered,New Douglas,Nevada
4783,3,154,1,42.12,42.12,2025-03-09,Delivered,Tapiaburgh,New Hampshire
4784,682,62,3,99.97,299.91,2024-09-26,Delivered,Danielport,Oregon
4785,793,131,1,917.21,917.21,2025-01-31,Delivered,Brownmouth,Colorado
4786,614,99,4,135.17,540.68,2025-06-30,Delivered,Delacruzberg,New Hampshire
4787,537,115,2,98.26,196.52,2024-01-24,Delivered,West Ryanton,West Virginia
4788,290,82,9,29.07,261.63,2024-12-31,Delivered,North Joseph,Illinois
4789,769,15,1,22.83,22.83,2024-11-30,Delivered,West Sara,Nebraska
4790,768,35,4,179.74,718.96,2024-05-27,Delivered,Gutierrezmouth,Washington
4791,320,92,3,11.68,35.04,2025-11-30,Delivered,Maryview,Ohio
4792,527,27,9,27.66,248.94,2025-12-02,Delivered,South Susanfort,Nebraska
4793,219,7,3,43.74,131.22,2024-03-12,Delivered,Grayport,Georgia
4794,950,90,4,170.31,681.24,2025-06-20,Delivered,Lake Elizabethhaven,Connecticut
4795,86,3,1,34.78,34.78,2024-05-19,Delivered,East Dawnmouth,Maine
4796,414,39,5,35.25,176.25,2024-06-06,Delivered,Williamton,Virginia
4797,211,60,2,493.39,986.78,2024-06-20,Delivered,Kennethburgh,Nebraska
4798,118,139,2,74.52,149.04,2025-08-05,Delivered,North Michelletown,Nebraska
4799,903,89,2,695.64,1391.28,2024-08-08,Delivered,Maryland,Alaska
4800,341,16,4,53.79,215.16,2024-08-29,Delivered,Karenview,Ohio
4801,101,156,1,76.9,76.9,2024-03-20,Delivered,Michellefort,Maine
4802,724,49,4,98.4,393.6,2024-02-02,Delivered,Lake Stephen,Wisconsin
4803,795,24,2,180.09,360.18,2025-09-07,Delivered,Patelchester,New Hampshire
4804,999,78,12,5.17,62.04,2025-04-23,Delivered,Matthewberg,Utah
4805,400,47,3,188.28,564.84,2025-09-27,Delivered,Andersonside,Wyoming
4806,887,42,3,146.77,440.31,2024-10-28,Delivered,New Anitafort,Minnesota
4807,76,144,5,37.02,185.1,2024-07-23,Delivered,East Maria,Nevada
4808,107,54,6,7.54,45.24,2025-04-15,Delivered,Whiteburgh,New York
4809,538,39,5,35.25,176.25,2025-02-14,Returned,Darrenmouth,West Virginia
4810,783,19,2,342.31,684.62,2025-03-14,Delivered,Thompsonmouth,Colorado
4811,522,77,5,5.4,27.0,2025-11-24,Delivered,Barkerfort,Wisconsin
4812,844,185,3,141.13,423.39,2024-04-29,Delivered,Priscillafurt,Connecticut
4813,773,124,2,108.4,216.8,2025-07-28,Delivered,East Anthonychester,Massachusetts
4814,597,87,1,29.52,29.52,2025-10-29,Delivered,West Adamton,Tennessee
4815,576,24,2,180.09,360.18,2024-12-05,Delivered,Richardshire,Massachusetts
4816,814,199,2,97.62,195.24,2024-05-22,Delivered,Avilafort,Colorado
4817,883,195,1,32.25,32.25,2025-07-18,Processing,East Michaelland,Pennsylvania
4818,539,99,3,135.17,405.51,2024-07-01,Delivered,North Karen,Vermont
4819,624,35,3,179.74,539.22,2025-01-08,Shipped,New Katherine,North Dakota
4820,944,97,4,43.15,172.6,2024-04-04,Delivered,Freemanfurt,Virginia
4821,874,114,5,74.03,370.15,2025-07-11,Delivered,North Josephland,Massachusetts
4822,868,11,1,50.75,50.75,2025-11-05,Delivered,Johntown,Alaska
4823,632,33,1,1077.68,0.0,2025-05-05,Cancelled,Lake Renee,Washington
4824,507,182,1,675.46,675.46,2025-08-01,Shipped,Vincentborough,Utah
4825,673,139,3,74.52,223.56,2025-10-25,Delivered,Josefurt,Montana
4826,133,10,3,107.87,323.61,2024-03-20,Delivered,Harrisonborough,Arizona
4827,382,170,4,81.2,324.8,2024-02-26,Delivered,Anthonyborough,Oklahoma
4828,876,78,4,5.17,20.68,2025-01-31,Delivered,North Susanville,Massachusetts
4829,536,70,2,29.96,59.92,2025-03-09,Delivered,New Rogerton,Montana
4830,541,145,1,88.28,88.28,2024-11-29,Shipped,Lake Katrinaborough,North Dakota
4831,78,122,5,30.44,152.2,2025-05-07,Delivered,Lake Jonathanton,Alabama
4832,805,52,4,27.18,108.72,2025-01-28,Delivered,Charleschester,New Jersey
4833,276,147,1,487.95,487.95,2025-09-05,Delivered,Lake Katrinahaven,Pennsylvania
4834,424,42,3,146.77,440.31,2024-01-09,Delivered,Port Christine,Wisconsin
4835,501,122,3,30.44,91.32,2024-08-25,Delivered,Chaneyhaven,Virginia
4836,249,155,4,97.2,388.8,2024-04-16,Delivered,Rosetown,Missouri
4837,863,47,1,188.28,188.28,2025-03-01,Delivered,Lake Amandahaven,Rhode Island
4838,889,42,1,146.77,146.77,2024-07-29,Shipped,Port Jacquelinemouth,Rhode Island
4839,252,48,4,46.46,185.84,2025-09-06,Returned,North Samanthaport,Missouri
4840,142,159,6,28.19,169.14,2025-11-07,Shipped,Brittanytown,Nevada
4841,713,167,2,243.83,0.0,2024-07-02,Cancelled,South James,Ohio
4842,785,20,1,34.83,34.83,2025-04-19,Shipped,Ramirezside,Pennsylvania
4843,282,148,2,639.02,1278.04,2024-09-05,Delivered,Lake Robinfort,Maine
4844,166,102,4,16.48,65.92,2024-04-15,Shipped,South Johnstad,New Jersey
4845,4,143,2,148.64,297.28,2025-09-19,Delivered,East Johnathan,Maine
4846,715,185,3,141.13,423.39,2024-10-29,Shipped,North Nathanshire,Georgia
4847,456,139,2,74.52,149.04,2025-05-07,Delivered,South Ashley,Massachusetts
4848,546,175,1,58.63,58.63,2024-10-07,Delivered,South Austin,Nebraska
4849,933,25,2,212.04,424.08,2024-11-28,Delivered,Longside,Michigan
4850,780,200,4,41.6,166.4,2024-09-16,Shipped,Barrettfort,Maryland
4851,709,183,3,258.69,776.07,2024-12-08,Delivered,South Patricia,New York
4852,817,31,4,50.16,200.64,2025-04-21,Delivered,Cameronfurt,New Hampshire
4853,583,68,1,113.46,113.46,2025-12-31,Delivered,Port Alexandraland,Arkansas
4854,308,119,7,27.5,192.5,2025-06-20,Processing,Klinebury,Wisconsin
4855,954,152,5,105.39,526.95,2024-07-14,Delivered,Natalieville,New Mexico
4856,5,169,4,175.75,703.0,2024-04-28,Shipped,South Natalieshire,New Jersey
4857,255,109,2,115.28,230.56,2024-05-05,Delivered,Mitchellborough,Tennessee
4858,497,67,12,22.32,267.84,2024-11-01,Delivered,Gregoryberg,Virginia
4859,917,99,3,135.17,405.51,2024-04-06,Delivered,West Brian,Louisiana
4860,982,27,9,27.66,248.94,2025-06-29,Delivered,West Kimberly,Massachusetts
4861,213,58,1,1142.69,1142.69,2025-04-06,Delivered,Kingfort,New Hampshire
4862,187,173,5,63.4,317.0,2024-11-07,Delivered,Onealfurt,Florida
4863,493,119,11,27.5,302.5,2024-03-01,Delivered,Josephtown,South Dakota
4864,450,126,11,14.23,156.53,2024-01-02,Delivered,New Brandonville,Ohio
4865,353,16,3,53.79,161.37,2024-01-28,Delivered,West Georgeton,Michigan
4866,655,42,2,146.77,0.0,2024-12-01,Cancelled,North Joshuaside,Alaska
4867,260,111,2,93.95,187.9,2025-10-07,Delivered,Shelbyburgh,Connecticut
4868,886,17,2,625.15,1250.3,2024-01-07,Shipped,Lake Travisview,Texas
4869,172,98,1,46.15,46.15,2024-02-05,Delivered,West Miguelview,Arizona
4870,187,30,2,17.83,35.66,2024-07-27,Delivered,Onealfurt,Florida
4871,603,150,2,167.9,335.8,2025-03-09,Returned,West Nathan,New Hampshire
4872,623,179,1,486.21,0.0,2024-07-22,Cancelled,South Antonio,Maine
4873,309,159,4,28.19,112.76,2024-08-01,Processing,New Cassidy,Rhode Island
4874,429,186,1,304.0,304.0,2025-01-02,Delivered,Aaronborough,Maryland
4875,871,37,1,110.69,110.69,2025-08-04,Delivered,South Sarah,Alabama
4876,673,73,2,456.73,913.46,2024-08-24,Delivered,Josefurt,Montana
4877,355,27,9,27.66,248.94,2024-10-26,Delivered,Cynthiafurt,Connecticut
4878,531,189,2,48.34,96.68,2024-07-13,Delivered,North Todd,Maryland
4879,720,93,1,130.28,130.28,2024-11-05,Shipped,Tammybury,Utah
4880,994,87,2,29.52,59.04,2025-12-09,Delivered,New Jamesland,Tennessee
4881,72,15,2,22.83,45.66,2024-04-28,Delivered,Davisville,Mississippi
4882,52,87,4,29.52,118.08,2024-06-11,Delivered,Lorifurt,Ohio
4883,679,139,1,74.52,74.52,2024-11-16,Delivered,Sullivanbury,Nevada
4884,876,150,2,167.9,0.0,2024-05-28,Cancelled,North Susanville,Massachusetts
4885,283,19,1,342.31,342.31,2025-01-09,Delivered,Karaside,Arkansas
4886,991,19,3,342.31,1026.93,2024-08-24,Delivered,Franklinborough,Kansas
4887,107,111,2,93.95,187.9,2024-05-02,Shipped,Whiteburgh,New York
4888,638,173,4,63.4,253.6,2025-05-20,Delivered,North Gabrielberg,Arizona
4889,96,57,1,115.26,115.26,2024-03-10,Delivered,West Jasonland,New York
4890,26,189,1,48.34,48.34,2024-12-04,Shipped,Gregorychester,Arizona
4891,567,149,2,274.44,548.88,2025-09-03,Delivered,Whiteheadmouth,Tennessee
4892,521,195,3,32.25,96.75,2024-07-31,Returned,Jodifurt,New Mexico
4893,954,77,1,5.4,5.4,2024-03-19,Delivered,Natalieville,New Mexico
4894,430,89,1,695.64,695.64,2024-06-09,Delivered,South Connor,Montana
4895,588,175,3,58.63,175.89,2025-01-07,Delivered,Thomasmouth,Texas
4896,802,16,4,53.79,215.16,2024-12-12,Processing,Lorifort,Missouri
4897,96,93,3,130.28,390.84,2024-07-26,Delivered,West Jasonland,New York
4898,258,184,3,107.03,321.09,2025-10-22,Delivered,Castilloberg,Rhode Island
4899,564,96,1,286.65,286.65,2024-11-23,Processing,Pooletown,New Hampshire
4900,694,195,5,32.25,161.25,2025-04-19,Delivered,Port Louis,New Hampshire
4901,932,45,4,57.4,229.6,2025-02-25,Delivered,West Anita,Illinois
4902,371,88,1,548.48,548.48,2025-10-14,Processing,West Nicole,Wyoming
4903,607,76,1,143.96,143.96,2025-07-15,Delivered,Walkertown,North Carolina
4904,990,57,4,115.26,461.04,2024-02-06,Delivered,Juarezfurt,Alaska
4905,458,199,4,97.62,390.48,2025-04-27,Delivered,Oscarborough,Arkansas
4906,334,190,5,11.07,55.35,2024-02-26,Shipped,South Bradleyside,Delaware
4907,866,103,4,42.88,171.52,2024-08-26,Delivered,East Saraport,Montana
4908,472,125,3,24.59,73.77,2025-12-09,Delivered,Lake Micheal,Minnesota
4909,991,63,1,1487.23,1487.23,2024-11-23,Processing,Franklinborough,Kansas
4910,638,38,10,31.32,313.2,2024-09-16,Delivered,North Gabrielberg,Arizona
4911,424,143,1,148.64,148.64,2024-08-20,Delivered,Port Christine,Wisconsin
4912,657,135,1,144.51,0.0,2024-07-20,Cancelled,North Richardview,Kansas
4913,88,131,1,917.21,917.21,2024-06-12,Delivered,Port Brendamouth,New Hampshire
4914,792,103,5,42.88,214.4,2025-04-10,Delivered,North John,North Carolina
4915,585,40,2,414.22,828.44,2024-05-11,Delivered,East Victoria,Rhode Island
4916,294,156,3,76.9,230.7,2025-08-26,Shipped,Port Brandon,Washington
4917,822,171,5,142.38,711.9,2024-02-08,Delivered,North Daniel,Nebraska
4918,582,17,1,625.15,625.15,2024-05-27,Delivered,Port Amy,Indiana
4919,313,174,1,194.56,194.56,2025-10-12,Delivered,Hernandezberg,North Carolina
4920,286,146,3,157.34,472.02,2025-11-15,Processing,New Zacharyshire,Wisconsin
4921,904,73,2,456.73,913.46,2024-02-22,Delivered,Lake Johnathan,Michigan
4922,115,51,5,45.28,226.4,2025-07-16,Delivered,Henryfort,New York
4923,575,175,3,58.63,175.89,2024-10-09,Delivered,West Elizabethstad,Utah
4924,876,172,2,84.77,169.54,2024-01-29,Delivered,North Susanville,Massachusetts
4925,769,74,2,301.83,603.66,2024-03-24,Shipped,West Sara,Nebraska
4926,275,123,2,271.01,542.02,2024-11-04,Delivered,Markfort,Michigan
4927,429,191,4,126.39,0.0,2025-11-09,Cancelled,Aaronborough,Maryland
4928,445,82,8,29.07,232.56,2024-11-29,Delivered,Longshire,New Jersey
4929,95,51,4,45.28,181.12,2024-07-13,Delivered,Lake Kathleenland,Colorado
4930,949,27,7,27.66,193.62,2025-02-12,Delivered,East Johnside,Illinois
4931,174,200,3,41.6,124.8,2024-10-13,Delivered,Simpsonchester,Virginia
4932,998,63,1,1487.23,1487.23,2024-03-15,Delivered,Hansonmouth,Iowa
4933,700,84,3,148.96,0.0,2024-05-17,Cancelled,North Robert,Wyoming
4934,759,181,1,86.64,86.64,2025-07-30,Delivered,Port Laurenchester,Utah
4935,627,135,2,144.51,289.02,2025-08-01,Delivered,Alexandraland,Alaska
4936,303,172,4,84.77,339.08,2025-05-14,Delivered,Stevensfort,Iowa
4937,595,151,3,192.55,577.65,2025-10-07,Delivered,Port Robin,California
4938,703,107,1,56.54,56.54,2024-03-04,Processing,New Lindsayton,South Carolina
4939,386,160,2,37.99,75.98,2024-07-31,Delivered,Alishamouth,Alabama
4940,154,43,3,102.37,307.11,2025-06-12,Delivered,Port Kaylabury,New Hampshire
4941,633,171,3,142.38,427.14,2025-06-06,Delivered,Allenburgh,Michigan
4942,268,76,1,143.96,143.96,2024-04-30,Returned,Hallchester,Pennsylvania
4943,219,185,5,141.13,705.65,2024-09-28,Shipped,Grayport,Georgia
4944,825,176,1,98.52,98.52,2025-03-19,Delivered,Lake Richard,Texas
4945,211,98,2,46.15,92.3,2024-08-08,Shipped,Kennethburgh,Nebraska
4946,596,90,2,170.31,340.62,2025-02-15,Delivered,Lake Michael,Colorado
4947,304,42,1,146.77,0.0,2025-06-14,Cancelled,Taraberg,Oregon
4948,76,94,1,41.9,41.9,2025-07-14,Delivered,East Maria,Nevada
4949,831,117,3,110.18,330.54,2024-01-08,Delivered,South Markfurt,Wisconsin
4950,284,155,3,97.2,291.6,2024-10-08,Delivered,East Angel,Missouri
4951,741,23,3,16.35,49.05,2024-10-03,Delivered,Santosside,North Dakota
4952,95,42,2,146.77,293.54,2024-06-29,Delivered,Lake Kathleenland,Colorado
4953,159,163,1,113.36,113.36,2024-07-31,Delivered,Blackbury,Washington
4954,30,98,3,46.15,138.45,2025-06-14,Delivered,Davidview,Iowa
4955,418,126,4,14.23,56.92,2024-08-05,Returned,Ericstad,Florida
4956,782,21,2,65.8,131.6,2025-08-20,Delivered,Darrenton,New York
4957,118,124,2,108.4,216.8,2024-12-30,Shipped,North Michelletown,Nebraska
4958,490,103,2,42.88,85.76,2025-01-16,Delivered,Hillton,New Mexico
4959,876,165,2,57.61,115.22,2024-11-20,Shipped,North Susanville,Massachusetts
4960,386,187,4,85.38,341.52,2024-04-07,Delivered,Alishamouth,Alabama
4961,371,100,2,48.33,96.66,2025-01-17,Delivered,West Nicole,Wyoming
4962,357,197,1,42.46,42.46,2025-08-06,Delivered,Lake Sheriside,Iowa
4963,165,60,1,493.39,493.39,2025-09-11,Delivered,Port Jennifermouth,Alabama
4964,654,4,4,40.83,163.32,2024-12-14,Delivered,North Michaelbury,West Virginia
4965,615,19,3,342.31,1026.93,2024-04-16,Delivered,Grossshire,Montana
4966,732,14,4,28.78,115.12,2024-07-09,Returned,Mcgrathville,South Carolina
4967,349,199,4,97.62,390.48,2025-07-03,Shipped,East Susan,New Mexico
4968,903,41,2,238.94,477.88,2024-01-15,Shipped,Maryland,Alaska
4969,576,196,4,138.33,553.32,2025-04-23,Delivered,Richardshire,Massachusetts
4970,884,129,4,165.48,661.92,2024-08-06,Delivered,East Jamesmouth,Kansas
4971,521,66,3,235.08,705.24,2025-08-06,Processing,Jodifurt,New Mexico
4972,205,186,1,304.0,304.0,2024-05-15,Delivered,South Samuelshire,Delaware
4973,86,98,2,46.15,92.3,2024-12-30,Shipped,East Dawnmouth,Maine
4974,102,98,2,46.15,92.3,2025-05-12,Delivered,Haileyburgh,Texas
4975,52,17,1,625.15,625.15,2024-07-19,Delivered,Lorifurt,Ohio
4976,439,89,1,695.64,695.64,2025-02-06,Shipped,East Howard,Oregon
4977,869,200,2,41.6,83.2,2025-08-19,Delivered,West Davidport,Arkansas
4978,771,154,4,42.12,168.48,2025-09-19,Processing,Adamsfurt,Alaska
4979,227,4,5,40.83,0.0,2024-10-16,Cancelled,Jeffberg,Pennsylvania
4980,230,99,4,135.17,540.68,2024-09-14,Delivered,South Andrewport,Iowa
4981,293,178,3,11.5,34.5,2025-02-17,Delivered,Hayesfort,Utah
4982,671,81,5,51.28,256.4,2024-04-25,Shipped,East Johnside,Oregon
4983,247,31,4,50.16,200.64,2024-06-25,Delivered,Morrisonbury,Nebraska
4984,708,165,3,57.61,172.83,2025-06-04,Delivered,North Jessicamouth,New Jersey
4985,767,162,4,115.69,462.76,2025-11-16,Delivered,Port Matthew,Oklahoma
4986,817,163,4,113.36,453.44,2024-10-26,Delivered,Cameronfurt,New Hampshire
4987,368,24,1,180.09,180.09,2025-06-24,Delivered,Port Davidside,Oregon
4988,120,62,2,99.97,199.94,2025-09-11,Delivered,North Marie,Delaware
4989,913,86,2,1337.83,2675.66,2025-10-16,Delivered,Nicholasfort,Rhode Island
4990,555,103,5,42.88,214.4,2024-09-11,Processing,Lake Marymouth,Illinois
4991,953,48,11,46.46,511.06,2024-04-03,Delivered,Codychester,Rhode Island
4992,975,76,3,143.96,431.88,2024-10-06,Delivered,North Peter,Michigan
4993,580,97,5,43.15,215.75,2025-12-15,Delivered,Lake William,Nevada
4994,577,45,2,57.4,0.0,2025-10-31,Cancelled,Sarahmouth,Arizona
4995,447,22,1,413.03,413.03,2024-02-20,Delivered,North Toddburgh,Virginia
4996,223,19,3,342.31,1026.93,2025-09-14,Delivered,Fostershire,Maryland
4997,156,139,1,74.52,74.52,2024-03-24,Delivered,Pagemouth,Maine
4998,256,126,4,14.23,56.92,2025-01-23,Delivered,Lake Kevin,Wyoming
4999,161,124,1,108.4,108.4,2025-03-10,Delivered,Lake Amyberg,Ohio
5000,725,168,5,16.61,0.0,2025-08-23,Cancelled,Lake Leslie,Ohio
5001,674,74,2,301.83,603.66,2024-08-08,Shipped,New Robert,Michigan
5002,949,146,1,157.34,157.34,2025-01-27,Delivered,East Johnside,Illinois
5003,714,67,9,22.32,200.88,2025-09-03,Delivered,Port Markshire,Minnesota
5004,816,113,5,22.71,113.55,2024-11-03,Delivered,New Michael,Montana
5005,540,186,1,304.0,304.0,2025-09-09,Delivered,Michaelview,Connecticut
5006,453,154,4,42.12,168.48,2024-01-11,Delivered,Smithshire,Florida
5007,905,48,12,46.46,557.52,2025-04-15,Delivered,Martinchester,Maryland
5008,326,175,4,58.63,234.52,2024-12-07,Shipped,Lisachester,New York
5009,808,190,3,11.07,33.21,2025-03-11,Delivered,Russellfort,Arkansas
5010,394,50,12,23.62,283.44,2024-03-18,Delivered,Johnsonville,Wyoming
5011,824,106,1,26.57,26.57,2024-02-06,Delivered,Colemanside,Connecticut
5012,304,59,2,462.07,924.14,2025-09-29,Processing,Taraberg,Oregon
5013,791,22,3,413.03,1239.09,2025-02-21,Delivered,Griffinton,North Dakota
5014,51,184,1,107.03,107.03,2025-02-16,Delivered,New Sandrastad,Idaho
5015,658,128,2,15.74,31.48,2024-11-19,Delivered,North Melissaborough,Connecticut
5016,960,104,2,1515.73,3031.46,2024-04-28,Delivered,West Jeffrey,North Dakota
5017,907,141,2,55.53,111.06,2025-02-27,Delivered,Lake James,Iowa
5018,165,170,3,81.2,243.6,2025-11-08,Delivered,Port Jennifermouth,Alabama
5019,150,64,4,32.06,128.24,2024-05-19,Delivered,Jordantown,Kentucky
5020,521,128,5,15.74,78.7,2025-12-27,Returned,Jodifurt,New Mexico
5021,58,146,4,157.34,629.36,2025-09-10,Returned,West Teresaland,Illinois
5022,138,58,2,1142.69,2285.38,2025-11-30,Delivered,West Kimberlyberg,Louisiana
5023,266,21,5,65.8,329.0,2025-07-23,Delivered,Jocelynbury,Vermont
5024,254,42,1,146.77,146.77,2024-04-05,Shipped,West Danielle,Nebraska
5025,145,95,4,2.3,9.2,2025-06-12,Delivered,Carrollfurt,Iowa
5026,487,36,3,193.51,580.53,2024-12-14,Delivered,Sarahton,Nevada
5027,34,47,2,188.28,376.56,2024-10-27,Delivered,Joseland,Alabama
5028,210,33,1,1077.68,1077.68,2024-12-23,Processing,Ryanmouth,Delaware
5029,370,116,1,154.63,154.63,2025-11-27,Delivered,Port Lisaborough,Colorado
5030,848,106,1,26.57,26.57,2025-04-12,Delivered,East Jacob,Wisconsin
5031,371,2,2,134.26,268.52,2024-09-20,Delivered,West Nicole,Wyoming
5032,440,30,3,17.83,0.0,2024-01-27,Cancelled,Jonesfurt,Connecticut
5033,737,142,1,241.68,241.68,2024-05-25,Delivered,Hernandezside,Wyoming
5034,849,48,10,46.46,464.6,2025-05-26,Delivered,Lake Brent,West Virginia
5035,387,100,1,48.33,48.33,2024-05-20,Returned,Doughertyfort,North Dakota
5036,429,60,3,493.39,1480.17,2024-06-05,Delivered,Aaronborough,Maryland
5037,869,23,3,16.35,49.05,2024-09-06,Shipped,West Davidport,Arkansas
5038,319,90,2,170.31,340.62,2025-03-17,Delivered,West Rachel,Delaware
5039,893,36,4,193.51,774.04,2024-01-18,Shipped,Daniellefort,Oklahoma
5040,192,154,1,42.12,42.12,2025-04-07,Delivered,West Jenniferfort,Kentucky
5041,201,17,2,625.15,1250.3,2025-06-04,Delivered,New Brendamouth,New Hampshire
5042,939,69,3,12.9,38.7,2025-04-08,Delivered,South Jennifer,California
5043,464,114,5,74.03,370.15,2024-08-10,Delivered,Jamesport,Nebraska
5044,944,78,3,5.17,15.51,2024-07-03,Delivered,Freemanfurt,Virginia
5045,314,116,3,154.63,463.89,2024-12-22,Delivered,Port Marc,Rhode Island
5046,404,109,2,115.28,230.56,2025-09-02,Processing,Laceyport,Washington
5047,468,145,2,88.28,176.56,2025-05-31,Delivered,Perkinsside,Texas
5048,664,147,1,487.95,487.95,2024-02-20,Delivered,Mendozafurt,Connecticut
5049,443,40,3,414.22,1242.66,2024-11-04,Shipped,Hamiltonchester,Maryland
5050,803,196,1,138.33,138.33,2024-06-16,Delivered,West Jasmine,South Dakota
5051,924,152,1,105.39,105.39,2024-01-25,Delivered,Hillberg,Georgia
5052,670,82,9,29.07,261.63,2025-02-01,Shipped,West Alexandrastad,Oklahoma
5053,19,61,9,24.62,0.0,2024-07-03,Cancelled,North Davidshire,Vermont
5054,555,139,1,74.52,74.52,2025-06-27,Shipped,Lake Marymouth,Illinois
5055,684,144,8,37.02,296.16,2024-08-22,Delivered,Torresville,Ohio
5056,59,43,1,102.37,102.37,2024-04-24,Delivered,South Paulmouth,Tennessee
5057,540,81,1,51.28,51.28,2025-11-04,Delivered,Michaelview,Connecticut
5058,964,109,1,115.28,0.0,2024-03-11,Cancelled,Meganbury,Connecticut
5059,395,171,3,142.38,0.0,2024-05-27,Cancelled,Deborahberg,Washington
5060,362,2,4,134.26,537.04,2025-04-01,Processing,West Annashire,Nevada
5061,368,4,5,40.83,204.15,2025-07-01,Delivered,Port Davidside,Oregon
5062,944,41,1,238.94,238.94,2024-10-24,Delivered,Freemanfurt,Virginia
5063,600,60,2,493.39,986.78,2025-05-13,Delivered,South Christopherfort,Massachusetts
5064,970,154,1,42.12,42.12,2025-04-29,Processing,Robertsborough,Utah
5065,561,56,1,208.97,208.97,2025-03-12,Delivered,West Robinland,Pennsylvania
5066,309,198,3,473.82,1421.46,2024-12-15,Delivered,New Cassidy,Rhode Island
5067,442,12,2,899.79,1799.58,2025-07-01,Delivered,North Noah,Wyoming
5068,488,53,1,75.3,75.3,2024-12-30,Returned,Romeroland,West Virginia
5069,813,150,1,167.9,167.9,2024-08-18,Delivered,Mariaberg,Pennsylvania
5070,114,65,2,337.28,674.56,2025-08-01,Shipped,Dawsonhaven,Colorado
5071,679,42,3,146.77,440.31,2024-01-04,Delivered,Sullivanbury,Nevada
5072,663,184,2,107.03,214.06,2024-06-09,Delivered,West Matthewfurt,North Dakota
5073,229,128,2,15.74,31.48,2024-06-06,Delivered,Nancytown,Oklahoma
5074,941,172,5,84.77,423.85,2025-05-09,Delivered,Allenhaven,New Mexico
5075,528,32,3,87.66,262.98,2024-05-31,Delivered,Pamelaburgh,Wyoming
5076,105,189,3,48.34,145.02,2025-12-07,Delivered,South Lisa,Rhode Island
5077,842,130,3,87.12,261.36,2024-09-15,Delivered,Williamhaven,Utah
5078,108,144,10,37.02,370.2,2025-12-19,Delivered,New Danny,Nevada
5079,875,181,2,86.64,173.28,2025-09-10,Delivered,New Williamchester,Ohio
5080,898,187,4,85.38,341.52,2024-01-26,Delivered,Lukeberg,Michigan
5081,106,126,11,14.23,0.0,2024-01-24,Cancelled,South Justin,Georgia
5082,274,173,1,63.4,63.4,2025-10-05,Returned,Mcdonaldtown,New Mexico
5083,678,182,2,675.46,1350.92,2025-02-16,Delivered,East Charlesstad,South Dakota
5084,966,23,4,16.35,65.4,2024-09-04,Delivered,Port Dorisport,Connecticut
5085,151,108,2,52.63,105.26,2024-12-04,Delivered,Port Joelfurt,North Dakota
5086,310,102,4,16.48,65.92,2025-01-30,Delivered,Mitchellchester,Alaska
5087,750,19,1,342.31,342.31,2025-06-13,Delivered,East Meganland,North Dakota
5088,186,161,1,33.62,33.62,2025-12-25,Delivered,North Jacob,Rhode Island
5089,966,28,3,84.71,254.13,2024-01-12,Delivered,Port Dorisport,Connecticut
5090,578,166,1,80.7,80.7,2025-10-11,Delivered,Edwardborough,Rhode Island
5091,540,5,1,14.19,14.19,2024-09-16,Delivered,Michaelview,Connecticut
5092,766,173,5,63.4,317.0,2025-12-06,Delivered,New Dianaberg,Alabama
5093,703,187,4,85.38,341.52,2025-06-04,Delivered,New Lindsayton,South Carolina
5094,109,2,1,134.26,134.26,2025-01-06,Returned,Maciaschester,Utah
5095,935,60,3,493.39,1480.17,2025-04-24,Delivered,Moralesstad,Ohio
5096,83,93,4,130.28,521.12,2025-11-01,Delivered,New Joshua,Washington
5097,663,17,1,625.15,625.15,2025-07-24,Delivered,West Matthewfurt,North Dakota
5098,166,60,1,493.39,493.39,2024-07-07,Delivered,South Johnstad,New Jersey
5099,280,145,2,88.28,176.56,2025-02-14,Returned,Samanthaland,South Dakota
5100,575,85,2,490.6,981.2,2024-04-06,Delivered,West Elizabethstad,Utah
5101,582,37,4,110.69,442.76,2025-08-03,Returned,Port Amy,Indiana
5102,592,40,3,414.22,1242.66,2025-07-20,Processing,South Daniel,Louisiana
5103,168,191,4,126.39,505.56,2024-12-22,Delivered,Port Kaylamouth,New Mexico
5104,279,18,4,143.63,574.52,2024-02-05,Shipped,Port Bradley,Florida
5105,808,174,1,194.56,194.56,2024-12-02,Delivered,Russellfort,Arkansas
5106,736,167,1,243.83,243.83,2025-01-17,Delivered,Jamesport,Mississippi
5107,516,143,1,148.64,148.64,2025-08-29,Shipped,South Michelleside,Alabama
5108,970,66,3,235.08,705.24,2025-06-10,Shipped,Robertsborough,Utah
5109,959,130,1,87.12,0.0,2025-06-19,Cancelled,North Ericmouth,Arizona
5110,672,79,3,383.68,0.0,2024-08-19,Cancelled,Lake Jamesland,Wyoming
5111,933,167,2,243.83,0.0,2024-05-11,Cancelled,Longside,Michigan
5112,446,121,1,6.52,6.52,2025-03-30,Returned,Lake Johnside,Delaware
5113,721,143,1,148.64,148.64,2024-05-30,Delivered,Lake Jessestad,Maine
5114,603,110,1,26.8,26.8,2025-05-22,Delivered,West Nathan,New Hampshire
5115,862,47,2,188.28,376.56,2025-07-09,Delivered,Lake Anthony,Oklahoma
5116,269,154,3,42.12,126.36,2025-07-09,Delivered,New Courtneyview,Tennessee
5117,224,148,2,639.02,1278.04,2025-04-06,Delivered,Larsonshire,Connecticut
5118,575,184,1,107.03,107.03,2024-05-29,Delivered,West Elizabethstad,Utah
5119,260,130,2,87.12,174.24,2025-01-31,Processing,Shelbyburgh,Connecticut
5120,836,184,2,107.03,214.06,2024-11-22,Returned,Port Jill,Connecticut
5121,496,31,2,50.16,100.32,2024-04-01,Shipped,Jamesburgh,Florida
5122,881,12,2,899.79,1799.58,2025-09-07,Delivered,Susanside,Maine
5123,155,198,3,473.82,1421.46,2024-10-30,Shipped,North Codybury,Pennsylvania
5124,838,134,2,53.71,107.42,2025-12-25,Processing,Marshfort,Oklahoma
5125,398,183,3,258.69,776.07,2024-09-26,Processing,Williamview,Delaware
5126,64,102,3,16.48,49.44,2025-09-11,Delivered,Port James,California
5127,451,72,4,9.09,36.36,2024-10-19,Delivered,Port Lindsaymouth,New Hampshire
5128,511,28,2,84.71,169.42,2024-11-28,Delivered,South Amanda,Alabama
5129,553,112,3,53.86,161.58,2025-01-15,Shipped,Port Shelly,Illinois
5130,521,16,4,53.79,215.16,2024-01-22,Shipped,Jodifurt,New Mexico
5131,638,94,3,41.9,125.7,2025-05-09,Delivered,North Gabrielberg,Arizona
5132,123,132,2,895.45,0.0,2025-06-29,Cancelled,West Steven,North Carolina
5133,624,29,1,264.9,264.9,2024-09-23,Delivered,New Katherine,North Dakota
5134,434,98,2,46.15,92.3,2024-10-19,Delivered,North Stevenmouth,Nebraska
5135,5,197,2,42.46,84.92,2025-05-07,Delivered,South Natalieshire,New Jersey
5136,41,46,2,35.34,70.68,2025-01-12,Shipped,Jameschester,Pennsylvania
5137,838,116,1,154.63,154.63,2025-03-21,Delivered,Marshfort,Oklahoma
5138,169,147,2,487.95,975.9,2025-02-12,Delivered,Bartonland,Nevada
5139,380,98,4,46.15,184.6,2025-01-05,Delivered,North Michellemouth,Kentucky
5140,943,48,6,46.46,278.76,2024-01-01,Delivered,Paulville,Texas
5141,825,76,2,143.96,287.92,2025-05-08,Delivered,Lake Richard,Texas
5142,715,9,2,160.49,320.98,2024-10-16,Delivered,North Nathanshire,Georgia
5143,34,165,4,57.61,230.44,2025-05-08,Delivered,Joseland,Alabama
5144,604,42,2,146.77,293.54,2025-08-13,Delivered,Ericview,Maine
5145,595,43,2,102.37,204.74,2025-11-01,Delivered,Port Robin,California
5146,669,87,3,29.52,88.56,2025-04-27,Delivered,East Dustinburgh,Maine
5147,255,106,5,26.57,132.85,2025-04-21,Delivered,Mitchellborough,Tennessee
5148,338,178,2,11.5,23.0,2024-08-31,Shipped,Dennisstad,Hawaii
5149,892,7,3,43.74,131.22,2024-05-17,Delivered,Lake Anthony,Nevada
5150,822,155,4,97.2,388.8,2025-03-01,Delivered,North Daniel,Nebraska
5151,147,105,4,136.66,546.64,2024-07-04,Shipped,Stephanieburgh,Alaska
5152,191,118,1,103.99,103.99,2024-12-08,Delivered,Benjaminville,Wyoming
5153,399,24,3,180.09,540.27,2025-12-30,Delivered,Riverafurt,Kentucky
5154,233,188,2,102.39,204.78,2024-05-13,Delivered,Leland,New York
5155,974,42,3,146.77,440.31,2025-04-22,Delivered,Hughestown,Tennessee
5156,855,152,2,105.39,210.78,2024-10-08,Shipped,Michaelborough,Minnesota
5157,329,131,1,917.21,917.21,2024-01-09,Processing,Marcton,Missouri
5158,735,24,1,180.09,180.09,2024-10-28,Processing,West Tony,Oregon
5159,286,165,1,57.61,0.0,2024-10-07,Cancelled,New Zacharyshire,Wisconsin
5160,355,145,5,88.28,441.4,2025-10-07,Delivered,Cynthiafurt,Connecticut
5161,103,173,4,63.4,253.6,2024-01-29,Processing,South Suzanneland,California
5162,824,9,3,160.49,481.47,2025-05-07,Processing,Colemanside,Connecticut
5163,67,44,1,423.84,423.84,2024-10-01,Delivered,Barronshire,Oregon
5164,665,40,3,414.22,1242.66,2024-12-09,Shipped,Desireemouth,Maine
5165,751,62,2,99.97,199.94,2024-04-02,Delivered,Tracyview,Illinois
5166,59,59,3,462.07,1386.21,2024-01-21,Delivered,South Paulmouth,Tennessee
5167,365,59,3,462.07,1386.21,2024-10-30,Delivered,Christopherborough,Kansas
5168,891,41,2,238.94,477.88,2025-11-21,Delivered,Fischerborough,Idaho
5169,12,125,2,24.59,49.18,2025-11-08,Delivered,Floresland,Virginia
5170,896,106,5,26.57,132.85,2025-04-02,Shipped,Randyhaven,Georgia
5171,36,196,4,138.33,553.32,2025-05-26,Delivered,Lake Christopherville,Indiana
5172,104,23,4,16.35,65.4,2025-09-09,Delivered,Pamelaville,Louisiana
5173,17,184,1,107.03,107.03,2025-10-03,Delivered,South Victorchester,Tennessee
5174,864,151,3,192.55,577.65,2024-08-19,Delivered,Jenniferport,West Virginia
5175,910,134,1,53.71,53.71,2024-12-09,Delivered,Port Christopher,South Carolina
5176,668,160,4,37.99,151.96,2024-12-26,Delivered,South Miguel,Ohio
5177,857,49,3,98.4,295.2,2025-03-19,Delivered,Jonesborough,South Dakota
5178,402,145,2,88.28,176.56,2024-09-13,Delivered,Andreaville,Florida
5179,506,127,2,150.5,301.0,2024-12-02,Delivered,South Danielborough,Idaho
5180,444,150,3,167.9,503.7,2024-12-19,Delivered,Davidfort,New Hampshire
5181,964,70,1,29.96,0.0,2025-06-09,Cancelled,Meganbury,Connecticut
5182,120,26,5,15.15,75.75,2024-09-27,Processing,North Marie,Delaware
5183,108,188,1,102.39,102.39,2025-11-08,Delivered,New Danny,Nevada
5184,372,77,4,5.4,21.6,2025-08-29,Delivered,Smithberg,Connecticut
5185,128,127,1,150.5,150.5,2024-08-06,Delivered,Port Stevenhaven,Rhode Island
5186,675,31,2,50.16,100.32,2024-07-30,Delivered,Butlerchester,Iowa
5187,372,79,3,383.68,1151.04,2025-06-11,Delivered,Smithberg,Connecticut
5188,507,158,4,34.1,0.0,2025-10-06,Cancelled,Vincentborough,Utah
5189,873,132,2,895.45,1790.9,2024-10-24,Delivered,Mendezville,Hawaii
5190,368,123,1,271.01,271.01,2024-07-06,Delivered,Port Davidside,Oregon
5191,474,184,2,107.03,214.06,2024-05-19,Shipped,New Christopher,North Dakota
5192,382,198,3,473.82,1421.46,2024-03-01,Delivered,Anthonyborough,Oklahoma
5193,727,81,2,51.28,102.56,2025-10-14,Shipped,Alexhaven,Kansas
5194,233,65,3,337.28,1011.84,2024-01-03,Delivered,Leland,New York
5195,176,37,4,110.69,442.76,2025-03-05,Shipped,Jacobview,Maryland
5196,657,121,3,6.52,19.56,2025-07-20,Delivered,North Richardview,Kansas
5197,590,95,9,2.3,20.7,2024-07-10,Delivered,Port Jennifer,Connecticut
5198,470,196,2,138.33,276.66,2024-05-11,Delivered,Watsonville,Montana
5199,881,65,2,337.28,674.56,2024-03-22,Delivered,Susanside,Maine
5200,552,126,6,14.23,85.38,2025-01-16,Returned,Port Anthonymouth,Kentucky
5201,670,28,3,84.71,254.13,2025-08-20,Delivered,West Alexandrastad,Oklahoma
5202,548,91,3,222.92,668.76,2025-11-17,Delivered,Port Joshuamouth,Idaho
5203,380,154,5,42.12,210.6,2024-01-26,Processing,North Michellemouth,Kentucky
5204,780,35,1,179.74,179.74,2025-10-07,Shipped,Barrettfort,Maryland
5205,554,49,4,98.4,393.6,2025-05-02,Shipped,Zimmermanmouth,Vermont
5206,752,151,1,192.55,192.55,2025-03-13,Processing,Port Denise,North Dakota
5207,538,135,2,144.51,289.02,2025-09-06,Returned,Darrenmouth,West Virginia
5208,5,33,1,1077.68,1077.68,2024-05-09,Delivered,South Natalieshire,New Jersey
5209,467,109,2,115.28,230.56,2025-12-09,Delivered,New Phillip,Nevada
5210,122,26,2,15.15,30.3,2024-07-19,Delivered,Richardstad,Vermont
5211,163,109,3,115.28,345.84,2024-04-27,Delivered,Walterfort,Alaska
5212,305,156,4,76.9,307.6,2025-07-13,Delivered,Thomasville,Virginia
5213,736,188,1,102.39,102.39,2025-04-09,Delivered,Jamesport,Mississippi
5214,741,9,3,160.49,481.47,2025-10-22,Delivered,Santosside,North Dakota
5215,438,28,3,84.71,254.13,2025-05-02,Delivered,East John,Delaware
5216,369,141,4,55.53,222.12,2025-01-22,Delivered,Ryanport,Vermont
5217,970,100,3,48.33,144.99,2024-05-22,Delivered,Robertsborough,Utah
5218,607,28,1,84.71,84.71,2024-08-16,Delivered,Walkertown,North Carolina
5219,289,195,5,32.25,161.25,2025-12-07,Delivered,Scottmouth,Texas
5220,463,117,1,110.18,110.18,2024-07-16,Delivered,Michaelhaven,Washington
5221,459,121,2,6.52,0.0,2024-02-07,Cancelled,Rodriguezmouth,New York
5222,383,9,1,160.49,160.49,2025-09-30,Delivered,Port Kathleenfort,Hawaii
5223,955,158,1,34.1,34.1,2025-12-05,Delivered,New Ricardofort,Utah
5224,185,60,1,493.39,493.39,2025-08-31,Delivered,Tylerchester,California
5225,625,114,5,74.03,370.15,2024-05-25,Delivered,Sarafort,Michigan
5226,270,51,1,45.28,45.28,2024-03-08,Processing,New Patricktown,Montana
5227,813,31,3,50.16,150.48,2025-06-09,Returned,Mariaberg,Pennsylvania
5228,85,89,2,695.64,1391.28,2024-07-01,Delivered,New Stephanie,South Dakota
5229,429,76,5,143.96,719.8,2024-02-17,Delivered,Aaronborough,Maryland
5230,612,75,1,51.24,51.24,2024-12-11,Delivered,Nicholasview,Illinois
5231,551,9,3,160.49,0.0,2024-06-22,Cancelled,Jasontown,Tennessee
5232,239,191,2,126.39,252.78,2024-02-09,Delivered,Aaronside,Idaho
5233,594,115,3,98.26,294.78,2024-05-23,Delivered,Chenberg,Pennsylvania
5234,96,114,3,74.03,222.09,2025-06-10,Delivered,West Jasonland,New York
5235,50,94,2,41.9,83.8,2025-06-05,Delivered,New Shannonhaven,Pennsylvania
5236,930,26,2,15.15,30.3,2025-09-08,Delivered,East Samuelbury,New Jersey
5237,726,79,1,383.68,383.68,2024-01-13,Delivered,Larsenshire,Pennsylvania
5238,298,146,3,157.34,472.02,2024-04-18,Shipped,Lake Codyside,Delaware
5239,39,112,3,53.86,161.58,2025-05-29,Delivered,East Alexandra,South Carolina
5240,979,121,2,6.52,13.04,2025-06-27,Delivered,Petersonfort,Georgia
5241,416,22,1,413.03,413.03,2025-10-09,Processing,Kellyshire,South Dakota
5242,152,179,3,486.21,1458.63,2024-01-14,Delivered,Port Christopherchester,South Carolina
5243,993,63,2,1487.23,2974.46,2024-10-28,Processing,North Josephmouth,Wyoming
5244,25,15,1,22.83,22.83,2024-08-19,Delivered,North Tonya,Arkansas
5245,925,102,2,16.48,32.96,2025-06-02,Delivered,East Gregoryport,Maine
5246,216,177,1,1488.3,1488.3,2025-05-18,Delivered,Robinsonton,Colorado
5247,796,44,2,423.84,847.68,2025-01-17,Delivered,Stephaniechester,Arkansas
5248,101,121,2,6.52,13.04,2024-09-02,Delivered,Michellefort,Maine
5249,629,7,5,43.74,218.7,2025-10-21,Delivered,Jonesburgh,New Hampshire
5250,343,27,11,27.66,304.26,2025-06-10,Delivered,Christianstad,Montana
5251,917,152,1,105.39,105.39,2024-05-23,Delivered,West Brian,Louisiana
5252,456,189,1,48.34,48.34,2025-12-29,Delivered,South Ashley,Massachusetts
5253,801,81,3,51.28,153.84,2025-02-19,Delivered,Suttonberg,Florida
5254,35,147,1,487.95,487.95,2024-01-07,Delivered,Ronaldberg,Delaware
5255,97,160,7,37.99,265.93,2025-05-12,Delivered,Port Matthewberg,Washington
5256,62,112,2,53.86,107.72,2024-03-24,Delivered,West Jenny,Kentucky
5257,67,57,1,115.26,115.26,2024-03-18,Delivered,Barronshire,Oregon
5258,935,105,2,136.66,273.32,2025-08-24,Shipped,Moralesstad,Ohio
5259,111,103,1,42.88,42.88,2025-05-28,Processing,Santosview,Florida
5260,406,65,3,337.28,0.0,2025-04-28,Cancelled,Calvinview,Utah
5261,433,53,1,75.3,75.3,2024-05-01,Delivered,Port Diana,Mississippi
5262,686,158,4,34.1,136.4,2024-07-02,Delivered,Port Patrick,Colorado
5263,932,90,3,170.31,510.93,2025-12-13,Processing,West Anita,Illinois
5264,54,94,2,41.9,83.8,2024-11-30,Returned,Leeburgh,Maine
5265,515,115,3,98.26,294.78,2024-09-14,Delivered,Leslieshire,Nebraska
5266,530,188,2,102.39,204.78,2024-05-04,Delivered,Ashleyside,West Virginia
5267,57,24,1,180.09,180.09,2024-05-30,Delivered,Port Alexisside,Nevada
5268,760,113,2,22.71,45.42,2025-10-30,Delivered,Perkinsside,South Dakota
5269,744,170,5,81.2,406.0,2025-03-23,Delivered,Deborahstad,Oklahoma
5270,187,200,4,41.6,166.4,2024-09-07,Shipped,Onealfurt,Florida
5271,537,18,1,143.63,143.63,2024-01-19,Delivered,West Ryanton,West Virginia
5272,761,152,2,105.39,210.78,2024-02-03,Delivered,East Alexander,Oklahoma
5273,165,105,2,136.66,273.32,2025-10-16,Delivered,Port Jennifermouth,Alabama
5274,344,83,9,9.9,89.1,2024-01-25,Delivered,Deborahchester,Virginia
5275,430,90,3,170.31,510.93,2024-08-26,Processing,South Connor,Montana
5276,270,124,3,108.4,325.2,2024-02-21,Delivered,New Patricktown,Montana
5277,893,193,3,69.03,207.09,2024-01-09,Delivered,Daniellefort,Oklahoma
5278,764,156,3,76.9,230.7,2024-07-06,Delivered,South Dawnburgh,Wisconsin
5279,35,5,11,14.19,156.09,2025-12-07,Delivered,Ronaldberg,Delaware
5280,55,17,2,625.15,0.0,2025-12-24,Cancelled,Ashleyfort,Maryland
5281,539,97,4,43.15,172.6,2025-01-30,Delivered,North Karen,Vermont
5282,935,69,1,12.9,12.9,2024-02-03,Delivered,Moralesstad,Ohio
5283,160,35,4,179.74,718.96,2024-07-12,Delivered,Lake Marcus,Virginia
5284,903,2,4,134.26,537.04,2024-05-09,Delivered,Maryland,Alaska
5285,59,17,1,625.15,625.15,2025-02-22,Delivered,South Paulmouth,Tennessee
5286,895,20,4,34.83,139.32,2025-05-24,Delivered,New Reneeburgh,Maryland
5287,334,40,1,414.22,414.22,2024-08-10,Delivered,South Bradleyside,Delaware
5288,230,50,2,23.62,47.24,2025-05-23,Delivered,South Andrewport,Iowa
5289,700,78,11,5.17,56.87,2025-09-18,Delivered,North Robert,Wyoming
5290,977,198,3,473.82,1421.46,2025-04-09,Delivered,New Keith,Oregon
5291,595,114,5,74.03,370.15,2024-06-20,Shipped,Port Robin,California
5292,629,49,3,98.4,295.2,2024-10-30,Delivered,Jonesburgh,New Hampshire
5293,296,79,3,383.68,1151.04,2025-12-20,Shipped,Port Samuelton,Mississippi
5294,526,42,1,146.77,146.77,2025-02-14,Delivered,Andrewtown,Alabama
5295,518,57,1,115.26,115.26,2025-09-20,Processing,Hopkinstown,Florida
5296,285,141,4,55.53,222.12,2025-03-19,Delivered,Tuckerview,Connecticut
5297,832,118,1,103.99,103.99,2025-04-12,Returned,New Richard,North Carolina
5298,138,95,9,2.3,20.7,2025-05-01,Delivered,West Kimberlyberg,Louisiana
5299,456,133,4,46.43,185.72,2024-09-07,Delivered,South Ashley,Massachusetts
5300,936,144,8,37.02,0.0,2025-09-15,Cancelled,Melissachester,Rhode Island
5301,297,109,1,115.28,0.0,2025-10-08,Cancelled,Lake Jonathan,Vermont
5302,227,83,6,9.9,59.4,2025-08-01,Delivered,Jeffberg,Pennsylvania
5303,144,169,3,175.75,527.25,2025-04-14,Shipped,West Mariahaven,Wisconsin
5304,374,5,5,14.19,70.95,2025-12-18,Delivered,Evelynport,Texas
5305,319,172,1,84.77,84.77,2025-07-09,Delivered,West Rachel,Delaware
5306,732,118,2,103.99,207.98,2024-09-26,Delivered,Mcgrathville,South Carolina
5307,1,126,2,14.23,28.46,2024-06-13,Delivered,Port Jennifer,Pennsylvania
5308,910,146,2,157.34,314.68,2024-04-07,Delivered,Port Christopher,South Carolina
5309,778,174,1,194.56,194.56,2024-08-16,Delivered,Jeromemouth,Utah
5310,190,141,4,55.53,222.12,2025-10-15,Delivered,South Taylorfurt,New Mexico
5311,452,122,4,30.44,121.76,2025-06-16,Delivered,North Chadtown,Missouri
5312,292,160,2,37.99,75.98,2024-06-16,Delivered,Lake Michaelmouth,Arkansas
5313,42,193,3,69.03,207.09,2024-10-30,Delivered,East Georgeport,Connecticut
5314,485,118,3,103.99,311.97,2024-10-03,Processing,South Lindaton,North Carolina
5315,947,192,11,16.8,0.0,2024-04-14,Cancelled,Lopezberg,South Carolina
5316,839,72,6,9.09,54.54,2025-05-18,Shipped,Kimberlyburgh,Illinois
5317,582,141,4,55.53,222.12,2024-11-09,Delivered,Port Amy,Indiana
5318,31,37,2,110.69,221.38,2025-08-23,Returned,Eugeneport,Nebraska
5319,584,18,3,143.63,430.89,2025-08-18,Processing,North Kayla,New Mexico
5320,53,156,3,76.9,230.7,2025-07-14,Delivered,Port Kylebury,Ohio
5321,768,158,1,34.1,34.1,2024-02-01,Delivered,Gutierrezmouth,Washington
5322,532,59,1,462.07,462.07,2025-01-24,Processing,Andersonborough,Wisconsin
5323,275,13,3,56.57,169.71,2025-06-03,Delivered,Markfort,Michigan
5324,775,91,3,222.92,668.76,2024-03-08,Processing,Davidtown,Nebraska
5325,141,32,5,87.66,438.3,2024-09-19,Processing,Port Jamesbury,Indiana
5326,685,125,3,24.59,73.77,2025-11-20,Returned,East Amber,Iowa
5327,238,144,7,37.02,0.0,2025-12-12,Cancelled,Novakland,Ohio
5328,984,163,4,113.36,453.44,2025-08-31,Processing,Sandramouth,Oregon
5329,784,127,2,150.5,301.0,2025-09-04,Delivered,Kimberlytown,Oklahoma
5330,794,123,2,271.01,542.02,2024-02-04,Returned,Shieldsmouth,Washington
5331,84,16,4,53.79,0.0,2024-07-23,Cancelled,Christinaport,Idaho
5332,185,105,4,136.66,546.64,2024-01-17,Delivered,Tylerchester,California
5333,640,68,1,113.46,113.46,2024-06-13,Delivered,Melanieland,Massachusetts
5334,274,108,2,52.63,105.26,2025-05-21,Delivered,Mcdonaldtown,New Mexico
5335,904,146,2,157.34,314.68,2024-05-09,Delivered,Lake Johnathan,Michigan
5336,209,42,2,146.77,293.54,2025-08-15,Delivered,Vickiestad,Louisiana
5337,58,76,5,143.96,719.8,2024-03-20,Delivered,West Teresaland,Illinois
5338,984,156,1,76.9,76.9,2025-08-14,Delivered,Sandramouth,Oregon
5339,756,4,4,40.83,163.32,2024-02-04,Delivered,Dianaville,Iowa
5340,668,172,1,84.77,84.77,2024-01-10,Returned,South Miguel,Ohio
5341,82,190,1,11.07,11.07,2024-02-09,Returned,Michaelland,Massachusetts
5342,99,94,3,41.9,125.7,2025-06-24,Delivered,Carterton,North Dakota
5343,348,30,1,17.83,17.83,2025-03-24,Shipped,Scottberg,Kansas
5344,699,56,1,208.97,208.97,2025-03-05,Processing,Mckinneychester,Nebraska
5345,396,80,7,31.23,218.61,2025-01-29,Delivered,Davidhaven,North Carolina
5346,697,145,5,88.28,0.0,2024-11-25,Cancelled,East Jasonville,Kansas
5347,956,82,4,29.07,116.28,2025-08-15,Delivered,Wheelerchester,South Carolina
5348,426,179,2,486.21,972.42,2025-02-12,Delivered,North Todd,Arizona
5349,235,39,4,35.25,141.0,2025-02-11,Shipped,Billside,Idaho
5350,760,175,1,58.63,0.0,2025-03-03,Cancelled,Perkinsside,South Dakota
5351,30,24,1,180.09,180.09,2024-06-06,Delivered,Davidview,Iowa
5352,127,96,2,286.65,573.3,2024-08-29,Delivered,New Kurt,North Carolina
5353,536,130,1,87.12,87.12,2025-02-03,Delivered,New Rogerton,Montana
5354,144,112,1,53.86,53.86,2025-05-22,Delivered,West Mariahaven,Wisconsin
5355,789,86,1,1337.83,1337.83,2024-12-04,Delivered,South Markside,New York
5356,311,112,3,53.86,161.58,2025-12-04,Delivered,South Philipland,Texas
5357,348,130,3,87.12,261.36,2024-08-21,Delivered,Scottberg,Kansas
5358,256,148,1,639.02,639.02,2024-06-12,Shipped,Lake Kevin,Wyoming
5359,516,102,1,16.48,16.48,2025-05-26,Delivered,South Michelleside,Alabama
5360,319,51,2,45.28,90.56,2024-06-12,Shipped,West Rachel,Delaware
5361,886,153,3,98.25,294.75,2025-10-15,Returned,Lake Travisview,Texas
5362,653,44,1,423.84,423.84,2025-08-23,Delivered,West Jeremyville,Oregon
5363,841,165,4,57.61,230.44,2025-09-26,Delivered,New Robert,Oklahoma
5364,775,171,2,142.38,284.76,2024-09-10,Delivered,Davidtown,Nebraska
5365,405,28,3,84.71,254.13,2024-11-03,Processing,Spearsstad,Arizona
5366,793,98,5,46.15,230.75,2024-04-18,Delivered,Brownmouth,Colorado
5367,677,117,1,110.18,110.18,2024-10-31,Shipped,Port Susanchester,West Virginia
5368,425,151,2,192.55,385.1,2024-11-14,Shipped,Brettstad,New Hampshire
5369,810,17,1,625.15,625.15,2025-11-14,Delivered,Andersonchester,Florida
5370,430,153,5,98.25,491.25,2024-02-28,Delivered,South Connor,Montana
5371,794,125,2,24.59,49.18,2024-01-30,Delivered,Shieldsmouth,Washington
5372,638,193,3,69.03,0.0,2025-05-12,Cancelled,North Gabrielberg,Arizona
5373,339,37,5,110.69,553.45,2024-05-09,Shipped,Cesartown,Ohio
5374,488,91,3,222.92,668.76,2025-07-20,Delivered,Romeroland,West Virginia
5375,283,198,2,473.82,947.64,2024-02-24,Delivered,Karaside,Arkansas
5376,806,174,1,194.56,194.56,2025-07-03,Delivered,Williamsville,Alabama
5377,30,136,1,81.75,81.75,2024-02-01,Processing,Davidview,Iowa
5378,624,200,3,41.6,124.8,2024-02-28,Delivered,New Katherine,North Dakota
5379,325,87,3,29.52,88.56,2024-11-04,Delivered,Port Briannastad,Oregon
5380,421,142,2,241.68,483.36,2025-04-19,Delivered,South Leah,Louisiana
5381,959,136,1,81.75,81.75,2025-01-12,Delivered,North Ericmouth,Arizona
5382,612,88,1,548.48,548.48,2024-10-23,Shipped,Nicholasview,Illinois
5383,401,200,3,41.6,124.8,2024-07-05,Delivered,West Sarah,Illinois
5384,963,40,2,414.22,828.44,2024-01-29,Delivered,New Fernando,Georgia
5385,378,103,9,42.88,385.92,2024-04-07,Shipped,Cameronborough,Virginia
5386,216,140,1,1253.62,1253.62,2024-04-29,Delivered,Robinsonton,Colorado
5387,662,172,2,84.77,169.54,2025-02-07,Delivered,Robbinsstad,South Carolina
5388,73,4,6,40.83,244.98,2025-05-07,Delivered,Mccallside,Michigan
5389,327,99,5,135.17,675.85,2024-05-28,Delivered,Schwartzside,Maine
5390,784,180,7,5.05,35.35,2024-03-03,Delivered,Kimberlytown,Oklahoma
5391,352,59,2,462.07,924.14,2024-07-04,Shipped,Shafferview,New Mexico
5392,779,81,5,51.28,256.4,2025-02-19,Delivered,Timothyside,California
5393,351,106,1,26.57,26.57,2025-07-12,Delivered,Dianeborough,New Jersey
5394,892,92,1,11.68,11.68,2025-08-28,Delivered,Lake Anthony,Nevada
5395,474,82,6,29.07,174.42,2025-08-16,Shipped,New Christopher,North Dakota
5396,506,13,3,56.57,169.71,2025-10-01,Delivered,South Danielborough,Idaho
5397,913,109,3,115.28,345.84,2025-09-03,Delivered,Nicholasfort,Rhode Island
5398,994,98,5,46.15,230.75,2024-11-08,Delivered,New Jamesland,Tennessee
5399,991,150,2,167.9,335.8,2025-12-17,Delivered,Franklinborough,Kansas
5400,696,60,1,493.39,493.39,2024-06-01,Delivered,Nicolestad,Delaware
5401,595,196,3,138.33,414.99,2025-04-19,Delivered,Port Robin,California
5402,484,37,2,110.69,221.38,2025-03-14,Delivered,Port Brandi,Kansas
5403,969,1,3,21.77,65.31,2025-02-28,Delivered,North Amyton,Ohio
5404,68,144,8,37.02,296.16,2024-04-23,Delivered,Charlesfort,Alaska
5405,334,58,1,1142.69,1142.69,2024-11-05,Delivered,South Bradleyside,Delaware
5406,973,43,3,102.37,307.11,2025-02-19,Processing,Amandamouth,Texas
5407,415,29,2,264.9,0.0,2024-09-03,Cancelled,South Justin,Mississippi
5408,478,78,6,5.17,31.02,2024-07-28,Processing,Port Sandrachester,Pennsylvania
5409,802,180,11,5.05,0.0,2025-10-25,Cancelled,Lorifort,Missouri
5410,757,62,2,99.97,0.0,2024-11-04,Cancelled,Valenciachester,Florida
5411,887,179,3,486.21,1458.63,2025-06-01,Delivered,New Anitafort,Minnesota
5412,664,142,3,241.68,725.04,2025-10-20,Delivered,Mendozafurt,Connecticut
5413,956,125,1,24.59,24.59,2025-05-26,Delivered,Wheelerchester,South Carolina
5414,459,95,7,2.3,16.1,2024-07-07,Delivered,Rodriguezmouth,New York
5415,240,125,3,24.59,73.77,2025-07-15,Delivered,Schmidtchester,Michigan
5416,450,88,2,548.48,1096.96,2024-09-11,Shipped,New Brandonville,Ohio
5417,325,140,2,1253.62,2507.24,2024-12-03,Delivered,Port Briannastad,Oregon
5418,109,111,2,93.95,187.9,2024-04-17,Delivered,Maciaschester,Utah
5419,717,61,2,24.62,49.24,2024-11-29,Shipped,Hallfurt,Illinois
5420,567,131,1,917.21,917.21,2024-04-26,Delivered,Whiteheadmouth,Tennessee
5421,616,174,1,194.56,194.56,2025-01-28,Delivered,New Amanda,Nevada
5422,974,49,3,98.4,295.2,2025-04-02,Delivered,Hughestown,Tennessee
5423,853,185,2,141.13,282.26,2024-08-05,Delivered,Jonathanborough,Vermont
5424,603,48,3,46.46,139.38,2025-08-17,Delivered,West Nathan,New Hampshire
5425,264,29,3,264.9,794.7,2025-01-31,Delivered,Wadebury,Utah
5426,684,22,2,413.03,826.06,2025-04-08,Processing,Torresville,Ohio
5427,463,191,1,126.39,126.39,2025-08-08,Returned,Michaelhaven,Washington
5428,810,161,11,33.62,369.82,2024-01-15,Delivered,Andersonchester,Florida
5429,717,124,2,108.4,216.8,2024-03-22,Delivered,Hallfurt,Illinois
5430,782,120,2,1304.73,2609.46,2024-12-10,Delivered,Darrenton,New York
5431,115,83,6,9.9,0.0,2025-06-20,Cancelled,Henryfort,New York
5432,221,148,2,639.02,1278.04,2024-09-03,Delivered,Craigport,Utah
5433,709,165,4,57.61,0.0,2025-07-17,Cancelled,South Patricia,New York
5434,202,194,5,39.19,195.95,2024-03-05,Delivered,North Jerry,Kentucky
5435,467,136,5,81.75,408.75,2025-05-02,Delivered,New Phillip,Nevada
5436,471,36,3,193.51,580.53,2025-02-17,Delivered,Donaldbury,Arizona
5437,185,86,1,1337.83,0.0,2024-06-09,Cancelled,Tylerchester,California
5438,518,87,1,29.52,29.52,2025-04-01,Delivered,Hopkinstown,Florida
5439,227,137,1,484.65,484.65,2025-09-30,Delivered,Jeffberg,Pennsylvania
5440,616,124,1,108.4,108.4,2025-04-15,Returned,New Amanda,Nevada
5441,515,50,11,23.62,259.82,2025-11-24,Delivered,Leslieshire,Nebraska
5442,977,193,4,69.03,276.12,2024-03-15,Delivered,New Keith,Oregon
5443,865,20,3,34.83,104.49,2025-07-18,Processing,New Michaelville,South Carolina
5444,952,18,1,143.63,143.63,2025-11-18,Delivered,Port Brian,Nevada
5445,578,88,2,548.48,1096.96,2025-07-20,Delivered,Edwardborough,Rhode Island
5446,304,155,3,97.2,291.6,2025-08-06,Delivered,Taraberg,Oregon
5447,509,162,3,115.69,347.07,2025-02-27,Delivered,North Katie,Virginia
5448,925,161,3,33.62,100.86,2025-03-22,Delivered,East Gregoryport,Maine
5449,1,67,1,22.32,22.32,2024-03-29,Delivered,Port Jennifer,Pennsylvania
5450,272,23,1,16.35,16.35,2025-04-18,Delivered,Munozmouth,Tennessee
5451,881,6,1,1964.49,1964.49,2025-04-17,Delivered,Susanside,Maine
5452,250,18,4,143.63,574.52,2024-01-14,Delivered,West Jesseview,Tennessee
5453,162,164,6,46.38,278.28,2025-01-04,Delivered,Calhounside,Indiana
5454,233,30,3,17.83,53.49,2024-01-14,Delivered,Leland,New York
5455,381,117,2,110.18,220.36,2024-08-05,Delivered,Dorothyville,Rhode Island
5456,990,47,3,188.28,564.84,2024-12-19,Delivered,Juarezfurt,Alaska
5457,583,70,1,29.96,29.96,2025-09-12,Shipped,Port Alexandraland,Arkansas
5458,640,45,2,57.4,114.8,2025-06-02,Delivered,Melanieland,Massachusetts
5459,92,173,2,63.4,126.8,2025-04-18,Shipped,Keithview,Michigan
5460,705,85,2,490.6,981.2,2024-04-28,Delivered,Port Coryport,Nevada
5461,374,118,3,103.99,311.97,2025-05-11,Delivered,Evelynport,Texas
5462,942,23,6,16.35,98.1,2025-01-15,Returned,Jesseside,Ohio
5463,608,168,3,16.61,0.0,2025-11-16,Cancelled,Gregorychester,Georgia
5464,437,126,4,14.23,56.92,2024-08-13,Delivered,New Amy,Georgia
5465,767,174,1,194.56,0.0,2024-01-12,Cancelled,Port Matthew,Oklahoma
5466,139,9,3,160.49,481.47,2025-05-05,Delivered,South Christopher,Nebraska
5467,172,71,1,311.35,311.35,2024-06-16,Delivered,West Miguelview,Arizona
5468,355,158,1,34.1,34.1,2025-11-13,Delivered,Cynthiafurt,Connecticut
5469,936,173,1,63.4,63.4,2025-05-14,Delivered,Melissachester,Rhode Island
5470,187,143,4,148.64,594.56,2024-01-14,Returned,Onealfurt,Florida
5471,9,65,1,337.28,337.28,2024-09-22,Delivered,North Karla,Mississippi
5472,31,114,2,74.03,148.06,2025-03-08,Delivered,Eugeneport,Nebraska
5473,368,185,1,141.13,0.0,2025-04-21,Cancelled,Port Davidside,Oregon
5474,241,101,2,450.0,900.0,2024-06-30,Delivered,Armstrongland,North Carolina
5475,975,28,1,84.71,84.71,2024-01-07,Delivered,North Peter,Michigan
5476,554,71,1,311.35,311.35,2024-03-09,Delivered,Zimmermanmouth,Vermont
5477,237,74,1,301.83,301.83,2025-12-14,Delivered,North Tyroneport,South Dakota
5478,196,74,1,301.83,301.83,2025-04-04,Returned,Port George,North Carolina
5479,78,108,2,52.63,105.26,2025-04-29,Shipped,Lake Jonathanton,Alabama
5480,457,112,3,53.86,161.58,2025-05-18,Delivered,South Melanie,South Carolina
5481,248,113,1,22.71,22.71,2024-04-16,Delivered,West Kaylabury,Vermont
5482,92,115,1,98.26,98.26,2025-05-29,Delivered,Keithview,Michigan
5483,695,63,1,1487.23,1487.23,2025-07-23,Delivered,Brownhaven,Montana
5484,402,61,1,24.62,24.62,2024-05-07,Delivered,Andreaville,Florida
5485,891,26,3,15.15,45.45,2025-04-29,Delivered,Fischerborough,Idaho
5486,882,162,1,115.69,115.69,2024-03-22,Delivered,East Jenniferview,New York
5487,679,25,1,212.04,212.04,2025-12-10,Returned,Sullivanbury,Nevada
5488,851,160,11,37.99,417.89,2024-08-11,Processing,South Laurastad,North Carolina
5489,575,167,1,243.83,243.83,2025-07-12,Processing,West Elizabethstad,Utah
5490,296,180,10,5.05,50.5,2024-11-18,Shipped,Port Samuelton,Mississippi
5491,707,60,2,493.39,986.78,2025-01-26,Delivered,Phelpsberg,Wyoming
5492,700,60,2,493.39,986.78,2025-04-04,Shipped,North Robert,Wyoming
5493,218,84,3,148.96,446.88,2024-11-01,Delivered,Shannonshire,Pennsylvania
5494,881,159,4,28.19,0.0,2024-06-18,Cancelled,Susanside,Maine
5495,705,153,4,98.25,393.0,2025-06-16,Delivered,Port Coryport,Nevada
5496,733,48,3,46.46,139.38,2024-09-17,Delivered,South Rebecca,Maine
5497,968,189,4,48.34,193.36,2025-09-05,Delivered,Ryanview,South Carolina
5498,808,29,2,264.9,529.8,2024-06-04,Delivered,Russellfort,Arkansas
5499,1000,129,1,165.48,165.48,2025-04-15,Delivered,Mendezport,Missouri
5500,43,183,1,258.69,0.0,2025-05-10,Cancelled,Johnfort,North Carolina
5501,58,4,3,40.83,122.49,2025-09-12,Delivered,West Teresaland,Illinois
5502,843,189,2,48.34,96.68,2025-12-24,Shipped,Port Megantown,Ohio
5503,511,103,8,42.88,343.04,2024-01-29,Delivered,South Amanda,Alabama
5504,834,200,4,41.6,166.4,2024-05-29,Processing,South Christie,South Carolina
5505,685,145,2,88.28,176.56,2024-02-02,Delivered,East Amber,Iowa
5506,537,96,3,286.65,859.95,2025-07-13,Delivered,West Ryanton,West Virginia
5507,584,198,2,473.82,947.64,2024-03-25,Shipped,North Kayla,New Mexico
5508,921,70,3,29.96,89.88,2025-12-05,Delivered,Marioside,Michigan
5509,678,35,3,179.74,539.22,2024-06-23,Delivered,East Charlesstad,South Dakota
5510,463,66,3,235.08,705.24,2024-03-04,Delivered,Michaelhaven,Washington
5511,703,109,2,115.28,230.56,2024-07-26,Delivered,New Lindsayton,South Carolina
5512,59,35,2,179.74,359.48,2025-09-17,Delivered,South Paulmouth,Tennessee
5513,125,77,3,5.4,16.2,2025-01-24,Delivered,North Sarahmouth,Kansas
5514,926,101,1,450.0,450.0,2025-04-20,Shipped,Alexanderview,Hawaii
5515,888,57,5,115.26,576.3,2025-11-22,Delivered,Tracyfort,Oregon
5516,88,5,1,14.19,14.19,2024-12-19,Delivered,Port Brendamouth,New Hampshire
5517,79,104,2,1515.73,3031.46,2025-07-10,Processing,Alexandriamouth,Indiana
5518,851,188,1,102.39,102.39,2025-07-03,Shipped,South Laurastad,North Carolina
5519,916,71,2,311.35,622.7,2025-11-02,Shipped,Kristenton,Indiana
5520,47,13,1,56.57,56.57,2024-01-26,Delivered,South Kristin,California
5521,382,77,1,5.4,5.4,2024-11-30,Delivered,Anthonyborough,Oklahoma
5522,416,179,1,486.21,0.0,2025-03-26,Cancelled,Kellyshire,South Dakota
5523,925,69,5,12.9,64.5,2025-05-31,Delivered,East Gregoryport,Maine
5524,771,75,3,51.24,153.72,2024-05-20,Shipped,Adamsfurt,Alaska
5525,350,50,6,23.62,141.72,2024-06-22,Delivered,Wendyfurt,Washington
5526,245,195,2,32.25,64.5,2025-07-14,Shipped,Martinezfort,Idaho
5527,656,55,1,29.42,29.42,2025-09-01,Processing,Danielleland,South Dakota
5528,799,36,4,193.51,774.04,2025-10-12,Delivered,Barkershire,Michigan
5529,725,162,5,115.69,578.45,2025-02-17,Delivered,Lake Leslie,Ohio
5530,111,154,1,42.12,42.12,2025-11-08,Delivered,Santosview,Florida
5531,646,52,5,27.18,135.9,2025-03-06,Shipped,Lake Joel,Texas
5532,311,15,4,22.83,91.32,2024-02-02,Processing,South Philipland,Texas
5533,787,135,2,144.51,289.02,2024-02-18,Processing,East Davidberg,Vermont
5534,596,41,1,238.94,238.94,2025-09-16,Delivered,Lake Michael,Colorado
5535,265,194,4,39.19,156.76,2025-02-17,Delivered,New Michael,Wisconsin
5536,282,172,2,84.77,169.54,2024-05-21,Delivered,Lake Robinfort,Maine
5537,399,149,3,274.44,823.32,2024-01-22,Delivered,Riverafurt,Kentucky
5538,873,77,3,5.4,16.2,2024-09-06,Delivered,Mendezville,Hawaii
5539,603,36,1,193.51,193.51,2025-12-06,Delivered,West Nathan,New Hampshire
5540,185,6,1,1964.49,1964.49,2024-07-18,Shipped,Tylerchester,California
5541,467,25,2,212.04,424.08,2024-06-29,Delivered,New Phillip,Nevada
5542,609,141,5,55.53,277.65,2024-01-16,Shipped,Traceyborough,Louisiana
5543,557,115,5,98.26,491.3,2025-03-01,Delivered,Anthonyton,Colorado
5544,787,155,2,97.2,194.4,2025-06-28,Shipped,East Davidberg,Vermont
5545,447,87,4,29.52,118.08,2025-12-14,Delivered,North Toddburgh,Virginia
5546,595,78,3,5.17,15.51,2024-12-27,Delivered,Port Robin,California
5547,123,7,5,43.74,218.7,2025-10-11,Delivered,West Steven,North Carolina
5548,640,14,2,28.78,57.56,2024-09-07,Delivered,Melanieland,Massachusetts
5549,724,86,1,1337.83,0.0,2025-11-06,Cancelled,Lake Stephen,Wisconsin
5550,926,185,5,141.13,705.65,2025-11-28,Delivered,Alexanderview,Hawaii
5551,139,91,3,222.92,668.76,2025-02-19,Delivered,South Christopher,Nebraska
5552,228,30,3,17.83,0.0,2025-10-15,Cancelled,New Douglas,Nevada
5553,122,88,2,548.48,1096.96,2024-09-27,Delivered,Richardstad,Vermont
5554,673,109,3,115.28,345.84,2024-05-06,Delivered,Josefurt,Montana
5555,657,10,3,107.87,323.61,2025-11-08,Delivered,North Richardview,Kansas
5556,226,166,1,80.7,80.7,2024-11-20,Delivered,Josephview,Florida
5557,748,7,3,43.74,131.22,2025-10-16,Delivered,Kyleland,Oregon
5558,154,63,1,1487.23,1487.23,2025-02-18,Returned,Port Kaylabury,New Hampshire
5559,39,105,4,136.66,546.64,2024-01-18,Delivered,East Alexandra,South Carolina
5560,185,70,5,29.96,149.8,2025-12-20,Processing,Tylerchester,California
5561,960,198,3,473.82,1421.46,2024-10-05,Delivered,West Jeffrey,North Dakota
5562,551,107,1,56.54,56.54,2024-04-17,Processing,Jasontown,Tennessee
5563,572,118,1,103.99,103.99,2024-08-17,Delivered,Johnsonstad,Arkansas
5564,172,183,1,258.69,258.69,2024-09-17,Delivered,West Miguelview,Arizona
5565,694,36,4,193.51,774.04,2024-01-13,Delivered,Port Louis,New Hampshire
5566,721,96,3,286.65,859.95,2024-01-29,Delivered,Lake Jessestad,Maine
5567,30,111,1,93.95,93.95,2024-01-23,Delivered,Davidview,Iowa
5568,113,159,2,28.19,56.38,2025-07-08,Delivered,East Jamie,South Carolina
5569,814,68,1,113.46,113.46,2024-04-14,Delivered,Avilafort,Colorado
5570,873,69,4,12.9,51.6,2024-10-30,Returned,Mendezville,Hawaii
5571,170,147,2,487.95,975.9,2025-06-23,Delivered,Tonyshire,Virginia
5572,925,6,2,1964.49,3928.98,2024-07-24,Returned,East Gregoryport,Maine
5573,589,97,5,43.15,215.75,2025-08-26,Shipped,Samuelview,Florida
5574,667,169,3,175.75,527.25,2024-05-21,Shipped,East Robin,New Mexico
5575,867,167,1,243.83,243.83,2025-01-16,Processing,Allenfort,Illinois
5576,111,1,6,21.77,130.62,2024-12-27,Delivered,Santosview,Florida
5577,795,168,5,16.61,83.05,2025-05-08,Processing,Patelchester,New Hampshire
5578,113,15,5,22.83,114.15,2024-07-17,Delivered,East Jamie,South Carolina
5579,825,175,1,58.63,58.63,2024-03-16,Delivered,Lake Richard,Texas
5580,107,50,4,23.62,94.48,2024-01-17,Delivered,Whiteburgh,New York
5581,271,109,1,115.28,115.28,2024-11-18,Delivered,West Robin,North Dakota
5582,320,8,5,80.04,400.2,2025-04-12,Delivered,Maryview,Ohio
5583,881,40,2,414.22,828.44,2025-12-27,Delivered,Susanside,Maine
5584,339,165,2,57.61,115.22,2025-11-05,Delivered,Cesartown,Ohio
5585,938,114,2,74.03,148.06,2025-08-09,Delivered,Mortonville,Alaska
5586,777,45,3,57.4,172.2,2024-09-13,Delivered,Lake Victoria,Connecticut
5587,202,162,4,115.69,462.76,2024-12-24,Delivered,North Jerry,Kentucky
5588,78,1,6,21.77,130.62,2024-06-06,Shipped,Lake Jonathanton,Alabama
5589,600,163,1,113.36,0.0,2025-01-09,Cancelled,South Christopherfort,Massachusetts
5590,415,53,3,75.3,0.0,2024-07-26,Cancelled,South Justin,Mississippi
5591,462,6,2,1964.49,0.0,2024-11-01,Cancelled,Manningstad,Tennessee
5592,302,184,2,107.03,214.06,2025-06-07,Processing,Seanmouth,North Carolina
5593,248,50,12,23.62,283.44,2024-02-17,Delivered,West Kaylabury,Vermont
5594,345,78,8,5.17,41.36,2025-10-16,Delivered,Huntstad,Michigan
5595,978,151,3,192.55,577.65,2025-04-10,Processing,Owensmouth,Pennsylvania
5596,79,40,3,414.22,1242.66,2025-09-15,Delivered,Alexandriamouth,Indiana
5597,951,103,11,42.88,471.68,2025-10-14,Processing,New Michaelside,Maryland
5598,274,90,4,170.31,681.24,2024-09-02,Delivered,Mcdonaldtown,New Mexico
5599,664,114,4,74.03,296.12,2025-04-25,Delivered,Mendozafurt,Connecticut
5600,491,166,1,80.7,80.7,2025-01-01,Delivered,East Amanda,Idaho
5601,775,26,1,15.15,15.15,2024-11-26,Shipped,Davidtown,Nebraska
5602,258,86,2,1337.83,2675.66,2024-06-25,Delivered,Castilloberg,Rhode Island
5603,573,148,1,639.02,639.02,2025-07-17,Delivered,Richardside,Arkansas
5604,838,43,3,102.37,307.11,2025-10-11,Processing,Marshfort,Oklahoma
5605,601,133,2,46.43,92.86,2024-04-21,Delivered,West Lisa,Colorado
5606,749,193,2,69.03,138.06,2025-07-13,Delivered,Nathanmouth,South Dakota
5607,608,148,1,639.02,639.02,2025-11-19,Delivered,Gregorychester,Georgia
5608,884,169,2,175.75,351.5,2024-04-10,Delivered,East Jamesmouth,Kansas
5609,448,111,4,93.95,0.0,2024-02-08,Cancelled,South William,Michigan
5610,731,198,3,473.82,1421.46,2024-03-18,Processing,Scottstad,North Dakota
5611,694,139,3,74.52,223.56,2025-09-01,Delivered,Port Louis,New Hampshire
5612,857,71,1,311.35,311.35,2025-02-27,Shipped,Jonesborough,South Dakota
5613,219,95,12,2.3,27.6,2025-03-30,Delivered,Grayport,Georgia
5614,119,196,1,138.33,138.33,2025-01-19,Returned,North Vanessaland,Virginia
5615,787,195,4,32.25,129.0,2025-05-18,Delivered,East Davidberg,Vermont
5616,838,143,1,148.64,148.64,2024-01-19,Delivered,Marshfort,Oklahoma
5617,189,43,3,102.37,307.11,2025-12-17,Delivered,East Jeremymouth,Nebraska
5618,482,96,2,286.65,573.3,2024-03-25,Delivered,South Calebshire,Illinois
5619,563,157,3,8.59,25.77,2024-09-07,Delivered,Hendrixside,Delaware
5620,309,129,4,165.48,661.92,2025-12-13,Delivered,New Cassidy,Rhode Island
5621,986,5,5,14.19,70.95,2025-02-14,Delivered,South Michaelville,Louisiana
5622,388,26,5,15.15,75.75,2025-02-21,Delivered,Murphyhaven,Maryland
5623,415,28,2,84.71,169.42,2024-09-04,Shipped,South Justin,Mississippi
5624,969,130,2,87.12,0.0,2024-10-22,Cancelled,North Amyton,Ohio
5625,156,38,10,31.32,313.2,2024-09-22,Delivered,Pagemouth,Maine
5626,518,43,2,102.37,204.74,2025-05-21,Delivered,Hopkinstown,Florida
5627,295,157,6,8.59,51.54,2025-07-26,Delivered,South Angelica,Alaska
5628,249,105,2,136.66,273.32,2024-12-10,Delivered,Rosetown,Missouri
5629,38,149,2,274.44,548.88,2025-05-06,Shipped,West Nataliehaven,Arizona
5630,907,128,3,15.74,47.22,2025-11-17,Processing,Lake James,Iowa
5631,826,136,2,81.75,163.5,2025-09-19,Delivered,West Mary,Wyoming
5632,518,163,3,113.36,340.08,2025-05-24,Processing,Hopkinstown,Florida
5633,495,91,1,222.92,222.92,2024-10-16,Returned,Gillespiemouth,New York
5634,985,181,1,86.64,86.64,2025-05-07,Shipped,Cruzton,Missouri
5635,1000,102,4,16.48,65.92,2025-05-31,Delivered,Mendezport,Missouri
5636,547,138,3,160.33,480.99,2025-11-23,Delivered,Annport,Florida
5637,973,90,3,170.31,510.93,2024-04-20,Delivered,Amandamouth,Texas
5638,509,33,2,1077.68,2155.36,2025-08-16,Delivered,North Katie,Virginia
5639,687,106,5,26.57,132.85,2025-12-14,Returned,Robertsberg,California
5640,433,11,6,50.75,304.5,2025-03-13,Delivered,Port Diana,Mississippi
5641,852,101,2,450.0,900.0,2025-01-23,Delivered,Amyville,Alabama
5642,392,4,4,40.83,163.32,2024-02-09,Delivered,New Donnatown,South Dakota
5643,615,116,4,154.63,618.52,2025-05-18,Delivered,Grossshire,Montana
5644,790,154,5,42.12,210.6,2025-12-05,Delivered,Edwardsside,Texas
5645,97,126,4,14.23,56.92,2024-10-16,Delivered,Port Matthewberg,Washington
5646,140,106,5,26.57,132.85,2024-10-21,Shipped,West Christopherchester,Virginia
5647,675,124,3,108.4,325.2,2024-10-11,Delivered,Butlerchester,Iowa
5648,219,91,2,222.92,445.84,2024-11-14,Shipped,Grayport,Georgia
5649,617,15,3,22.83,68.49,2024-09-26,Delivered,Lake Sonyaville,New York
5650,985,17,2,625.15,1250.3,2025-06-14,Delivered,Cruzton,Missouri
5651,214,127,3,150.5,451.5,2024-10-18,Delivered,Carolynborough,Kansas
5652,412,2,1,134.26,134.26,2025-12-29,Delivered,Lake Jay,North Dakota
5653,397,175,5,58.63,293.15,2024-06-06,Delivered,East Robertview,Virginia
5654,396,26,4,15.15,60.6,2025-11-22,Delivered,Davidhaven,North Carolina
5655,966,6,1,1964.49,1964.49,2024-07-29,Delivered,Port Dorisport,Connecticut
5656,86,55,2,29.42,58.84,2025-12-23,Processing,East Dawnmouth,Maine
5657,624,194,1,39.19,39.19,2024-05-16,Delivered,New Katherine,North Dakota
5658,732,186,1,304.0,304.0,2025-07-21,Shipped,Mcgrathville,South Carolina
5659,134,150,2,167.9,335.8,2025-08-04,Delivered,Kellyfurt,New Jersey
5660,101,171,5,142.38,711.9,2025-08-15,Processing,Michellefort,Maine
5661,264,31,1,50.16,50.16,2025-10-14,Delivered,Wadebury,Utah
5662,894,119,10,27.5,275.0,2025-11-02,Delivered,New Christy,Idaho
5663,826,158,4,34.1,136.4,2024-09-05,Delivered,West Mary,Wyoming
5664,830,153,4,98.25,393.0,2025-01-30,Shipped,South Meganhaven,Wisconsin
5665,512,135,3,144.51,433.53,2025-11-09,Delivered,Jasonchester,New Hampshire
5666,680,81,2,51.28,102.56,2025-12-20,Delivered,Perryside,Utah
5667,696,88,2,548.48,1096.96,2024-08-28,Delivered,Nicolestad,Delaware
5668,334,157,4,8.59,34.36,2025-01-08,Delivered,South Bradleyside,Delaware
5669,90,163,2,113.36,226.72,2024-06-13,Delivered,Rodriguezton,Oregon
5670,195,30,2,17.83,35.66,2024-04-12,Delivered,West Justinborough,Missouri
5671,474,182,2,675.46,1350.92,2025-12-12,Shipped,New Christopher,North Dakota
5672,783,134,4,53.71,214.84,2025-10-16,Shipped,Thompsonmouth,Colorado
5673,706,186,3,304.0,912.0,2024-10-06,Delivered,Gregoryville,New Mexico
5674,873,119,11,27.5,302.5,2024-01-04,Delivered,Mendezville,Hawaii
5675,601,70,4,29.96,119.84,2024-11-25,Shipped,West Lisa,Colorado
5676,928,67,12,22.32,267.84,2024-06-09,Delivered,Priceport,Idaho
5677,427,144,8,37.02,296.16,2024-12-05,Shipped,South Michelleport,Wyoming
5678,500,60,1,493.39,493.39,2025-12-26,Delivered,Heidimouth,Arizona
5679,318,77,2,5.4,10.8,2024-09-05,Delivered,South Caitlin,Nevada
5680,437,168,2,16.61,33.22,2025-01-13,Delivered,New Amy,Georgia
5681,202,115,5,98.26,491.3,2025-10-10,Delivered,North Jerry,Kentucky
5682,7,189,2,48.34,96.68,2025-04-07,Delivered,Kleinton,Tennessee
5683,516,129,1,165.48,165.48,2025-03-24,Returned,South Michelleside,Alabama
5684,635,39,5,35.25,176.25,2025-08-24,Delivered,Port Timothy,South Carolina
5685,551,159,1,28.19,28.19,2024-12-06,Delivered,Jasontown,Tennessee
5686,149,189,1,48.34,48.34,2024-12-01,Delivered,New Ann,Kentucky
5687,167,131,2,917.21,1834.42,2024-02-07,Delivered,North Robert,Colorado
5688,116,193,4,69.03,276.12,2024-01-27,Delivered,Patriciashire,Utah
5689,76,137,3,484.65,1453.95,2024-06-22,Shipped,East Maria,Nevada
5690,435,30,1,17.83,17.83,2024-08-01,Delivered,Sheilashire,Missouri
5691,848,113,3,22.71,68.13,2025-07-19,Delivered,East Jacob,Wisconsin
5692,246,61,7,24.62,172.34,2024-02-28,Delivered,Emmabury,Connecticut
5693,354,189,2,48.34,96.68,2025-09-21,Delivered,Bushton,South Dakota
5694,942,80,7,31.23,218.61,2025-05-23,Delivered,Jesseside,Ohio
5695,776,128,6,15.74,94.44,2024-07-30,Delivered,Davidhaven,Louisiana
5696,122,176,2,98.52,197.04,2024-06-17,Shipped,Richardstad,Vermont
5697,408,140,2,1253.62,2507.24,2024-07-26,Delivered,Patelville,Iowa
5698,513,129,1,165.48,165.48,2025-03-04,Shipped,North Karen,Kentucky
5699,984,187,3,85.38,256.14,2025-10-26,Shipped,Sandramouth,Oregon
5700,234,192,3,16.8,50.4,2025-03-19,Delivered,East Davidview,North Dakota
5701,389,50,2,23.62,47.24,2025-12-31,Delivered,Dennisberg,North Dakota
5702,243,7,4,43.74,174.96,2024-06-06,Delivered,Port Danielland,Washington
5703,947,61,1,24.62,24.62,2024-05-26,Delivered,Lopezberg,South Carolina
5704,853,145,3,88.28,264.84,2025-12-30,Delivered,Jonathanborough,Vermont
5705,258,189,4,48.34,0.0,2025-03-07,Cancelled,Castilloberg,Rhode Island
5706,434,121,2,6.52,13.04,2024-01-14,Shipped,North Stevenmouth,Nebraska
5707,103,134,4,53.71,214.84,2025-11-09,Processing,South Suzanneland,California
5708,898,11,5,50.75,253.75,2024-04-28,Returned,Lukeberg,Michigan
5709,911,148,1,639.02,639.02,2024-02-28,Delivered,New Stephanieland,Wyoming
5710,779,71,2,311.35,622.7,2024-08-05,Shipped,Timothyside,California
5711,908,132,2,895.45,1790.9,2024-10-11,Returned,Port Walter,Iowa
5712,528,62,3,99.97,299.91,2024-10-09,Delivered,Pamelaburgh,Wyoming
5713,900,36,4,193.51,774.04,2025-09-19,Delivered,New Marioburgh,California
5714,883,94,1,41.9,41.9,2025-01-27,Delivered,East Michaelland,Pennsylvania
5715,188,137,2,484.65,969.3,2024-01-12,Delivered,Jackside,Arizona
5716,510,56,1,208.97,208.97,2024-03-05,Delivered,Nolanberg,Illinois
5717,590,27,5,27.66,138.3,2024-07-24,Delivered,Port Jennifer,Connecticut
5718,994,104,1,1515.73,1515.73,2024-09-17,Delivered,New Jamesland,Tennessee
5719,351,192,11,16.8,184.8,2025-03-09,Delivered,Dianeborough,New Jersey
5720,468,187,2,85.38,170.76,2025-09-20,Delivered,Perkinsside,Texas
5721,47,11,1,50.75,50.75,2025-08-15,Shipped,South Kristin,California
5722,491,116,1,154.63,154.63,2024-01-21,Delivered,East Amanda,Idaho
5723,322,108,3,52.63,157.89,2024-09-17,Delivered,Prattberg,Michigan
5724,696,6,1,1964.49,0.0,2024-11-30,Cancelled,Nicolestad,Delaware
5725,500,126,12,14.23,170.76,2024-02-26,Delivered,Heidimouth,Arizona
5726,1,77,1,5.4,5.4,2025-10-08,Delivered,Port Jennifer,Pennsylvania
5727,423,42,2,146.77,293.54,2024-12-03,Delivered,New Angelaburgh,Maine
5728,45,140,2,1253.62,2507.24,2024-06-09,Delivered,Melindaport,Pennsylvania
5729,838,106,1,26.57,26.57,2024-03-06,Delivered,Marshfort,Oklahoma
5730,375,134,3,53.71,161.13,2025-03-24,Delivered,Murrayborough,Tennessee
5731,868,46,2,35.34,70.68,2025-01-16,Shipped,Johntown,Alaska
5732,180,70,1,29.96,29.96,2025-08-21,Returned,Butlermouth,Nebraska
5733,837,14,3,28.78,86.34,2024-10-02,Delivered,Lake Michaelmouth,Delaware
5734,839,87,3,29.52,88.56,2025-03-05,Delivered,Kimberlyburgh,Illinois
5735,2,196,1,138.33,138.33,2024-01-28,Shipped,Moralesburgh,North Dakota
5736,237,18,2,143.63,287.26,2024-03-17,Delivered,North Tyroneport,South Dakota
5737,268,27,1,27.66,27.66,2025-01-30,Shipped,Hallchester,Pennsylvania
5738,866,59,3,462.07,1386.21,2024-11-10,Shipped,East Saraport,Montana
5739,117,73,1,456.73,456.73,2025-03-29,Delivered,Lake Gregory,California
5740,645,176,1,98.52,98.52,2025-09-13,Delivered,New Antonioport,North Carolina
5741,358,87,3,29.52,88.56,2025-10-28,Delivered,Lyonsmouth,Virginia
5742,863,134,4,53.71,214.84,2024-04-12,Delivered,Lake Amandahaven,Rhode Island
5743,410,82,10,29.07,290.7,2024-01-01,Delivered,Davidbury,Arizona
5744,141,62,5,99.97,499.85,2024-07-05,Delivered,Port Jamesbury,Indiana
5745,941,193,2,69.03,138.06,2024-03-31,Delivered,Allenhaven,New Mexico
5746,409,38,9,31.32,281.88,2025-04-13,Delivered,East Morganton,Indiana
5747,260,15,5,22.83,114.15,2024-09-28,Delivered,Shelbyburgh,Connecticut
5748,828,68,3,113.46,340.38,2025-06-24,Delivered,Rhondaville,Kentucky
5749,458,32,1,87.66,87.66,2025-10-14,Delivered,Oscarborough,Arkansas
5750,501,3,4,34.78,139.12,2025-10-11,Delivered,Chaneyhaven,Virginia
5751,789,119,7,27.5,192.5,2024-05-13,Shipped,South Markside,New York
5752,880,147,2,487.95,975.9,2024-03-15,Shipped,Jamesland,North Dakota
5753,828,5,12,14.19,170.28,2025-09-18,Delivered,Rhondaville,Kentucky
5754,23,101,1,450.0,450.0,2025-08-13,Delivered,Jeanetteview,Texas
5755,90,106,5,26.57,132.85,2025-05-27,Delivered,Rodriguezton,Oregon
5756,612,25,2,212.04,424.08,2025-05-03,Delivered,Nicholasview,Illinois
5757,781,182,1,675.46,675.46,2025-01-18,Delivered,South Brenda,Wisconsin
5758,331,151,1,192.55,192.55,2024-08-29,Shipped,West Johnmouth,New Hampshire
5759,334,1,4,21.77,87.08,2024-05-26,Delivered,South Bradleyside,Delaware
5760,186,162,5,115.69,578.45,2025-06-02,Shipped,North Jacob,Rhode Island
5761,869,81,4,51.28,205.12,2024-12-11,Delivered,West Davidport,Arkansas
5762,935,94,2,41.9,83.8,2025-12-21,Delivered,Moralesstad,Ohio
5763,626,106,2,26.57,53.14,2024-10-25,Delivered,West Amymouth,New York
5764,124,152,1,105.39,105.39,2024-03-04,Delivered,Isaiahburgh,Maine
5765,509,91,1,222.92,222.92,2024-02-19,Delivered,North Katie,Virginia
5766,881,146,1,157.34,157.34,2024-04-19,Shipped,Susanside,Maine
5767,606,21,3,65.8,0.0,2025-05-12,Cancelled,Port Sarah,New Mexico
5768,735,130,3,87.12,261.36,2024-07-28,Delivered,West Tony,Oregon
5769,562,174,3,194.56,583.68,2025-03-22,Delivered,Nixonland,Delaware
5770,570,38,3,31.32,93.96,2025-08-09,Delivered,New Ashley,North Dakota
5771,495,59,1,462.07,462.07,2025-01-20,Delivered,Gillespiemouth,New York
5772,672,19,2,342.31,0.0,2024-01-22,Cancelled,Lake Jamesland,Wyoming
5773,577,111,3,93.95,281.85,2025-04-30,Delivered,Sarahmouth,Arizona
5774,972,34,2,24.01,48.02,2024-09-10,Returned,New Richard,New Mexico
5775,790,145,3,88.28,264.84,2025-10-23,Delivered,Edwardsside,Texas
5776,236,65,1,337.28,337.28,2024-12-04,Delivered,South Steven,Montana
5777,171,161,4,33.62,134.48,2025-04-19,Delivered,Cassandrashire,New York
5778,345,135,2,144.51,289.02,2024-08-03,Returned,Huntstad,Michigan
5779,921,73,1,456.73,456.73,2024-04-19,Delivered,Marioside,Michigan
5780,988,143,4,148.64,594.56,2025-05-14,Delivered,Jonesfurt,Missouri
5781,423,85,2,490.6,981.2,2025-09-04,Delivered,New Angelaburgh,Maine
5782,97,129,4,165.48,0.0,2025-09-14,Cancelled,Port Matthewberg,Washington
5783,998,34,6,24.01,144.06,2024-11-20,Delivered,Hansonmouth,Iowa
5784,777,140,2,1253.62,2507.24,2025-02-20,Delivered,Lake Victoria,Connecticut
5785,873,113,5,22.71,113.55,2025-02-14,Delivered,Mendezville,Hawaii
5786,302,176,3,98.52,295.56,2025-09-02,Delivered,Seanmouth,North Carolina
5787,939,69,2,12.9,25.8,2025-07-22,Delivered,South Jennifer,California
5788,58,18,2,143.63,287.26,2024-06-29,Delivered,West Teresaland,Illinois
5789,90,11,4,50.75,203.0,2025-08-16,Delivered,Rodriguezton,Oregon
5790,830,64,5,32.06,160.3,2025-11-09,Delivered,South Meganhaven,Wisconsin
5791,647,169,4,175.75,703.0,2025-09-22,Delivered,Patelbury,Missouri
5792,577,114,4,74.03,0.0,2024-10-21,Cancelled,Sarahmouth,Arizona
5793,428,164,5,46.38,231.9,2025-06-02,Delivered,Lake Kayla,South Dakota
5794,156,81,6,51.28,307.68,2025-01-12,Delivered,Pagemouth,Maine
5795,485,67,3,22.32,66.96,2024-07-28,Delivered,South Lindaton,North Carolina
5796,793,98,4,46.15,184.6,2025-12-11,Delivered,Brownmouth,Colorado
5797,262,75,1,51.24,51.24,2025-08-11,Delivered,Odomtown,Massachusetts
5798,832,98,4,46.15,184.6,2025-07-29,Delivered,New Richard,North Carolina
5799,414,161,2,33.62,67.24,2024-02-03,Delivered,Williamton,Virginia
5800,313,73,2,456.73,913.46,2025-10-19,Delivered,Hernandezberg,North Carolina
5801,118,20,2,34.83,69.66,2025-12-20,Delivered,North Michelletown,Nebraska
5802,868,106,1,26.57,26.57,2024-07-24,Delivered,Johntown,Alaska
5803,482,12,1,899.79,899.79,2025-08-21,Processing,South Calebshire,Illinois
5804,369,29,2,264.9,529.8,2025-07-13,Delivered,Ryanport,Vermont
5805,434,3,2,34.78,69.56,2025-12-09,Delivered,North Stevenmouth,Nebraska
5806,96,63,2,1487.23,2974.46,2025-10-26,Delivered,West Jasonland,New York
5807,905,28,4,84.71,338.84,2024-08-27,Delivered,Martinchester,Maryland
5808,935,197,2,42.46,84.92,2025-04-25,Returned,Moralesstad,Ohio
5809,442,185,1,141.13,141.13,2025-02-13,Delivered,North Noah,Wyoming
5810,568,25,2,212.04,424.08,2025-11-15,Shipped,West Nicholasberg,Maine
5811,664,131,2,917.21,1834.42,2025-05-15,Delivered,Mendozafurt,Connecticut
5812,711,77,1,5.4,5.4,2024-06-17,Delivered,Watsonburgh,Kentucky
5813,28,172,3,84.77,254.31,2024-10-16,Delivered,Lake Amy,Oklahoma
5814,701,99,1,135.17,135.17,2025-11-21,Delivered,South Carlybury,Alabama
5815,825,153,4,98.25,393.0,2024-01-27,Delivered,Lake Richard,Texas
5816,848,55,1,29.42,29.42,2024-02-06,Shipped,East Jacob,Wisconsin
5817,67,23,2,16.35,32.7,2024-12-26,Delivered,Barronshire,Oregon
5818,381,2,2,134.26,268.52,2024-12-10,Delivered,Dorothyville,Rhode Island
5819,205,69,3,12.9,38.7,2025-08-05,Delivered,South Samuelshire,Delaware
5820,589,169,4,175.75,703.0,2024-05-13,Returned,Samuelview,Florida
5821,421,33,2,1077.68,2155.36,2024-10-26,Delivered,South Leah,Louisiana
5822,839,190,3,11.07,33.21,2025-01-11,Delivered,Kimberlyburgh,Illinois
5823,435,160,11,37.99,417.89,2024-10-26,Delivered,Sheilashire,Missouri
5824,424,75,2,51.24,102.48,2025-04-17,Delivered,Port Christine,Wisconsin
5825,879,189,4,48.34,193.36,2024-11-14,Delivered,Watsonport,Kentucky
5826,787,127,2,150.5,301.0,2025-08-12,Shipped,East Davidberg,Vermont
5827,557,81,5,51.28,256.4,2024-07-13,Shipped,Anthonyton,Colorado
5828,947,100,1,48.33,48.33,2025-10-24,Shipped,Lopezberg,South Carolina
5829,819,58,2,1142.69,2285.38,2025-05-22,Delivered,Clarkhaven,Texas
5830,256,45,4,57.4,229.6,2025-09-11,Delivered,Lake Kevin,Wyoming
5831,265,40,1,414.22,414.22,2025-07-25,Delivered,New Michael,Wisconsin
5832,42,91,1,222.92,222.92,2025-05-01,Processing,East Georgeport,Connecticut
5833,685,95,11,2.3,25.3,2024-07-24,Processing,East Amber,Iowa
5834,322,49,2,98.4,196.8,2024-02-17,Delivered,Prattberg,Michigan
5835,532,137,2,484.65,969.3,2024-05-03,Delivered,Andersonborough,Wisconsin
5836,60,34,1,24.01,24.01,2024-07-03,Delivered,Austintown,North Dakota
5837,796,80,1,31.23,31.23,2024-01-13,Delivered,Stephaniechester,Arkansas
5838,288,73,2,456.73,913.46,2024-12-08,Processing,Barberburgh,North Dakota
5839,625,176,3,98.52,295.56,2024-01-23,Delivered,Sarafort,Michigan
5840,742,118,1,103.99,103.99,2024-02-21,Delivered,Port Samanthaside,Mississippi
5841,133,169,1,175.75,175.75,2025-04-04,Delivered,Harrisonborough,Arizona
5842,380,117,3,110.18,330.54,2025-04-28,Delivered,North Michellemouth,Kentucky
5843,170,60,3,493.39,0.0,2024-06-01,Cancelled,Tonyshire,Virginia
5844,166,12,2,899.79,1799.58,2025-02-08,Shipped,South Johnstad,New Jersey
5845,906,103,5,42.88,214.4,2025-04-16,Delivered,Dianahaven,Kansas
5846,581,164,6,46.38,0.0,2024-12-03,Cancelled,North Paula,New Jersey
5847,172,183,1,258.69,258.69,2024-11-22,Delivered,West Miguelview,Arizona
5848,178,140,1,1253.62,1253.62,2025-05-29,Delivered,Graybury,Arkansas
5849,444,24,1,180.09,180.09,2024-04-28,Delivered,Davidfort,New Hampshire
5850,276,31,3,50.16,150.48,2025-03-24,Delivered,Lake Katrinahaven,Pennsylvania
5851,868,87,3,29.52,88.56,2025-06-15,Delivered,Johntown,Alaska
5852,685,3,4,34.78,0.0,2024-09-22,Cancelled,East Amber,Iowa
5853,9,58,2,1142.69,2285.38,2024-11-19,Shipped,North Karla,Mississippi
5854,239,107,2,56.54,113.08,2025-03-06,Delivered,Aaronside,Idaho
5855,808,169,1,175.75,175.75,2024-05-31,Shipped,Russellfort,Arkansas
5856,417,94,4,41.9,167.6,2025-05-23,Processing,South Aaron,South Carolina
5857,919,131,2,917.21,1834.42,2025-12-12,Processing,West Brandytown,South Carolina
5858,342,90,4,170.31,681.24,2025-04-09,Delivered,North Diana,South Dakota
5859,905,51,3,45.28,135.84,2025-12-13,Returned,Martinchester,Maryland
5860,670,65,1,337.28,337.28,2024-11-03,Delivered,West Alexandrastad,Oklahoma
5861,613,122,6,30.44,182.64,2024-06-20,Processing,New Blake,Utah
5862,694,49,1,98.4,98.4,2024-07-06,Delivered,Port Louis,New Hampshire
5863,221,46,3,35.34,106.02,2025-08-16,Delivered,Craigport,Utah
5864,810,165,5,57.61,288.05,2025-11-30,Delivered,Andersonchester,Florida
5865,235,25,2,212.04,424.08,2024-05-06,Delivered,Billside,Idaho
5866,641,51,4,45.28,181.12,2024-05-18,Delivered,West Joshuafort,New York
5867,371,15,1,22.83,22.83,2024-10-29,Delivered,West Nicole,Wyoming
5868,871,5,5,14.19,70.95,2025-10-23,Processing,South Sarah,Alabama
5869,435,33,1,1077.68,1077.68,2024-05-29,Delivered,Sheilashire,Missouri
5870,405,179,3,486.21,1458.63,2025-05-23,Delivered,Spearsstad,Arizona
5871,658,152,4,105.39,421.56,2024-01-26,Delivered,North Melissaborough,Connecticut
5872,712,191,4,126.39,505.56,2024-01-10,Delivered,Harrisborough,Tennessee
5873,143,197,5,42.46,212.3,2025-03-21,Delivered,North Jake,Idaho
5874,887,139,1,74.52,74.52,2024-08-17,Delivered,New Anitafort,Minnesota
5875,653,74,2,301.83,603.66,2024-03-20,Returned,West Jeremyville,Oregon
5876,372,174,3,194.56,583.68,2024-10-21,Processing,Smithberg,Connecticut
5877,658,27,9,27.66,248.94,2024-09-03,Delivered,North Melissaborough,Connecticut
5878,317,127,1,150.5,150.5,2024-03-21,Delivered,New Tylerburgh,Wisconsin
5879,471,3,3,34.78,104.34,2024-05-07,Delivered,Donaldbury,Arizona
5880,749,116,2,154.63,309.26,2025-04-22,Delivered,Nathanmouth,South Dakota
5881,800,154,3,42.12,126.36,2025-08-27,Delivered,Williamhaven,Georgia
5882,51,160,4,37.99,151.96,2024-04-12,Delivered,New Sandrastad,Idaho
5883,227,180,11,5.05,55.55,2025-02-08,Delivered,Jeffberg,Pennsylvania
5884,322,119,3,27.5,82.5,2024-12-30,Shipped,Prattberg,Michigan
5885,67,189,5,48.34,241.7,2024-05-14,Returned,Barronshire,Oregon
5886,103,118,3,103.99,311.97,2024-04-14,Delivered,South Suzanneland,California
5887,282,73,1,456.73,456.73,2025-07-16,Delivered,Lake Robinfort,Maine
5888,978,88,1,548.48,548.48,2025-12-06,Delivered,Owensmouth,Pennsylvania
5889,832,80,4,31.23,0.0,2024-01-03,Cancelled,New Richard,North Carolina
5890,169,111,4,93.95,375.8,2025-07-18,Processing,Bartonland,Nevada
5891,562,162,4,115.69,462.76,2024-09-07,Delivered,Nixonland,Delaware
5892,303,157,6,8.59,51.54,2025-11-07,Delivered,Stevensfort,Iowa
5893,656,43,1,102.37,102.37,2025-01-18,Delivered,Danielleland,South Dakota
5894,890,146,3,157.34,472.02,2024-11-14,Delivered,New Tyler,Texas
5895,509,25,1,212.04,0.0,2024-01-09,Cancelled,North Katie,Virginia
5896,117,96,2,286.65,0.0,2025-09-19,Cancelled,Lake Gregory,California
5897,547,145,3,88.28,264.84,2024-09-28,Delivered,Annport,Florida
5898,604,32,1,87.66,87.66,2024-06-05,Delivered,Ericview,Maine
5899,650,176,2,98.52,197.04,2025-08-26,Delivered,Alexanderside,West Virginia
5900,837,180,8,5.05,40.4,2025-04-02,Delivered,Lake Michaelmouth,Delaware
5901,507,34,1,24.01,24.01,2025-01-02,Delivered,Vincentborough,Utah
5902,364,152,2,105.39,210.78,2024-04-05,Returned,Mooreshire,Nevada
5903,944,29,1,264.9,264.9,2024-04-24,Shipped,Freemanfurt,Virginia
5904,885,138,1,160.33,160.33,2024-09-30,Delivered,Austinland,Arkansas
5905,910,59,2,462.07,924.14,2024-10-10,Processing,Port Christopher,South Carolina
5906,245,183,3,258.69,776.07,2024-11-08,Delivered,Martinezfort,Idaho
5907,738,107,1,56.54,56.54,2025-08-09,Shipped,Chapmanville,Tennessee
5908,679,51,3,45.28,135.84,2024-02-05,Delivered,Sullivanbury,Nevada
5909,693,97,2,43.15,86.3,2025-08-18,Delivered,Grossfort,Arkansas
5910,846,135,1,144.51,144.51,2024-04-21,Processing,South Denisefort,New Mexico
5911,375,185,1,141.13,141.13,2025-09-23,Delivered,Murrayborough,Tennessee
5912,97,142,1,241.68,241.68,2024-02-01,Delivered,Port Matthewberg,Washington
5913,424,74,2,301.83,603.66,2025-10-03,Delivered,Port Christine,Wisconsin
5914,44,101,2,450.0,900.0,2024-11-25,Shipped,Tinahaven,Minnesota
5915,796,8,2,80.04,160.08,2025-07-14,Delivered,Stephaniechester,Arkansas
5916,93,68,1,113.46,113.46,2025-10-09,Returned,Lake Toddport,Wisconsin
5917,664,135,3,144.51,433.53,2025-03-26,Delivered,Mendozafurt,Connecticut
5918,917,3,3,34.78,104.34,2025-07-27,Delivered,West Brian,Louisiana
5919,418,143,2,148.64,297.28,2025-10-04,Delivered,Ericstad,Florida
5920,424,73,1,456.73,456.73,2025-10-11,Delivered,Port Christine,Wisconsin
5921,459,94,1,41.9,41.9,2024-06-10,Delivered,Rodriguezmouth,New York
5922,172,43,2,102.37,204.74,2025-08-15,Delivered,West Miguelview,Arizona
5923,846,9,3,160.49,481.47,2024-06-14,Delivered,South Denisefort,New Mexico
5924,152,54,5,7.54,37.7,2025-09-18,Delivered,Port Christopherchester,South Carolina
5925,382,102,1,16.48,16.48,2025-12-27,Delivered,Anthonyborough,Oklahoma
5926,352,71,3,311.35,934.05,2024-05-23,Delivered,Shafferview,New Mexico
5927,795,66,3,235.08,705.24,2024-05-21,Delivered,Patelchester,New Hampshire
5928,828,117,1,110.18,110.18,2024-09-01,Delivered,Rhondaville,Kentucky
5929,198,179,1,486.21,486.21,2024-01-13,Delivered,Andrewmouth,Texas
5930,704,97,5,43.15,215.75,2025-11-07,Delivered,Carterview,Delaware
5931,705,139,3,74.52,223.56,2025-09-17,Delivered,Port Coryport,Nevada
5932,757,116,2,154.63,309.26,2025-03-26,Delivered,Valenciachester,Florida
5933,456,181,1,86.64,86.64,2025-10-07,Delivered,South Ashley,Massachusetts
5934,594,108,3,52.63,0.0,2024-10-30,Cancelled,Chenberg,Pennsylvania
5935,970,61,4,24.62,98.48,2025-10-24,Delivered,Robertsborough,Utah
5936,160,196,4,138.33,553.32,2024-06-18,Delivered,Lake Marcus,Virginia
5937,77,115,1,98.26,98.26,2024-05-30,Delivered,Peterland,Pennsylvania
5938,702,10,1,107.87,107.87,2025-01-27,Delivered,Greenside,New York
5939,776,122,4,30.44,121.76,2024-11-21,Delivered,Davidhaven,Louisiana
5940,363,195,4,32.25,129.0,2024-12-24,Delivered,Mejiamouth,Massachusetts
5941,154,73,1,456.73,456.73,2025-05-20,Processing,Port Kaylabury,New Hampshire
5942,868,109,2,115.28,230.56,2024-04-23,Delivered,Johntown,Alaska
5943,437,51,4,45.28,181.12,2025-03-26,Shipped,New Amy,Georgia
5944,940,33,2,1077.68,2155.36,2025-03-29,Processing,North David,Tennessee
5945,656,9,2,160.49,320.98,2024-02-10,Delivered,Danielleland,South Dakota
5946,38,132,2,895.45,1790.9,2025-03-16,Delivered,West Nataliehaven,Arizona
5947,849,77,3,5.4,16.2,2025-08-08,Shipped,Lake Brent,West Virginia
5948,578,97,2,43.15,86.3,2024-12-24,Delivered,Edwardborough,Rhode Island
5949,700,29,1,264.9,264.9,2025-05-13,Returned,North Robert,Wyoming
5950,81,103,10,42.88,428.8,2025-10-12,Delivered,Lucasshire,Massachusetts
5951,282,170,3,81.2,243.6,2024-12-24,Delivered,Lake Robinfort,Maine
5952,25,50,4,23.62,94.48,2024-12-14,Processing,North Tonya,Arkansas
5953,952,175,5,58.63,293.15,2024-01-07,Delivered,Port Brian,Nevada
5954,596,181,2,86.64,173.28,2025-12-29,Delivered,Lake Michael,Colorado
5955,368,42,3,146.77,440.31,2024-10-10,Delivered,Port Davidside,Oregon
5956,766,33,2,1077.68,2155.36,2024-12-03,Delivered,New Dianaberg,Alabama
5957,684,34,5,24.01,120.05,2025-07-22,Delivered,Torresville,Ohio
5958,392,127,3,150.5,451.5,2025-11-23,Delivered,New Donnatown,South Dakota
5959,556,57,5,115.26,576.3,2024-07-25,Returned,North Kimberly,Delaware
5960,888,178,1,11.5,11.5,2025-10-06,Delivered,Tracyfort,Oregon
5961,263,178,1,11.5,0.0,2025-03-03,Cancelled,Rebeccastad,Utah
5962,653,103,4,42.88,171.52,2025-10-23,Delivered,West Jeremyville,Oregon
5963,331,137,2,484.65,969.3,2024-06-03,Delivered,West Johnmouth,New Hampshire
5964,955,179,2,486.21,972.42,2025-02-24,Returned,New Ricardofort,Utah
5965,759,142,3,241.68,725.04,2025-08-02,Delivered,Port Laurenchester,Utah
5966,927,40,1,414.22,414.22,2025-03-16,Delivered,Judithchester,South Carolina
5967,419,191,4,126.39,505.56,2024-07-09,Processing,Deannaburgh,Missouri
5968,962,161,11,33.62,369.82,2024-07-16,Shipped,Garciamouth,Nebraska
5969,398,119,11,27.5,302.5,2024-11-22,Delivered,Williamview,Delaware
5970,419,179,2,486.21,972.42,2024-11-20,Delivered,Deannaburgh,Missouri
5971,989,68,2,113.46,226.92,2024-08-06,Shipped,South Joelton,Ohio
5972,965,14,2,28.78,57.56,2025-11-03,Returned,Lake Philipton,Mississippi
5973,848,112,1,53.86,0.0,2024-08-11,Cancelled,East Jacob,Wisconsin
5974,130,191,4,126.39,505.56,2024-10-23,Processing,South Derek,South Dakota
5975,497,68,3,113.46,340.38,2025-06-06,Returned,Gregoryberg,Virginia
5976,139,140,1,1253.62,1253.62,2025-10-25,Delivered,South Christopher,Nebraska
5977,236,113,1,22.71,22.71,2025-03-26,Delivered,South Steven,Montana
5978,112,5,1,14.19,14.19,2025-10-23,Delivered,Roberttown,Texas
5979,764,147,2,487.95,975.9,2024-01-01,Delivered,South Dawnburgh,Wisconsin
5980,180,158,4,34.1,136.4,2025-07-18,Delivered,Butlermouth,Nebraska
5981,18,163,4,113.36,453.44,2024-02-23,Delivered,East Brian,New Hampshire
5982,199,102,1,16.48,16.48,2025-10-28,Shipped,South Nicoleton,Maine
5983,655,190,5,11.07,55.35,2024-03-09,Delivered,North Joshuaside,Alaska
5984,840,97,3,43.15,129.45,2025-04-02,Delivered,Port Saraton,Missouri
5985,975,100,3,48.33,144.99,2024-03-19,Delivered,North Peter,Michigan
5986,928,38,7,31.32,219.24,2025-07-02,Processing,Priceport,Idaho
5987,234,118,2,103.99,207.98,2024-04-21,Delivered,East Davidview,North Dakota
5988,456,143,4,148.64,594.56,2025-11-17,Processing,South Ashley,Massachusetts
5989,495,93,4,130.28,521.12,2024-11-06,Delivered,Gillespiemouth,New York
5990,715,59,2,462.07,924.14,2025-03-17,Delivered,North Nathanshire,Georgia
5991,315,34,3,24.01,72.03,2025-09-02,Delivered,Matthewview,New Hampshire
5992,47,126,2,14.23,28.46,2024-01-19,Delivered,South Kristin,California
5993,93,119,8,27.5,220.0,2024-07-05,Delivered,Lake Toddport,Wisconsin
5994,780,168,3,16.61,49.83,2025-06-15,Delivered,Barrettfort,Maryland
5995,766,156,1,76.9,76.9,2024-04-07,Delivered,New Dianaberg,Alabama
5996,932,104,1,1515.73,1515.73,2025-11-30,Delivered,West Anita,Illinois
5997,141,117,1,110.18,110.18,2024-11-29,Shipped,Port Jamesbury,Indiana
5998,58,198,3,473.82,1421.46,2025-12-29,Returned,West Teresaland,Illinois
5999,874,152,4,105.39,421.56,2025-03-18,Shipped,North Josephland,Massachusetts
6000,662,39,1,35.25,35.25,2025-12-07,Delivered,Robbinsstad,South Carolina
6001,153,121,9,6.52,58.68,2025-07-10,Processing,Westside,New Hampshire
6002,280,180,11,5.05,55.55,2025-06-01,Delivered,Samanthaland,South Dakota
6003,807,167,2,243.83,0.0,2025-03-21,Cancelled,Reynoldsshire,Virginia
6004,530,75,3,51.24,153.72,2024-06-04,Delivered,Ashleyside,West Virginia
6005,653,52,1,27.18,0.0,2025-08-16,Cancelled,West Jeremyville,Oregon
6006,196,109,3,115.28,345.84,2024-05-09,Delivered,Port George,North Carolina
6007,435,26,3,15.15,45.45,2024-07-04,Shipped,Sheilashire,Missouri
6008,816,13,5,56.57,282.85,2025-09-16,Delivered,New Michael,Montana
6009,337,79,2,383.68,767.36,2024-04-28,Delivered,Lake Jonathonfurt,Florida
6010,412,113,1,22.71,22.71,2025-11-10,Delivered,Lake Jay,North Dakota
6011,194,10,3,107.87,323.61,2025-11-11,Delivered,Donaldland,North Carolina
6012,186,80,9,31.23,281.07,2024-11-03,Delivered,North Jacob,Rhode Island
6013,316,107,1,56.54,56.54,2025-11-22,Shipped,Lake Jennifer,Missouri
6014,727,187,2,85.38,170.76,2025-09-26,Shipped,Alexhaven,Kansas
6015,255,189,5,48.34,0.0,2025-08-02,Cancelled,Mitchellborough,Tennessee
6016,597,33,2,1077.68,2155.36,2024-05-25,Processing,West Adamton,Tennessee
6017,342,20,2,34.83,69.66,2024-09-14,Delivered,North Diana,South Dakota
6018,64,71,2,311.35,622.7,2024-11-10,Delivered,Port James,California
6019,462,109,2,115.28,230.56,2024-05-10,Delivered,Manningstad,Tennessee
6020,526,147,2,487.95,975.9,2025-09-21,Processing,Andrewtown,Alabama
6021,434,168,5,16.61,83.05,2024-01-08,Delivered,North Stevenmouth,Nebraska
6022,345,70,1,29.96,29.96,2025-08-08,Delivered,Huntstad,Michigan
6023,158,166,3,80.7,242.1,2025-05-31,Delivered,New Patrick,Indiana
6024,460,182,1,675.46,675.46,2025-08-26,Delivered,South Richard,New Mexico
6025,315,38,11,31.32,344.52,2024-07-11,Delivered,Matthewview,New Hampshire
6026,378,56,3,208.97,626.91,2025-09-23,Delivered,Cameronborough,Virginia
6027,869,62,3,99.97,299.91,2024-06-23,Shipped,West Davidport,Arkansas
6028,840,115,4,98.26,393.04,2024-12-18,Delivered,Port Saraton,Missouri
6029,914,30,2,17.83,35.66,2024-01-06,Processing,North Jill,New Mexico
6030,770,140,2,1253.62,2507.24,2024-01-10,Delivered,Sandraside,Oklahoma
6031,227,80,8,31.23,249.84,2025-04-26,Shipped,Jeffberg,Pennsylvania
6032,353,124,1,108.4,108.4,2024-03-22,Delivered,West Georgeton,Michigan
6033,358,131,1,917.21,917.21,2025-08-11,Delivered,Lyonsmouth,Virginia
6034,620,150,2,167.9,335.8,2024-04-30,Delivered,Lake Debrahaven,Alabama
6035,717,97,3,43.15,129.45,2025-11-22,Delivered,Hallfurt,Illinois
6036,865,139,3,74.52,223.56,2024-09-02,Processing,New Michaelville,South Carolina
6037,795,46,2,35.34,70.68,2025-05-24,Delivered,Patelchester,New Hampshire
6038,878,167,2,243.83,487.66,2025-03-20,Delivered,Manningbury,West Virginia
6039,305,16,2,53.79,107.58,2025-08-11,Delivered,Thomasville,Virginia
6040,123,8,1,80.04,80.04,2025-11-30,Shipped,West Steven,North Carolina
6041,727,41,3,238.94,716.82,2024-04-13,Delivered,Alexhaven,Kansas
6042,25,102,1,16.48,16.48,2025-02-22,Delivered,North Tonya,Arkansas
6043,70,135,2,144.51,289.02,2025-03-27,Delivered,Evansmouth,Indiana
6044,58,158,2,34.1,68.2,2025-01-30,Delivered,West Teresaland,Illinois
6045,775,80,2,31.23,62.46,2025-03-04,Shipped,Davidtown,Nebraska
6046,198,57,5,115.26,576.3,2024-01-19,Returned,Andrewmouth,Texas
6047,550,165,2,57.61,115.22,2024-03-27,Delivered,South Jonathanville,New Mexico
6048,220,69,3,12.9,38.7,2024-01-01,Delivered,Cindyport,North Dakota
6049,241,181,3,86.64,259.92,2025-04-26,Shipped,Armstrongland,North Carolina
6050,16,141,1,55.53,55.53,2024-09-26,Processing,Floresview,Vermont
6051,417,181,1,86.64,86.64,2025-02-05,Delivered,South Aaron,South Carolina
6052,873,118,2,103.99,0.0,2025-06-03,Cancelled,Mendezville,Hawaii
6053,401,193,1,69.03,0.0,2025-10-24,Cancelled,West Sarah,Illinois
6054,290,37,5,110.69,553.45,2024-09-26,Delivered,North Joseph,Illinois
6055,114,75,1,51.24,51.24,2025-02-26,Delivered,Dawsonhaven,Colorado
6056,435,2,2,134.26,268.52,2024-10-01,Delivered,Sheilashire,Missouri
6057,474,120,1,1304.73,1304.73,2025-01-15,Delivered,New Christopher,North Dakota
6058,810,8,2,80.04,160.08,2025-06-14,Delivered,Andersonchester,Florida
6059,712,29,2,264.9,529.8,2024-03-26,Delivered,Harrisborough,Tennessee
6060,528,92,3,11.68,35.04,2024-05-26,Delivered,Pamelaburgh,Wyoming
6061,515,24,2,180.09,360.18,2025-09-08,Delivered,Leslieshire,Nebraska
6062,913,146,4,157.34,629.36,2024-06-16,Returned,Nicholasfort,Rhode Island
6063,617,107,3,56.54,169.62,2024-04-12,Shipped,Lake Sonyaville,New York
6064,712,2,5,134.26,671.3,2024-07-01,Delivered,Harrisborough,Tennessee
6065,253,60,1,493.39,493.39,2025-06-13,Shipped,Leachton,New York
6066,951,151,1,192.55,192.55,2025-01-05,Delivered,New Michaelside,Maryland
6067,211,41,2,238.94,477.88,2025-03-22,Delivered,Kennethburgh,Nebraska
6068,562,150,3,167.9,503.7,2024-10-06,Delivered,Nixonland,Delaware
6069,295,39,10,35.25,352.5,2025-01-26,Shipped,South Angelica,Alaska
6070,60,67,12,22.32,267.84,2025-11-20,Processing,Austintown,North Dakota
6071,269,106,5,26.57,132.85,2024-11-10,Delivered,New Courtneyview,Tennessee
6072,263,157,4,8.59,34.36,2025-08-24,Processing,Rebeccastad,Utah
6073,958,176,3,98.52,295.56,2024-01-20,Delivered,Medinaton,Hawaii
6074,734,27,9,27.66,248.94,2025-05-24,Processing,Hollyport,Arizona
6075,246,87,4,29.52,0.0,2025-07-23,Cancelled,Emmabury,Connecticut
6076,190,168,4,16.61,66.44,2025-05-20,Delivered,South Taylorfurt,New Mexico
6077,663,52,4,27.18,108.72,2025-04-15,Processing,West Matthewfurt,North Dakota
6078,810,20,4,34.83,139.32,2024-02-28,Shipped,Andersonchester,Florida
6079,16,179,1,486.21,486.21,2025-12-02,Delivered,Floresview,Vermont
6080,618,51,3,45.28,135.84,2024-02-12,Delivered,Jacksonview,Alaska
6081,480,39,9,35.25,317.25,2024-11-19,Delivered,South Tyler,Arkansas
6082,957,84,1,148.96,0.0,2025-09-07,Cancelled,Samanthaville,Michigan
6083,704,113,3,22.71,68.13,2025-06-18,Processing,Carterview,Delaware
6084,121,190,2,11.07,22.14,2025-10-31,Delivered,Morrisonshire,Pennsylvania
6085,898,72,2,9.09,18.18,2025-04-07,Shipped,Lukeberg,Michigan
6086,298,138,3,160.33,480.99,2024-09-18,Delivered,Lake Codyside,Delaware
6087,588,10,3,107.87,323.61,2024-11-30,Delivered,Thomasmouth,Texas
6088,249,159,1,28.19,28.19,2024-08-05,Delivered,Rosetown,Missouri
6089,517,185,3,141.13,423.39,2024-11-01,Delivered,Sarachester,Ohio
6090,122,193,3,69.03,207.09,2025-01-16,Delivered,Richardstad,Vermont
6091,686,145,1,88.28,88.28,2025-02-15,Delivered,Port Patrick,Colorado
6092,74,74,2,301.83,603.66,2025-06-24,Delivered,Lake Charlesburgh,Minnesota
6093,99,7,5,43.74,0.0,2025-02-14,Cancelled,Carterton,North Dakota
6094,665,99,3,135.17,405.51,2024-03-27,Delivered,Desireemouth,Maine
6095,457,39,11,35.25,387.75,2025-11-10,Shipped,South Melanie,South Carolina
6096,42,7,4,43.74,174.96,2025-05-16,Delivered,East Georgeport,Connecticut
6097,974,5,11,14.19,156.09,2024-04-19,Delivered,Hughestown,Tennessee
6098,329,171,1,142.38,142.38,2025-04-04,Delivered,Marcton,Missouri
6099,123,74,1,301.83,301.83,2024-10-20,Delivered,West Steven,North Carolina
6100,718,185,5,141.13,705.65,2024-07-04,Delivered,West Kristinstad,New Hampshire
6101,234,134,4,53.71,214.84,2025-04-24,Delivered,East Davidview,North Dakota
6102,719,160,10,37.99,379.9,2024-08-10,Delivered,Shannonbury,Georgia
6103,843,125,5,24.59,122.95,2025-04-12,Processing,Port Megantown,Ohio
6104,817,94,2,41.9,83.8,2025-04-20,Processing,Cameronfurt,New Hampshire
6105,243,86,1,1337.83,1337.83,2025-08-08,Delivered,Port Danielland,Washington
6106,918,27,8,27.66,221.28,2025-01-02,Delivered,Robertchester,Arkansas
6107,195,110,5,26.8,0.0,2024-10-14,Cancelled,West Justinborough,Missouri
6108,821,91,2,222.92,445.84,2025-10-01,Delivered,Floresmouth,Minnesota
6109,546,67,7,22.32,156.24,2025-04-07,Delivered,South Austin,Nebraska
6110,132,175,4,58.63,234.52,2025-06-04,Delivered,South Jason,Wyoming
6111,171,35,2,179.74,359.48,2025-06-18,Delivered,Cassandrashire,New York
6112,540,120,1,1304.73,1304.73,2025-02-02,Returned,Michaelview,Connecticut
6113,15,98,2,46.15,92.3,2025-10-17,Delivered,Lawrencehaven,New Jersey
6114,164,143,4,148.64,594.56,2025-07-07,Delivered,Port Stacystad,Vermont
6115,909,40,3,414.22,1242.66,2025-10-23,Returned,South Kimberly,Wisconsin
6116,21,55,2,29.42,58.84,2024-10-25,Delivered,New Rebecca,Wyoming
6117,901,105,1,136.66,136.66,2025-12-09,Delivered,Lake Dana,Tennessee
6118,621,111,1,93.95,93.95,2024-10-11,Shipped,Lake Amy,North Carolina
6119,334,66,2,235.08,470.16,2025-05-25,Delivered,South Bradleyside,Delaware
6120,487,121,4,6.52,0.0,2024-07-28,Cancelled,Sarahton,Nevada
6121,877,7,2,43.74,87.48,2025-01-31,Delivered,Hunterburgh,Arkansas
6122,8,156,1,76.9,76.9,2024-03-26,Processing,North Nathan,Nevada
6123,994,7,2,43.74,87.48,2025-03-23,Returned,New Jamesland,Tennessee
6124,141,23,4,16.35,65.4,2024-07-15,Processing,Port Jamesbury,Indiana
6125,919,188,2,102.39,204.78,2024-06-28,Delivered,West Brandytown,South Carolina
6126,611,115,2,98.26,196.52,2025-02-03,Delivered,West Susanmouth,Florida
6127,109,80,9,31.23,281.07,2025-03-03,Delivered,Maciaschester,Utah
6128,455,80,1,31.23,31.23,2024-09-26,Delivered,Lake Cynthiaborough,Louisiana
6129,543,17,1,625.15,625.15,2024-11-22,Processing,Jasminport,Maryland
6130,879,43,2,102.37,204.74,2024-09-27,Delivered,Watsonport,Kentucky
6131,382,176,1,98.52,98.52,2024-10-26,Delivered,Anthonyborough,Oklahoma
6132,867,68,1,113.46,113.46,2024-11-29,Processing,Allenfort,Illinois
6133,530,9,1,160.49,160.49,2025-09-03,Delivered,Ashleyside,West Virginia
6134,634,200,2,41.6,83.2,2024-03-18,Processing,South Ashleychester,Hawaii
6135,164,26,3,15.15,45.45,2025-05-20,Delivered,Port Stacystad,Vermont
6136,21,186,1,304.0,304.0,2024-11-09,Delivered,New Rebecca,Wyoming
6137,52,93,3,130.28,390.84,2025-10-19,Delivered,Lorifurt,Ohio
6138,645,122,6,30.44,182.64,2024-11-05,Shipped,New Antonioport,North Carolina
6139,983,176,1,98.52,98.52,2025-07-27,Delivered,Seanborough,Nebraska
6140,286,145,2,88.28,176.56,2024-07-03,Delivered,New Zacharyshire,Wisconsin
6141,577,83,10,9.9,99.0,2024-01-23,Delivered,Sarahmouth,Arizona
6142,707,81,4,51.28,205.12,2024-05-01,Shipped,Phelpsberg,Wyoming
6143,48,62,1,99.97,99.97,2025-02-19,Shipped,Port Vanessa,Illinois
6144,626,81,6,51.28,307.68,2024-01-18,Delivered,West Amymouth,New York
6145,900,90,2,170.31,340.62,2024-10-29,Delivered,New Marioburgh,California
6146,870,62,1,99.97,99.97,2025-04-18,Delivered,Stanleychester,Nevada
6147,629,17,2,625.15,1250.3,2025-11-05,Delivered,Jonesburgh,New Hampshire
6148,46,165,1,57.61,57.61,2025-01-19,Delivered,West Victoriastad,Minnesota
6149,916,183,2,258.69,517.38,2025-05-07,Delivered,Kristenton,Indiana
6150,1000,181,3,86.64,259.92,2024-09-27,Shipped,Mendezport,Missouri
6151,903,166,3,80.7,242.1,2024-08-26,Delivered,Maryland,Alaska
6152,981,46,3,35.34,106.02,2024-08-25,Delivered,Danachester,North Dakota
6153,815,126,12,14.23,170.76,2024-03-16,Returned,Lake Heatherchester,Connecticut
6154,950,64,2,32.06,64.12,2025-07-30,Delivered,Lake Elizabethhaven,Connecticut
6155,741,169,3,175.75,527.25,2025-10-11,Processing,Santosside,North Dakota
6156,133,84,3,148.96,446.88,2025-09-11,Delivered,Harrisonborough,Arizona
6157,413,172,1,84.77,84.77,2025-09-13,Delivered,Manningshire,Tennessee
6158,252,18,5,143.63,718.15,2025-07-14,Delivered,North Samanthaport,Missouri
6159,421,142,3,241.68,725.04,2025-10-12,Delivered,South Leah,Louisiana
6160,818,133,6,46.43,278.58,2024-06-08,Processing,South Monicamouth,Nebraska
6161,561,111,1,93.95,93.95,2024-02-24,Delivered,West Robinland,Pennsylvania
6162,565,151,2,192.55,385.1,2025-03-30,Delivered,East Tara,Nebraska
6163,563,169,4,175.75,703.0,2024-04-28,Delivered,Hendrixside,Delaware
6164,603,156,1,76.9,76.9,2025-08-17,Delivered,West Nathan,New Hampshire
6165,491,50,2,23.62,47.24,2025-06-12,Shipped,East Amanda,Idaho
6166,636,157,4,8.59,34.36,2025-02-05,Delivered,North Anna,Missouri
6167,431,92,1,11.68,11.68,2025-09-20,Delivered,Lorifort,Vermont
6168,502,199,4,97.62,390.48,2025-04-15,Delivered,Port Arielside,West Virginia
6169,803,145,2,88.28,176.56,2024-11-11,Delivered,West Jasmine,South Dakota
6170,757,63,2,1487.23,2974.46,2024-04-27,Processing,Valenciachester,Florida
6171,716,169,1,175.75,175.75,2024-09-30,Delivered,Smithborough,Michigan
6172,920,64,4,32.06,128.24,2025-12-12,Delivered,Lake Sandraland,Hawaii
6173,175,118,3,103.99,311.97,2024-01-08,Delivered,Taylorstad,Alabama
6174,154,141,2,55.53,111.06,2024-12-29,Delivered,Port Kaylabury,New Hampshire
6175,414,78,5,5.17,25.85,2024-06-02,Delivered,Williamton,Virginia
6176,995,125,3,24.59,73.77,2024-12-17,Processing,East Michael,New Mexico
6177,461,107,1,56.54,56.54,2024-04-08,Shipped,Lake Willieside,South Carolina
6178,599,170,4,81.2,324.8,2024-05-30,Delivered,East Andrea,Georgia
6179,157,50,3,23.62,70.86,2024-07-12,Delivered,Leechester,Wyoming
6180,456,156,4,76.9,307.6,2024-10-29,Delivered,South Ashley,Massachusetts
6181,848,121,8,6.52,52.16,2025-08-16,Delivered,East Jacob,Wisconsin
6182,971,28,4,84.71,338.84,2024-04-24,Processing,Lake Peterborough,Indiana
6183,143,119,8,27.5,220.0,2025-08-21,Processing,North Jake,Idaho
6184,39,140,1,1253.62,1253.62,2024-09-12,Returned,East Alexandra,South Carolina
6185,675,137,1,484.65,484.65,2025-06-28,Returned,Butlerchester,Iowa
6186,399,127,1,150.5,150.5,2025-07-12,Delivered,Riverafurt,Kentucky
6187,318,65,1,337.28,337.28,2025-09-07,Delivered,South Caitlin,Nevada
6188,934,85,3,490.6,1471.8,2025-11-19,Delivered,Heatherside,Hawaii
6189,401,150,3,167.9,503.7,2025-09-30,Delivered,West Sarah,Illinois
6190,631,7,4,43.74,174.96,2024-03-01,Delivered,Amandamouth,Oregon
6191,696,108,1,52.63,52.63,2024-12-19,Delivered,Nicolestad,Delaware
6192,820,7,5,43.74,218.7,2025-07-22,Delivered,Wilsonchester,Maine
6193,977,103,4,42.88,171.52,2025-08-17,Delivered,New Keith,Oregon
6194,42,115,2,98.26,196.52,2024-02-10,Delivered,East Georgeport,Connecticut
6195,1000,42,3,146.77,0.0,2024-09-14,Cancelled,Mendezport,Missouri
6196,349,38,3,31.32,93.96,2025-09-03,Delivered,East Susan,New Mexico
6197,425,74,1,301.83,301.83,2025-03-04,Delivered,Brettstad,New Hampshire
6198,956,193,2,69.03,138.06,2025-02-06,Delivered,Wheelerchester,South Carolina
6199,75,151,1,192.55,192.55,2025-02-27,Delivered,Natalieside,New Jersey
6200,251,186,3,304.0,912.0,2024-10-25,Shipped,Rileyview,New Mexico
6201,377,187,3,85.38,256.14,2025-10-27,Returned,Williamsstad,Florida
6202,302,78,10,5.17,51.7,2025-06-02,Delivered,Seanmouth,North Carolina
6203,417,2,5,134.26,671.3,2025-08-09,Delivered,South Aaron,South Carolina
6204,415,124,3,108.4,325.2,2024-05-13,Delivered,South Justin,Mississippi
6205,719,171,4,142.38,569.52,2025-09-07,Delivered,Shannonbury,Georgia
6206,826,70,4,29.96,119.84,2024-01-21,Delivered,West Mary,Wyoming
6207,625,190,4,11.07,44.28,2025-07-10,Delivered,Sarafort,Michigan
6208,527,173,3,63.4,190.2,2025-06-01,Delivered,South Susanfort,Nebraska
6209,175,167,1,243.83,243.83,2025-02-23,Returned,Taylorstad,Alabama
6210,92,169,4,175.75,703.0,2024-10-12,Delivered,Keithview,Michigan
6211,552,159,3,28.19,84.57,2024-02-12,Delivered,Port Anthonymouth,Kentucky
6212,35,8,2,80.04,160.08,2025-11-16,Delivered,Ronaldberg,Delaware
6213,337,168,5,16.61,0.0,2024-08-13,Cancelled,Lake Jonathonfurt,Florida
6214,414,1,1,21.77,21.77,2025-10-14,Delivered,Williamton,Virginia
6215,298,97,3,43.15,129.45,2024-11-26,Returned,Lake Codyside,Delaware
6216,493,120,1,1304.73,1304.73,2025-07-19,Delivered,Josephtown,South Dakota
6217,954,188,2,102.39,204.78,2025-02-21,Delivered,Natalieville,New Mexico
6218,703,194,3,39.19,117.57,2024-10-27,Delivered,New Lindsayton,South Carolina
6219,134,111,2,93.95,187.9,2025-03-14,Processing,Kellyfurt,New Jersey
6220,648,128,4,15.74,62.96,2025-06-26,Delivered,Acostabury,Pennsylvania
6221,696,165,1,57.61,0.0,2024-02-27,Cancelled,Nicolestad,Delaware
6222,934,80,11,31.23,343.53,2025-06-23,Delivered,Heatherside,Hawaii
6223,157,124,3,108.4,325.2,2024-06-24,Delivered,Leechester,Wyoming
6224,922,5,5,14.19,70.95,2025-10-26,Delivered,Ivanmouth,Kansas
6225,983,88,1,548.48,548.48,2024-06-01,Delivered,Seanborough,Nebraska
6226,335,186,1,304.0,304.0,2024-01-28,Delivered,East Johnborough,Arizona
6227,421,65,1,337.28,337.28,2024-09-21,Delivered,South Leah,Louisiana
6228,320,136,1,81.75,81.75,2025-11-18,Delivered,Maryview,Ohio
6229,694,102,2,16.48,32.96,2024-11-06,Returned,Port Louis,New Hampshire
6230,33,162,3,115.69,347.07,2024-12-26,Returned,Andrewston,Nevada
6231,820,172,3,84.77,254.31,2024-12-24,Delivered,Wilsonchester,Maine
6232,843,152,5,105.39,526.95,2024-07-25,Delivered,Port Megantown,Ohio
6233,757,119,3,27.5,82.5,2024-02-07,Processing,Valenciachester,Florida
6234,807,19,3,342.31,1026.93,2024-02-05,Delivered,Reynoldsshire,Virginia
6235,450,153,5,98.25,491.25,2024-08-14,Delivered,New Brandonville,Ohio
6236,84,138,1,160.33,160.33,2025-11-29,Delivered,Christinaport,Idaho
6237,183,186,2,304.0,608.0,2025-10-05,Delivered,South Shane,Kansas
6238,159,16,2,53.79,107.58,2024-10-22,Delivered,Blackbury,Washington
6239,384,160,2,37.99,75.98,2024-06-13,Delivered,Potterborough,Nebraska
6240,153,5,6,14.19,0.0,2025-07-15,Cancelled,Westside,New Hampshire
6241,866,163,3,113.36,340.08,2024-12-21,Delivered,East Saraport,Montana
6242,895,187,3,85.38,256.14,2024-07-27,Delivered,New Reneeburgh,Maryland
6243,428,47,1,188.28,188.28,2024-02-11,Shipped,Lake Kayla,South Dakota
6244,448,88,1,548.48,548.48,2025-12-09,Delivered,South William,Michigan
6245,207,84,3,148.96,0.0,2025-06-18,Cancelled,Port Seth,Virginia
6246,110,85,2,490.6,0.0,2025-05-27,Cancelled,Breannafurt,New Jersey
6247,390,70,2,29.96,59.92,2025-08-14,Delivered,Nicoleshire,Louisiana
6248,470,69,4,12.9,51.6,2025-01-11,Delivered,Watsonville,Montana
6249,14,145,4,88.28,353.12,2024-04-26,Delivered,Lake Peterfort,Ohio
6250,553,131,2,917.21,1834.42,2025-04-14,Delivered,Port Shelly,Illinois
6251,389,173,3,63.4,190.2,2024-04-11,Delivered,Dennisberg,North Dakota
6252,415,160,8,37.99,303.92,2024-03-17,Delivered,South Justin,Mississippi
6253,3,1,4,21.77,87.08,2024-09-23,Delivered,Tapiaburgh,New Hampshire
6254,632,35,1,179.74,179.74,2025-02-10,Delivered,Lake Renee,Washington
6255,359,9,1,160.49,160.49,2024-09-13,Delivered,Jordanshire,Washington
6256,572,69,4,12.9,51.6,2024-05-29,Delivered,Johnsonstad,Arkansas
6257,97,189,6,48.34,290.04,2024-08-26,Delivered,Port Matthewberg,Washington
6258,520,164,5,46.38,231.9,2025-10-12,Delivered,Wilsonside,Delaware
6259,27,29,2,264.9,529.8,2025-08-11,Delivered,Millerside,South Carolina
6260,856,8,3,80.04,240.12,2024-04-08,Delivered,East Brandonland,Delaware
6261,347,122,3,30.44,91.32,2025-02-18,Shipped,Donnaville,Colorado
6262,474,129,3,165.48,496.44,2025-03-31,Shipped,New Christopher,North Dakota
6263,699,139,1,74.52,74.52,2025-07-13,Shipped,Mckinneychester,Nebraska
6264,608,81,1,51.28,51.28,2024-12-19,Shipped,Gregorychester,Georgia
6265,255,33,2,1077.68,2155.36,2024-10-08,Delivered,Mitchellborough,Tennessee
6266,10,85,2,490.6,981.2,2025-10-05,Delivered,South Michaelville,Illinois
6267,294,33,1,1077.68,1077.68,2025-01-01,Delivered,Port Brandon,Washington
6268,81,78,8,5.17,41.36,2025-01-26,Processing,Lucasshire,Massachusetts
6269,573,81,1,51.28,51.28,2024-01-05,Delivered,Richardside,Arkansas
6270,595,186,1,304.0,304.0,2024-08-02,Shipped,Port Robin,California
6271,925,143,1,148.64,148.64,2024-08-07,Returned,East Gregoryport,Maine
6272,727,166,2,80.7,161.4,2025-05-27,Delivered,Alexhaven,Kansas
6273,143,127,2,150.5,301.0,2024-12-23,Delivered,North Jake,Idaho
6274,492,127,3,150.5,451.5,2024-11-26,Delivered,East Nathanielchester,Ohio
6275,610,162,4,115.69,462.76,2025-04-20,Delivered,Andrewchester,West Virginia
6276,724,71,3,311.35,934.05,2025-03-28,Shipped,Lake Stephen,Wisconsin
6277,542,164,3,46.38,0.0,2025-07-26,Cancelled,Chavezburgh,Michigan
6278,941,200,3,41.6,124.8,2024-11-17,Delivered,Allenhaven,New Mexico
6279,941,178,2,11.5,23.0,2025-08-22,Delivered,Allenhaven,New Mexico
6280,498,126,12,14.23,170.76,2025-12-21,Delivered,North Cassandra,Illinois
6281,776,1,5,21.77,108.85,2024-09-18,Shipped,Davidhaven,Louisiana
6282,375,34,6,24.01,144.06,2025-02-26,Delivered,Murrayborough,Tennessee
6283,554,84,2,148.96,297.92,2024-01-07,Delivered,Zimmermanmouth,Vermont
6284,516,124,3,108.4,325.2,2025-02-20,Delivered,South Michelleside,Alabama
6285,38,23,2,16.35,32.7,2024-05-02,Delivered,West Nataliehaven,Arizona
6286,199,137,1,484.65,484.65,2025-11-26,Delivered,South Nicoleton,Maine
6287,935,125,4,24.59,98.36,2024-11-13,Shipped,Moralesstad,Ohio
6288,107,188,3,102.39,307.17,2024-04-16,Returned,Whiteburgh,New York
6289,811,161,10,33.62,336.2,2024-09-24,Shipped,Julialand,New Mexico
6290,345,121,2,6.52,13.04,2025-06-11,Delivered,Huntstad,Michigan
6291,397,189,2,48.34,96.68,2025-05-12,Delivered,East Robertview,Virginia
6292,304,89,2,695.64,1391.28,2024-08-02,Delivered,Taraberg,Oregon
6293,549,105,1,136.66,136.66,2024-06-07,Delivered,Port Alexandratown,Wyoming
6294,443,172,5,84.77,0.0,2025-04-06,Cancelled,Hamiltonchester,Maryland
6295,899,112,1,53.86,53.86,2024-07-31,Processing,West Nicholasburgh,Michigan
6296,367,93,2,130.28,0.0,2025-08-10,Cancelled,Port Marieside,Virginia
6297,224,57,1,115.26,115.26,2024-04-23,Shipped,Larsonshire,Connecticut
6298,452,105,4,136.66,546.64,2024-10-29,Delivered,North Chadtown,Missouri
6299,590,72,4,9.09,36.36,2024-09-02,Processing,Port Jennifer,Connecticut
6300,135,73,2,456.73,913.46,2024-04-02,Delivered,Maddoxville,Hawaii
6301,133,12,1,899.79,899.79,2024-04-10,Delivered,Harrisonborough,Arizona
6302,682,152,2,105.39,210.78,2025-08-20,Delivered,Danielport,Oregon
6303,250,22,1,413.03,413.03,2025-09-02,Delivered,West Jesseview,Tennessee
6304,910,129,2,165.48,0.0,2025-05-03,Cancelled,Port Christopher,South Carolina
6305,442,200,2,41.6,83.2,2025-01-27,Processing,North Noah,Wyoming
6306,47,53,2,75.3,150.6,2024-01-11,Delivered,South Kristin,California
6307,249,66,2,235.08,470.16,2024-02-01,Delivered,Rosetown,Missouri
6308,824,8,5,80.04,400.2,2024-07-08,Shipped,Colemanside,Connecticut
6309,411,39,5,35.25,176.25,2025-07-17,Delivered,Vasquezfurt,Massachusetts
6310,595,84,4,148.96,595.84,2025-11-25,Processing,Port Robin,California
6311,267,3,4,34.78,139.12,2025-01-15,Shipped,Jenniferland,Idaho
6312,523,143,1,148.64,148.64,2025-06-04,Delivered,Harrisonchester,Vermont
6313,659,157,4,8.59,34.36,2024-06-04,Shipped,Rodriguezview,California
6314,9,149,3,274.44,823.32,2025-09-30,Delivered,North Karla,Mississippi
6315,31,178,2,11.5,23.0,2024-03-03,Delivered,Eugeneport,Nebraska
6316,125,89,2,695.64,1391.28,2025-06-14,Delivered,North Sarahmouth,Kansas
6317,974,86,2,1337.83,2675.66,2024-09-01,Delivered,Hughestown,Tennessee
6318,541,39,1,35.25,35.25,2025-04-29,Delivered,Lake Katrinaborough,North Dakota
6319,292,105,3,136.66,409.98,2024-11-28,Delivered,Lake Michaelmouth,Arkansas
6320,112,108,1,52.63,52.63,2025-06-26,Delivered,Roberttown,Texas
6321,171,130,3,87.12,261.36,2025-05-23,Delivered,Cassandrashire,New York
6322,547,140,2,1253.62,2507.24,2024-07-02,Returned,Annport,Florida
6323,100,97,3,43.15,129.45,2025-10-02,Delivered,New Mike,Wisconsin
6324,891,132,1,895.45,895.45,2024-02-11,Shipped,Fischerborough,Idaho
6325,818,161,1,33.62,33.62,2024-12-12,Delivered,South Monicamouth,Nebraska
6326,684,177,1,1488.3,1488.3,2024-10-15,Delivered,Torresville,Ohio
6327,262,92,2,11.68,23.36,2025-10-30,Delivered,Odomtown,Massachusetts
6328,775,31,1,50.16,50.16,2025-07-02,Delivered,Davidtown,Nebraska
6329,510,20,3,34.83,104.49,2024-09-02,Processing,Nolanberg,Illinois
6330,808,120,1,1304.73,1304.73,2024-09-19,Processing,Russellfort,Arkansas
6331,767,35,4,179.74,718.96,2024-05-30,Delivered,Port Matthew,Oklahoma
6332,212,46,1,35.34,35.34,2024-05-15,Processing,Port Jessicaside,Massachusetts
6333,998,56,1,208.97,208.97,2024-05-26,Delivered,Hansonmouth,Iowa
6334,878,40,1,414.22,414.22,2024-02-15,Delivered,Manningbury,West Virginia
6335,543,132,1,895.45,895.45,2024-03-02,Delivered,Jasminport,Maryland
6336,921,134,4,53.71,214.84,2025-11-16,Delivered,Marioside,Michigan
6337,782,19,3,342.31,1026.93,2024-07-03,Delivered,Darrenton,New York
6338,843,104,1,1515.73,1515.73,2025-01-26,Shipped,Port Megantown,Ohio
6339,388,30,1,17.83,17.83,2024-09-28,Delivered,Murphyhaven,Maryland
6340,959,180,2,5.05,10.1,2024-01-31,Delivered,North Ericmouth,Arizona
6341,9,103,10,42.88,428.8,2024-09-28,Shipped,North Karla,Mississippi
6342,429,55,3,29.42,88.26,2024-06-03,Delivered,Aaronborough,Maryland
6343,162,76,1,143.96,143.96,2025-05-05,Delivered,Calhounside,Indiana
6344,45,172,3,84.77,254.31,2025-11-15,Delivered,Melindaport,Pennsylvania
6345,471,160,9,37.99,341.91,2025-07-27,Delivered,Donaldbury,Arizona
6346,256,117,3,110.18,330.54,2025-12-18,Shipped,Lake Kevin,Wyoming
6347,676,108,2,52.63,105.26,2024-07-06,Shipped,Juanbury,Georgia
6348,104,94,1,41.9,41.9,2025-08-30,Delivered,Pamelaville,Louisiana
6349,755,12,1,899.79,899.79,2024-08-10,Returned,Jasonmouth,Vermont
6350,902,98,2,46.15,92.3,2024-03-24,Delivered,Matthewburgh,Hawaii
6351,259,105,2,136.66,273.32,2025-04-04,Delivered,South Jasmine,Montana
6352,710,164,6,46.38,278.28,2024-04-05,Delivered,Turnertown,Maine
6353,974,168,2,16.61,33.22,2025-01-19,Delivered,Hughestown,Tennessee
6354,893,76,1,143.96,143.96,2024-10-29,Delivered,Daniellefort,Oklahoma
6355,745,33,1,1077.68,1077.68,2025-04-09,Delivered,Steinport,Florida
6356,971,59,2,462.07,924.14,2025-04-13,Delivered,Lake Peterborough,Indiana
6357,810,186,1,304.0,304.0,2024-10-01,Processing,Andersonchester,Florida
6358,689,62,5,99.97,499.85,2024-07-07,Delivered,West Jillhaven,New York
6359,181,83,3,9.9,29.7,2025-12-08,Delivered,Lake Victor,Georgia
6360,908,100,2,48.33,0.0,2024-11-08,Cancelled,Port Walter,Iowa
6361,766,87,4,29.52,118.08,2024-10-17,Delivered,New Dianaberg,Alabama
6362,954,142,1,241.68,241.68,2025-01-29,Delivered,Natalieville,New Mexico
6363,254,168,5,16.61,83.05,2024-06-16,Processing,West Danielle,Nebraska
6364,665,16,1,53.79,53.79,2024-03-02,Delivered,Desireemouth,Maine
6365,158,197,4,42.46,169.84,2025-09-21,Delivered,New Patrick,Indiana
6366,76,171,1,142.38,142.38,2024-12-17,Delivered,East Maria,Nevada
6367,964,196,3,138.33,414.99,2025-05-17,Delivered,Meganbury,Connecticut
6368,124,135,2,144.51,289.02,2024-07-17,Shipped,Isaiahburgh,Maine
6369,942,121,5,6.52,32.6,2024-03-01,Delivered,Jesseside,Ohio
6370,49,167,1,243.83,243.83,2024-08-31,Delivered,South Joshualand,Vermont
6371,858,51,3,45.28,135.84,2025-08-30,Delivered,Matthewhaven,Idaho
6372,608,55,3,29.42,0.0,2024-08-10,Cancelled,Gregorychester,Georgia
6373,780,42,1,146.77,146.77,2025-08-19,Shipped,Barrettfort,Maryland
6374,858,135,2,144.51,289.02,2024-03-12,Delivered,Matthewhaven,Idaho
6375,767,182,2,675.46,1350.92,2025-06-22,Delivered,Port Matthew,Oklahoma
6376,333,174,3,194.56,583.68,2024-08-27,Delivered,Mooreview,West Virginia
6377,559,80,10,31.23,312.3,2025-11-10,Delivered,Theresaview,Georgia
6378,363,4,6,40.83,244.98,2025-07-31,Delivered,Mejiamouth,Massachusetts
6379,857,125,2,24.59,49.18,2025-10-13,Returned,Jonesborough,South Dakota
6380,766,20,4,34.83,139.32,2025-04-05,Delivered,New Dianaberg,Alabama
6381,464,107,1,56.54,56.54,2024-09-29,Delivered,Jamesport,Nebraska
6382,646,134,5,53.71,268.55,2025-01-11,Shipped,Lake Joel,Texas
6383,218,89,1,695.64,695.64,2025-09-29,Delivered,Shannonshire,Pennsylvania
6384,564,136,4,81.75,327.0,2025-09-14,Delivered,Pooletown,New Hampshire
6385,142,131,2,917.21,1834.42,2025-12-06,Delivered,Brittanytown,Nevada
6386,583,181,2,86.64,173.28,2025-03-31,Shipped,Port Alexandraland,Arkansas
6387,737,91,2,222.92,445.84,2025-01-25,Delivered,Hernandezside,Wyoming
6388,181,165,1,57.61,57.61,2025-05-12,Delivered,Lake Victor,Georgia
6389,504,97,2,43.15,0.0,2025-11-25,Cancelled,North Paul,Virginia
6390,429,30,2,17.83,35.66,2024-07-22,Delivered,Aaronborough,Maryland
6391,414,55,2,29.42,58.84,2025-11-08,Delivered,Williamton,Virginia
6392,827,6,1,1964.49,1964.49,2024-03-14,Delivered,North Stevenmouth,Virginia
6393,821,100,1,48.33,48.33,2024-04-25,Delivered,Floresmouth,Minnesota
6394,491,114,3,74.03,222.09,2024-06-12,Delivered,East Amanda,Idaho
6395,684,148,2,639.02,0.0,2025-03-07,Cancelled,Torresville,Ohio
6396,354,99,4,135.17,540.68,2024-07-22,Delivered,Bushton,South Dakota
6397,459,145,4,88.28,353.12,2025-06-07,Delivered,Rodriguezmouth,New York
6398,780,96,2,286.65,573.3,2025-01-23,Delivered,Barrettfort,Maryland
6399,531,84,2,148.96,297.92,2025-07-03,Delivered,North Todd,Maryland
6400,713,40,3,414.22,1242.66,2025-11-29,Delivered,South James,Ohio
6401,140,141,1,55.53,55.53,2024-12-31,Delivered,West Christopherchester,Virginia
6402,156,157,5,8.59,42.95,2025-04-06,Delivered,Pagemouth,Maine
6403,564,199,1,97.62,97.62,2024-07-05,Shipped,Pooletown,New Hampshire
6404,631,107,1,56.54,56.54,2024-04-21,Delivered,Amandamouth,Oregon
6405,801,111,3,93.95,281.85,2025-10-25,Returned,Suttonberg,Florida
6406,474,164,2,46.38,92.76,2025-04-19,Delivered,New Christopher,North Dakota
6407,312,118,3,103.99,311.97,2025-03-11,Returned,Davidfort,Connecticut
6408,197,155,2,97.2,194.4,2024-08-04,Delivered,Petersland,South Dakota
6409,358,155,5,97.2,486.0,2025-01-12,Processing,Lyonsmouth,Virginia
6410,940,131,2,917.21,1834.42,2025-04-12,Delivered,North David,Tennessee
6411,348,62,2,99.97,199.94,2024-01-03,Delivered,Scottberg,Kansas
6412,411,169,1,175.75,175.75,2025-05-19,Delivered,Vasquezfurt,Massachusetts
6413,887,115,2,98.26,196.52,2024-04-30,Shipped,New Anitafort,Minnesota
6414,257,74,2,301.83,603.66,2024-08-04,Delivered,Meyerston,Mississippi
6415,748,110,2,26.8,53.6,2025-07-24,Delivered,Kyleland,Oregon
6416,823,148,2,639.02,1278.04,2024-08-25,Delivered,New James,Virginia
6417,238,172,5,84.77,423.85,2025-08-14,Delivered,Novakland,Ohio
6418,499,186,2,304.0,608.0,2025-12-25,Processing,West Michael,Rhode Island
6419,594,143,4,148.64,594.56,2024-08-03,Shipped,Chenberg,Pennsylvania
6420,333,114,1,74.03,74.03,2025-03-21,Delivered,Mooreview,West Virginia
6421,256,85,3,490.6,1471.8,2024-09-23,Delivered,Lake Kevin,Wyoming
6422,862,123,2,271.01,542.02,2025-12-18,Shipped,Lake Anthony,Oklahoma
6423,454,4,5,40.83,0.0,2024-03-15,Cancelled,Biancamouth,West Virginia
6424,103,36,2,193.51,387.02,2025-08-03,Shipped,South Suzanneland,California
6425,361,49,1,98.4,98.4,2024-06-19,Delivered,Kellerside,Utah
6426,671,145,3,88.28,264.84,2025-02-20,Delivered,East Johnside,Oregon
6427,348,97,1,43.15,43.15,2025-04-25,Delivered,Scottberg,Kansas
6428,777,192,5,16.8,84.0,2025-06-17,Processing,Lake Victoria,Connecticut
6429,384,57,4,115.26,461.04,2025-06-22,Delivered,Potterborough,Nebraska
6430,321,194,3,39.19,117.57,2024-10-17,Shipped,Hopkinsport,Texas
6431,319,2,1,134.26,134.26,2024-12-01,Delivered,West Rachel,Delaware
6432,55,101,2,450.0,900.0,2025-10-27,Processing,Ashleyfort,Maryland
6433,6,154,5,42.12,210.6,2025-10-11,Delivered,Valerieville,Delaware
6434,526,153,4,98.25,393.0,2024-04-07,Delivered,Andrewtown,Alabama
6435,474,33,1,1077.68,1077.68,2025-11-07,Delivered,New Christopher,North Dakota
6436,233,131,1,917.21,917.21,2024-07-26,Delivered,Leland,New York
6437,652,81,4,51.28,205.12,2024-12-12,Delivered,Rachelfort,Missouri
6438,999,157,6,8.59,51.54,2025-07-20,Delivered,Matthewberg,Utah
6439,917,124,3,108.4,325.2,2024-03-06,Delivered,West Brian,Louisiana
6440,591,18,1,143.63,0.0,2025-09-25,Cancelled,Lopezhaven,Idaho
6441,584,72,7,9.09,0.0,2024-01-24,Cancelled,North Kayla,New Mexico
6442,110,195,4,32.25,129.0,2024-02-01,Delivered,Breannafurt,New Jersey
6443,672,191,5,126.39,631.95,2024-05-25,Delivered,Lake Jamesland,Wyoming
6444,604,62,2,99.97,199.94,2024-06-08,Delivered,Ericview,Maine
6445,434,60,2,493.39,986.78,2025-12-23,Delivered,North Stevenmouth,Nebraska
6446,982,196,2,138.33,276.66,2024-09-03,Delivered,West Kimberly,Massachusetts
6447,891,61,12,24.62,295.44,2025-01-06,Processing,Fischerborough,Idaho
6448,444,115,2,98.26,196.52,2024-08-27,Delivered,Davidfort,New Hampshire
6449,196,15,2,22.83,45.66,2024-06-16,Delivered,Port George,North Carolina
6450,146,152,5,105.39,526.95,2024-08-01,Processing,East Jasonmouth,South Dakota
6451,197,5,5,14.19,70.95,2024-04-15,Delivered,Petersland,South Dakota
6452,555,165,5,57.61,288.05,2024-10-05,Returned,Lake Marymouth,Illinois
6453,292,49,3,98.4,295.2,2025-06-13,Delivered,Lake Michaelmouth,Arkansas
6454,626,139,3,74.52,223.56,2024-07-21,Delivered,West Amymouth,New York
6455,66,110,2,26.8,53.6,2024-10-29,Shipped,Cervantesland,Ohio
6456,229,98,1,46.15,46.15,2024-01-21,Shipped,Nancytown,Oklahoma
6457,706,92,1,11.68,11.68,2025-06-14,Delivered,Gregoryville,New Mexico
6458,593,51,3,45.28,135.84,2024-12-07,Delivered,North Walterbury,Pennsylvania
6459,438,72,10,9.09,90.9,2025-08-27,Delivered,East John,Delaware
6460,131,116,2,154.63,309.26,2024-12-21,Delivered,East Jillstad,Pennsylvania
6461,447,199,1,97.62,97.62,2025-01-07,Delivered,North Toddburgh,Virginia
6462,953,23,4,16.35,65.4,2025-12-26,Delivered,Codychester,Rhode Island
6463,114,70,6,29.96,179.76,2025-06-21,Delivered,Dawsonhaven,Colorado
6464,823,9,2,160.49,320.98,2024-12-20,Processing,New James,Virginia
6465,136,160,5,37.99,189.95,2025-03-26,Returned,Teresaborough,Texas
6466,87,181,2,86.64,173.28,2024-02-29,Shipped,Monicaberg,Pennsylvania
6467,484,168,2,16.61,33.22,2025-08-01,Delivered,Port Brandi,Kansas
6468,44,182,1,675.46,675.46,2025-06-18,Delivered,Tinahaven,Minnesota
6469,346,117,3,110.18,330.54,2024-01-23,Delivered,Lonnieborough,Indiana
6470,607,193,1,69.03,69.03,2024-06-27,Processing,Walkertown,North Carolina
6471,66,136,3,81.75,245.25,2024-06-22,Delivered,Cervantesland,Ohio
6472,472,125,3,24.59,73.77,2024-10-11,Delivered,Lake Micheal,Minnesota
6473,838,19,2,342.31,684.62,2025-03-01,Delivered,Marshfort,Oklahoma
6474,298,31,1,50.16,50.16,2024-06-05,Shipped,Lake Codyside,Delaware
6475,925,154,5,42.12,210.6,2025-09-13,Delivered,East Gregoryport,Maine
6476,90,83,5,9.9,49.5,2025-06-15,Delivered,Rodriguezton,Oregon
6477,131,159,1,28.19,28.19,2025-11-26,Delivered,East Jillstad,Pennsylvania
6478,787,131,2,917.21,1834.42,2025-07-24,Delivered,East Davidberg,Vermont
6479,855,40,2,414.22,828.44,2025-12-22,Delivered,Michaelborough,Minnesota
6480,266,95,6,2.3,13.8,2024-12-02,Delivered,Jocelynbury,Vermont
6481,467,195,2,32.25,64.5,2025-01-15,Delivered,New Phillip,Nevada
6482,114,103,11,42.88,471.68,2024-02-07,Delivered,Dawsonhaven,Colorado
6483,727,141,2,55.53,111.06,2025-10-17,Shipped,Alexhaven,Kansas
6484,227,67,3,22.32,66.96,2024-10-17,Delivered,Jeffberg,Pennsylvania
6485,786,29,1,264.9,264.9,2024-06-16,Delivered,Port Donald,Iowa
6486,938,144,4,37.02,148.08,2025-04-19,Processing,Mortonville,Alaska
6487,562,164,1,46.38,46.38,2024-07-13,Shipped,Nixonland,Delaware
6488,631,17,1,625.15,625.15,2025-03-22,Shipped,Amandamouth,Oregon
6489,884,65,2,337.28,674.56,2025-08-07,Delivered,East Jamesmouth,Kansas
6490,799,68,3,113.46,0.0,2025-05-02,Cancelled,Barkershire,Michigan
6491,126,3,3,34.78,104.34,2025-10-09,Delivered,Ritashire,New Jersey
6492,932,193,5,69.03,345.15,2024-01-21,Delivered,West Anita,Illinois
6493,517,73,1,456.73,456.73,2024-09-24,Processing,Sarachester,Ohio
6494,329,148,2,639.02,1278.04,2025-12-23,Delivered,Marcton,Missouri
6495,363,81,6,51.28,307.68,2025-03-27,Delivered,Mejiamouth,Massachusetts
6496,621,59,2,462.07,924.14,2025-05-13,Returned,Lake Amy,North Carolina
6497,799,11,1,50.75,50.75,2025-01-19,Shipped,Barkershire,Michigan
6498,273,134,5,53.71,268.55,2025-05-31,Delivered,Lake Lindaport,Virginia
6499,384,29,3,264.9,794.7,2024-04-04,Delivered,Potterborough,Nebraska
6500,67,132,1,895.45,895.45,2025-03-10,Returned,Barronshire,Oregon
6501,143,31,4,50.16,200.64,2025-01-02,Delivered,North Jake,Idaho
6502,367,161,5,33.62,168.1,2024-05-15,Shipped,Port Marieside,Virginia
6503,496,190,5,11.07,55.35,2024-09-26,Delivered,Jamesburgh,Florida
6504,577,194,1,39.19,39.19,2025-08-10,Delivered,Sarahmouth,Arizona
6505,31,51,5,45.28,226.4,2025-12-30,Delivered,Eugeneport,Nebraska
6506,1,95,11,2.3,25.3,2024-03-23,Delivered,Port Jennifer,Pennsylvania
6507,648,130,1,87.12,87.12,2025-10-22,Delivered,Acostabury,Pennsylvania
6508,905,69,4,12.9,51.6,2025-08-28,Shipped,Martinchester,Maryland
6509,684,28,1,84.71,84.71,2025-05-16,Shipped,Torresville,Ohio
6510,274,102,1,16.48,16.48,2025-08-25,Shipped,Mcdonaldtown,New Mexico
6511,230,13,6,56.57,339.42,2024-11-27,Delivered,South Andrewport,Iowa
6512,115,52,1,27.18,27.18,2025-07-03,Processing,Henryfort,New York
6513,913,73,1,456.73,456.73,2024-12-15,Delivered,Nicholasfort,Rhode Island
6514,867,198,3,473.82,1421.46,2024-06-17,Delivered,Allenfort,Illinois
6515,511,142,1,241.68,241.68,2024-01-04,Delivered,South Amanda,Alabama
6516,220,33,2,1077.68,2155.36,2025-01-15,Delivered,Cindyport,North Dakota
6517,572,12,2,899.79,1799.58,2025-01-19,Delivered,Johnsonstad,Arkansas
6518,89,97,4,43.15,172.6,2024-04-04,Delivered,Hobbsburgh,Idaho
6519,488,72,10,9.09,0.0,2024-06-25,Cancelled,Romeroland,West Virginia
6520,23,93,3,130.28,390.84,2025-06-26,Processing,Jeanetteview,Texas
6521,304,197,4,42.46,169.84,2025-09-08,Delivered,Taraberg,Oregon
6522,125,123,3,271.01,813.03,2025-05-11,Delivered,North Sarahmouth,Kansas
6523,169,155,2,97.2,194.4,2024-11-12,Delivered,Bartonland,Nevada
6524,107,107,3,56.54,169.62,2024-12-21,Delivered,Whiteburgh,New York
6525,126,46,4,35.34,141.36,2024-06-25,Delivered,Ritashire,New Jersey
6526,520,103,9,42.88,385.92,2025-02-13,Delivered,Wilsonside,Delaware
6527,863,41,2,238.94,477.88,2024-01-01,Returned,Lake Amandahaven,Rhode Island
6528,541,181,3,86.64,259.92,2025-01-27,Delivered,Lake Katrinaborough,North Dakota
6529,594,43,2,102.37,204.74,2025-09-29,Delivered,Chenberg,Pennsylvania
6530,921,60,1,493.39,493.39,2024-10-22,Delivered,Marioside,Michigan
6531,568,196,2,138.33,276.66,2025-03-28,Delivered,West Nicholasberg,Maine
6532,688,176,2,98.52,0.0,2024-07-13,Cancelled,Patrickfort,Wyoming
6533,737,49,2,98.4,196.8,2025-12-20,Shipped,Hernandezside,Wyoming
6534,886,84,2,148.96,297.92,2024-11-25,Shipped,Lake Travisview,Texas
6535,30,143,1,148.64,148.64,2024-07-22,Returned,Davidview,Iowa
6536,912,113,3,22.71,68.13,2024-06-18,Delivered,Avilaberg,South Carolina
6537,7,87,1,29.52,29.52,2025-02-04,Delivered,Kleinton,Tennessee
6538,160,151,3,192.55,577.65,2024-02-19,Shipped,Lake Marcus,Virginia
6539,397,110,1,26.8,26.8,2024-01-01,Delivered,East Robertview,Virginia
6540,3,69,2,12.9,25.8,2025-02-22,Shipped,Tapiaburgh,New Hampshire
6541,510,26,1,15.15,15.15,2025-10-27,Delivered,Nolanberg,Illinois
6542,972,5,11,14.19,156.09,2025-03-16,Processing,New Richard,New Mexico
6543,3,143,2,148.64,297.28,2024-06-19,Processing,Tapiaburgh,New Hampshire
6544,311,88,2,548.48,1096.96,2025-10-11,Delivered,South Philipland,Texas
6545,922,173,5,63.4,317.0,2025-07-14,Delivered,Ivanmouth,Kansas
6546,892,56,3,208.97,626.91,2024-06-05,Shipped,Lake Anthony,Nevada
6547,358,73,1,456.73,456.73,2025-09-16,Delivered,Lyonsmouth,Virginia
6548,892,54,10,7.54,75.4,2024-02-21,Delivered,Lake Anthony,Nevada
6549,416,47,2,188.28,376.56,2025-01-26,Delivered,Kellyshire,South Dakota
6550,213,145,2,88.28,176.56,2025-03-25,Shipped,Kingfort,New Hampshire
6551,888,175,2,58.63,117.26,2024-03-02,Delivered,Tracyfort,Oregon
6552,190,38,4,31.32,125.28,2025-12-11,Returned,South Taylorfurt,New Mexico
6553,984,121,12,6.52,78.24,2025-07-02,Delivered,Sandramouth,Oregon
6554,41,29,2,264.9,529.8,2024-04-19,Delivered,Jameschester,Pennsylvania
6555,851,74,2,301.83,603.66,2024-01-15,Shipped,South Laurastad,North Carolina
6556,997,6,2,1964.49,3928.98,2024-02-22,Returned,Latoyahaven,Alabama
6557,682,62,3,99.97,299.91,2025-12-12,Shipped,Danielport,Oregon
6558,990,130,3,87.12,261.36,2025-09-07,Delivered,Juarezfurt,Alaska
6559,447,40,2,414.22,828.44,2025-12-08,Delivered,North Toddburgh,Virginia
6560,855,10,2,107.87,215.74,2024-10-09,Delivered,Michaelborough,Minnesota
6561,200,143,1,148.64,148.64,2025-01-12,Delivered,Morganshire,Florida
6562,229,46,1,35.34,35.34,2025-03-23,Delivered,Nancytown,Oklahoma
6563,633,77,1,5.4,5.4,2025-02-22,Delivered,Allenburgh,Michigan
6564,724,14,1,28.78,28.78,2025-04-29,Shipped,Lake Stephen,Wisconsin
6565,700,181,2,86.64,0.0,2024-12-08,Cancelled,North Robert,Wyoming
6566,505,6,2,1964.49,3928.98,2025-12-31,Delivered,Mcintyrebury,Kentucky
6567,622,49,2,98.4,196.8,2025-10-28,Delivered,Dianachester,Georgia
6568,893,109,3,115.28,345.84,2025-07-05,Delivered,Daniellefort,Oklahoma
6569,412,173,3,63.4,190.2,2025-09-28,Returned,Lake Jay,North Dakota
6570,529,26,3,15.15,45.45,2024-01-03,Delivered,South Darrylberg,Colorado
6571,543,37,3,110.69,332.07,2024-05-31,Delivered,Jasminport,Maryland
6572,723,106,2,26.57,53.14,2025-06-25,Processing,North Judy,Florida
6573,234,84,2,148.96,297.92,2024-04-07,Processing,East Davidview,North Dakota
6574,534,127,3,150.5,451.5,2025-01-08,Delivered,Shieldsberg,New Hampshire
6575,998,135,1,144.51,144.51,2024-08-15,Delivered,Hansonmouth,Iowa
6576,332,26,4,15.15,60.6,2025-04-20,Delivered,East Timothy,Tennessee
6577,797,165,2,57.61,115.22,2025-01-09,Delivered,Lake Alexaside,Nevada
6578,990,83,10,9.9,99.0,2024-04-21,Shipped,Juarezfurt,Alaska
6579,455,61,3,24.62,73.86,2025-11-27,Delivered,Lake Cynthiaborough,Louisiana
6580,918,9,1,160.49,160.49,2024-03-24,Returned,Robertchester,Arkansas
6581,297,200,2,41.6,83.2,2024-01-01,Delivered,Lake Jonathan,Vermont
6582,860,40,2,414.22,828.44,2024-11-09,Shipped,Kaylatown,Rhode Island
6583,792,49,1,98.4,98.4,2025-10-14,Delivered,North John,North Carolina
6584,257,17,2,625.15,1250.3,2025-11-27,Delivered,Meyerston,Mississippi
6585,787,22,2,413.03,826.06,2025-08-06,Delivered,East Davidberg,Vermont
6586,163,169,1,175.75,175.75,2025-08-31,Delivered,Walterfort,Alaska
6587,993,13,3,56.57,169.71,2024-02-11,Delivered,North Josephmouth,Wyoming
6588,468,39,10,35.25,352.5,2024-07-12,Returned,Perkinsside,Texas
6589,538,149,1,274.44,274.44,2025-11-08,Delivered,Darrenmouth,West Virginia
6590,577,175,1,58.63,58.63,2025-07-04,Shipped,Sarahmouth,Arizona
6591,126,109,3,115.28,345.84,2025-07-28,Delivered,Ritashire,New Jersey
6592,434,14,5,28.78,143.9,2025-04-13,Delivered,North Stevenmouth,Nebraska
6593,213,41,3,238.94,716.82,2025-07-26,Delivered,Kingfort,New Hampshire
6594,273,181,3,86.64,259.92,2024-08-25,Delivered,Lake Lindaport,Virginia
6595,547,49,3,98.4,295.2,2025-06-03,Delivered,Annport,Florida
6596,947,188,3,102.39,307.17,2025-08-13,Delivered,Lopezberg,South Carolina
6597,470,49,2,98.4,196.8,2024-05-12,Returned,Watsonville,Montana
6598,820,8,5,80.04,400.2,2024-11-03,Processing,Wilsonchester,Maine
6599,671,109,1,115.28,115.28,2025-08-18,Delivered,East Johnside,Oregon
6600,190,200,1,41.6,41.6,2024-01-13,Delivered,South Taylorfurt,New Mexico
6601,12,129,3,165.48,496.44,2025-10-08,Delivered,Floresland,Virginia
6602,307,127,1,150.5,150.5,2024-05-04,Returned,Jacobton,Mississippi
6603,830,83,9,9.9,89.1,2024-04-23,Delivered,South Meganhaven,Wisconsin
6604,449,105,2,136.66,0.0,2024-10-17,Cancelled,Justinhaven,Iowa
6605,261,115,5,98.26,491.3,2025-07-18,Delivered,Larrybury,Minnesota
6606,505,82,6,29.07,174.42,2025-11-03,Delivered,Mcintyrebury,Kentucky
6607,925,80,7,31.23,218.61,2025-05-23,Delivered,East Gregoryport,Maine
6608,231,123,1,271.01,271.01,2024-08-16,Delivered,Taylorshire,Mississippi
6609,272,4,1,40.83,40.83,2024-06-05,Delivered,Munozmouth,Tennessee
6610,352,191,2,126.39,252.78,2024-01-03,Delivered,Shafferview,New Mexico
6611,365,116,1,154.63,154.63,2025-07-17,Delivered,Christopherborough,Kansas
6612,914,118,3,103.99,311.97,2025-03-02,Delivered,North Jill,New Mexico
6613,218,15,4,22.83,91.32,2025-01-13,Delivered,Shannonshire,Pennsylvania
6614,981,200,4,41.6,166.4,2025-11-28,Shipped,Danachester,North Dakota
6615,112,116,3,154.63,463.89,2024-10-11,Delivered,Roberttown,Texas
6616,272,197,5,42.46,212.3,2024-04-11,Delivered,Munozmouth,Tennessee
6617,121,188,2,102.39,204.78,2024-01-30,Delivered,Morrisonshire,Pennsylvania
6618,17,61,7,24.62,172.34,2024-04-11,Delivered,South Victorchester,Tennessee
6619,110,160,6,37.99,227.94,2025-09-23,Delivered,Breannafurt,New Jersey
6620,191,16,1,53.79,53.79,2025-06-01,Delivered,Benjaminville,Wyoming
6621,66,76,3,143.96,431.88,2025-01-26,Delivered,Cervantesland,Ohio
6622,230,181,3,86.64,259.92,2024-04-24,Shipped,South Andrewport,Iowa
6623,926,168,5,16.61,83.05,2025-05-16,Processing,Alexanderview,Hawaii
6624,220,10,3,107.87,323.61,2025-11-25,Shipped,Cindyport,North Dakota
6625,983,122,4,30.44,121.76,2025-07-12,Shipped,Seanborough,Nebraska
6626,826,188,1,102.39,102.39,2024-08-31,Delivered,West Mary,Wyoming
6627,818,57,2,115.26,230.52,2025-12-25,Processing,South Monicamouth,Nebraska
6628,606,20,2,34.83,69.66,2024-08-03,Delivered,Port Sarah,New Mexico
6629,60,132,2,895.45,1790.9,2025-06-22,Delivered,Austintown,North Dakota
6630,727,173,2,63.4,126.8,2025-12-20,Delivered,Alexhaven,Kansas
6631,657,143,2,148.64,297.28,2024-01-24,Delivered,North Richardview,Kansas
6632,177,173,5,63.4,317.0,2024-10-08,Returned,East Carolyn,Louisiana
6633,455,80,7,31.23,218.61,2024-01-14,Delivered,Lake Cynthiaborough,Louisiana
6634,866,96,1,286.65,286.65,2025-12-22,Delivered,East Saraport,Montana
6635,298,101,2,450.0,900.0,2024-10-23,Delivered,Lake Codyside,Delaware
6636,592,93,4,130.28,521.12,2025-04-04,Shipped,South Daniel,Louisiana
6637,182,27,12,27.66,331.92,2024-07-01,Delivered,Gregoryborough,North Dakota
6638,832,141,5,55.53,277.65,2024-05-14,Delivered,New Richard,North Carolina
6639,694,62,2,99.97,199.94,2024-11-07,Processing,Port Louis,New Hampshire
6640,666,97,2,43.15,86.3,2024-10-02,Delivered,North Codychester,Utah
6641,870,101,1,450.0,450.0,2025-01-20,Delivered,Stanleychester,Nevada
6642,499,176,2,98.52,197.04,2025-09-25,Delivered,West Michael,Rhode Island
6643,232,40,3,414.22,1242.66,2024-12-03,Delivered,Garyfort,Hawaii
6644,960,18,1,143.63,143.63,2024-01-21,Delivered,West Jeffrey,North Dakota
6645,679,40,3,414.22,1242.66,2024-08-24,Shipped,Sullivanbury,Nevada
6646,883,7,4,43.74,174.96,2025-03-20,Processing,East Michaelland,Pennsylvania
6647,879,144,11,37.02,407.22,2025-12-30,Delivered,Watsonport,Kentucky
6648,89,152,1,105.39,105.39,2025-01-20,Shipped,Hobbsburgh,Idaho
6649,605,82,10,29.07,290.7,2025-07-09,Delivered,Rodriguezland,New Mexico
6650,943,51,4,45.28,181.12,2025-12-08,Delivered,Paulville,Texas
6651,927,78,2,5.17,10.34,2024-06-02,Processing,Judithchester,South Carolina
6652,399,1,1,21.77,21.77,2025-10-16,Delivered,Riverafurt,Kentucky
6653,221,1,1,21.77,21.77,2025-05-13,Delivered,Craigport,Utah
6654,564,183,2,258.69,517.38,2025-06-27,Returned,Pooletown,New Hampshire
6655,75,116,1,154.63,154.63,2025-12-31,Shipped,Natalieside,New Jersey
6656,93,134,1,53.71,53.71,2025-08-06,Delivered,Lake Toddport,Wisconsin
6657,739,107,1,56.54,56.54,2024-02-16,Delivered,Lake Ronaldmouth,Virginia
6658,434,66,3,235.08,705.24,2025-02-09,Shipped,North Stevenmouth,Nebraska
6659,164,197,1,42.46,42.46,2025-09-15,Delivered,Port Stacystad,Vermont
6660,687,24,3,180.09,540.27,2025-01-31,Delivered,Robertsberg,California
6661,51,36,3,193.51,580.53,2024-11-07,Delivered,New Sandrastad,Idaho
6662,881,193,3,69.03,207.09,2025-06-15,Delivered,Susanside,Maine
6663,937,55,1,29.42,29.42,2025-06-23,Delivered,Howardland,Colorado
6664,847,83,5,9.9,49.5,2025-01-31,Processing,South Stevenmouth,Kansas
6665,691,41,2,238.94,477.88,2025-10-02,Delivered,Melissamouth,West Virginia
6666,676,75,3,51.24,153.72,2024-04-21,Delivered,Juanbury,Georgia
6667,515,39,12,35.25,423.0,2024-04-26,Delivered,Leslieshire,Nebraska
6668,163,9,3,160.49,481.47,2024-07-29,Delivered,Walterfort,Alaska
6669,93,62,1,99.97,99.97,2024-04-12,Shipped,Lake Toddport,Wisconsin
6670,630,101,1,450.0,450.0,2024-02-19,Delivered,Port Lisa,Virginia
6671,980,121,2,6.52,13.04,2024-03-31,Delivered,Shortberg,Georgia
6672,458,71,1,311.35,311.35,2024-07-07,Shipped,Oscarborough,Arkansas
6673,529,28,1,84.71,84.71,2025-06-03,Delivered,South Darrylberg,Colorado
6674,907,130,1,87.12,87.12,2025-10-17,Delivered,Lake James,Iowa
6675,479,50,5,23.62,118.1,2024-08-10,Delivered,Allenville,North Dakota
6676,959,41,1,238.94,238.94,2025-10-07,Delivered,North Ericmouth,Arizona
6677,596,107,2,56.54,113.08,2024-08-26,Processing,Lake Michael,Colorado
6678,574,200,2,41.6,83.2,2025-11-07,Delivered,South Cathyview,South Carolina
6679,577,83,3,9.9,29.7,2025-10-12,Shipped,Sarahmouth,Arizona
6680,384,187,2,85.38,170.76,2025-09-20,Delivered,Potterborough,Nebraska
6681,281,101,2,450.0,900.0,2024-07-07,Delivered,Joeton,New Hampshire
6682,41,36,3,193.51,580.53,2024-05-06,Delivered,Jameschester,Pennsylvania
6683,771,169,1,175.75,175.75,2024-02-03,Shipped,Adamsfurt,Alaska
6684,910,91,2,222.92,445.84,2024-11-10,Delivered,Port Christopher,South Carolina
6685,26,31,4,50.16,200.64,2025-12-09,Delivered,Gregorychester,Arizona
6686,709,103,10,42.88,428.8,2025-10-12,Delivered,South Patricia,New York
6687,301,21,5,65.8,329.0,2024-08-07,Processing,North Wayne,Utah
6688,696,124,2,108.4,0.0,2025-07-23,Cancelled,Nicolestad,Delaware
6689,263,59,2,462.07,924.14,2024-01-26,Processing,Rebeccastad,Utah
6690,894,52,4,27.18,108.72,2025-11-27,Shipped,New Christy,Idaho
6691,495,156,5,76.9,0.0,2025-12-06,Cancelled,Gillespiemouth,New York
6692,682,187,3,85.38,256.14,2024-06-06,Delivered,Danielport,Oregon
6693,208,7,4,43.74,174.96,2024-03-11,Delivered,Christystad,Illinois
6694,883,147,1,487.95,487.95,2025-06-11,Returned,East Michaelland,Pennsylvania
6695,8,116,2,154.63,0.0,2024-09-07,Cancelled,North Nathan,Nevada
6696,801,105,4,136.66,546.64,2024-10-25,Delivered,Suttonberg,Florida
6697,112,179,2,486.21,972.42,2025-04-02,Delivered,Roberttown,Texas
6698,165,67,2,22.32,44.64,2024-07-06,Delivered,Port Jennifermouth,Alabama
6699,68,149,3,274.44,823.32,2024-05-30,Shipped,Charlesfort,Alaska
6700,652,59,1,462.07,462.07,2024-07-02,Delivered,Rachelfort,Missouri
6701,712,118,2,103.99,207.98,2024-03-20,Delivered,Harrisborough,Tennessee
6702,213,98,5,46.15,230.75,2024-04-06,Shipped,Kingfort,New Hampshire
6703,756,68,1,113.46,113.46,2024-04-12,Delivered,Dianaville,Iowa
6704,214,121,4,6.52,26.08,2024-08-14,Delivered,Carolynborough,Kansas
6705,914,39,9,35.25,317.25,2025-08-26,Processing,North Jill,New Mexico
6706,856,133,3,46.43,139.29,2025-07-22,Delivered,East Brandonland,Delaware
6707,438,63,1,1487.23,1487.23,2025-09-30,Delivered,East John,Delaware
6708,646,15,3,22.83,68.49,2024-09-25,Delivered,Lake Joel,Texas
6709,721,42,3,146.77,440.31,2024-09-19,Returned,Lake Jessestad,Maine
6710,367,29,3,264.9,794.7,2025-08-03,Delivered,Port Marieside,Virginia
6711,843,190,5,11.07,55.35,2025-12-16,Delivered,Port Megantown,Ohio
6712,701,34,6,24.01,144.06,2024-04-30,Delivered,South Carlybury,Alabama
6713,376,179,3,486.21,1458.63,2025-07-17,Delivered,Terriland,Arkansas
6714,415,199,4,97.62,390.48,2025-12-15,Delivered,South Justin,Mississippi
6715,456,142,1,241.68,241.68,2025-05-20,Delivered,South Ashley,Massachusetts
6716,558,75,2,51.24,102.48,2025-12-14,Delivered,Danielleville,Utah
6717,231,54,9,7.54,67.86,2024-04-22,Delivered,Taylorshire,Mississippi
6718,375,69,1,12.9,12.9,2025-03-03,Delivered,Murrayborough,Tennessee
6719,642,102,2,16.48,32.96,2024-10-14,Delivered,Anneborough,New York
6720,741,59,2,462.07,924.14,2025-06-22,Delivered,Santosside,North Dakota
6721,42,62,1,99.97,99.97,2025-03-06,Processing,East Georgeport,Connecticut
6722,694,87,2,29.52,59.04,2025-02-13,Delivered,Port Louis,New Hampshire
6723,875,131,1,917.21,917.21,2025-06-30,Delivered,New Williamchester,Ohio
6724,605,143,2,148.64,297.28,2024-09-03,Processing,Rodriguezland,New Mexico
6725,832,67,5,22.32,111.6,2025-07-30,Delivered,New Richard,North Carolina
6726,402,144,6,37.02,222.12,2024-02-16,Delivered,Andreaville,Florida
6727,169,29,2,264.9,529.8,2025-07-01,Delivered,Bartonland,Nevada
6728,568,141,5,55.53,277.65,2025-07-14,Delivered,West Nicholasberg,Maine
6729,443,86,1,1337.83,1337.83,2025-11-03,Delivered,Hamiltonchester,Maryland
6730,489,38,9,31.32,281.88,2025-11-20,Delivered,South Jasonstad,Tennessee
6731,554,10,3,107.87,323.61,2024-08-12,Delivered,Zimmermanmouth,Vermont
6732,969,78,11,5.17,56.87,2024-03-10,Delivered,North Amyton,Ohio
6733,621,10,2,107.87,215.74,2024-12-13,Delivered,Lake Amy,North Carolina
6734,419,60,2,493.39,986.78,2024-08-02,Delivered,Deannaburgh,Missouri
6735,800,2,3,134.26,402.78,2025-10-22,Delivered,Williamhaven,Georgia
6736,426,181,1,86.64,86.64,2025-05-16,Delivered,North Todd,Arizona
6737,641,46,4,35.34,141.36,2024-11-13,Delivered,West Joshuafort,New York
6738,420,166,3,80.7,242.1,2024-03-16,Shipped,Thompsonhaven,Alaska
6739,278,138,3,160.33,480.99,2025-10-17,Shipped,Butlerton,California
6740,67,198,1,473.82,473.82,2025-01-13,Delivered,Barronshire,Oregon
6741,636,172,1,84.77,84.77,2025-01-26,Delivered,North Anna,Missouri
6742,216,101,1,450.0,0.0,2025-09-19,Cancelled,Robinsonton,Colorado
6743,472,194,4,39.19,156.76,2025-06-04,Shipped,Lake Micheal,Minnesota
6744,643,142,3,241.68,725.04,2025-11-17,Shipped,Vanessatown,Mississippi
6745,873,89,1,695.64,695.64,2025-11-22,Delivered,Mendezville,Hawaii
6746,327,82,1,29.07,29.07,2025-04-29,Delivered,Schwartzside,Maine
6747,193,25,1,212.04,212.04,2024-12-12,Shipped,Bellville,Michigan
6748,819,85,2,490.6,981.2,2025-12-28,Delivered,Clarkhaven,Texas
6749,26,179,1,486.21,486.21,2024-07-25,Delivered,Gregorychester,Arizona
6750,192,153,1,98.25,98.25,2025-09-02,Delivered,West Jenniferfort,Kentucky
6751,321,118,2,103.99,207.98,2024-10-10,Shipped,Hopkinsport,Texas
6752,469,88,1,548.48,548.48,2024-08-11,Shipped,Joneshaven,Minnesota
6753,810,11,2,50.75,101.5,2025-03-08,Delivered,Andersonchester,Florida
6754,685,183,3,258.69,776.07,2025-04-11,Delivered,East Amber,Iowa
6755,933,174,1,194.56,194.56,2025-03-13,Delivered,Longside,Michigan
6756,228,34,6,24.01,144.06,2024-11-13,Shipped,New Douglas,Nevada
6757,202,1,5,21.77,108.85,2025-11-12,Delivered,North Jerry,Kentucky
6758,110,24,2,180.09,0.0,2024-08-28,Cancelled,Breannafurt,New Jersey
6759,637,168,5,16.61,83.05,2025-01-21,Delivered,West Joseph,South Dakota
6760,127,171,4,142.38,569.52,2024-07-14,Delivered,New Kurt,North Carolina
6761,869,36,1,193.51,193.51,2025-04-27,Delivered,West Davidport,Arkansas
6762,776,191,5,126.39,631.95,2024-01-31,Delivered,Davidhaven,Louisiana
6763,417,126,9,14.23,128.07,2025-12-26,Delivered,South Aaron,South Carolina
6764,900,90,1,170.31,170.31,2025-07-09,Delivered,New Marioburgh,California
6765,664,121,3,6.52,19.56,2025-08-14,Delivered,Mendozafurt,Connecticut
6766,317,28,1,84.71,84.71,2024-07-16,Delivered,New Tylerburgh,Wisconsin
6767,194,72,11,9.09,99.99,2024-08-12,Delivered,Donaldland,North Carolina
6768,585,172,5,84.77,423.85,2025-02-28,Delivered,East Victoria,Rhode Island
6769,411,43,2,102.37,204.74,2024-01-10,Processing,Vasquezfurt,Massachusetts
6770,374,156,3,76.9,230.7,2025-03-31,Delivered,Evelynport,Texas
6771,356,44,2,423.84,847.68,2025-08-23,Delivered,Mirandafurt,Idaho
6772,82,142,2,241.68,483.36,2025-02-05,Delivered,Michaelland,Massachusetts
6773,281,85,3,490.6,1471.8,2025-10-17,Delivered,Joeton,New Hampshire
6774,828,111,2,93.95,187.9,2024-11-09,Delivered,Rhondaville,Kentucky
6775,308,130,1,87.12,87.12,2024-06-03,Delivered,Klinebury,Wisconsin
6776,44,10,3,107.87,323.61,2025-10-14,Shipped,Tinahaven,Minnesota
6777,133,9,2,160.49,0.0,2025-10-22,Cancelled,Harrisonborough,Arizona
6778,224,181,3,86.64,0.0,2025-04-03,Cancelled,Larsonshire,Connecticut
6779,468,107,4,56.54,226.16,2025-02-06,Delivered,Perkinsside,Texas
6780,603,29,3,264.9,794.7,2024-11-22,Delivered,West Nathan,New Hampshire
6781,644,47,2,188.28,376.56,2024-07-01,Delivered,Kaylamouth,Ohio
6782,791,108,3,52.63,0.0,2024-06-22,Cancelled,Griffinton,North Dakota
6783,676,71,2,311.35,622.7,2025-06-12,Shipped,Juanbury,Georgia
6784,416,104,1,1515.73,1515.73,2025-06-07,Delivered,Kellyshire,South Dakota
6785,19,51,3,45.28,135.84,2025-11-15,Processing,North Davidshire,Vermont
6786,559,173,5,63.4,317.0,2025-11-15,Processing,Theresaview,Georgia
6787,110,184,2,107.03,214.06,2024-11-21,Delivered,Breannafurt,New Jersey
6788,326,194,6,39.19,235.14,2024-04-20,Delivered,Lisachester,New York
6789,190,117,3,110.18,330.54,2024-02-19,Delivered,South Taylorfurt,New Mexico
6790,999,119,6,27.5,165.0,2025-03-23,Delivered,Matthewberg,Utah
6791,211,180,4,5.05,0.0,2024-07-09,Cancelled,Kennethburgh,Nebraska
6792,595,163,4,113.36,453.44,2024-02-20,Delivered,Port Robin,California
6793,868,42,2,146.77,293.54,2024-01-24,Delivered,Johntown,Alaska
6794,807,151,2,192.55,385.1,2024-09-30,Delivered,Reynoldsshire,Virginia
6795,772,119,5,27.5,137.5,2024-12-11,Delivered,Longside,Idaho
6796,753,155,4,97.2,388.8,2025-06-28,Delivered,Monicafort,Hawaii
6797,347,195,1,32.25,32.25,2024-06-17,Processing,Donnaville,Colorado
6798,155,76,2,143.96,287.92,2024-08-08,Shipped,North Codybury,Pennsylvania
6799,34,104,1,1515.73,1515.73,2025-08-21,Delivered,Joseland,Alabama
6800,596,141,1,55.53,55.53,2025-03-28,Returned,Lake Michael,Colorado
6801,361,143,4,148.64,594.56,2025-08-27,Delivered,Kellerside,Utah
6802,45,34,5,24.01,120.05,2025-10-17,Processing,Melindaport,Pennsylvania
6803,54,91,3,222.92,668.76,2024-04-01,Shipped,Leeburgh,Maine
6804,865,77,3,5.4,16.2,2024-05-14,Delivered,New Michaelville,South Carolina
6805,587,155,3,97.2,291.6,2025-09-07,Returned,North Matthewland,Maine
6806,123,154,2,42.12,84.24,2025-02-07,Shipped,West Steven,North Carolina
6807,477,15,1,22.83,22.83,2024-02-16,Delivered,Nelsonborough,Minnesota
6808,693,44,2,423.84,847.68,2024-03-07,Delivered,Grossfort,Arkansas
6809,114,23,1,16.35,16.35,2025-09-24,Delivered,Dawsonhaven,Colorado
6810,863,99,1,135.17,135.17,2024-12-05,Delivered,Lake Amandahaven,Rhode Island
6811,997,190,5,11.07,55.35,2024-08-30,Delivered,Latoyahaven,Alabama
6812,266,60,3,493.39,1480.17,2025-10-01,Shipped,Jocelynbury,Vermont
6813,445,59,1,462.07,462.07,2024-07-19,Shipped,Longshire,New Jersey
6814,724,163,3,113.36,0.0,2024-03-30,Cancelled,Lake Stephen,Wisconsin
6815,198,181,1,86.64,86.64,2024-10-17,Delivered,Andrewmouth,Texas
6816,424,143,3,148.64,445.92,2025-10-03,Delivered,Port Christine,Wisconsin
6817,204,102,1,16.48,16.48,2024-10-01,Delivered,Lake Samanthaview,Alabama
6818,951,41,1,238.94,238.94,2024-11-25,Delivered,New Michaelside,Maryland
6819,854,161,7,33.62,235.34,2024-09-19,Delivered,South Joshuaburgh,New Mexico
6820,12,107,4,56.54,226.16,2025-11-28,Delivered,Floresland,Virginia
6821,505,80,9,31.23,281.07,2024-05-18,Delivered,Mcintyrebury,Kentucky
6822,889,180,11,5.05,55.55,2024-02-16,Delivered,Port Jacquelinemouth,Rhode Island
6823,627,166,3,80.7,242.1,2024-12-15,Delivered,Alexandraland,Alaska
6824,704,79,1,383.68,383.68,2024-12-02,Delivered,Carterview,Delaware
6825,53,134,6,53.71,322.26,2025-04-15,Delivered,Port Kylebury,Ohio
6826,583,138,1,160.33,160.33,2025-05-05,Delivered,Port Alexandraland,Arkansas
6827,242,200,4,41.6,166.4,2025-09-22,Delivered,Isaacburgh,Connecticut
6828,285,159,1,28.19,28.19,2024-03-13,Delivered,Tuckerview,Connecticut
6829,613,162,3,115.69,347.07,2024-08-01,Delivered,New Blake,Utah
6830,389,3,2,34.78,69.56,2025-08-17,Delivered,Dennisberg,North Dakota
6831,50,89,1,695.64,695.64,2024-09-16,Delivered,New Shannonhaven,Pennsylvania
6832,792,116,3,154.63,463.89,2024-09-01,Delivered,North John,North Carolina
6833,904,85,1,490.6,490.6,2024-01-06,Processing,Lake Johnathan,Michigan
6834,966,167,1,243.83,243.83,2024-06-19,Delivered,Port Dorisport,Connecticut
6835,480,126,12,14.23,170.76,2025-11-28,Delivered,South Tyler,Arkansas
6836,966,6,2,1964.49,3928.98,2025-08-17,Delivered,Port Dorisport,Connecticut
6837,771,152,1,105.39,105.39,2024-01-20,Delivered,Adamsfurt,Alaska
6838,295,93,5,130.28,651.4,2025-11-25,Delivered,South Angelica,Alaska
6839,570,153,5,98.25,491.25,2024-06-18,Delivered,New Ashley,North Dakota
6840,491,170,4,81.2,324.8,2025-04-06,Delivered,East Amanda,Idaho
6841,410,43,2,102.37,204.74,2025-02-23,Delivered,Davidbury,Arizona
6842,613,130,3,87.12,261.36,2025-08-28,Delivered,New Blake,Utah
6843,293,54,9,7.54,67.86,2025-05-12,Delivered,Hayesfort,Utah
6844,335,133,6,46.43,278.58,2024-12-20,Delivered,East Johnborough,Arizona
6845,218,159,4,28.19,112.76,2025-05-07,Delivered,Shannonshire,Pennsylvania
6846,760,116,4,154.63,618.52,2024-07-03,Delivered,Perkinsside,South Dakota
6847,153,57,3,115.26,345.78,2024-01-06,Delivered,Westside,New Hampshire
6848,591,102,4,16.48,65.92,2025-09-03,Delivered,Lopezhaven,Idaho
6849,194,86,1,1337.83,1337.83,2024-11-23,Delivered,Donaldland,North Carolina
6850,898,1,2,21.77,43.54,2024-04-11,Delivered,Lukeberg,Michigan
6851,247,115,1,98.26,98.26,2025-02-02,Shipped,Morrisonbury,Nebraska
6852,170,78,3,5.17,15.51,2025-01-16,Delivered,Tonyshire,Virginia
6853,424,186,3,304.0,912.0,2024-02-08,Delivered,Port Christine,Wisconsin
6854,336,200,2,41.6,83.2,2024-02-13,Delivered,West Tina,Pennsylvania
6855,533,83,8,9.9,79.2,2024-08-12,Delivered,Cynthiaberg,New Hampshire
6856,1000,127,3,150.5,451.5,2025-01-30,Delivered,Mendezport,Missouri
6857,20,10,2,107.87,215.74,2024-03-19,Processing,South Richard,Alabama
6858,980,67,7,22.32,156.24,2024-09-11,Returned,Shortberg,Georgia
6859,20,163,4,113.36,453.44,2024-06-05,Delivered,South Richard,Alabama
6860,303,166,1,80.7,80.7,2024-07-11,Delivered,Stevensfort,Iowa
6861,62,104,2,1515.73,3031.46,2025-06-07,Delivered,West Jenny,Kentucky
6862,244,128,5,15.74,78.7,2024-04-11,Delivered,Joannebury,New Jersey
6863,503,81,5,51.28,256.4,2024-01-08,Returned,New Lauraborough,Nevada
6864,364,21,3,65.8,197.4,2024-04-10,Delivered,Mooreshire,Nevada
6865,935,36,2,193.51,387.02,2025-03-28,Delivered,Moralesstad,Ohio
6866,187,110,2,26.8,53.6,2024-10-17,Shipped,Onealfurt,Florida
6867,844,39,2,35.25,70.5,2024-03-23,Shipped,Priscillafurt,Connecticut
6868,466,175,5,58.63,293.15,2025-03-02,Delivered,New Justin,Washington
6869,529,107,1,56.54,56.54,2024-06-30,Delivered,South Darrylberg,Colorado
6870,729,61,6,24.62,0.0,2025-08-02,Cancelled,Sarahbury,Rhode Island
6871,667,78,8,5.17,41.36,2025-09-03,Delivered,East Robin,New Mexico
6872,553,1,5,21.77,108.85,2024-08-06,Delivered,Port Shelly,Illinois
6873,426,15,2,22.83,45.66,2024-01-08,Delivered,North Todd,Arizona
6874,505,191,2,126.39,252.78,2025-04-25,Delivered,Mcintyrebury,Kentucky
6875,867,170,5,81.2,406.0,2025-12-26,Shipped,Allenfort,Illinois
6876,230,24,1,180.09,180.09,2024-11-16,Delivered,South Andrewport,Iowa
6877,671,8,5,80.04,400.2,2025-02-27,Processing,East Johnside,Oregon
6878,525,160,10,37.99,379.9,2024-09-20,Delivered,Michaelland,Virginia
6879,999,199,2,97.62,195.24,2025-04-18,Delivered,Matthewberg,Utah
6880,761,95,8,2.3,18.4,2025-09-15,Delivered,East Alexander,Oklahoma
6881,684,98,3,46.15,138.45,2025-05-20,Delivered,Torresville,Ohio
6882,629,59,1,462.07,0.0,2024-05-01,Cancelled,Jonesburgh,New Hampshire
6883,599,145,2,88.28,176.56,2025-12-23,Returned,East Andrea,Georgia
6884,656,181,1,86.64,86.64,2025-04-27,Delivered,Danielleland,South Dakota
6885,363,109,2,115.28,230.56,2025-04-14,Delivered,Mejiamouth,Massachusetts
6886,53,187,5,85.38,426.9,2025-09-14,Delivered,Port Kylebury,Ohio
6887,259,151,1,192.55,192.55,2024-09-15,Delivered,South Jasmine,Montana
6888,839,21,4,65.8,263.2,2024-03-26,Delivered,Kimberlyburgh,Illinois
6889,70,55,1,29.42,29.42,2024-09-01,Delivered,Evansmouth,Indiana
6890,289,155,3,97.2,291.6,2024-05-19,Delivered,Scottmouth,Texas
6891,53,123,3,271.01,813.03,2024-09-08,Processing,Port Kylebury,Ohio
6892,230,175,5,58.63,293.15,2024-09-10,Delivered,South Andrewport,Iowa
6893,801,51,5,45.28,226.4,2025-05-02,Delivered,Suttonberg,Florida
6894,570,163,4,113.36,453.44,2025-11-22,Shipped,New Ashley,North Dakota
6895,63,199,3,97.62,292.86,2025-10-25,Delivered,North Carmen,Iowa
6896,770,185,1,141.13,0.0,2025-01-14,Cancelled,Sandraside,Oklahoma
6897,651,167,2,243.83,487.66,2025-05-12,Delivered,South Jerrybury,South Dakota
6898,681,27,10,27.66,276.6,2025-06-05,Delivered,Christineburgh,Virginia
6899,89,71,2,311.35,622.7,2025-02-08,Delivered,Hobbsburgh,Idaho
6900,416,151,1,192.55,192.55,2025-04-17,Delivered,Kellyshire,South Dakota
6901,158,67,9,22.32,0.0,2025-02-14,Cancelled,New Patrick,Indiana
6902,632,178,1,11.5,11.5,2024-12-06,Processing,Lake Renee,Washington
6903,934,5,3,14.19,0.0,2025-07-29,Cancelled,Heatherside,Hawaii
6904,618,73,1,456.73,456.73,2025-12-12,Delivered,Jacksonview,Alaska
6905,97,175,5,58.63,293.15,2024-04-15,Delivered,Port Matthewberg,Washington
6906,857,13,2,56.57,113.14,2024-05-29,Delivered,Jonesborough,South Dakota
6907,640,34,6,24.01,144.06,2025-03-10,Delivered,Melanieland,Massachusetts
6908,961,172,1,84.77,84.77,2025-05-25,Returned,Raymondbury,Kentucky
6909,637,110,3,26.8,80.4,2025-02-26,Delivered,West Joseph,South Dakota
6910,356,62,3,99.97,299.91,2025-11-25,Delivered,Mirandafurt,Idaho
6911,929,5,3,14.19,42.57,2025-02-04,Delivered,West Erikaview,Michigan
6912,949,173,1,63.4,63.4,2024-07-20,Delivered,East Johnside,Illinois
6913,474,76,5,143.96,719.8,2024-10-09,Delivered,New Christopher,North Dakota
6914,7,110,3,26.8,80.4,2024-03-21,Delivered,Kleinton,Tennessee
6915,733,145,3,88.28,264.84,2025-09-05,Delivered,South Rebecca,Maine
6916,333,200,2,41.6,83.2,2024-06-26,Delivered,Mooreview,West Virginia
6917,917,77,1,5.4,5.4,2025-11-18,Delivered,West Brian,Louisiana
6918,427,57,1,115.26,115.26,2024-10-13,Shipped,South Michelleport,Wyoming
6919,998,180,9,5.05,45.45,2024-04-04,Delivered,Hansonmouth,Iowa
6920,827,35,3,179.74,539.22,2024-08-12,Delivered,North Stevenmouth,Virginia
6921,116,152,4,105.39,421.56,2024-03-22,Delivered,Patriciashire,Utah
6922,510,123,1,271.01,271.01,2024-03-21,Delivered,Nolanberg,Illinois
6923,913,113,3,22.71,68.13,2025-06-23,Delivered,Nicholasfort,Rhode Island
6924,335,160,12,37.99,455.88,2024-07-28,Delivered,East Johnborough,Arizona
6925,229,131,1,917.21,917.21,2024-02-04,Delivered,Nancytown,Oklahoma
6926,63,171,4,142.38,569.52,2024-02-11,Shipped,North Carmen,Iowa
6927,609,112,3,53.86,161.58,2025-11-12,Delivered,Traceyborough,Louisiana
6928,681,55,3,29.42,88.26,2024-05-14,Delivered,Christineburgh,Virginia
6929,157,187,4,85.38,341.52,2025-07-24,Delivered,Leechester,Wyoming
6930,746,67,3,22.32,66.96,2025-07-29,Delivered,Port Sarah,Kansas
6931,719,51,2,45.28,90.56,2024-08-28,Delivered,Shannonbury,Georgia
6932,812,132,1,895.45,895.45,2025-07-02,Delivered,Carlamouth,Vermont
6933,5,35,4,179.74,718.96,2024-10-22,Delivered,South Natalieshire,New Jersey
6934,870,59,1,462.07,462.07,2025-05-15,Delivered,Stanleychester,Nevada
6935,345,105,3,136.66,409.98,2024-10-07,Delivered,Huntstad,Michigan
6936,483,182,1,675.46,675.46,2025-07-02,Shipped,Williamport,Iowa
6937,507,132,1,895.45,895.45,2025-01-26,Delivered,Vincentborough,Utah
6938,624,108,1,52.63,52.63,2025-07-22,Delivered,New Katherine,North Dakota
6939,987,12,1,899.79,0.0,2024-03-06,Cancelled,South Jessehaven,New Jersey
6940,657,119,7,27.5,192.5,2024-06-19,Delivered,North Richardview,Kansas
6941,162,83,1,9.9,9.9,2024-11-03,Delivered,Calhounside,Indiana
6942,252,156,1,76.9,76.9,2025-11-16,Delivered,North Samanthaport,Missouri
6943,823,154,4,42.12,168.48,2024-07-29,Delivered,New James,Virginia
6944,390,110,2,26.8,0.0,2024-11-03,Cancelled,Nicoleshire,Louisiana
6945,374,65,2,337.28,674.56,2024-01-28,Delivered,Evelynport,Texas
6946,340,149,1,274.44,274.44,2025-05-07,Delivered,Scottmouth,Ohio
6947,433,179,1,486.21,486.21,2025-08-15,Delivered,Port Diana,Mississippi
6948,350,20,2,34.83,69.66,2025-05-06,Delivered,Wendyfurt,Washington
6949,767,5,1,14.19,14.19,2025-05-30,Delivered,Port Matthew,Oklahoma
6950,832,90,1,170.31,170.31,2024-07-07,Delivered,New Richard,North Carolina
6951,705,111,4,93.95,375.8,2025-04-27,Delivered,Port Coryport,Nevada
6952,565,17,2,625.15,1250.3,2025-11-02,Delivered,East Tara,Nebraska
6953,807,137,1,484.65,484.65,2024-02-18,Delivered,Reynoldsshire,Virginia
6954,779,171,4,142.38,569.52,2024-12-14,Delivered,Timothyside,California
6955,183,37,5,110.69,553.45,2024-04-28,Delivered,South Shane,Kansas
6956,629,81,4,51.28,205.12,2024-03-06,Shipped,Jonesburgh,New Hampshire
6957,740,35,2,179.74,359.48,2024-02-15,Delivered,Lake Marilyn,Wisconsin
6958,362,176,2,98.52,197.04,2024-06-01,Delivered,West Annashire,Nevada
6959,472,24,1,180.09,0.0,2025-05-18,Cancelled,Lake Micheal,Minnesota
6960,815,56,3,208.97,626.91,2025-03-09,Processing,Lake Heatherchester,Connecticut
6961,45,185,4,141.13,564.52,2025-08-16,Delivered,Melindaport,Pennsylvania
6962,33,20,3,34.83,104.49,2024-03-30,Delivered,Andrewston,Nevada
6963,491,115,2,98.26,196.52,2025-03-29,Delivered,East Amanda,Idaho
6964,595,175,2,58.63,117.26,2025-07-13,Delivered,Port Robin,California
6965,738,123,1,271.01,271.01,2024-02-08,Delivered,Chapmanville,Tennessee
6966,488,30,2,17.83,35.66,2024-06-29,Delivered,Romeroland,West Virginia
6967,723,155,4,97.2,388.8,2024-08-16,Delivered,North Judy,Florida
6968,801,188,1,102.39,102.39,2025-05-03,Shipped,Suttonberg,Florida
6969,699,13,5,56.57,282.85,2024-11-02,Delivered,Mckinneychester,Nebraska
6970,546,94,5,41.9,209.5,2024-03-09,Delivered,South Austin,Nebraska
6971,978,197,1,42.46,42.46,2025-02-24,Processing,Owensmouth,Pennsylvania
6972,183,191,5,126.39,631.95,2025-06-20,Delivered,South Shane,Kansas
6973,777,141,5,55.53,277.65,2025-02-20,Delivered,Lake Victoria,Connecticut
6974,718,172,4,84.77,339.08,2024-06-16,Delivered,West Kristinstad,New Hampshire
6975,412,34,4,24.01,96.04,2024-06-06,Delivered,Lake Jay,North Dakota
6976,84,179,3,486.21,1458.63,2024-11-26,Delivered,Christinaport,Idaho
6977,229,9,1,160.49,160.49,2025-12-31,Delivered,Nancytown,Oklahoma
6978,518,143,4,148.64,594.56,2025-11-21,Delivered,Hopkinstown,Florida
6979,806,174,2,194.56,389.12,2025-11-07,Delivered,Williamsville,Alabama
6980,901,3,2,34.78,69.56,2025-06-24,Shipped,Lake Dana,Tennessee
6981,596,17,1,625.15,625.15,2024-03-03,Delivered,Lake Michael,Colorado
6982,391,180,1,5.05,5.05,2025-06-17,Shipped,Lake Kristenbury,Texas
6983,515,27,6,27.66,165.96,2025-10-12,Delivered,Leslieshire,Nebraska
6984,322,94,1,41.9,41.9,2024-12-29,Delivered,Prattberg,Michigan
6985,797,4,4,40.83,163.32,2025-11-29,Shipped,Lake Alexaside,Nevada
6986,842,162,5,115.69,578.45,2024-02-16,Delivered,Williamhaven,Utah
6987,335,2,3,134.26,402.78,2025-06-30,Delivered,East Johnborough,Arizona
6988,100,168,5,16.61,83.05,2025-08-15,Delivered,New Mike,Wisconsin
6989,114,49,1,98.4,98.4,2025-08-29,Delivered,Dawsonhaven,Colorado
6990,742,68,1,113.46,113.46,2025-01-31,Delivered,Port Samanthaside,Mississippi
6991,747,10,2,107.87,215.74,2024-04-22,Delivered,Ericabury,South Dakota
6992,222,61,7,24.62,172.34,2025-03-14,Returned,Laurieburgh,Mississippi
6993,722,79,2,383.68,767.36,2024-03-10,Shipped,South Kennethland,Arkansas
6994,246,10,2,107.87,215.74,2024-04-21,Delivered,Emmabury,Connecticut
6995,84,144,2,37.02,0.0,2024-12-26,Cancelled,Christinaport,Idaho
6996,45,141,3,55.53,166.59,2025-12-29,Delivered,Melindaport,Pennsylvania
6997,582,187,4,85.38,341.52,2024-09-17,Delivered,Port Amy,Indiana
6998,934,20,1,34.83,34.83,2024-02-03,Delivered,Heatherside,Hawaii
6999,694,176,2,98.52,197.04,2025-03-14,Delivered,Port Louis,New Hampshire
7000,836,194,6,39.19,235.14,2024-05-19,Delivered,Port Jill,Connecticut
7001,186,53,2,75.3,150.6,2024-06-05,Processing,North Jacob,Rhode Island
7002,610,44,1,423.84,423.84,2025-03-11,Delivered,Andrewchester,West Virginia
7003,827,23,3,16.35,49.05,2025-10-28,Delivered,North Stevenmouth,Virginia
7004,127,63,2,1487.23,2974.46,2024-09-27,Delivered,New Kurt,North Carolina
7005,353,96,1,286.65,286.65,2024-01-12,Shipped,West Georgeton,Michigan
7006,976,186,1,304.0,304.0,2024-08-31,Delivered,Carneyburgh,Tennessee
7007,921,162,2,115.69,231.38,2025-01-04,Delivered,Marioside,Michigan
7008,308,186,1,304.0,304.0,2024-03-02,Delivered,Klinebury,Wisconsin
7009,615,130,3,87.12,261.36,2025-06-18,Shipped,Grossshire,Montana
7010,916,177,1,1488.3,1488.3,2024-05-11,Processing,Kristenton,Indiana
7011,138,33,2,1077.68,2155.36,2024-02-02,Delivered,West Kimberlyberg,Louisiana
7012,191,187,4,85.38,341.52,2025-02-22,Returned,Benjaminville,Wyoming
7013,120,113,4,22.71,90.84,2024-06-05,Returned,North Marie,Delaware
7014,210,178,2,11.5,23.0,2024-01-27,Delivered,Ryanmouth,Delaware
7015,877,164,4,46.38,185.52,2024-04-05,Delivered,Hunterburgh,Arkansas
7016,249,36,1,193.51,193.51,2024-06-10,Delivered,Rosetown,Missouri
7017,648,17,2,625.15,1250.3,2025-08-16,Processing,Acostabury,Pennsylvania
7018,582,44,2,423.84,847.68,2024-02-13,Shipped,Port Amy,Indiana
7019,542,21,5,65.8,329.0,2025-01-16,Shipped,Chavezburgh,Michigan
7020,836,88,2,548.48,1096.96,2025-07-04,Processing,Port Jill,Connecticut
7021,391,56,3,208.97,626.91,2024-05-02,Delivered,Lake Kristenbury,Texas
7022,311,121,9,6.52,58.68,2024-10-26,Delivered,South Philipland,Texas
7023,275,58,2,1142.69,2285.38,2024-10-29,Delivered,Markfort,Michigan
7024,101,162,4,115.69,462.76,2025-09-07,Shipped,Michellefort,Maine
7025,808,3,1,34.78,34.78,2024-08-25,Delivered,Russellfort,Arkansas
7026,888,194,2,39.19,0.0,2024-01-24,Cancelled,Tracyfort,Oregon
7027,638,168,2,16.61,33.22,2025-03-31,Delivered,North Gabrielberg,Arizona
7028,443,130,2,87.12,174.24,2025-03-24,Delivered,Hamiltonchester,Maryland
7029,970,66,2,235.08,470.16,2025-11-29,Delivered,Robertsborough,Utah
7030,367,2,5,134.26,0.0,2025-09-10,Cancelled,Port Marieside,Virginia
7031,12,178,3,11.5,34.5,2025-07-19,Delivered,Floresland,Virginia
7032,45,34,2,24.01,48.02,2024-08-15,Delivered,Melindaport,Pennsylvania
7033,470,106,4,26.57,106.28,2024-02-28,Processing,Watsonville,Montana
7034,372,160,7,37.99,265.93,2025-10-08,Processing,Smithberg,Connecticut
7035,706,164,3,46.38,139.14,2025-04-27,Delivered,Gregoryville,New Mexico
7036,169,159,2,28.19,56.38,2025-05-06,Delivered,Bartonland,Nevada
7037,892,61,9,24.62,221.58,2024-05-11,Delivered,Lake Anthony,Nevada
7038,936,91,1,222.92,222.92,2024-12-29,Shipped,Melissachester,Rhode Island
7039,182,186,3,304.0,912.0,2024-01-26,Shipped,Gregoryborough,North Dakota
7040,531,158,3,34.1,102.3,2024-02-02,Delivered,North Todd,Maryland
7041,677,89,2,695.64,1391.28,2025-02-27,Shipped,Port Susanchester,West Virginia
7042,151,147,1,487.95,487.95,2025-12-19,Returned,Port Joelfurt,North Dakota
7043,66,66,1,235.08,235.08,2025-05-10,Delivered,Cervantesland,Ohio
7044,324,74,2,301.83,603.66,2024-04-08,Delivered,Brownside,Nebraska
7045,543,63,2,1487.23,2974.46,2024-01-13,Delivered,Jasminport,Maryland
7046,546,116,3,154.63,463.89,2025-10-24,Delivered,South Austin,Nebraska
7047,865,117,2,110.18,220.36,2025-02-13,Processing,New Michaelville,South Carolina
7048,715,15,4,22.83,91.32,2025-04-27,Delivered,North Nathanshire,Georgia
7049,871,127,3,150.5,0.0,2024-05-30,Cancelled,South Sarah,Alabama
7050,147,177,2,1488.3,2976.6,2024-08-19,Shipped,Stephanieburgh,Alaska
7051,285,115,5,98.26,491.3,2025-03-26,Processing,Tuckerview,Connecticut
7052,664,141,3,55.53,166.59,2025-05-06,Delivered,Mendozafurt,Connecticut
7053,234,142,3,241.68,725.04,2024-03-21,Delivered,East Davidview,North Dakota
7054,932,2,4,134.26,537.04,2025-06-23,Delivered,West Anita,Illinois
7055,994,11,4,50.75,203.0,2025-11-05,Returned,New Jamesland,Tennessee
7056,277,89,2,695.64,1391.28,2024-03-28,Delivered,Rachelfort,New Jersey
7057,235,151,1,192.55,192.55,2025-11-13,Delivered,Billside,Idaho
7058,761,147,2,487.95,975.9,2025-08-06,Delivered,East Alexander,Oklahoma
7059,81,7,4,43.74,174.96,2025-11-06,Delivered,Lucasshire,Massachusetts
7060,599,30,2,17.83,0.0,2024-08-29,Cancelled,East Andrea,Georgia
7061,52,141,5,55.53,277.65,2025-08-13,Delivered,Lorifurt,Ohio
7062,664,60,3,493.39,1480.17,2024-02-13,Delivered,Mendozafurt,Connecticut
7063,82,89,1,695.64,0.0,2024-06-19,Cancelled,Michaelland,Massachusetts
7064,813,44,2,423.84,847.68,2025-10-26,Shipped,Mariaberg,Pennsylvania
7065,217,154,3,42.12,126.36,2025-01-29,Delivered,Aguilarchester,Nevada
7066,298,142,2,241.68,483.36,2024-04-23,Delivered,Lake Codyside,Delaware
7067,917,55,3,29.42,88.26,2025-12-04,Delivered,West Brian,Louisiana
7068,713,56,2,208.97,0.0,2024-07-20,Cancelled,South James,Ohio
7069,269,64,4,32.06,128.24,2025-03-11,Delivered,New Courtneyview,Tennessee
7070,229,49,4,98.4,393.6,2025-04-29,Delivered,Nancytown,Oklahoma
7071,2,192,11,16.8,184.8,2024-12-29,Delivered,Moralesburgh,North Dakota
7072,319,198,3,473.82,0.0,2024-08-30,Cancelled,West Rachel,Delaware
7073,579,134,4,53.71,214.84,2024-06-17,Returned,Angelachester,New Jersey
7074,628,197,2,42.46,84.92,2024-11-05,Delivered,New Sarahton,Idaho
7075,67,54,12,7.54,90.48,2025-11-29,Processing,Barronshire,Oregon
7076,530,73,2,456.73,913.46,2024-11-05,Delivered,Ashleyside,West Virginia
7077,437,104,2,1515.73,3031.46,2025-05-05,Delivered,New Amy,Georgia
7078,589,81,6,51.28,307.68,2024-01-09,Shipped,Samuelview,Florida
7079,63,135,3,144.51,433.53,2024-05-25,Delivered,North Carmen,Iowa
7080,82,149,3,274.44,823.32,2025-06-04,Delivered,Michaelland,Massachusetts
7081,131,139,1,74.52,74.52,2024-12-12,Shipped,East Jillstad,Pennsylvania
7082,434,79,1,383.68,383.68,2024-10-21,Delivered,North Stevenmouth,Nebraska
7083,437,29,3,264.9,794.7,2025-06-19,Shipped,New Amy,Georgia
7084,583,186,2,304.0,608.0,2025-10-23,Delivered,Port Alexandraland,Arkansas
7085,426,91,2,222.92,445.84,2024-11-04,Delivered,North Todd,Arizona
7086,788,113,3,22.71,68.13,2024-10-18,Delivered,Lake Angela,Oregon
7087,30,81,3,51.28,153.84,2024-10-25,Delivered,Davidview,Iowa
7088,712,4,6,40.83,244.98,2025-11-07,Shipped,Harrisborough,Tennessee
7089,371,47,3,188.28,564.84,2024-12-12,Delivered,West Nicole,Wyoming
7090,874,108,1,52.63,52.63,2025-04-07,Delivered,North Josephland,Massachusetts
7091,996,138,2,160.33,320.66,2025-09-23,Delivered,North Jessicachester,Louisiana
7092,766,59,2,462.07,924.14,2025-10-07,Delivered,New Dianaberg,Alabama
7093,567,101,2,450.0,900.0,2024-08-14,Delivered,Whiteheadmouth,Tennessee
7094,873,42,1,146.77,146.77,2025-04-28,Delivered,Mendezville,Hawaii
7095,726,199,2,97.62,195.24,2025-07-12,Delivered,Larsenshire,Pennsylvania
7096,78,92,1,11.68,11.68,2025-08-20,Delivered,Lake Jonathanton,Alabama
7097,854,48,12,46.46,557.52,2025-04-03,Delivered,South Joshuaburgh,New Mexico
7098,110,32,4,87.66,0.0,2024-03-14,Cancelled,Breannafurt,New Jersey
7099,851,198,3,473.82,1421.46,2025-01-21,Delivered,South Laurastad,North Carolina
7100,90,192,2,16.8,33.6,2025-04-03,Delivered,Rodriguezton,Oregon
7101,919,16,3,53.79,161.37,2025-12-15,Delivered,West Brandytown,South Carolina
7102,149,21,4,65.8,263.2,2025-12-28,Delivered,New Ann,Kentucky
7103,571,171,5,142.38,711.9,2024-01-03,Delivered,Wardbury,Michigan
7104,561,21,5,65.8,329.0,2025-01-24,Shipped,West Robinland,Pennsylvania
7105,346,8,1,80.04,80.04,2024-07-01,Delivered,Lonnieborough,Indiana
7106,781,199,3,97.62,292.86,2024-07-09,Shipped,South Brenda,Wisconsin
7107,406,110,6,26.8,160.8,2024-04-06,Delivered,Calvinview,Utah
7108,460,78,5,5.17,25.85,2024-07-01,Delivered,South Richard,New Mexico
7109,503,137,1,484.65,0.0,2024-03-05,Cancelled,New Lauraborough,Nevada
7110,492,74,1,301.83,301.83,2025-12-29,Delivered,East Nathanielchester,Ohio
7111,85,144,4,37.02,148.08,2025-06-18,Delivered,New Stephanie,South Dakota
7112,567,49,4,98.4,393.6,2025-04-30,Delivered,Whiteheadmouth,Tennessee
7113,72,137,1,484.65,484.65,2025-06-25,Delivered,Davisville,Mississippi
7114,156,144,4,37.02,148.08,2024-07-09,Delivered,Pagemouth,Maine
7115,395,17,2,625.15,1250.3,2025-04-18,Shipped,Deborahberg,Washington
7116,24,64,3,32.06,96.18,2025-08-11,Shipped,Claudiashire,Texas
7117,226,99,5,135.17,675.85,2025-09-03,Returned,Josephview,Florida
7118,37,114,1,74.03,74.03,2024-01-29,Delivered,Zacharychester,New York
7119,155,50,11,23.62,259.82,2025-01-02,Delivered,North Codybury,Pennsylvania
7120,390,45,4,57.4,229.6,2024-02-04,Delivered,Nicoleshire,Louisiana
7121,59,168,2,16.61,0.0,2024-05-05,Cancelled,South Paulmouth,Tennessee
7122,665,154,4,42.12,168.48,2025-12-03,Delivered,Desireemouth,Maine
7123,494,164,6,46.38,278.28,2024-02-06,Delivered,Bentleyfurt,Delaware
7124,94,113,1,22.71,22.71,2024-07-02,Delivered,North Marissa,Missouri
7125,410,128,1,15.74,15.74,2024-03-20,Delivered,Davidbury,Arizona
7126,593,21,3,65.8,197.4,2025-09-06,Delivered,North Walterbury,Pennsylvania
7127,868,193,4,69.03,276.12,2024-12-30,Delivered,Johntown,Alaska
7128,174,134,1,53.71,53.71,2025-12-01,Shipped,Simpsonchester,Virginia
7129,499,67,2,22.32,44.64,2024-03-09,Delivered,West Michael,Rhode Island
7130,375,98,5,46.15,230.75,2025-01-01,Delivered,Murrayborough,Tennessee
7131,280,63,2,1487.23,2974.46,2024-07-19,Delivered,Samanthaland,South Dakota
7132,244,4,3,40.83,122.49,2025-12-18,Delivered,Joannebury,New Jersey
7133,772,52,2,27.18,54.36,2024-06-23,Delivered,Longside,Idaho
7134,230,79,3,383.68,1151.04,2024-01-30,Returned,South Andrewport,Iowa
7135,150,91,2,222.92,445.84,2024-10-20,Delivered,Jordantown,Kentucky
7136,367,79,1,383.68,383.68,2024-06-03,Shipped,Port Marieside,Virginia
7137,394,131,1,917.21,917.21,2024-04-23,Processing,Johnsonville,Wyoming
7138,39,75,1,51.24,51.24,2024-10-11,Shipped,East Alexandra,South Carolina
7139,803,89,2,695.64,1391.28,2024-10-22,Delivered,West Jasmine,South Dakota
7140,130,181,2,86.64,173.28,2024-10-16,Shipped,South Derek,South Dakota
7141,481,58,1,1142.69,1142.69,2024-08-08,Shipped,Charlesland,Texas
7142,213,4,5,40.83,204.15,2025-05-30,Delivered,Kingfort,New Hampshire
7143,501,136,3,81.75,245.25,2024-02-25,Delivered,Chaneyhaven,Virginia
7144,147,95,10,2.3,23.0,2025-10-08,Returned,Stephanieburgh,Alaska
7145,664,174,1,194.56,194.56,2024-07-22,Delivered,Mendozafurt,Connecticut
7146,493,103,4,42.88,171.52,2025-03-27,Processing,Josephtown,South Dakota
7147,357,98,1,46.15,46.15,2025-12-24,Delivered,Lake Sheriside,Iowa
7148,975,122,5,30.44,152.2,2024-03-17,Delivered,North Peter,Michigan
7149,357,105,4,136.66,546.64,2025-06-18,Delivered,Lake Sheriside,Iowa
7150,62,183,2,258.69,517.38,2024-11-11,Delivered,West Jenny,Kentucky
7151,849,187,3,85.38,256.14,2025-06-18,Shipped,Lake Brent,West Virginia
7152,587,12,1,899.79,899.79,2025-10-20,Delivered,North Matthewland,Maine
7153,789,129,4,165.48,661.92,2025-12-06,Delivered,South Markside,New York
7154,229,127,2,150.5,301.0,2024-02-02,Delivered,Nancytown,Oklahoma
7155,267,85,3,490.6,1471.8,2025-05-03,Delivered,Jenniferland,Idaho
7156,550,195,3,32.25,96.75,2025-03-31,Delivered,South Jonathanville,New Mexico
7157,961,154,4,42.12,0.0,2024-04-06,Cancelled,Raymondbury,Kentucky
7158,192,177,1,1488.3,1488.3,2025-12-27,Delivered,West Jenniferfort,Kentucky
7159,780,148,1,639.02,639.02,2025-03-21,Delivered,Barrettfort,Maryland
7160,888,158,3,34.1,102.3,2025-02-01,Delivered,Tracyfort,Oregon
7161,694,29,1,264.9,264.9,2025-05-06,Delivered,Port Louis,New Hampshire
7162,945,9,3,160.49,481.47,2025-03-20,Delivered,East Nataliefurt,California
7163,789,11,5,50.75,253.75,2025-12-22,Delivered,South Markside,New York
7164,67,20,3,34.83,104.49,2025-09-21,Delivered,Barronshire,Oregon
7165,608,23,3,16.35,49.05,2024-05-03,Shipped,Gregorychester,Georgia
7166,489,138,4,160.33,641.32,2024-02-18,Delivered,South Jasonstad,Tennessee
7167,637,74,1,301.83,301.83,2025-01-30,Shipped,West Joseph,South Dakota
7168,137,36,3,193.51,580.53,2024-11-22,Delivered,Port Miguelfort,Iowa
7169,408,60,1,493.39,493.39,2025-06-25,Delivered,Patelville,Iowa
7170,139,9,3,160.49,481.47,2025-02-10,Shipped,South Christopher,Nebraska
7171,33,93,2,130.28,260.56,2024-09-03,Delivered,Andrewston,Nevada
7172,423,155,4,97.2,388.8,2024-12-25,Delivered,New Angelaburgh,Maine
7173,777,110,3,26.8,80.4,2025-01-20,Delivered,Lake Victoria,Connecticut
7174,593,156,1,76.9,76.9,2025-09-08,Delivered,North Walterbury,Pennsylvania
7175,382,89,1,695.64,695.64,2024-02-21,Delivered,Anthonyborough,Oklahoma
7176,148,49,2,98.4,196.8,2024-04-08,Returned,Emmaton,North Carolina
7177,631,111,3,93.95,281.85,2025-07-15,Delivered,Amandamouth,Oregon
7178,726,105,2,136.66,273.32,2024-09-23,Delivered,Larsenshire,Pennsylvania
7179,73,49,1,98.4,0.0,2025-08-06,Cancelled,Mccallside,Michigan
7180,507,118,3,103.99,311.97,2024-02-29,Delivered,Vincentborough,Utah
7181,422,108,2,52.63,105.26,2024-07-18,Delivered,Clarkmouth,Washington
7182,430,199,3,97.62,292.86,2025-10-07,Delivered,South Connor,Montana
7183,331,73,2,456.73,913.46,2024-08-04,Shipped,West Johnmouth,New Hampshire
7184,384,89,2,695.64,1391.28,2025-11-27,Delivered,Potterborough,Nebraska
7185,680,123,2,271.01,542.02,2024-01-15,Delivered,Perryside,Utah
7186,91,32,2,87.66,175.32,2025-07-20,Delivered,Jonesmouth,Montana
7187,929,43,2,102.37,204.74,2025-09-09,Delivered,West Erikaview,Michigan
7188,940,135,3,144.51,433.53,2024-08-13,Delivered,North David,Tennessee
7189,326,71,2,311.35,622.7,2024-06-11,Delivered,Lisachester,New York
7190,307,44,2,423.84,847.68,2024-08-14,Delivered,Jacobton,Mississippi
7191,425,119,10,27.5,275.0,2024-08-01,Delivered,Brettstad,New Hampshire
7192,240,41,2,238.94,477.88,2025-02-01,Returned,Schmidtchester,Michigan
7193,165,74,2,301.83,603.66,2024-01-08,Delivered,Port Jennifermouth,Alabama
7194,607,81,1,51.28,51.28,2025-07-17,Delivered,Walkertown,North Carolina
7195,276,79,1,383.68,383.68,2025-03-10,Delivered,Lake Katrinahaven,Pennsylvania
7196,581,92,2,11.68,23.36,2025-07-12,Delivered,North Paula,New Jersey
7197,354,139,3,74.52,223.56,2024-10-01,Delivered,Bushton,South Dakota
7198,857,76,3,143.96,0.0,2025-10-26,Cancelled,Jonesborough,South Dakota
7199,292,159,4,28.19,112.76,2025-08-10,Delivered,Lake Michaelmouth,Arkansas
7200,400,43,3,102.37,307.11,2025-05-24,Delivered,Andersonside,Wyoming
7201,4,10,4,107.87,431.48,2025-08-26,Delivered,East Johnathan,Maine
7202,643,138,4,160.33,0.0,2025-04-01,Cancelled,Vanessatown,Mississippi
7203,799,100,2,48.33,96.66,2024-02-19,Delivered,Barkershire,Michigan
7204,227,121,8,6.52,52.16,2025-03-14,Shipped,Jeffberg,Pennsylvania
7205,243,112,1,53.86,53.86,2024-07-04,Delivered,Port Danielland,Washington
7206,658,118,3,103.99,311.97,2025-07-16,Delivered,North Melissaborough,Connecticut
7207,522,128,4,15.74,62.96,2025-08-05,Delivered,Barkerfort,Wisconsin
7208,628,69,5,12.9,64.5,2025-06-16,Delivered,New Sarahton,Idaho
7209,180,95,7,2.3,16.1,2025-03-17,Processing,Butlermouth,Nebraska
7210,349,8,2,80.04,0.0,2024-04-27,Cancelled,East Susan,New Mexico
7211,196,197,4,42.46,169.84,2024-05-22,Delivered,Port George,North Carolina
7212,434,188,3,102.39,307.17,2024-05-01,Delivered,North Stevenmouth,Nebraska
7213,235,6,2,1964.49,3928.98,2025-05-06,Returned,Billside,Idaho
7214,460,154,3,42.12,126.36,2025-10-17,Processing,South Richard,New Mexico
7215,24,139,1,74.52,74.52,2025-07-04,Delivered,Claudiashire,Texas
7216,730,200,2,41.6,83.2,2025-12-13,Delivered,Richardside,South Dakota
7217,361,4,1,40.83,40.83,2024-03-23,Shipped,Kellerside,Utah
7218,990,191,1,126.39,126.39,2025-02-25,Delivered,Juarezfurt,Alaska
7219,648,44,2,423.84,847.68,2024-08-24,Shipped,Acostabury,Pennsylvania
7220,355,162,5,115.69,578.45,2025-08-09,Delivered,Cynthiafurt,Connecticut
7221,990,102,5,16.48,82.4,2025-06-30,Delivered,Juarezfurt,Alaska
7222,676,107,1,56.54,0.0,2025-09-23,Cancelled,Juanbury,Georgia
7223,726,116,1,154.63,154.63,2025-01-12,Delivered,Larsenshire,Pennsylvania
7224,673,149,3,274.44,823.32,2025-10-02,Delivered,Josefurt,Montana
7225,882,15,1,22.83,22.83,2025-04-19,Delivered,East Jenniferview,New York
7226,826,142,3,241.68,725.04,2025-12-14,Delivered,West Mary,Wyoming
7227,539,45,1,57.4,57.4,2025-06-09,Delivered,North Karen,Vermont
7228,924,15,2,22.83,45.66,2025-12-05,Delivered,Hillberg,Georgia
7229,28,158,4,34.1,136.4,2024-01-21,Shipped,Lake Amy,Oklahoma
7230,139,166,1,80.7,80.7,2024-11-04,Delivered,South Christopher,Nebraska
7231,486,144,10,37.02,370.2,2024-02-10,Delivered,Lake Dianeton,Illinois
7232,920,25,3,212.04,636.12,2024-02-06,Shipped,Lake Sandraland,Hawaii
7233,43,135,3,144.51,433.53,2025-01-14,Delivered,Johnfort,North Carolina
7234,8,58,1,1142.69,1142.69,2024-04-07,Delivered,North Nathan,Nevada
7235,647,152,4,105.39,421.56,2024-10-08,Returned,Patelbury,Missouri
7236,937,79,1,383.68,383.68,2025-11-12,Delivered,Howardland,Colorado
7237,927,106,3,26.57,79.71,2025-01-18,Delivered,Judithchester,South Carolina
7238,442,47,3,188.28,564.84,2024-08-04,Delivered,North Noah,Wyoming
7239,684,12,2,899.79,1799.58,2024-08-16,Delivered,Torresville,Ohio
7240,631,125,4,24.59,98.36,2024-12-29,Delivered,Amandamouth,Oregon
7241,883,87,3,29.52,88.56,2024-06-23,Delivered,East Michaelland,Pennsylvania
7242,712,184,1,107.03,107.03,2025-10-02,Shipped,Harrisborough,Tennessee
7243,671,33,2,1077.68,2155.36,2025-05-16,Delivered,East Johnside,Oregon
7244,814,177,2,1488.3,0.0,2024-03-11,Cancelled,Avilafort,Colorado
7245,150,199,4,97.62,390.48,2025-05-20,Delivered,Jordantown,Kentucky
7246,718,63,1,1487.23,1487.23,2024-10-16,Processing,West Kristinstad,New Hampshire
7247,510,131,1,917.21,917.21,2025-06-23,Delivered,Nolanberg,Illinois
7248,238,183,2,258.69,517.38,2025-05-29,Delivered,Novakland,Ohio
7249,966,83,6,9.9,59.4,2025-02-21,Returned,Port Dorisport,Connecticut
7250,617,19,3,342.31,1026.93,2024-06-05,Delivered,Lake Sonyaville,New York
7251,740,110,1,26.8,26.8,2025-08-04,Delivered,Lake Marilyn,Wisconsin
7252,687,77,3,5.4,0.0,2025-01-30,Cancelled,Robertsberg,California
7253,803,151,1,192.55,192.55,2025-06-11,Shipped,West Jasmine,South Dakota
7254,971,100,5,48.33,241.65,2025-11-20,Delivered,Lake Peterborough,Indiana
7255,751,86,1,1337.83,1337.83,2025-06-09,Delivered,Tracyview,Illinois
7256,281,55,1,29.42,29.42,2024-07-20,Delivered,Joeton,New Hampshire
7257,577,107,1,56.54,56.54,2024-07-01,Delivered,Sarahmouth,Arizona
7258,698,150,3,167.9,503.7,2024-01-04,Delivered,North Anthony,Massachusetts
7259,582,46,2,35.34,70.68,2025-11-13,Delivered,Port Amy,Indiana
7260,64,35,1,179.74,0.0,2025-07-15,Cancelled,Port James,California
7261,730,186,2,304.0,608.0,2025-10-15,Delivered,Richardside,South Dakota
7262,299,82,12,29.07,348.84,2024-11-10,Delivered,Lake Jennifer,Illinois
7263,122,129,2,165.48,330.96,2025-06-27,Delivered,Richardstad,Vermont
7264,307,181,2,86.64,173.28,2024-11-07,Processing,Jacobton,Mississippi
7265,958,31,4,50.16,200.64,2025-01-09,Delivered,Medinaton,Hawaii
7266,633,166,2,80.7,161.4,2024-09-09,Delivered,Allenburgh,Michigan
7267,246,62,5,99.97,499.85,2025-01-24,Delivered,Emmabury,Connecticut
7268,585,11,3,50.75,152.25,2025-12-02,Processing,East Victoria,Rhode Island
7269,552,131,2,917.21,1834.42,2024-04-13,Delivered,Port Anthonymouth,Kentucky
7270,209,30,3,17.83,0.0,2024-06-07,Cancelled,Vickiestad,Louisiana
7271,289,38,2,31.32,62.64,2024-04-06,Returned,Scottmouth,Texas
7272,927,178,3,11.5,34.5,2024-05-07,Delivered,Judithchester,South Carolina
7273,741,178,3,11.5,34.5,2024-07-24,Returned,Santosside,North Dakota
7274,330,8,5,80.04,400.2,2024-03-22,Delivered,Hamiltonmouth,Utah
7275,609,168,5,16.61,83.05,2025-07-03,Delivered,Traceyborough,Louisiana
7276,357,71,1,311.35,311.35,2025-06-18,Delivered,Lake Sheriside,Iowa
7277,647,1,3,21.77,65.31,2024-06-29,Returned,Patelbury,Missouri
7278,997,14,4,28.78,115.12,2024-04-11,Delivered,Latoyahaven,Alabama
7279,632,151,1,192.55,192.55,2025-06-24,Shipped,Lake Renee,Washington
7280,361,174,2,194.56,389.12,2024-07-22,Processing,Kellerside,Utah
7281,654,174,2,194.56,389.12,2024-01-31,Delivered,North Michaelbury,West Virginia
7282,669,191,4,126.39,505.56,2024-11-17,Delivered,East Dustinburgh,Maine
7283,256,49,4,98.4,0.0,2025-01-20,Cancelled,Lake Kevin,Wyoming
7284,896,166,3,80.7,242.1,2024-12-03,Delivered,Randyhaven,Georgia
7285,828,77,5,5.4,27.0,2024-04-24,Delivered,Rhondaville,Kentucky
7286,509,53,3,75.3,225.9,2024-08-16,Returned,North Katie,Virginia
7287,729,65,3,337.28,0.0,2025-10-31,Cancelled,Sarahbury,Rhode Island
7288,663,3,1,34.78,0.0,2025-06-16,Cancelled,West Matthewfurt,North Dakota
7289,738,197,3,42.46,127.38,2025-03-18,Delivered,Chapmanville,Tennessee
7290,334,20,1,34.83,34.83,2024-05-23,Delivered,South Bradleyside,Delaware
7291,290,5,7,14.19,99.33,2024-09-17,Delivered,North Joseph,Illinois
7292,639,172,3,84.77,254.31,2024-05-22,Delivered,East Jamesstad,Michigan
7293,212,31,4,50.16,200.64,2025-02-06,Delivered,Port Jessicaside,Massachusetts
7294,33,89,2,695.64,1391.28,2025-02-08,Delivered,Andrewston,Nevada
7295,657,99,5,135.17,675.85,2025-02-13,Delivered,North Richardview,Kansas
7296,814,51,5,45.28,226.4,2024-12-01,Delivered,Avilafort,Colorado
7297,212,146,3,157.34,472.02,2025-05-13,Delivered,Port Jessicaside,Massachusetts
7298,196,121,5,6.52,32.6,2024-08-29,Delivered,Port George,North Carolina
7299,82,143,3,148.64,445.92,2024-12-04,Delivered,Michaelland,Massachusetts
7300,739,44,2,423.84,847.68,2024-07-28,Delivered,Lake Ronaldmouth,Virginia
7301,639,173,5,63.4,317.0,2025-05-30,Delivered,East Jamesstad,Michigan
7302,305,82,9,29.07,261.63,2025-08-31,Delivered,Thomasville,Virginia
7303,978,129,2,165.48,330.96,2024-08-15,Shipped,Owensmouth,Pennsylvania
7304,125,70,5,29.96,149.8,2024-03-19,Delivered,North Sarahmouth,Kansas
7305,568,18,3,143.63,430.89,2025-01-12,Processing,West Nicholasberg,Maine
7306,774,163,4,113.36,453.44,2024-02-09,Returned,North Adamland,Rhode Island
7307,100,189,3,48.34,145.02,2025-10-26,Delivered,New Mike,Wisconsin
7308,769,173,2,63.4,126.8,2025-08-03,Processing,West Sara,Nebraska
7309,135,11,5,50.75,253.75,2025-11-11,Delivered,Maddoxville,Hawaii
7310,917,185,5,141.13,705.65,2025-01-09,Delivered,West Brian,Louisiana
7311,446,134,3,53.71,161.13,2025-09-08,Delivered,Lake Johnside,Delaware
7312,821,132,1,895.45,895.45,2024-04-29,Shipped,Floresmouth,Minnesota
7313,489,11,4,50.75,203.0,2024-02-03,Delivered,South Jasonstad,Tennessee
7314,310,199,1,97.62,97.62,2024-11-10,Delivered,Mitchellchester,Alaska
7315,886,167,1,243.83,243.83,2025-08-04,Delivered,Lake Travisview,Texas
7316,675,66,3,235.08,705.24,2025-05-15,Delivered,Butlerchester,Iowa
7317,384,162,5,115.69,578.45,2024-05-07,Delivered,Potterborough,Nebraska
7318,66,35,1,179.74,179.74,2024-08-12,Delivered,Cervantesland,Ohio
7319,74,186,1,304.0,304.0,2024-09-29,Shipped,Lake Charlesburgh,Minnesota
7320,971,157,6,8.59,51.54,2024-09-05,Delivered,Lake Peterborough,Indiana
7321,28,5,4,14.19,56.76,2025-03-20,Delivered,Lake Amy,Oklahoma
7322,100,21,3,65.8,197.4,2025-05-26,Processing,New Mike,Wisconsin
7323,106,105,3,136.66,409.98,2025-11-10,Delivered,South Justin,Georgia
7324,611,158,2,34.1,68.2,2024-10-17,Delivered,West Susanmouth,Florida
7325,598,39,7,35.25,0.0,2024-07-15,Cancelled,East Tannerview,Oklahoma
7326,82,177,1,1488.3,1488.3,2025-11-03,Delivered,Michaelland,Massachusetts
7327,302,68,1,113.46,113.46,2024-04-16,Delivered,Seanmouth,North Carolina
7328,297,131,2,917.21,1834.42,2025-05-10,Delivered,Lake Jonathan,Vermont
7329,797,23,6,16.35,98.1,2024-11-22,Delivered,Lake Alexaside,Nevada
7330,596,27,5,27.66,138.3,2024-08-31,Delivered,Lake Michael,Colorado
7331,529,103,8,42.88,343.04,2024-11-21,Shipped,South Darrylberg,Colorado
7332,898,97,3,43.15,129.45,2025-06-19,Processing,Lukeberg,Michigan
7333,347,26,5,15.15,75.75,2024-07-16,Delivered,Donnaville,Colorado
7334,657,19,2,342.31,0.0,2024-05-15,Cancelled,North Richardview,Kansas
7335,945,96,1,286.65,286.65,2024-08-30,Delivered,East Nataliefurt,California
7336,666,154,2,42.12,84.24,2025-04-21,Delivered,North Codychester,Utah
7337,728,136,5,81.75,408.75,2024-08-14,Shipped,North Adrienne,Texas
7338,326,108,2,52.63,105.26,2024-04-28,Shipped,Lisachester,New York
7339,37,62,4,99.97,399.88,2024-11-01,Delivered,Zacharychester,New York
7340,339,182,1,675.46,675.46,2024-08-25,Delivered,Cesartown,Ohio
7341,162,110,5,26.8,134.0,2025-09-20,Shipped,Calhounside,Indiana
7342,574,58,2,1142.69,0.0,2024-04-18,Cancelled,South Cathyview,South Carolina
7343,865,196,3,138.33,414.99,2025-05-13,Delivered,New Michaelville,South Carolina
7344,334,147,2,487.95,975.9,2025-07-25,Delivered,South Bradleyside,Delaware
7345,443,149,2,274.44,548.88,2024-03-10,Delivered,Hamiltonchester,Maryland
7346,480,59,3,462.07,1386.21,2024-08-07,Delivered,South Tyler,Arkansas
7347,709,3,4,34.78,139.12,2025-05-08,Delivered,South Patricia,New York
7348,434,69,4,12.9,51.6,2025-09-13,Shipped,North Stevenmouth,Nebraska
7349,945,70,5,29.96,149.8,2024-02-09,Delivered,East Nataliefurt,California
7350,415,68,3,113.46,340.38,2024-10-14,Processing,South Justin,Mississippi
7351,544,11,5,50.75,253.75,2025-02-08,Delivered,West Ryanton,Pennsylvania
7352,553,89,2,695.64,1391.28,2025-09-10,Delivered,Port Shelly,Illinois
7353,143,62,4,99.97,399.88,2024-03-27,Delivered,North Jake,Idaho
7354,432,98,2,46.15,92.3,2024-10-09,Delivered,Lake Rachelberg,Hawaii
7355,39,176,3,98.52,295.56,2025-06-20,Delivered,East Alexandra,South Carolina
7356,641,55,2,29.42,58.84,2024-02-05,Delivered,West Joshuafort,New York
7357,794,159,3,28.19,84.57,2025-06-13,Delivered,Shieldsmouth,Washington
7358,487,133,3,46.43,139.29,2025-03-18,Delivered,Sarahton,Nevada
7359,162,179,1,486.21,486.21,2024-11-27,Shipped,Calhounside,Indiana
7360,488,56,2,208.97,417.94,2024-03-25,Delivered,Romeroland,West Virginia
7361,121,47,3,188.28,564.84,2024-03-07,Returned,Morrisonshire,Pennsylvania
7362,476,59,1,462.07,462.07,2025-02-10,Delivered,West Gordonville,Maine
7363,557,4,4,40.83,163.32,2025-10-06,Delivered,Anthonyton,Colorado
7364,334,189,1,48.34,48.34,2025-06-30,Delivered,South Bradleyside,Delaware
7365,210,37,4,110.69,442.76,2024-08-19,Delivered,Ryanmouth,Delaware
7366,300,127,2,150.5,301.0,2024-08-02,Delivered,Zamoraville,South Carolina
7367,616,113,2,22.71,45.42,2025-01-26,Delivered,New Amanda,Nevada
7368,653,108,1,52.63,52.63,2025-03-21,Delivered,West Jeremyville,Oregon
7369,866,24,2,180.09,360.18,2024-12-14,Delivered,East Saraport,Montana
7370,425,85,1,490.6,490.6,2025-08-03,Returned,Brettstad,New Hampshire
7371,66,47,1,188.28,188.28,2024-04-15,Processing,Cervantesland,Ohio
7372,994,114,1,74.03,74.03,2024-08-18,Delivered,New Jamesland,Tennessee
7373,726,130,3,87.12,261.36,2024-08-28,Delivered,Larsenshire,Pennsylvania
7374,338,123,2,271.01,542.02,2024-04-20,Delivered,Dennisstad,Hawaii
7375,924,54,3,7.54,22.62,2024-10-20,Delivered,Hillberg,Georgia
7376,823,68,1,113.46,113.46,2024-10-20,Delivered,New James,Virginia
7377,547,78,2,5.17,10.34,2024-12-24,Delivered,Annport,Florida
7378,514,146,2,157.34,314.68,2025-11-22,Delivered,Leeport,North Dakota
7379,646,59,1,462.07,462.07,2024-02-26,Delivered,Lake Joel,Texas
7380,254,123,1,271.01,271.01,2024-09-26,Delivered,West Danielle,Nebraska
7381,200,2,3,134.26,402.78,2025-03-12,Delivered,Morganshire,Florida
7382,794,60,2,493.39,986.78,2025-07-31,Delivered,Shieldsmouth,Washington
7383,381,193,1,69.03,69.03,2024-01-07,Delivered,Dorothyville,Rhode Island
7384,15,144,8,37.02,296.16,2025-02-02,Delivered,Lawrencehaven,New Jersey
7385,103,196,2,138.33,276.66,2025-01-21,Delivered,South Suzanneland,California
7386,876,4,3,40.83,122.49,2025-07-31,Delivered,North Susanville,Massachusetts
7387,148,195,3,32.25,96.75,2024-02-13,Delivered,Emmaton,North Carolina
7388,31,140,1,1253.62,1253.62,2024-07-06,Returned,Eugeneport,Nebraska
7389,680,193,1,69.03,0.0,2024-10-24,Cancelled,Perryside,Utah
7390,718,174,1,194.56,194.56,2024-10-09,Delivered,West Kristinstad,New Hampshire
7391,48,156,4,76.9,307.6,2025-08-31,Delivered,Port Vanessa,Illinois
7392,31,79,3,383.68,1151.04,2024-04-15,Shipped,Eugeneport,Nebraska
7393,337,30,2,17.83,35.66,2024-05-11,Delivered,Lake Jonathonfurt,Florida
7394,920,108,3,52.63,0.0,2024-10-17,Cancelled,Lake Sandraland,Hawaii
7395,516,141,2,55.53,111.06,2025-08-05,Delivered,South Michelleside,Alabama
7396,852,46,3,35.34,106.02,2024-11-30,Shipped,Amyville,Alabama
7397,843,25,3,212.04,0.0,2024-05-23,Cancelled,Port Megantown,Ohio
7398,72,129,4,165.48,661.92,2024-09-28,Delivered,Davisville,Mississippi
7399,397,138,3,160.33,480.99,2024-04-06,Shipped,East Robertview,Virginia
7400,954,184,2,107.03,214.06,2024-04-03,Delivered,Natalieville,New Mexico
7401,698,76,3,143.96,431.88,2025-05-01,Processing,North Anthony,Massachusetts
7402,459,190,1,11.07,11.07,2024-01-15,Delivered,Rodriguezmouth,New York
7403,25,194,2,39.19,78.38,2025-02-20,Delivered,North Tonya,Arkansas
7404,531,21,3,65.8,197.4,2024-02-24,Delivered,North Todd,Maryland
7405,339,62,3,99.97,299.91,2024-02-19,Delivered,Cesartown,Ohio
7406,34,16,1,53.79,53.79,2025-08-10,Delivered,Joseland,Alabama
7407,169,180,5,5.05,25.25,2024-10-10,Delivered,Bartonland,Nevada
7408,660,199,3,97.62,292.86,2024-03-05,Returned,South Jessicachester,Alabama
7409,333,87,4,29.52,118.08,2024-01-11,Delivered,Mooreview,West Virginia
7410,953,105,2,136.66,273.32,2025-11-03,Processing,Codychester,Rhode Island
7411,935,181,1,86.64,86.64,2024-06-16,Delivered,Moralesstad,Ohio
7412,536,67,4,22.32,89.28,2024-12-31,Delivered,New Rogerton,Montana
7413,256,55,3,29.42,88.26,2025-01-07,Delivered,Lake Kevin,Wyoming
7414,532,194,1,39.19,39.19,2025-01-09,Delivered,Andersonborough,Wisconsin
7415,222,121,9,6.52,58.68,2025-01-28,Delivered,Laurieburgh,Mississippi
7416,483,93,5,130.28,651.4,2025-09-29,Delivered,Williamport,Iowa
7417,542,69,4,12.9,51.6,2025-12-02,Delivered,Chavezburgh,Michigan
7418,166,151,3,192.55,577.65,2025-04-30,Delivered,South Johnstad,New Jersey
7419,438,74,1,301.83,301.83,2024-11-15,Shipped,East John,Delaware
7420,217,86,1,1337.83,1337.83,2024-07-28,Shipped,Aguilarchester,Nevada
7421,65,57,1,115.26,115.26,2025-02-18,Delivered,North Daniel,Maine
7422,554,67,5,22.32,111.6,2025-10-23,Delivered,Zimmermanmouth,Vermont
7423,118,166,3,80.7,242.1,2024-12-29,Shipped,North Michelletown,Nebraska
7424,898,7,1,43.74,43.74,2025-02-18,Delivered,Lukeberg,Michigan
7425,293,129,4,165.48,661.92,2025-11-21,Delivered,Hayesfort,Utah
7426,594,32,3,87.66,262.98,2025-03-12,Delivered,Chenberg,Pennsylvania
7427,168,68,2,113.46,226.92,2024-01-13,Shipped,Port Kaylamouth,New Mexico
7428,738,88,1,548.48,548.48,2025-07-21,Delivered,Chapmanville,Tennessee
7429,490,69,2,12.9,25.8,2024-12-13,Delivered,Hillton,New Mexico
7430,285,125,1,24.59,24.59,2025-01-17,Processing,Tuckerview,Connecticut
7431,600,17,1,625.15,625.15,2024-08-21,Delivered,South Christopherfort,Massachusetts
7432,564,49,4,98.4,393.6,2025-02-28,Delivered,Pooletown,New Hampshire
7433,450,165,3,57.61,172.83,2024-01-13,Shipped,New Brandonville,Ohio
7434,388,57,3,115.26,345.78,2024-09-01,Shipped,Murphyhaven,Maryland
7435,38,122,5,30.44,152.2,2024-11-18,Delivered,West Nataliehaven,Arizona
7436,677,22,2,413.03,826.06,2024-01-25,Delivered,Port Susanchester,West Virginia
7437,623,173,5,63.4,317.0,2024-01-19,Shipped,South Antonio,Maine
7438,833,93,2,130.28,260.56,2025-05-07,Delivered,Jonesfurt,Missouri
7439,487,65,2,337.28,674.56,2025-08-05,Delivered,Sarahton,Nevada
7440,249,71,3,311.35,934.05,2024-08-05,Processing,Rosetown,Missouri
7441,646,30,1,17.83,17.83,2024-04-16,Delivered,Lake Joel,Texas
7442,988,143,4,148.64,594.56,2024-01-03,Delivered,Jonesfurt,Missouri
7443,635,60,2,493.39,986.78,2024-04-23,Returned,Port Timothy,South Carolina
7444,791,147,1,487.95,487.95,2025-12-18,Delivered,Griffinton,North Dakota
7445,980,75,3,51.24,153.72,2025-06-20,Shipped,Shortberg,Georgia
7446,994,96,2,286.65,573.3,2024-05-17,Delivered,New Jamesland,Tennessee
7447,662,89,1,695.64,695.64,2024-02-05,Delivered,Robbinsstad,South Carolina
7448,809,171,4,142.38,569.52,2025-09-08,Processing,Delgadomouth,New Mexico
7449,983,121,8,6.52,52.16,2025-08-16,Delivered,Seanborough,Nebraska
7450,188,82,10,29.07,290.7,2024-09-30,Returned,Jackside,Arizona
7451,641,166,1,80.7,80.7,2024-10-20,Delivered,West Joshuafort,New York
7452,763,38,9,31.32,0.0,2024-02-20,Cancelled,Franklinville,Washington
7453,531,145,5,88.28,441.4,2024-09-22,Delivered,North Todd,Maryland
7454,107,188,1,102.39,102.39,2025-02-28,Returned,Whiteburgh,New York
7455,583,147,2,487.95,975.9,2025-10-03,Delivered,Port Alexandraland,Arkansas
7456,916,163,1,113.36,113.36,2024-06-21,Delivered,Kristenton,Indiana
7457,442,87,1,29.52,29.52,2024-12-10,Delivered,North Noah,Wyoming
7458,390,129,4,165.48,661.92,2025-03-02,Shipped,Nicoleshire,Louisiana
7459,293,193,3,69.03,207.09,2025-06-17,Delivered,Hayesfort,Utah
7460,556,130,1,87.12,87.12,2024-01-28,Delivered,North Kimberly,Delaware
7461,442,187,5,85.38,426.9,2025-01-22,Processing,North Noah,Wyoming
7462,425,11,1,50.75,50.75,2024-09-11,Delivered,Brettstad,New Hampshire
7463,486,73,1,456.73,456.73,2025-12-27,Delivered,Lake Dianeton,Illinois
7464,735,72,10,9.09,90.9,2024-02-26,Delivered,West Tony,Oregon
7465,636,131,1,917.21,917.21,2025-06-05,Delivered,North Anna,Missouri
7466,211,130,2,87.12,174.24,2025-03-08,Delivered,Kennethburgh,Nebraska
7467,842,98,1,46.15,46.15,2025-08-10,Delivered,Williamhaven,Utah
7468,315,84,3,148.96,446.88,2024-06-10,Shipped,Matthewview,New Hampshire
7469,311,111,4,93.95,375.8,2025-04-27,Delivered,South Philipland,Texas
7470,8,2,2,134.26,268.52,2024-12-29,Delivered,North Nathan,Nevada
7471,871,29,1,264.9,264.9,2024-09-04,Delivered,South Sarah,Alabama
7472,997,83,8,9.9,0.0,2024-01-11,Cancelled,Latoyahaven,Alabama
7473,99,194,5,39.19,195.95,2024-07-07,Delivered,Carterton,North Dakota
7474,898,82,9,29.07,261.63,2025-01-07,Processing,Lukeberg,Michigan
7475,21,113,5,22.71,113.55,2024-05-24,Delivered,New Rebecca,Wyoming
7476,552,87,1,29.52,0.0,2025-03-16,Cancelled,Port Anthonymouth,Kentucky
7477,179,70,5,29.96,149.8,2024-07-13,Delivered,Crystalbury,Arizona
7478,446,133,6,46.43,278.58,2025-07-02,Processing,Lake Johnside,Delaware
7479,396,194,2,39.19,78.38,2025-04-30,Shipped,Davidhaven,North Carolina
7480,70,190,4,11.07,44.28,2024-08-03,Delivered,Evansmouth,Indiana
7481,146,78,11,5.17,56.87,2024-05-28,Processing,East Jasonmouth,South Dakota
7482,690,52,1,27.18,27.18,2024-12-06,Delivered,New Tiffany,Arizona
7483,48,75,1,51.24,51.24,2024-12-08,Delivered,Port Vanessa,Illinois
7484,568,185,2,141.13,282.26,2025-11-28,Delivered,West Nicholasberg,Maine
7485,698,140,2,1253.62,2507.24,2025-10-03,Delivered,North Anthony,Massachusetts
7486,506,158,3,34.1,102.3,2024-11-30,Returned,South Danielborough,Idaho
7487,626,116,4,154.63,618.52,2025-01-15,Delivered,West Amymouth,New York
7488,729,193,1,69.03,69.03,2024-04-24,Delivered,Sarahbury,Rhode Island
7489,229,86,2,1337.83,2675.66,2025-05-02,Processing,Nancytown,Oklahoma
7490,95,20,2,34.83,69.66,2025-04-20,Processing,Lake Kathleenland,Colorado
7491,35,190,4,11.07,44.28,2024-11-19,Delivered,Ronaldberg,Delaware
7492,294,19,2,342.31,684.62,2025-03-22,Delivered,Port Brandon,Washington
7493,721,56,3,208.97,626.91,2025-07-29,Delivered,Lake Jessestad,Maine
7494,361,155,1,97.2,97.2,2025-12-12,Delivered,Kellerside,Utah
7495,267,166,3,80.7,242.1,2025-11-25,Delivered,Jenniferland,Idaho
7496,13,85,1,490.6,490.6,2024-03-25,Delivered,West Nicole,Michigan
7497,638,27,5,27.66,138.3,2024-08-05,Delivered,North Gabrielberg,Arizona
7498,249,74,1,301.83,301.83,2024-01-27,Delivered,Rosetown,Missouri
7499,134,140,2,1253.62,2507.24,2025-08-26,Delivered,Kellyfurt,New Jersey
7500,367,114,2,74.03,148.06,2025-06-21,Delivered,Port Marieside,Virginia
7501,367,93,4,130.28,0.0,2024-05-02,Cancelled,Port Marieside,Virginia
7502,368,82,1,29.07,29.07,2025-12-10,Shipped,Port Davidside,Oregon
7503,793,154,1,42.12,42.12,2024-10-13,Delivered,Brownmouth,Colorado
7504,26,162,5,115.69,578.45,2025-04-18,Delivered,Gregorychester,Arizona
7505,684,114,3,74.03,222.09,2025-10-04,Delivered,Torresville,Ohio
7506,639,53,1,75.3,75.3,2025-08-07,Delivered,East Jamesstad,Michigan
7507,139,101,2,450.0,900.0,2025-02-21,Delivered,South Christopher,Nebraska
7508,5,144,9,37.02,333.18,2025-11-18,Delivered,South Natalieshire,New Jersey
7509,783,192,5,16.8,84.0,2024-12-02,Shipped,Thompsonmouth,Colorado
7510,307,57,5,115.26,576.3,2025-12-27,Delivered,Jacobton,Mississippi
7511,924,93,2,130.28,260.56,2025-07-17,Delivered,Hillberg,Georgia
7512,15,15,3,22.83,68.49,2025-02-21,Delivered,Lawrencehaven,New Jersey
7513,267,125,2,24.59,49.18,2025-12-12,Shipped,Jenniferland,Idaho
7514,556,84,2,148.96,297.92,2025-12-06,Delivered,North Kimberly,Delaware
7515,770,55,2,29.42,58.84,2025-07-30,Delivered,Sandraside,Oklahoma
7516,717,105,3,136.66,409.98,2025-02-13,Shipped,Hallfurt,Illinois
7517,257,162,5,115.69,578.45,2025-03-22,Returned,Meyerston,Mississippi
7518,88,190,2,11.07,22.14,2024-03-29,Delivered,Port Brendamouth,New Hampshire
7519,982,59,1,462.07,0.0,2024-01-05,Cancelled,West Kimberly,Massachusetts
7520,574,139,3,74.52,223.56,2025-01-09,Delivered,South Cathyview,South Carolina
7521,414,193,2,69.03,138.06,2025-12-04,Delivered,Williamton,Virginia
7522,434,135,3,144.51,433.53,2025-09-09,Processing,North Stevenmouth,Nebraska
7523,851,126,2,14.23,28.46,2025-06-02,Delivered,South Laurastad,North Carolina
7524,273,53,3,75.3,225.9,2025-09-28,Shipped,Lake Lindaport,Virginia
7525,104,86,1,1337.83,1337.83,2024-07-15,Delivered,Pamelaville,Louisiana
7526,978,16,4,53.79,215.16,2025-09-06,Delivered,Owensmouth,Pennsylvania
7527,954,121,11,6.52,71.72,2025-05-18,Processing,Natalieville,New Mexico
7528,466,108,2,52.63,105.26,2025-05-31,Delivered,New Justin,Washington
7529,599,119,11,27.5,302.5,2025-03-18,Shipped,East Andrea,Georgia
7530,289,111,4,93.95,375.8,2024-05-06,Delivered,Scottmouth,Texas
7531,199,54,10,7.54,75.4,2024-12-01,Delivered,South Nicoleton,Maine
7532,264,106,1,26.57,26.57,2024-09-30,Processing,Wadebury,Utah
7533,98,32,5,87.66,438.3,2024-10-03,Delivered,Christopherburgh,Texas
7534,512,195,5,32.25,161.25,2024-10-12,Delivered,Jasonchester,New Hampshire
7535,40,57,5,115.26,576.3,2024-11-05,Delivered,East Nicolas,Louisiana
7536,136,171,1,142.38,0.0,2025-02-08,Cancelled,Teresaborough,Texas
7537,875,44,1,423.84,423.84,2024-06-02,Delivered,New Williamchester,Ohio
7538,740,194,6,39.19,235.14,2024-11-01,Delivered,Lake Marilyn,Wisconsin
7539,431,190,4,11.07,44.28,2024-05-12,Delivered,Lorifort,Vermont
7540,360,118,3,103.99,311.97,2025-05-16,Delivered,North Georgeside,Louisiana
7541,373,9,2,160.49,320.98,2025-04-28,Delivered,New Linda,New York
7542,323,6,2,1964.49,3928.98,2024-09-29,Returned,Martinfurt,Montana
7543,605,95,10,2.3,23.0,2024-05-18,Delivered,Rodriguezland,New Mexico
7544,262,175,3,58.63,175.89,2024-02-07,Delivered,Odomtown,Massachusetts
7545,131,191,5,126.39,631.95,2025-03-22,Returned,East Jillstad,Pennsylvania
7546,634,37,1,110.69,110.69,2024-01-27,Shipped,South Ashleychester,Hawaii
7547,613,75,1,51.24,51.24,2024-04-24,Delivered,New Blake,Utah
7548,400,171,3,142.38,427.14,2025-08-19,Delivered,Andersonside,Wyoming
7549,122,66,3,235.08,0.0,2025-12-04,Cancelled,Richardstad,Vermont
7550,510,115,1,98.26,98.26,2024-02-24,Delivered,Nolanberg,Illinois
7551,293,197,3,42.46,127.38,2025-07-17,Delivered,Hayesfort,Utah
7552,269,117,3,110.18,330.54,2024-12-29,Processing,New Courtneyview,Tennessee
7553,156,101,1,450.0,450.0,2025-08-20,Delivered,Pagemouth,Maine
7554,410,115,4,98.26,393.04,2024-01-17,Delivered,Davidbury,Arizona
7555,913,118,2,103.99,207.98,2025-10-19,Delivered,Nicholasfort,Rhode Island
7556,123,170,5,81.2,406.0,2025-07-10,Delivered,West Steven,North Carolina
7557,248,53,3,75.3,225.9,2024-05-25,Shipped,West Kaylabury,Vermont
7558,599,43,3,102.37,307.11,2025-04-08,Processing,East Andrea,Georgia
7559,41,2,5,134.26,671.3,2024-04-01,Delivered,Jameschester,Pennsylvania
7560,769,58,2,1142.69,2285.38,2024-04-23,Delivered,West Sara,Nebraska
7561,1000,13,6,56.57,339.42,2025-03-17,Delivered,Mendezport,Missouri
7562,492,49,2,98.4,196.8,2025-03-12,Delivered,East Nathanielchester,Ohio
7563,185,150,2,167.9,335.8,2025-08-15,Delivered,Tylerchester,California
7564,409,95,9,2.3,20.7,2025-05-12,Delivered,East Morganton,Indiana
7565,139,162,4,115.69,462.76,2025-04-02,Delivered,South Christopher,Nebraska
7566,834,117,1,110.18,110.18,2025-06-25,Shipped,South Christie,South Carolina
7567,895,75,2,51.24,102.48,2025-12-07,Shipped,New Reneeburgh,Maryland
7568,937,125,3,24.59,73.77,2025-01-09,Delivered,Howardland,Colorado
7569,537,33,1,1077.68,1077.68,2024-11-29,Delivered,West Ryanton,West Virginia
7570,651,129,2,165.48,330.96,2024-06-19,Delivered,South Jerrybury,South Dakota
7571,687,116,3,154.63,463.89,2025-07-11,Processing,Robertsberg,California
7572,312,151,3,192.55,577.65,2024-01-01,Delivered,Davidfort,Connecticut
7573,894,11,6,50.75,304.5,2025-11-16,Delivered,New Christy,Idaho
7574,326,22,3,413.03,1239.09,2025-12-25,Delivered,Lisachester,New York
7575,178,198,2,473.82,947.64,2024-09-13,Delivered,Graybury,Arkansas
7576,834,105,4,136.66,546.64,2025-06-13,Delivered,South Christie,South Carolina
7577,856,31,2,50.16,100.32,2025-11-24,Delivered,East Brandonland,Delaware
7578,451,57,4,115.26,461.04,2024-10-18,Delivered,Port Lindsaymouth,New Hampshire
7579,679,61,2,24.62,49.24,2025-06-08,Shipped,Sullivanbury,Nevada
7580,941,155,3,97.2,291.6,2024-04-11,Delivered,Allenhaven,New Mexico
7581,394,113,6,22.71,136.26,2025-09-05,Delivered,Johnsonville,Wyoming
7582,587,106,3,26.57,79.71,2024-06-06,Delivered,North Matthewland,Maine
7583,691,111,2,93.95,0.0,2024-06-04,Cancelled,Melissamouth,West Virginia
7584,362,52,1,27.18,27.18,2024-06-19,Delivered,West Annashire,Nevada
7585,464,49,2,98.4,196.8,2024-09-17,Shipped,Jamesport,Nebraska
7586,721,191,4,126.39,505.56,2025-10-28,Delivered,Lake Jessestad,Maine
7587,687,95,3,2.3,6.9,2025-01-05,Delivered,Robertsberg,California
7588,331,183,1,258.69,0.0,2024-04-12,Cancelled,West Johnmouth,New Hampshire
7589,482,90,1,170.31,170.31,2025-04-05,Delivered,South Calebshire,Illinois
7590,573,135,3,144.51,0.0,2024-04-16,Cancelled,Richardside,Arkansas
7591,171,60,3,493.39,1480.17,2024-08-15,Delivered,Cassandrashire,New York
7592,868,49,4,98.4,393.6,2025-05-14,Delivered,Johntown,Alaska
7593,920,55,1,29.42,29.42,2025-11-19,Delivered,Lake Sandraland,Hawaii
7594,103,35,1,179.74,179.74,2024-08-16,Delivered,South Suzanneland,California
7595,599,105,3,136.66,409.98,2025-02-01,Delivered,East Andrea,Georgia
7596,261,196,1,138.33,138.33,2024-10-28,Shipped,Larrybury,Minnesota
7597,207,105,1,136.66,136.66,2025-04-05,Processing,Port Seth,Virginia
7598,483,144,8,37.02,296.16,2024-09-15,Delivered,Williamport,Iowa
7599,45,32,5,87.66,438.3,2024-05-17,Delivered,Melindaport,Pennsylvania
7600,576,130,1,87.12,87.12,2025-10-28,Delivered,Richardshire,Massachusetts
7601,162,142,1,241.68,241.68,2024-03-01,Delivered,Calhounside,Indiana
7602,618,146,3,157.34,472.02,2025-10-30,Delivered,Jacksonview,Alaska
7603,24,174,2,194.56,389.12,2024-04-14,Delivered,Claudiashire,Texas
7604,648,168,3,16.61,0.0,2024-12-27,Cancelled,Acostabury,Pennsylvania
7605,783,139,2,74.52,149.04,2024-12-11,Delivered,Thompsonmouth,Colorado
7606,931,59,2,462.07,924.14,2025-09-22,Delivered,New Johnshire,Massachusetts
7607,716,112,3,53.86,161.58,2025-06-11,Shipped,Smithborough,Michigan
7608,956,2,5,134.26,671.3,2024-05-20,Delivered,Wheelerchester,South Carolina
7609,184,200,4,41.6,166.4,2025-09-22,Delivered,Dennisbury,Connecticut
7610,233,15,3,22.83,68.49,2025-11-06,Delivered,Leland,New York
7611,331,11,6,50.75,304.5,2024-07-17,Delivered,West Johnmouth,New Hampshire
7612,828,114,2,74.03,148.06,2024-05-25,Returned,Rhondaville,Kentucky
7613,587,129,1,165.48,165.48,2025-11-21,Delivered,North Matthewland,Maine
7614,799,185,2,141.13,282.26,2025-08-02,Delivered,Barkershire,Michigan
7615,728,84,2,148.96,297.92,2024-07-30,Shipped,North Adrienne,Texas
7616,36,176,2,98.52,197.04,2024-09-29,Processing,Lake Christopherville,Indiana
7617,764,8,3,80.04,240.12,2025-07-20,Delivered,South Dawnburgh,Wisconsin
7618,905,79,1,383.68,383.68,2024-01-16,Delivered,Martinchester,Maryland
7619,673,192,5,16.8,84.0,2025-05-20,Returned,Josefurt,Montana
7620,632,86,2,1337.83,0.0,2025-04-16,Cancelled,Lake Renee,Washington
7621,706,94,3,41.9,125.7,2024-09-26,Delivered,Gregoryville,New Mexico
7622,473,174,3,194.56,583.68,2024-05-23,Delivered,Emilyburgh,Mississippi
7623,724,62,5,99.97,499.85,2025-07-06,Delivered,Lake Stephen,Wisconsin
7624,51,153,3,98.25,294.75,2024-11-05,Delivered,New Sandrastad,Idaho
7625,156,55,3,29.42,88.26,2024-10-06,Delivered,Pagemouth,Maine
7626,405,10,2,107.87,215.74,2024-01-09,Delivered,Spearsstad,Arizona
7627,722,171,1,142.38,142.38,2025-08-20,Delivered,South Kennethland,Arkansas
7628,106,83,9,9.9,89.1,2025-09-21,Delivered,South Justin,Georgia
7629,868,168,2,16.61,33.22,2024-12-10,Delivered,Johntown,Alaska
7630,154,24,1,180.09,180.09,2025-10-29,Delivered,Port Kaylabury,New Hampshire
7631,149,20,1,34.83,34.83,2024-08-21,Shipped,New Ann,Kentucky
7632,411,186,2,304.0,608.0,2024-10-27,Delivered,Vasquezfurt,Massachusetts
7633,833,172,1,84.77,84.77,2025-03-12,Delivered,Jonesfurt,Missouri
7634,199,185,3,141.13,423.39,2025-03-02,Delivered,South Nicoleton,Maine
7635,666,161,5,33.62,168.1,2024-03-31,Delivered,North Codychester,Utah
7636,44,65,3,337.28,1011.84,2025-04-06,Delivered,Tinahaven,Minnesota
7637,942,86,1,1337.83,1337.83,2024-11-25,Delivered,Jesseside,Ohio
7638,787,157,1,8.59,8.59,2025-11-04,Delivered,East Davidberg,Vermont
7639,139,87,4,29.52,118.08,2024-06-21,Delivered,South Christopher,Nebraska
7640,2,163,3,113.36,340.08,2024-08-09,Delivered,Moralesburgh,North Dakota
7641,438,185,1,141.13,141.13,2025-09-27,Delivered,East John,Delaware
7642,977,136,1,81.75,81.75,2024-02-12,Delivered,New Keith,Oregon
7643,635,149,1,274.44,274.44,2025-03-07,Delivered,Port Timothy,South Carolina
7644,986,141,1,55.53,55.53,2025-01-02,Shipped,South Michaelville,Louisiana
7645,897,85,1,490.6,490.6,2024-02-05,Delivered,Castrotown,Montana
7646,420,56,1,208.97,208.97,2024-05-01,Processing,Thompsonhaven,Alaska
7647,14,153,3,98.25,294.75,2025-05-19,Shipped,Lake Peterfort,Ohio
7648,156,101,2,450.0,900.0,2024-08-30,Shipped,Pagemouth,Maine
7649,285,132,2,895.45,1790.9,2025-06-22,Returned,Tuckerview,Connecticut
7650,226,137,2,484.65,969.3,2024-01-06,Delivered,Josephview,Florida
7651,777,33,2,1077.68,2155.36,2024-09-24,Delivered,Lake Victoria,Connecticut
7652,319,45,2,57.4,114.8,2024-10-18,Delivered,West Rachel,Delaware
7653,727,39,8,35.25,282.0,2025-02-28,Returned,Alexhaven,Kansas
7654,79,117,3,110.18,330.54,2024-05-01,Delivered,Alexandriamouth,Indiana
7655,471,157,3,8.59,25.77,2024-10-12,Delivered,Donaldbury,Arizona
7656,340,26,4,15.15,0.0,2025-09-24,Cancelled,Scottmouth,Ohio
7657,888,110,4,26.8,107.2,2025-12-01,Delivered,Tracyfort,Oregon
7658,504,28,3,84.71,254.13,2024-04-23,Shipped,North Paul,Virginia
7659,567,153,3,98.25,294.75,2024-10-02,Shipped,Whiteheadmouth,Tennessee
7660,130,142,3,241.68,725.04,2024-04-04,Shipped,South Derek,South Dakota
7661,773,190,1,11.07,11.07,2024-04-22,Delivered,East Anthonychester,Massachusetts
7662,233,19,3,342.31,1026.93,2024-01-08,Delivered,Leland,New York
7663,384,65,2,337.28,674.56,2024-06-23,Processing,Potterborough,Nebraska
7664,619,18,1,143.63,143.63,2024-11-22,Delivered,East Theresahaven,Colorado
7665,575,83,12,9.9,118.8,2025-12-14,Delivered,West Elizabethstad,Utah
7666,790,148,2,639.02,1278.04,2024-03-20,Delivered,Edwardsside,Texas
7667,746,131,1,917.21,917.21,2024-03-29,Returned,Port Sarah,Kansas
7668,746,181,3,86.64,259.92,2025-10-06,Processing,Port Sarah,Kansas
7669,525,199,4,97.62,390.48,2024-05-25,Delivered,Michaelland,Virginia
7670,144,199,2,97.62,195.24,2025-02-11,Delivered,West Mariahaven,Wisconsin
7671,529,34,4,24.01,96.04,2024-05-29,Delivered,South Darrylberg,Colorado
7672,265,193,1,69.03,69.03,2024-05-17,Delivered,New Michael,Wisconsin
7673,789,45,3,57.4,172.2,2024-04-12,Delivered,South Markside,New York
7674,813,174,3,194.56,583.68,2024-04-25,Delivered,Mariaberg,Pennsylvania
7675,330,18,5,143.63,718.15,2024-11-22,Processing,Hamiltonmouth,Utah
7676,772,62,1,99.97,99.97,2025-11-21,Delivered,Longside,Idaho
7677,560,135,3,144.51,433.53,2024-07-14,Delivered,Thomasview,West Virginia
7678,404,181,1,86.64,86.64,2024-04-24,Delivered,Laceyport,Washington
7679,926,114,1,74.03,74.03,2025-08-29,Delivered,Alexanderview,Hawaii
7680,688,163,1,113.36,0.0,2025-04-21,Cancelled,Patrickfort,Wyoming
7681,141,7,3,43.74,131.22,2024-10-03,Delivered,Port Jamesbury,Indiana
7682,746,174,3,194.56,583.68,2024-11-04,Delivered,Port Sarah,Kansas
7683,237,188,1,102.39,102.39,2024-06-16,Delivered,North Tyroneport,South Dakota
7684,899,166,1,80.7,80.7,2025-01-01,Returned,West Nicholasburgh,Michigan
7685,163,44,2,423.84,847.68,2025-11-28,Delivered,Walterfort,Alaska
7686,405,165,3,57.61,172.83,2025-03-31,Delivered,Spearsstad,Arizona
7687,364,50,10,23.62,236.2,2024-04-12,Delivered,Mooreshire,Nevada
7688,68,83,10,9.9,99.0,2025-11-03,Delivered,Charlesfort,Alaska
7689,915,32,5,87.66,438.3,2025-02-25,Delivered,Mccormickhaven,Ohio
7690,283,74,1,301.83,301.83,2024-01-21,Delivered,Karaside,Arkansas
7691,643,103,10,42.88,428.8,2025-01-17,Delivered,Vanessatown,Mississippi
7692,685,24,1,180.09,180.09,2024-08-04,Delivered,East Amber,Iowa
7693,982,63,1,1487.23,1487.23,2025-12-25,Delivered,West Kimberly,Massachusetts
7694,336,159,1,28.19,28.19,2025-04-19,Delivered,West Tina,Pennsylvania
7695,85,6,1,1964.49,1964.49,2025-05-11,Delivered,New Stephanie,South Dakota
7696,853,12,1,899.79,899.79,2024-02-05,Delivered,Jonathanborough,Vermont
7697,637,195,5,32.25,161.25,2024-06-07,Delivered,West Joseph,South Dakota
7698,866,91,1,222.92,0.0,2025-04-26,Cancelled,East Saraport,Montana
7699,913,185,2,141.13,282.26,2025-10-23,Shipped,Nicholasfort,Rhode Island
7700,691,198,3,473.82,1421.46,2024-05-14,Delivered,Melissamouth,West Virginia
7701,321,173,1,63.4,63.4,2024-10-25,Delivered,Hopkinsport,Texas
7702,732,155,5,97.2,486.0,2024-04-06,Delivered,Mcgrathville,South Carolina
7703,210,172,4,84.77,339.08,2024-10-23,Delivered,Ryanmouth,Delaware
7704,436,172,4,84.77,339.08,2024-03-30,Delivered,South Jefferyville,California
7705,797,8,2,80.04,160.08,2025-03-23,Shipped,Lake Alexaside,Nevada
7706,370,18,4,143.63,574.52,2025-05-09,Delivered,Port Lisaborough,Colorado
7707,488,16,5,53.79,268.95,2025-08-05,Delivered,Romeroland,West Virginia
7708,93,82,8,29.07,232.56,2024-01-12,Delivered,Lake Toddport,Wisconsin
7709,777,172,3,84.77,254.31,2025-03-29,Delivered,Lake Victoria,Connecticut
7710,330,98,3,46.15,138.45,2025-04-20,Delivered,Hamiltonmouth,Utah
7711,489,46,4,35.34,141.36,2024-01-03,Delivered,South Jasonstad,Tennessee
7712,35,89,2,695.64,1391.28,2024-01-23,Processing,Ronaldberg,Delaware
7713,637,48,4,46.46,185.84,2024-03-28,Delivered,West Joseph,South Dakota
7714,100,16,4,53.79,215.16,2024-03-28,Returned,New Mike,Wisconsin
7715,819,185,3,141.13,423.39,2024-11-05,Delivered,Clarkhaven,Texas
7716,134,167,2,243.83,487.66,2024-01-12,Returned,Kellyfurt,New Jersey
7717,876,24,1,180.09,180.09,2024-03-08,Delivered,North Susanville,Massachusetts
7718,870,124,2,108.4,0.0,2024-07-08,Cancelled,Stanleychester,Nevada
7719,247,189,3,48.34,145.02,2025-06-20,Delivered,Morrisonbury,Nebraska
7720,455,194,3,39.19,117.57,2024-09-05,Delivered,Lake Cynthiaborough,Louisiana
7721,170,134,5,53.71,268.55,2024-10-31,Delivered,Tonyshire,Virginia
7722,847,136,4,81.75,327.0,2025-07-05,Processing,South Stevenmouth,Kansas
7723,799,163,1,113.36,113.36,2024-07-26,Delivered,Barkershire,Michigan
7724,445,180,3,5.05,15.15,2025-09-24,Delivered,Longshire,New Jersey
7725,503,198,3,473.82,0.0,2025-12-04,Cancelled,New Lauraborough,Nevada
7726,222,160,5,37.99,189.95,2025-07-10,Delivered,Laurieburgh,Mississippi
7727,249,190,5,11.07,55.35,2024-12-03,Delivered,Rosetown,Missouri
7728,815,34,1,24.01,24.01,2024-04-14,Shipped,Lake Heatherchester,Connecticut
7729,136,84,2,148.96,297.92,2024-07-10,Delivered,Teresaborough,Texas
7730,214,58,2,1142.69,2285.38,2024-11-06,Shipped,Carolynborough,Kansas
7731,469,161,11,33.62,369.82,2024-02-21,Shipped,Joneshaven,Minnesota
7732,715,59,1,462.07,462.07,2024-03-09,Shipped,North Nathanshire,Georgia
7733,442,169,3,175.75,527.25,2025-10-16,Delivered,North Noah,Wyoming
7734,21,143,3,148.64,445.92,2024-07-05,Delivered,New Rebecca,Wyoming
7735,925,142,3,241.68,725.04,2024-04-21,Delivered,East Gregoryport,Maine
7736,894,14,1,28.78,28.78,2024-04-03,Delivered,New Christy,Idaho
7737,863,64,5,32.06,160.3,2024-07-09,Delivered,Lake Amandahaven,Rhode Island
7738,337,124,3,108.4,325.2,2024-06-18,Delivered,Lake Jonathonfurt,Florida
7739,240,160,2,37.99,75.98,2025-09-24,Delivered,Schmidtchester,Michigan
7740,535,96,3,286.65,859.95,2024-10-06,Delivered,Torresmouth,Washington
7741,370,196,1,138.33,138.33,2024-12-18,Delivered,Port Lisaborough,Colorado
7742,583,82,12,29.07,0.0,2025-04-05,Cancelled,Port Alexandraland,Arkansas
7743,314,74,1,301.83,301.83,2025-09-10,Delivered,Port Marc,Rhode Island
7744,468,4,5,40.83,204.15,2025-09-28,Delivered,Perkinsside,Texas
7745,705,188,3,102.39,307.17,2025-09-30,Processing,Port Coryport,Nevada
7746,498,17,1,625.15,625.15,2024-11-20,Shipped,North Cassandra,Illinois
7747,945,106,2,26.57,53.14,2024-06-09,Delivered,East Nataliefurt,California
7748,371,147,2,487.95,975.9,2025-04-09,Returned,West Nicole,Wyoming
7749,152,42,2,146.77,293.54,2025-04-29,Delivered,Port Christopherchester,South Carolina
7750,190,178,1,11.5,11.5,2025-03-19,Delivered,South Taylorfurt,New Mexico
7751,684,86,2,1337.83,2675.66,2025-05-05,Delivered,Torresville,Ohio
7752,490,85,1,490.6,490.6,2025-12-09,Delivered,Hillton,New Mexico
7753,385,92,4,11.68,46.72,2025-09-07,Delivered,Russellborough,Nebraska
7754,511,10,3,107.87,323.61,2024-08-07,Shipped,South Amanda,Alabama
7755,429,65,2,337.28,674.56,2025-11-24,Delivered,Aaronborough,Maryland
7756,717,123,2,271.01,542.02,2024-10-17,Delivered,Hallfurt,Illinois
7757,756,53,3,75.3,225.9,2025-07-22,Delivered,Dianaville,Iowa
7758,815,185,2,141.13,282.26,2025-06-18,Delivered,Lake Heatherchester,Connecticut
7759,843,52,1,27.18,27.18,2025-12-28,Delivered,Port Megantown,Ohio
7760,534,192,10,16.8,168.0,2025-02-13,Delivered,Shieldsberg,New Hampshire
7761,355,120,1,1304.73,1304.73,2024-01-15,Delivered,Cynthiafurt,Connecticut
7762,784,46,1,35.34,35.34,2024-09-17,Processing,Kimberlytown,Oklahoma
7763,367,86,1,1337.83,1337.83,2025-09-06,Delivered,Port Marieside,Virginia
7764,946,177,2,1488.3,2976.6,2024-04-29,Delivered,Port Anthony,Utah
7765,623,87,4,29.52,118.08,2024-04-09,Delivered,South Antonio,Maine
7766,919,52,1,27.18,27.18,2024-02-13,Shipped,West Brandytown,South Carolina
7767,899,164,6,46.38,278.28,2025-12-01,Delivered,West Nicholasburgh,Michigan
7768,321,27,5,27.66,138.3,2024-08-01,Shipped,Hopkinsport,Texas
7769,708,129,4,165.48,661.92,2024-06-07,Delivered,North Jessicamouth,New Jersey
7770,202,196,3,138.33,414.99,2024-12-18,Delivered,North Jerry,Kentucky
7771,156,164,4,46.38,185.52,2024-11-25,Delivered,Pagemouth,Maine
7772,50,20,2,34.83,69.66,2025-11-07,Delivered,New Shannonhaven,Pennsylvania
7773,406,69,1,12.9,12.9,2024-01-13,Shipped,Calvinview,Utah
7774,21,179,1,486.21,486.21,2024-09-03,Delivered,New Rebecca,Wyoming
7775,98,100,2,48.33,96.66,2024-09-27,Delivered,Christopherburgh,Texas
7776,122,66,3,235.08,705.24,2025-11-13,Returned,Richardstad,Vermont
7777,974,127,3,150.5,451.5,2025-06-23,Delivered,Hughestown,Tennessee
7778,191,107,4,56.54,226.16,2024-06-08,Delivered,Benjaminville,Wyoming
7779,368,123,1,271.01,271.01,2024-11-29,Delivered,Port Davidside,Oregon
7780,218,177,2,1488.3,2976.6,2025-05-18,Delivered,Shannonshire,Pennsylvania
7781,467,38,7,31.32,219.24,2025-04-18,Delivered,New Phillip,Nevada
7782,493,117,1,110.18,110.18,2025-03-29,Delivered,Josephtown,South Dakota
7783,585,32,2,87.66,175.32,2025-06-22,Delivered,East Victoria,Rhode Island
7784,710,93,1,130.28,130.28,2024-09-22,Delivered,Turnertown,Maine
7785,565,6,2,1964.49,3928.98,2024-03-04,Delivered,East Tara,Nebraska
7786,784,149,3,274.44,823.32,2024-04-15,Delivered,Kimberlytown,Oklahoma
7787,111,134,2,53.71,107.42,2025-06-22,Delivered,Santosview,Florida
7788,416,102,2,16.48,32.96,2024-01-18,Delivered,Kellyshire,South Dakota
7789,42,183,2,258.69,517.38,2025-11-09,Delivered,East Georgeport,Connecticut
7790,42,43,1,102.37,102.37,2025-04-18,Shipped,East Georgeport,Connecticut
7791,560,183,1,258.69,258.69,2024-12-17,Delivered,Thomasview,West Virginia
7792,593,184,1,107.03,107.03,2024-02-15,Shipped,North Walterbury,Pennsylvania
7793,120,152,1,105.39,105.39,2025-04-14,Delivered,North Marie,Delaware
7794,326,177,1,1488.3,1488.3,2025-05-24,Delivered,Lisachester,New York
7795,75,109,3,115.28,345.84,2024-05-03,Delivered,Natalieside,New Jersey
7796,352,32,5,87.66,438.3,2024-05-25,Delivered,Shafferview,New Mexico
7797,182,172,3,84.77,254.31,2025-03-02,Delivered,Gregoryborough,North Dakota
7798,196,44,2,423.84,847.68,2025-10-09,Delivered,Port George,North Carolina
7799,452,140,2,1253.62,2507.24,2025-09-29,Delivered,North Chadtown,Missouri
7800,829,189,3,48.34,145.02,2025-11-16,Delivered,Andersonfurt,Ohio
7801,261,42,3,146.77,0.0,2025-05-10,Cancelled,Larrybury,Minnesota
7802,415,135,3,144.51,433.53,2025-05-03,Processing,South Justin,Mississippi
7803,193,132,1,895.45,895.45,2024-08-01,Processing,Bellville,Michigan
7804,112,77,5,5.4,27.0,2025-11-20,Delivered,Roberttown,Texas
7805,909,86,2,1337.83,2675.66,2024-12-06,Delivered,South Kimberly,Wisconsin
7806,835,170,4,81.2,324.8,2024-07-14,Delivered,Stephenstown,Arkansas
7807,259,13,4,56.57,226.28,2025-10-19,Delivered,South Jasmine,Montana
7808,232,86,2,1337.83,2675.66,2024-10-23,Processing,Garyfort,Hawaii
7809,917,129,4,165.48,661.92,2024-01-16,Delivered,West Brian,Louisiana
7810,141,140,2,1253.62,2507.24,2025-02-19,Shipped,Port Jamesbury,Indiana
7811,284,1,2,21.77,43.54,2024-04-30,Shipped,East Angel,Missouri
7812,87,5,9,14.19,127.71,2025-07-29,Delivered,Monicaberg,Pennsylvania
7813,134,132,2,895.45,1790.9,2025-07-08,Delivered,Kellyfurt,New Jersey
7814,709,22,2,413.03,826.06,2024-10-19,Delivered,South Patricia,New York
7815,53,168,4,16.61,66.44,2025-12-26,Shipped,Port Kylebury,Ohio
7816,164,58,2,1142.69,2285.38,2024-08-22,Delivered,Port Stacystad,Vermont
7817,590,184,2,107.03,214.06,2025-04-02,Delivered,Port Jennifer,Connecticut
7818,90,125,3,24.59,73.77,2025-04-12,Processing,Rodriguezton,Oregon
7819,643,3,4,34.78,139.12,2025-12-29,Delivered,Vanessatown,Mississippi
7820,92,131,2,917.21,1834.42,2025-03-21,Delivered,Keithview,Michigan
7821,395,154,1,42.12,42.12,2025-09-09,Delivered,Deborahberg,Washington
7822,677,175,1,58.63,58.63,2025-08-14,Delivered,Port Susanchester,West Virginia
7823,319,66,3,235.08,705.24,2025-11-21,Processing,West Rachel,Delaware
7824,395,143,3,148.64,445.92,2024-08-23,Delivered,Deborahberg,Washington
7825,277,31,1,50.16,50.16,2025-05-15,Delivered,Rachelfort,New Jersey
7826,599,82,11,29.07,319.77,2025-12-29,Delivered,East Andrea,Georgia
7827,130,92,2,11.68,23.36,2024-12-08,Delivered,South Derek,South Dakota
7828,580,69,1,12.9,12.9,2025-08-31,Shipped,Lake William,Nevada
7829,43,171,4,142.38,569.52,2024-09-03,Delivered,Johnfort,North Carolina
7830,294,171,4,142.38,569.52,2024-02-25,Processing,Port Brandon,Washington
7831,890,50,1,23.62,23.62,2025-03-15,Delivered,New Tyler,Texas
7832,214,119,7,27.5,0.0,2024-02-28,Cancelled,Carolynborough,Kansas
7833,593,94,2,41.9,83.8,2024-09-20,Delivered,North Walterbury,Pennsylvania
7834,117,114,5,74.03,370.15,2024-11-24,Delivered,Lake Gregory,California
7835,257,140,1,1253.62,1253.62,2025-12-17,Delivered,Meyerston,Mississippi
7836,441,167,1,243.83,243.83,2025-08-15,Shipped,Franciscobury,Kansas
7837,519,68,1,113.46,113.46,2025-09-22,Shipped,Stephaniestad,Maine
7838,82,20,2,34.83,69.66,2024-05-19,Delivered,Michaelland,Massachusetts
7839,826,2,4,134.26,537.04,2024-05-05,Delivered,West Mary,Wyoming
7840,299,93,5,130.28,651.4,2024-10-01,Returned,Lake Jennifer,Illinois
7841,60,152,4,105.39,421.56,2025-10-24,Delivered,Austintown,North Dakota
7842,545,5,9,14.19,127.71,2024-12-19,Delivered,Josephfort,Louisiana
7843,958,105,2,136.66,273.32,2025-04-25,Processing,Medinaton,Hawaii
7844,128,171,1,142.38,142.38,2024-02-24,Shipped,Port Stevenhaven,Rhode Island
7845,630,173,2,63.4,126.8,2025-12-12,Delivered,Port Lisa,Virginia
7846,497,47,2,188.28,376.56,2024-05-03,Delivered,Gregoryberg,Virginia
7847,326,63,2,1487.23,2974.46,2025-10-09,Delivered,Lisachester,New York
7848,117,102,5,16.48,82.4,2024-11-05,Shipped,Lake Gregory,California
7849,12,148,2,639.02,1278.04,2025-12-03,Delivered,Floresland,Virginia
7850,792,50,5,23.62,118.1,2024-03-26,Delivered,North John,North Carolina
7851,90,58,2,1142.69,2285.38,2024-07-06,Delivered,Rodriguezton,Oregon
7852,965,154,2,42.12,84.24,2025-07-27,Delivered,Lake Philipton,Mississippi
7853,101,66,1,235.08,235.08,2024-01-04,Processing,Michellefort,Maine
7854,76,88,2,548.48,1096.96,2025-04-09,Delivered,East Maria,Nevada
7855,213,59,2,462.07,924.14,2025-09-08,Delivered,Kingfort,New Hampshire
7856,285,145,4,88.28,353.12,2025-05-23,Delivered,Tuckerview,Connecticut
7857,934,107,2,56.54,113.08,2025-02-13,Delivered,Heatherside,Hawaii
7858,637,28,4,84.71,338.84,2024-07-13,Delivered,West Joseph,South Dakota
7859,317,180,8,5.05,40.4,2024-04-13,Delivered,New Tylerburgh,Wisconsin
7860,620,60,2,493.39,986.78,2024-06-26,Processing,Lake Debrahaven,Alabama
7861,609,166,3,80.7,242.1,2024-06-19,Processing,Traceyborough,Louisiana
7862,443,31,2,50.16,100.32,2024-03-25,Delivered,Hamiltonchester,Maryland
7863,507,130,3,87.12,261.36,2024-12-17,Delivered,Vincentborough,Utah
7864,891,44,2,423.84,847.68,2024-02-07,Delivered,Fischerborough,Idaho
7865,978,166,2,80.7,161.4,2024-09-16,Delivered,Owensmouth,Pennsylvania
7866,637,175,3,58.63,175.89,2025-08-06,Shipped,West Joseph,South Dakota
7867,470,60,3,493.39,1480.17,2025-03-15,Delivered,Watsonville,Montana
7868,547,29,1,264.9,264.9,2025-10-18,Delivered,Annport,Florida
7869,888,163,1,113.36,113.36,2025-10-20,Delivered,Tracyfort,Oregon
7870,630,195,1,32.25,32.25,2024-02-26,Shipped,Port Lisa,Virginia
7871,378,6,1,1964.49,1964.49,2025-10-26,Delivered,Cameronborough,Virginia
7872,573,29,2,264.9,529.8,2025-04-14,Delivered,Richardside,Arkansas
7873,529,182,2,675.46,1350.92,2025-06-08,Delivered,South Darrylberg,Colorado
7874,575,178,1,11.5,11.5,2025-11-08,Delivered,West Elizabethstad,Utah
7875,615,117,1,110.18,110.18,2025-08-04,Delivered,Grossshire,Montana
7876,658,192,9,16.8,151.2,2025-08-06,Delivered,North Melissaborough,Connecticut
7877,540,104,2,1515.73,3031.46,2025-03-10,Delivered,Michaelview,Connecticut
7878,263,57,5,115.26,576.3,2025-06-20,Delivered,Rebeccastad,Utah
7879,54,134,3,53.71,161.13,2025-03-16,Delivered,Leeburgh,Maine
7880,65,124,3,108.4,325.2,2024-03-23,Delivered,North Daniel,Maine
7881,603,28,3,84.71,254.13,2024-04-10,Delivered,West Nathan,New Hampshire
7882,410,161,4,33.62,134.48,2024-07-25,Shipped,Davidbury,Arizona
7883,23,163,2,113.36,226.72,2024-01-15,Delivered,Jeanetteview,Texas
7884,717,152,4,105.39,421.56,2024-05-23,Delivered,Hallfurt,Illinois
7885,533,170,3,81.2,243.6,2024-11-24,Delivered,Cynthiaberg,New Hampshire
7886,839,191,2,126.39,252.78,2024-05-29,Delivered,Kimberlyburgh,Illinois
7887,925,103,8,42.88,343.04,2024-01-27,Shipped,East Gregoryport,Maine
7888,515,41,1,238.94,0.0,2024-09-04,Cancelled,Leslieshire,Nebraska
7889,932,2,3,134.26,402.78,2024-12-08,Delivered,West Anita,Illinois
7890,312,183,1,258.69,258.69,2025-03-03,Delivered,Davidfort,Connecticut
7891,452,19,2,342.31,684.62,2024-07-27,Returned,North Chadtown,Missouri
7892,347,110,1,26.8,26.8,2024-11-11,Delivered,Donnaville,Colorado
7893,17,138,3,160.33,0.0,2024-04-17,Cancelled,South Victorchester,Tennessee
7894,67,25,3,212.04,636.12,2025-11-12,Delivered,Barronshire,Oregon
7895,191,137,3,484.65,1453.95,2024-10-22,Processing,Benjaminville,Wyoming
7896,434,176,1,98.52,98.52,2025-01-16,Shipped,North Stevenmouth,Nebraska
7897,556,155,1,97.2,97.2,2025-06-21,Delivered,North Kimberly,Delaware
7898,833,187,2,85.38,170.76,2024-07-21,Delivered,Jonesfurt,Missouri
7899,903,18,1,143.63,143.63,2025-02-19,Delivered,Maryland,Alaska
7900,614,165,1,57.61,57.61,2025-07-30,Processing,Delacruzberg,New Hampshire
7901,373,166,3,80.7,242.1,2024-08-24,Processing,New Linda,New York
7902,283,136,2,81.75,163.5,2025-04-23,Shipped,Karaside,Arkansas
7903,349,155,3,97.2,291.6,2024-02-26,Delivered,East Susan,New Mexico
7904,849,91,1,222.92,222.92,2024-10-09,Delivered,Lake Brent,West Virginia
7905,688,32,3,87.66,262.98,2025-11-05,Delivered,Patrickfort,Wyoming
7906,166,118,3,103.99,311.97,2025-03-17,Delivered,South Johnstad,New Jersey
7907,850,134,1,53.71,53.71,2024-11-08,Delivered,Goodwinside,West Virginia
7908,493,144,10,37.02,370.2,2024-09-11,Delivered,Josephtown,South Dakota
7909,631,170,4,81.2,324.8,2024-09-26,Delivered,Amandamouth,Oregon
7910,780,159,3,28.19,84.57,2024-09-26,Delivered,Barrettfort,Maryland
7911,949,61,11,24.62,270.82,2025-09-08,Shipped,East Johnside,Illinois
7912,702,197,4,42.46,169.84,2024-06-28,Delivered,Greenside,New York
7913,112,21,2,65.8,131.6,2025-11-19,Delivered,Roberttown,Texas
7914,336,24,3,180.09,540.27,2024-11-03,Delivered,West Tina,Pennsylvania
7915,680,26,3,15.15,45.45,2025-10-07,Returned,Perryside,Utah
7916,795,193,3,69.03,207.09,2024-03-15,Delivered,Patelchester,New Hampshire
7917,514,48,9,46.46,418.14,2025-04-17,Delivered,Leeport,North Dakota
7918,591,95,3,2.3,6.9,2025-12-21,Delivered,Lopezhaven,Idaho
7919,773,14,5,28.78,143.9,2024-08-29,Delivered,East Anthonychester,Massachusetts
7920,307,17,2,625.15,1250.3,2024-07-24,Delivered,Jacobton,Mississippi
7921,769,174,2,194.56,389.12,2025-05-24,Delivered,West Sara,Nebraska
7922,108,117,2,110.18,220.36,2024-12-07,Delivered,New Danny,Nevada
7923,775,93,4,130.28,521.12,2024-11-17,Shipped,Davidtown,Nebraska
7924,368,189,3,48.34,145.02,2025-12-18,Delivered,Port Davidside,Oregon
7925,36,145,4,88.28,353.12,2025-04-14,Delivered,Lake Christopherville,Indiana
7926,800,113,2,22.71,45.42,2024-04-22,Delivered,Williamhaven,Georgia
7927,319,124,2,108.4,216.8,2025-05-30,Processing,West Rachel,Delaware
7928,91,163,3,113.36,340.08,2025-05-21,Delivered,Jonesmouth,Montana
7929,199,151,3,192.55,577.65,2025-02-21,Delivered,South Nicoleton,Maine
7930,15,151,2,192.55,385.1,2024-11-22,Delivered,Lawrencehaven,New Jersey
7931,4,187,4,85.38,341.52,2024-06-04,Delivered,East Johnathan,Maine
7932,901,146,2,157.34,314.68,2025-06-25,Delivered,Lake Dana,Tennessee
7933,809,106,4,26.57,0.0,2025-11-11,Cancelled,Delgadomouth,New Mexico
7934,337,135,3,144.51,433.53,2025-09-07,Shipped,Lake Jonathonfurt,Florida
7935,925,8,1,80.04,80.04,2024-11-24,Delivered,East Gregoryport,Maine
7936,618,42,2,146.77,293.54,2024-04-25,Delivered,Jacksonview,Alaska
7937,598,112,3,53.86,161.58,2025-04-30,Returned,East Tannerview,Oklahoma
7938,939,51,4,45.28,181.12,2025-11-10,Returned,South Jennifer,California
7939,488,141,1,55.53,55.53,2024-08-10,Delivered,Romeroland,West Virginia
7940,448,132,2,895.45,1790.9,2024-11-15,Delivered,South William,Michigan
7941,473,62,5,99.97,499.85,2025-12-16,Processing,Emilyburgh,Mississippi
7942,323,179,3,486.21,0.0,2025-07-01,Cancelled,Martinfurt,Montana
7943,128,170,4,81.2,324.8,2024-08-17,Delivered,Port Stevenhaven,Rhode Island
7944,859,80,5,31.23,156.15,2025-09-06,Delivered,New Patricia,Minnesota
7945,648,73,2,456.73,913.46,2025-09-17,Shipped,Acostabury,Pennsylvania
7946,471,102,3,16.48,49.44,2024-09-30,Delivered,Donaldbury,Arizona
7947,512,63,2,1487.23,2974.46,2024-09-28,Delivered,Jasonchester,New Hampshire
7948,505,124,3,108.4,325.2,2024-12-28,Shipped,Mcintyrebury,Kentucky
7949,242,95,4,2.3,9.2,2024-05-14,Delivered,Isaacburgh,Connecticut
7950,184,144,10,37.02,370.2,2024-03-07,Delivered,Dennisbury,Connecticut
7951,347,172,3,84.77,254.31,2025-08-18,Delivered,Donnaville,Colorado
7952,610,148,1,639.02,639.02,2024-01-05,Processing,Andrewchester,West Virginia
7953,292,71,3,311.35,934.05,2025-01-25,Delivered,Lake Michaelmouth,Arkansas
7954,739,79,1,383.68,383.68,2025-10-04,Returned,Lake Ronaldmouth,Virginia
7955,250,27,7,27.66,193.62,2025-02-08,Delivered,West Jesseview,Tennessee
7956,646,95,6,2.3,13.8,2024-05-18,Delivered,Lake Joel,Texas
7957,933,105,2,136.66,273.32,2024-02-01,Delivered,Longside,Michigan
7958,969,75,2,51.24,102.48,2024-06-04,Delivered,North Amyton,Ohio
7959,807,139,3,74.52,223.56,2024-11-17,Delivered,Reynoldsshire,Virginia
7960,395,180,2,5.05,10.1,2024-04-23,Delivered,Deborahberg,Washington
7961,89,31,1,50.16,50.16,2025-11-15,Shipped,Hobbsburgh,Idaho
7962,733,94,1,41.9,41.9,2025-11-03,Delivered,South Rebecca,Maine
7963,157,46,4,35.34,141.36,2024-08-14,Delivered,Leechester,Wyoming
7964,244,83,2,9.9,19.8,2024-11-01,Delivered,Joannebury,New Jersey
7965,96,131,2,917.21,1834.42,2025-04-30,Delivered,West Jasonland,New York
7966,490,193,2,69.03,138.06,2024-05-08,Delivered,Hillton,New Mexico
7967,742,112,1,53.86,53.86,2025-10-14,Delivered,Port Samanthaside,Mississippi
7968,189,50,1,23.62,23.62,2025-04-04,Delivered,East Jeremymouth,Nebraska
7969,434,30,2,17.83,35.66,2024-04-18,Delivered,North Stevenmouth,Nebraska
7970,921,152,1,105.39,105.39,2024-09-09,Processing,Marioside,Michigan
7971,284,59,3,462.07,1386.21,2024-07-21,Shipped,East Angel,Missouri
7972,512,142,2,241.68,483.36,2024-11-09,Delivered,Jasonchester,New Hampshire
7973,799,191,5,126.39,631.95,2025-12-22,Delivered,Barkershire,Michigan
7974,137,68,3,113.46,340.38,2025-04-13,Delivered,Port Miguelfort,Iowa
7975,970,25,1,212.04,212.04,2024-03-28,Shipped,Robertsborough,Utah
7976,346,100,3,48.33,144.99,2024-10-25,Delivered,Lonnieborough,Indiana
7977,747,115,5,98.26,491.3,2024-06-09,Delivered,Ericabury,South Dakota
7978,551,160,6,37.99,227.94,2025-12-15,Delivered,Jasontown,Tennessee
7979,956,143,3,148.64,445.92,2024-01-29,Delivered,Wheelerchester,South Carolina
7980,839,137,1,484.65,484.65,2025-12-21,Delivered,Kimberlyburgh,Illinois
7981,350,23,5,16.35,81.75,2024-06-02,Delivered,Wendyfurt,Washington
7982,103,57,5,115.26,576.3,2025-10-17,Delivered,South Suzanneland,California
7983,310,55,1,29.42,29.42,2025-01-06,Shipped,Mitchellchester,Alaska
7984,295,181,3,86.64,259.92,2024-02-02,Delivered,South Angelica,Alaska
7985,992,103,4,42.88,171.52,2024-06-21,Delivered,Haleytown,Nebraska
7986,72,141,3,55.53,166.59,2025-09-13,Delivered,Davisville,Mississippi
7987,847,54,2,7.54,15.08,2024-11-17,Delivered,South Stevenmouth,Kansas
7988,938,121,12,6.52,78.24,2025-02-21,Processing,Mortonville,Alaska
7989,940,138,1,160.33,160.33,2024-07-27,Delivered,North David,Tennessee
7990,750,62,3,99.97,299.91,2025-04-19,Processing,East Meganland,North Dakota
7991,639,29,2,264.9,529.8,2025-09-22,Delivered,East Jamesstad,Michigan
7992,144,157,1,8.59,8.59,2024-10-10,Delivered,West Mariahaven,Wisconsin
7993,277,63,2,1487.23,2974.46,2024-08-16,Processing,Rachelfort,New Jersey
7994,684,31,3,50.16,150.48,2024-03-25,Delivered,Torresville,Ohio
7995,357,128,3,15.74,47.22,2025-04-21,Delivered,Lake Sheriside,Iowa
7996,897,117,2,110.18,0.0,2025-11-15,Cancelled,Castrotown,Montana
7997,851,30,1,17.83,17.83,2025-03-23,Delivered,South Laurastad,North Carolina
7998,729,170,3,81.2,243.6,2025-05-12,Returned,Sarahbury,Rhode Island
7999,245,37,4,110.69,442.76,2025-09-12,Delivered,Martinezfort,Idaho
8000,902,105,3,136.66,409.98,2024-09-09,Delivered,Matthewburgh,Hawaii
8001,828,44,1,423.84,423.84,2024-05-22,Delivered,Rhondaville,Kentucky
8002,380,114,4,74.03,296.12,2024-10-14,Processing,North Michellemouth,Kentucky
8003,121,110,3,26.8,80.4,2025-11-16,Delivered,Morrisonshire,Pennsylvania
8004,346,109,3,115.28,345.84,2025-02-10,Delivered,Lonnieborough,Indiana
8005,740,189,2,48.34,96.68,2024-04-22,Processing,Lake Marilyn,Wisconsin
8006,928,165,1,57.61,57.61,2024-02-13,Delivered,Priceport,Idaho
8007,202,111,2,93.95,187.9,2024-06-26,Processing,North Jerry,Kentucky
8008,29,172,3,84.77,254.31,2024-01-23,Delivered,Owensborough,Florida
8009,918,35,2,179.74,359.48,2024-03-18,Processing,Robertchester,Arkansas
8010,430,32,5,87.66,438.3,2025-12-16,Delivered,South Connor,Montana
8011,986,109,2,115.28,230.56,2025-03-16,Delivered,South Michaelville,Louisiana
8012,266,117,1,110.18,110.18,2024-10-19,Delivered,Jocelynbury,Vermont
8013,462,139,2,74.52,149.04,2024-05-04,Delivered,Manningstad,Tennessee
8014,94,65,3,337.28,1011.84,2024-02-27,Processing,North Marissa,Missouri
8015,940,153,1,98.25,98.25,2025-08-08,Delivered,North David,Tennessee
8016,632,5,5,14.19,70.95,2025-11-30,Delivered,Lake Renee,Washington
8017,661,181,2,86.64,173.28,2025-10-10,Delivered,Nicoletown,New Hampshire
8018,330,135,2,144.51,289.02,2024-03-06,Delivered,Hamiltonmouth,Utah
8019,393,45,1,57.4,0.0,2024-04-16,Cancelled,East Richard,Wyoming
8020,384,124,2,108.4,216.8,2024-04-27,Delivered,Potterborough,Nebraska
8021,221,88,1,548.48,548.48,2025-12-11,Delivered,Craigport,Utah
8022,496,12,1,899.79,899.79,2024-10-23,Shipped,Jamesburgh,Florida
8023,340,41,3,238.94,716.82,2025-08-22,Delivered,Scottmouth,Ohio
8024,194,86,1,1337.83,1337.83,2024-10-23,Delivered,Donaldland,North Carolina
8025,941,129,1,165.48,165.48,2024-09-16,Delivered,Allenhaven,New Mexico
8026,901,24,2,180.09,360.18,2025-05-04,Delivered,Lake Dana,Tennessee
8027,214,70,3,29.96,89.88,2024-09-10,Delivered,Carolynborough,Kansas
8028,19,128,6,15.74,94.44,2025-03-08,Delivered,North Davidshire,Vermont
8029,301,2,3,134.26,402.78,2024-10-30,Processing,North Wayne,Utah
8030,442,72,11,9.09,99.99,2024-10-10,Delivered,North Noah,Wyoming
8031,1,131,2,917.21,0.0,2025-04-30,Cancelled,Port Jennifer,Pennsylvania
8032,408,5,11,14.19,156.09,2025-11-25,Delivered,Patelville,Iowa
8033,910,148,2,639.02,1278.04,2025-01-01,Delivered,Port Christopher,South Carolina
8034,99,183,2,258.69,517.38,2025-08-16,Delivered,Carterton,North Dakota
8035,687,101,2,450.0,900.0,2024-05-24,Delivered,Robertsberg,California
8036,781,3,4,34.78,139.12,2025-07-09,Delivered,South Brenda,Wisconsin
8037,24,47,2,188.28,376.56,2025-10-30,Delivered,Claudiashire,Texas
8038,620,96,3,286.65,859.95,2024-07-12,Delivered,Lake Debrahaven,Alabama
8039,592,183,3,258.69,776.07,2025-11-03,Delivered,South Daniel,Louisiana
8040,819,91,3,222.92,668.76,2025-04-16,Delivered,Clarkhaven,Texas
8041,201,163,2,113.36,226.72,2025-10-07,Processing,New Brendamouth,New Hampshire
8042,383,157,1,8.59,8.59,2024-07-20,Delivered,Port Kathleenfort,Hawaii
8043,888,188,2,102.39,204.78,2025-04-20,Shipped,Tracyfort,Oregon
8044,157,178,2,11.5,23.0,2025-08-06,Delivered,Leechester,Wyoming
8045,180,170,3,81.2,243.6,2024-10-07,Delivered,Butlermouth,Nebraska
8046,434,94,3,41.9,125.7,2024-07-30,Returned,North Stevenmouth,Nebraska
8047,265,32,2,87.66,175.32,2024-09-27,Delivered,New Michael,Wisconsin
8048,276,190,2,11.07,22.14,2024-08-08,Delivered,Lake Katrinahaven,Pennsylvania
8049,439,138,4,160.33,641.32,2025-09-30,Shipped,East Howard,Oregon
8050,559,84,2,148.96,297.92,2024-03-10,Shipped,Theresaview,Georgia
8051,53,111,1,93.95,93.95,2025-12-22,Delivered,Port Kylebury,Ohio
8052,415,200,3,41.6,124.8,2025-07-11,Delivered,South Justin,Mississippi
8053,787,52,5,27.18,135.9,2024-04-10,Delivered,East Davidberg,Vermont
8054,270,152,5,105.39,526.95,2024-04-25,Shipped,New Patricktown,Montana
8055,627,87,5,29.52,0.0,2025-11-07,Cancelled,Alexandraland,Alaska
8056,562,121,12,6.52,78.24,2025-08-10,Delivered,Nixonland,Delaware
8057,91,45,3,57.4,172.2,2024-02-13,Delivered,Jonesmouth,Montana
8058,290,178,3,11.5,34.5,2025-09-29,Delivered,North Joseph,Illinois
8059,975,176,3,98.52,295.56,2024-11-27,Returned,North Peter,Michigan
8060,512,187,1,85.38,85.38,2024-11-19,Delivered,Jasonchester,New Hampshire
8061,224,89,1,695.64,695.64,2024-08-09,Delivered,Larsonshire,Connecticut
8062,513,125,3,24.59,73.77,2025-11-27,Returned,North Karen,Kentucky
8063,306,161,2,33.62,67.24,2025-07-27,Processing,New Benjamin,Delaware
8064,58,164,6,46.38,0.0,2024-05-11,Cancelled,West Teresaland,Illinois
8065,608,172,1,84.77,84.77,2024-07-18,Delivered,Gregorychester,Georgia
8066,924,81,5,51.28,256.4,2025-12-14,Delivered,Hillberg,Georgia
8067,296,105,4,136.66,546.64,2025-01-07,Delivered,Port Samuelton,Mississippi
8068,253,19,1,342.31,342.31,2024-04-07,Shipped,Leachton,New York
8069,728,47,1,188.28,188.28,2024-12-18,Delivered,North Adrienne,Texas
8070,103,12,1,899.79,899.79,2024-10-22,Delivered,South Suzanneland,California
8071,403,122,3,30.44,91.32,2024-05-13,Delivered,Davidberg,New Mexico
8072,53,173,3,63.4,190.2,2024-07-08,Delivered,Port Kylebury,Ohio
8073,241,19,2,342.31,684.62,2024-01-17,Delivered,Armstrongland,North Carolina
8074,888,16,2,53.79,107.58,2025-02-18,Processing,Tracyfort,Oregon
8075,877,55,3,29.42,88.26,2025-09-27,Delivered,Hunterburgh,Arkansas
8076,680,142,2,241.68,483.36,2024-11-15,Delivered,Perryside,Utah
8077,169,19,2,342.31,0.0,2025-09-28,Cancelled,Bartonland,Nevada
8078,856,93,2,130.28,260.56,2024-05-23,Delivered,East Brandonland,Delaware
8079,771,121,11,6.52,71.72,2025-06-27,Delivered,Adamsfurt,Alaska
8080,607,127,3,150.5,451.5,2024-08-19,Processing,Walkertown,North Carolina
8081,585,110,6,26.8,160.8,2024-09-18,Delivered,East Victoria,Rhode Island
8082,763,114,3,74.03,222.09,2024-10-15,Delivered,Franklinville,Washington
8083,677,155,1,97.2,97.2,2025-05-29,Shipped,Port Susanchester,West Virginia
8084,983,156,5,76.9,384.5,2024-09-21,Delivered,Seanborough,Nebraska
8085,290,143,2,148.64,297.28,2025-10-28,Shipped,North Joseph,Illinois
8086,154,156,1,76.9,76.9,2025-04-26,Delivered,Port Kaylabury,New Hampshire
8087,591,133,6,46.43,278.58,2024-11-11,Delivered,Lopezhaven,Idaho
8088,129,2,3,134.26,402.78,2025-10-17,Delivered,Johntown,Arkansas
8089,15,67,4,22.32,89.28,2024-10-10,Delivered,Lawrencehaven,New Jersey
8090,148,69,2,12.9,25.8,2025-10-17,Delivered,Emmaton,North Carolina
8091,322,140,1,1253.62,1253.62,2024-01-16,Delivered,Prattberg,Michigan
8092,984,6,1,1964.49,1964.49,2024-10-10,Delivered,Sandramouth,Oregon
8093,820,19,3,342.31,1026.93,2024-02-08,Delivered,Wilsonchester,Maine
8094,378,144,5,37.02,185.1,2024-04-30,Delivered,Cameronborough,Virginia
8095,916,172,4,84.77,339.08,2024-05-03,Delivered,Kristenton,Indiana
8096,969,150,3,167.9,503.7,2024-06-29,Processing,North Amyton,Ohio
8097,249,68,1,113.46,113.46,2024-08-28,Delivered,Rosetown,Missouri
8098,76,109,3,115.28,345.84,2024-05-28,Delivered,East Maria,Nevada
8099,796,32,1,87.66,0.0,2025-11-02,Cancelled,Stephaniechester,Arkansas
8100,304,41,1,238.94,238.94,2024-09-25,Returned,Taraberg,Oregon
8101,484,98,5,46.15,230.75,2024-12-21,Delivered,Port Brandi,Kansas
8102,625,20,3,34.83,104.49,2025-01-15,Delivered,Sarafort,Michigan
8103,488,42,1,146.77,146.77,2024-02-13,Delivered,Romeroland,West Virginia
8104,727,35,1,179.74,179.74,2024-08-24,Delivered,Alexhaven,Kansas
8105,598,106,3,26.57,79.71,2025-06-08,Shipped,East Tannerview,Oklahoma
8106,41,74,1,301.83,301.83,2024-10-30,Delivered,Jameschester,Pennsylvania
8107,1,64,4,32.06,128.24,2025-03-27,Delivered,Port Jennifer,Pennsylvania
8108,658,146,1,157.34,157.34,2024-03-30,Delivered,North Melissaborough,Connecticut
8109,601,4,5,40.83,204.15,2024-04-27,Processing,West Lisa,Colorado
8110,228,8,5,80.04,400.2,2025-11-09,Delivered,New Douglas,Nevada
8111,261,54,4,7.54,30.16,2024-07-01,Delivered,Larrybury,Minnesota
8112,287,143,1,148.64,148.64,2024-03-14,Delivered,North Patricktown,Alaska
8113,480,10,3,107.87,0.0,2024-06-23,Cancelled,South Tyler,Arkansas
8114,278,157,6,8.59,51.54,2025-11-30,Delivered,Butlerton,California
8115,33,95,8,2.3,18.4,2025-08-13,Delivered,Andrewston,Nevada
8116,613,2,4,134.26,537.04,2024-01-28,Processing,New Blake,Utah
8117,320,34,4,24.01,96.04,2025-10-18,Returned,Maryview,Ohio
8118,659,75,2,51.24,102.48,2025-06-09,Delivered,Rodriguezview,California
8119,122,74,2,301.83,603.66,2024-02-26,Delivered,Richardstad,Vermont
8120,185,60,1,493.39,493.39,2025-07-15,Delivered,Tylerchester,California
8121,558,153,5,98.25,491.25,2024-07-14,Delivered,Danielleville,Utah
8122,535,167,1,243.83,243.83,2024-06-11,Delivered,Torresmouth,Washington
8123,812,20,3,34.83,104.49,2025-04-05,Delivered,Carlamouth,Vermont
8124,873,35,3,179.74,539.22,2025-08-22,Delivered,Mendezville,Hawaii
8125,345,65,3,337.28,1011.84,2024-03-21,Delivered,Huntstad,Michigan
8126,627,144,9,37.02,333.18,2025-04-24,Processing,Alexandraland,Alaska
8127,700,42,2,146.77,293.54,2025-10-15,Delivered,North Robert,Wyoming
8128,91,12,2,899.79,1799.58,2024-05-20,Delivered,Jonesmouth,Montana
8129,631,75,2,51.24,102.48,2024-01-16,Processing,Amandamouth,Oregon
8130,140,152,4,105.39,421.56,2025-01-01,Delivered,West Christopherchester,Virginia
8131,907,42,3,146.77,440.31,2024-07-22,Delivered,Lake James,Iowa
8132,107,186,3,304.0,912.0,2025-06-19,Delivered,Whiteburgh,New York
8133,683,93,2,130.28,260.56,2024-12-04,Shipped,New Jessica,New Mexico
8134,53,184,2,107.03,214.06,2024-05-06,Delivered,Port Kylebury,Ohio
8135,850,183,2,258.69,517.38,2025-11-17,Delivered,Goodwinside,West Virginia
8136,490,189,3,48.34,145.02,2024-08-09,Processing,Hillton,New Mexico
8137,520,104,2,1515.73,3031.46,2024-07-06,Delivered,Wilsonside,Delaware
8138,438,58,2,1142.69,2285.38,2024-06-26,Shipped,East John,Delaware
8139,541,150,3,167.9,503.7,2024-06-01,Delivered,Lake Katrinaborough,North Dakota
8140,806,130,1,87.12,87.12,2025-03-01,Delivered,Williamsville,Alabama
8141,37,185,1,141.13,141.13,2024-02-11,Shipped,Zacharychester,New York
8142,306,138,3,160.33,480.99,2025-12-06,Delivered,New Benjamin,Delaware
8143,868,54,4,7.54,30.16,2025-06-18,Delivered,Johntown,Alaska
8144,278,44,1,423.84,423.84,2025-10-26,Delivered,Butlerton,California
8145,64,128,1,15.74,15.74,2024-08-18,Delivered,Port James,California
8146,399,67,9,22.32,200.88,2025-01-04,Shipped,Riverafurt,Kentucky
8147,820,1,2,21.77,43.54,2025-09-29,Delivered,Wilsonchester,Maine
8148,999,194,1,39.19,39.19,2025-05-24,Processing,Matthewberg,Utah
8149,52,175,1,58.63,58.63,2025-05-19,Delivered,Lorifurt,Ohio
8150,281,75,1,51.24,51.24,2025-01-25,Delivered,Joeton,New Hampshire
8151,159,35,2,179.74,359.48,2024-03-31,Delivered,Blackbury,Washington
8152,238,120,2,1304.73,0.0,2025-03-28,Cancelled,Novakland,Ohio
8153,815,41,1,238.94,238.94,2024-04-20,Delivered,Lake Heatherchester,Connecticut
8154,214,86,1,1337.83,1337.83,2025-09-07,Delivered,Carolynborough,Kansas
8155,491,199,3,97.62,292.86,2025-01-21,Delivered,East Amanda,Idaho
8156,390,49,2,98.4,196.8,2025-02-12,Delivered,Nicoleshire,Louisiana
8157,255,52,4,27.18,108.72,2024-01-26,Delivered,Mitchellborough,Tennessee
8158,446,192,3,16.8,50.4,2025-12-14,Delivered,Lake Johnside,Delaware
8159,620,87,3,29.52,88.56,2025-08-26,Delivered,Lake Debrahaven,Alabama
8160,986,73,1,456.73,0.0,2024-10-21,Cancelled,South Michaelville,Louisiana
8161,906,193,4,69.03,276.12,2025-02-18,Delivered,Dianahaven,Kansas
8162,786,104,1,1515.73,1515.73,2024-02-17,Returned,Port Donald,Iowa
8163,325,44,2,423.84,847.68,2025-03-03,Delivered,Port Briannastad,Oregon
8164,143,125,5,24.59,122.95,2024-10-26,Shipped,North Jake,Idaho
8165,972,113,2,22.71,45.42,2025-04-01,Processing,New Richard,New Mexico
8166,885,135,1,144.51,144.51,2025-01-21,Delivered,Austinland,Arkansas
8167,649,55,1,29.42,29.42,2024-11-03,Shipped,East Jenniferfort,New Mexico
8168,17,125,4,24.59,98.36,2024-02-24,Delivered,South Victorchester,Tennessee
8169,283,196,1,138.33,138.33,2025-04-02,Delivered,Karaside,Arkansas
8170,882,10,4,107.87,431.48,2025-01-08,Shipped,East Jenniferview,New York
8171,964,77,1,5.4,5.4,2025-08-29,Processing,Meganbury,Connecticut
8172,269,33,2,1077.68,2155.36,2024-10-30,Shipped,New Courtneyview,Tennessee
8173,812,138,1,160.33,160.33,2025-05-21,Delivered,Carlamouth,Vermont
8174,656,173,4,63.4,253.6,2024-04-02,Delivered,Danielleland,South Dakota
8175,996,139,1,74.52,74.52,2024-05-08,Delivered,North Jessicachester,Louisiana
8176,728,16,2,53.79,107.58,2025-08-13,Delivered,North Adrienne,Texas
8177,455,122,4,30.44,121.76,2024-09-10,Delivered,Lake Cynthiaborough,Louisiana
8178,18,186,1,304.0,304.0,2025-07-21,Delivered,East Brian,New Hampshire
8179,657,30,1,17.83,17.83,2025-07-28,Delivered,North Richardview,Kansas
8180,904,40,3,414.22,1242.66,2024-08-08,Delivered,Lake Johnathan,Michigan
8181,119,36,3,193.51,580.53,2024-06-11,Delivered,North Vanessaland,Virginia
8182,59,55,2,29.42,58.84,2024-10-30,Delivered,South Paulmouth,Tennessee
8183,135,143,3,148.64,445.92,2025-01-31,Delivered,Maddoxville,Hawaii
8184,225,2,1,134.26,0.0,2025-07-18,Cancelled,Rowechester,Massachusetts
8185,752,47,3,188.28,564.84,2024-11-24,Delivered,Port Denise,North Dakota
8186,788,49,4,98.4,393.6,2024-07-30,Shipped,Lake Angela,Oregon
8187,858,70,4,29.96,119.84,2024-09-28,Returned,Matthewhaven,Idaho
8188,689,7,1,43.74,43.74,2025-04-18,Delivered,West Jillhaven,New York
8189,209,45,3,57.4,172.2,2024-04-23,Delivered,Vickiestad,Louisiana
8190,453,189,4,48.34,193.36,2024-05-15,Delivered,Smithshire,Florida
8191,886,42,1,146.77,146.77,2024-01-01,Delivered,Lake Travisview,Texas
8192,699,153,4,98.25,393.0,2024-07-20,Delivered,Mckinneychester,Nebraska
8193,758,27,2,27.66,55.32,2024-02-15,Delivered,Johnsonmouth,South Carolina
8194,895,151,1,192.55,192.55,2024-05-25,Delivered,New Reneeburgh,Maryland
8195,683,11,6,50.75,304.5,2025-02-14,Delivered,New Jessica,New Mexico
8196,182,130,2,87.12,174.24,2025-10-27,Delivered,Gregoryborough,North Dakota
8197,252,23,3,16.35,49.05,2024-08-09,Delivered,North Samanthaport,Missouri
8198,185,134,5,53.71,268.55,2024-06-18,Processing,Tylerchester,California
8199,679,80,5,31.23,156.15,2025-06-21,Delivered,Sullivanbury,Nevada
8200,969,41,3,238.94,716.82,2025-08-04,Shipped,North Amyton,Ohio
8201,840,191,1,126.39,126.39,2025-04-23,Shipped,Port Saraton,Missouri
8202,336,12,1,899.79,899.79,2024-12-21,Delivered,West Tina,Pennsylvania
8203,23,100,2,48.33,96.66,2025-01-14,Delivered,Jeanetteview,Texas
8204,55,85,2,490.6,981.2,2025-04-07,Delivered,Ashleyfort,Maryland
8205,464,28,4,84.71,338.84,2025-07-24,Delivered,Jamesport,Nebraska
8206,656,130,1,87.12,87.12,2024-01-22,Delivered,Danielleland,South Dakota
8207,529,44,2,423.84,847.68,2025-08-27,Delivered,South Darrylberg,Colorado
8208,856,199,2,97.62,0.0,2024-10-04,Cancelled,East Brandonland,Delaware
8209,957,50,9,23.62,212.58,2024-05-03,Delivered,Samanthaville,Michigan
8210,540,87,1,29.52,0.0,2025-06-06,Cancelled,Michaelview,Connecticut
8211,916,129,2,165.48,330.96,2025-04-12,Delivered,Kristenton,Indiana
8212,668,181,1,86.64,86.64,2025-08-07,Delivered,South Miguel,Ohio
8213,469,117,1,110.18,110.18,2025-08-11,Delivered,Joneshaven,Minnesota
8214,446,56,2,208.97,417.94,2025-06-28,Returned,Lake Johnside,Delaware
8215,828,135,3,144.51,433.53,2024-02-18,Processing,Rhondaville,Kentucky
8216,664,51,5,45.28,226.4,2024-06-21,Shipped,Mendozafurt,Connecticut
8217,455,94,4,41.9,167.6,2024-10-28,Delivered,Lake Cynthiaborough,Louisiana
8218,63,91,2,222.92,445.84,2025-06-07,Delivered,North Carmen,Iowa
8219,173,49,2,98.4,196.8,2024-09-13,Delivered,Powerschester,Colorado
8220,843,72,9,9.09,81.81,2025-07-29,Shipped,Port Megantown,Ohio
8221,290,179,3,486.21,1458.63,2025-04-29,Delivered,North Joseph,Illinois
8222,486,154,5,42.12,210.6,2024-10-17,Delivered,Lake Dianeton,Illinois
8223,27,37,2,110.69,221.38,2024-02-02,Returned,Millerside,South Carolina
8224,381,71,1,311.35,311.35,2024-02-20,Returned,Dorothyville,Rhode Island
8225,800,124,1,108.4,108.4,2024-04-30,Delivered,Williamhaven,Georgia
8226,320,192,3,16.8,50.4,2024-10-12,Delivered,Maryview,Ohio
8227,803,142,3,241.68,725.04,2024-07-27,Delivered,West Jasmine,South Dakota
8228,452,40,3,414.22,1242.66,2024-11-22,Delivered,North Chadtown,Missouri
8229,970,64,1,32.06,0.0,2025-02-16,Cancelled,Robertsborough,Utah
8230,756,59,2,462.07,924.14,2024-03-21,Returned,Dianaville,Iowa
8231,743,183,2,258.69,517.38,2025-04-14,Delivered,Bryanhaven,New Hampshire
8232,865,147,2,487.95,975.9,2024-03-29,Returned,New Michaelville,South Carolina
8233,706,85,2,490.6,981.2,2024-01-17,Delivered,Gregoryville,New Mexico
8234,429,146,1,157.34,157.34,2024-06-13,Shipped,Aaronborough,Maryland
8235,848,171,3,142.38,427.14,2024-01-13,Delivered,East Jacob,Wisconsin
8236,223,164,5,46.38,231.9,2024-03-10,Delivered,Fostershire,Maryland
8237,615,129,2,165.48,0.0,2025-06-25,Cancelled,Grossshire,Montana
8238,635,113,1,22.71,22.71,2024-05-12,Delivered,Port Timothy,South Carolina
8239,813,49,4,98.4,393.6,2025-03-11,Shipped,Mariaberg,Pennsylvania
8240,266,41,2,238.94,0.0,2024-10-19,Cancelled,Jocelynbury,Vermont
8241,537,89,2,695.64,1391.28,2024-07-18,Delivered,West Ryanton,West Virginia
8242,369,171,5,142.38,711.9,2024-06-17,Delivered,Ryanport,Vermont
8243,575,68,2,113.46,226.92,2024-10-03,Delivered,West Elizabethstad,Utah
8244,608,107,2,56.54,113.08,2025-12-17,Processing,Gregorychester,Georgia
8245,193,142,2,241.68,483.36,2025-07-30,Delivered,Bellville,Michigan
8246,981,127,2,150.5,301.0,2025-02-02,Returned,Danachester,North Dakota
8247,498,155,1,97.2,97.2,2025-10-27,Delivered,North Cassandra,Illinois
8248,312,172,2,84.77,169.54,2025-07-09,Delivered,Davidfort,Connecticut
8249,15,83,7,9.9,0.0,2024-08-15,Cancelled,Lawrencehaven,New Jersey
8250,446,122,2,30.44,60.88,2025-10-22,Delivered,Lake Johnside,Delaware
8251,995,63,2,1487.23,2974.46,2025-06-06,Processing,East Michael,New Mexico
8252,370,26,3,15.15,45.45,2024-03-15,Delivered,Port Lisaborough,Colorado
8253,266,93,3,130.28,390.84,2025-08-29,Returned,Jocelynbury,Vermont
8254,466,100,2,48.33,96.66,2024-08-20,Shipped,New Justin,Washington
8255,956,97,1,43.15,43.15,2025-12-14,Delivered,Wheelerchester,South Carolina
8256,136,115,1,98.26,98.26,2024-02-26,Shipped,Teresaborough,Texas
8257,16,147,2,487.95,975.9,2025-03-11,Delivered,Floresview,Vermont
8258,247,163,2,113.36,226.72,2024-01-18,Delivered,Morrisonbury,Nebraska
8259,968,175,3,58.63,175.89,2025-04-20,Delivered,Ryanview,South Carolina
8260,927,113,5,22.71,113.55,2024-07-22,Delivered,Judithchester,South Carolina
8261,388,127,2,150.5,301.0,2024-07-02,Delivered,Murphyhaven,Maryland
8262,919,110,6,26.8,160.8,2024-10-02,Delivered,West Brandytown,South Carolina
8263,587,3,1,34.78,0.0,2024-10-30,Cancelled,North Matthewland,Maine
8264,381,175,4,58.63,234.52,2024-02-06,Delivered,Dorothyville,Rhode Island
8265,274,66,2,235.08,470.16,2024-07-27,Delivered,Mcdonaldtown,New Mexico
8266,392,131,2,917.21,1834.42,2025-05-11,Delivered,New Donnatown,South Dakota
8267,123,167,2,243.83,487.66,2025-07-26,Delivered,West Steven,North Carolina
8268,527,65,3,337.28,1011.84,2024-09-25,Delivered,South Susanfort,Nebraska
8269,385,56,2,208.97,417.94,2024-04-30,Delivered,Russellborough,Nebraska
8270,938,143,1,148.64,148.64,2025-09-08,Delivered,Mortonville,Alaska
8271,88,147,2,487.95,975.9,2025-07-03,Delivered,Port Brendamouth,New Hampshire
8272,807,115,1,98.26,98.26,2025-06-20,Delivered,Reynoldsshire,Virginia
8273,7,76,3,143.96,431.88,2025-06-05,Delivered,Kleinton,Tennessee
8274,670,53,1,75.3,75.3,2025-12-21,Shipped,West Alexandrastad,Oklahoma
8275,468,54,8,7.54,60.32,2025-01-21,Delivered,Perkinsside,Texas
8276,749,192,8,16.8,134.4,2025-09-25,Delivered,Nathanmouth,South Dakota
8277,473,166,2,80.7,161.4,2024-12-27,Delivered,Emilyburgh,Mississippi
8278,655,105,4,136.66,546.64,2025-02-24,Delivered,North Joshuaside,Alaska
8279,509,143,1,148.64,148.64,2024-03-31,Processing,North Katie,Virginia
8280,65,75,1,51.24,51.24,2024-01-08,Shipped,North Daniel,Maine
8281,475,161,2,33.62,67.24,2024-07-04,Delivered,Zimmermanfort,Alaska
8282,905,45,2,57.4,114.8,2024-07-14,Shipped,Martinchester,Maryland
8283,595,69,2,12.9,25.8,2024-07-16,Delivered,Port Robin,California
8284,512,81,6,51.28,307.68,2024-10-16,Delivered,Jasonchester,New Hampshire
8285,807,187,2,85.38,170.76,2025-08-28,Delivered,Reynoldsshire,Virginia
8286,324,29,3,264.9,794.7,2025-07-14,Shipped,Brownside,Nebraska
8287,883,107,1,56.54,56.54,2025-11-02,Processing,East Michaelland,Pennsylvania
8288,672,150,3,167.9,503.7,2025-09-29,Delivered,Lake Jamesland,Wyoming
8289,457,24,1,180.09,180.09,2024-09-04,Processing,South Melanie,South Carolina
8290,826,89,2,695.64,1391.28,2025-05-31,Delivered,West Mary,Wyoming
8291,108,141,1,55.53,55.53,2025-04-13,Processing,New Danny,Nevada
8292,229,148,1,639.02,639.02,2025-02-26,Delivered,Nancytown,Oklahoma
8293,109,13,5,56.57,282.85,2025-11-22,Delivered,Maciaschester,Utah
8294,504,179,1,486.21,486.21,2025-02-24,Delivered,North Paul,Virginia
8295,780,117,3,110.18,330.54,2024-11-06,Delivered,Barrettfort,Maryland
8296,147,143,2,148.64,0.0,2025-02-13,Cancelled,Stephanieburgh,Alaska
8297,139,79,1,383.68,383.68,2024-01-27,Shipped,South Christopher,Nebraska
8298,254,12,2,899.79,1799.58,2025-10-24,Delivered,West Danielle,Nebraska
8299,320,198,1,473.82,473.82,2025-08-05,Delivered,Maryview,Ohio
8300,552,66,2,235.08,470.16,2025-07-15,Delivered,Port Anthonymouth,Kentucky
8301,685,103,3,42.88,128.64,2025-04-08,Delivered,East Amber,Iowa
8302,980,7,2,43.74,87.48,2024-03-04,Delivered,Shortberg,Georgia
8303,83,102,2,16.48,32.96,2024-04-19,Shipped,New Joshua,Washington
8304,998,196,2,138.33,276.66,2025-04-18,Shipped,Hansonmouth,Iowa
8305,840,125,3,24.59,73.77,2024-07-04,Processing,Port Saraton,Missouri
8306,486,40,1,414.22,414.22,2025-06-13,Delivered,Lake Dianeton,Illinois
8307,442,90,4,170.31,681.24,2025-05-18,Delivered,North Noah,Wyoming
8308,434,180,1,5.05,5.05,2025-01-09,Delivered,North Stevenmouth,Nebraska
8309,472,194,2,39.19,78.38,2024-10-10,Delivered,Lake Micheal,Minnesota
8310,532,57,2,115.26,230.52,2025-11-25,Processing,Andersonborough,Wisconsin
8311,186,99,3,135.17,405.51,2024-08-16,Processing,North Jacob,Rhode Island
8312,767,90,3,170.31,510.93,2024-10-07,Delivered,Port Matthew,Oklahoma
8313,220,47,1,188.28,188.28,2024-09-29,Delivered,Cindyport,North Dakota
8314,59,138,3,160.33,480.99,2025-10-22,Delivered,South Paulmouth,Tennessee
8315,551,2,5,134.26,671.3,2025-08-17,Delivered,Jasontown,Tennessee
8316,43,181,3,86.64,259.92,2024-04-06,Delivered,Johnfort,North Carolina
8317,50,84,1,148.96,148.96,2025-05-11,Delivered,New Shannonhaven,Pennsylvania
8318,730,128,6,15.74,94.44,2024-02-03,Delivered,Richardside,South Dakota
8319,56,157,5,8.59,42.95,2025-07-13,Shipped,Lesliemouth,South Carolina
8320,328,20,2,34.83,69.66,2024-03-22,Delivered,East Nicholas,Massachusetts
8321,780,100,1,48.33,48.33,2025-09-01,Returned,Barrettfort,Maryland
8322,858,40,1,414.22,414.22,2025-05-22,Delivered,Matthewhaven,Idaho
8323,741,143,2,148.64,0.0,2024-10-12,Cancelled,Santosside,North Dakota
8324,276,194,4,39.19,156.76,2025-05-07,Delivered,Lake Katrinahaven,Pennsylvania
8325,808,88,1,548.48,548.48,2025-06-10,Processing,Russellfort,Arkansas
8326,336,84,3,148.96,446.88,2025-12-19,Delivered,West Tina,Pennsylvania
8327,81,109,1,115.28,115.28,2024-01-26,Delivered,Lucasshire,Massachusetts
8328,45,114,4,74.03,296.12,2024-08-26,Delivered,Melindaport,Pennsylvania
8329,817,24,3,180.09,540.27,2024-02-11,Shipped,Cameronfurt,New Hampshire
8330,947,154,3,42.12,126.36,2024-05-06,Delivered,Lopezberg,South Carolina
8331,844,102,3,16.48,49.44,2024-09-28,Delivered,Priscillafurt,Connecticut
8332,108,95,5,2.3,11.5,2025-07-29,Delivered,New Danny,Nevada
8333,535,88,1,548.48,548.48,2024-03-28,Delivered,Torresmouth,Washington
8334,910,40,2,414.22,828.44,2025-09-27,Delivered,Port Christopher,South Carolina
8335,620,81,2,51.28,102.56,2024-11-27,Returned,Lake Debrahaven,Alabama
8336,54,162,2,115.69,231.38,2025-08-02,Delivered,Leeburgh,Maine
8337,601,3,2,34.78,69.56,2025-11-23,Delivered,West Lisa,Colorado
8338,649,196,4,138.33,553.32,2025-05-08,Returned,East Jenniferfort,New Mexico
8339,622,103,3,42.88,128.64,2025-05-24,Delivered,Dianachester,Georgia
8340,849,16,3,53.79,161.37,2024-06-20,Delivered,Lake Brent,West Virginia
8341,182,156,3,76.9,230.7,2024-12-16,Delivered,Gregoryborough,North Dakota
8342,686,117,3,110.18,330.54,2025-08-24,Delivered,Port Patrick,Colorado
8343,633,196,4,138.33,553.32,2025-09-04,Delivered,Allenburgh,Michigan
8344,815,73,1,456.73,456.73,2025-08-08,Delivered,Lake Heatherchester,Connecticut
8345,726,84,2,148.96,297.92,2025-12-18,Delivered,Larsenshire,Pennsylvania
8346,543,89,1,695.64,695.64,2025-03-20,Delivered,Jasminport,Maryland
8347,796,6,2,1964.49,3928.98,2025-09-26,Delivered,Stephaniechester,Arkansas
8348,141,150,2,167.9,335.8,2024-09-06,Delivered,Port Jamesbury,Indiana
8349,337,142,3,241.68,725.04,2025-10-06,Delivered,Lake Jonathonfurt,Florida
8350,802,165,2,57.61,115.22,2025-01-13,Shipped,Lorifort,Missouri
8351,469,42,3,146.77,440.31,2025-06-06,Delivered,Joneshaven,Minnesota
8352,601,5,8,14.19,113.52,2024-11-19,Shipped,West Lisa,Colorado
8353,194,184,1,107.03,107.03,2025-07-25,Delivered,Donaldland,North Carolina
8354,553,93,4,130.28,521.12,2025-01-23,Delivered,Port Shelly,Illinois
8355,108,143,2,148.64,297.28,2025-03-10,Delivered,New Danny,Nevada
8356,486,94,1,41.9,41.9,2024-11-07,Delivered,Lake Dianeton,Illinois
8357,202,18,1,143.63,143.63,2025-05-09,Processing,North Jerry,Kentucky
8358,351,32,5,87.66,438.3,2024-05-10,Processing,Dianeborough,New Jersey
8359,22,66,2,235.08,470.16,2025-02-06,Processing,Brendastad,Nebraska
8360,141,70,6,29.96,179.76,2024-08-20,Delivered,Port Jamesbury,Indiana
8361,146,86,2,1337.83,2675.66,2025-11-20,Delivered,East Jasonmouth,South Dakota
8362,134,44,2,423.84,847.68,2024-06-04,Delivered,Kellyfurt,New Jersey
8363,674,175,4,58.63,234.52,2024-04-21,Delivered,New Robert,Michigan
8364,896,171,1,142.38,142.38,2024-11-28,Shipped,Randyhaven,Georgia
8365,111,72,7,9.09,63.63,2024-06-10,Shipped,Santosview,Florida
8366,979,31,3,50.16,150.48,2025-06-29,Delivered,Petersonfort,Georgia
8367,882,133,1,46.43,46.43,2025-10-04,Delivered,East Jenniferview,New York
8368,794,142,2,241.68,483.36,2024-04-16,Delivered,Shieldsmouth,Washington
8369,377,163,2,113.36,226.72,2024-10-08,Delivered,Williamsstad,Florida
8370,902,126,3,14.23,42.69,2025-10-28,Shipped,Matthewburgh,Hawaii
8371,947,10,2,107.87,215.74,2024-06-04,Delivered,Lopezberg,South Carolina
8372,878,193,3,69.03,207.09,2024-03-24,Shipped,Manningbury,West Virginia
8373,772,146,4,157.34,629.36,2024-06-07,Delivered,Longside,Idaho
8374,877,26,3,15.15,45.45,2024-11-21,Delivered,Hunterburgh,Arkansas
8375,735,5,12,14.19,170.28,2024-08-30,Delivered,West Tony,Oregon
8376,612,155,5,97.2,486.0,2025-06-15,Processing,Nicholasview,Illinois
8377,79,13,5,56.57,0.0,2025-03-12,Cancelled,Alexandriamouth,Indiana
8378,357,3,3,34.78,104.34,2025-05-25,Delivered,Lake Sheriside,Iowa
8379,346,37,4,110.69,442.76,2025-12-31,Shipped,Lonnieborough,Indiana
8380,318,135,2,144.51,289.02,2024-12-27,Delivered,South Caitlin,Nevada
8381,354,18,5,143.63,718.15,2024-07-16,Delivered,Bushton,South Dakota
8382,7,136,1,81.75,81.75,2024-01-23,Delivered,Kleinton,Tennessee
8383,400,141,4,55.53,222.12,2024-03-14,Delivered,Andersonside,Wyoming
8384,52,56,1,208.97,208.97,2024-06-27,Delivered,Lorifurt,Ohio
8385,310,24,2,180.09,360.18,2024-11-05,Delivered,Mitchellchester,Alaska
8386,736,165,3,57.61,172.83,2024-12-21,Delivered,Jamesport,Mississippi
8387,35,179,1,486.21,486.21,2024-02-04,Delivered,Ronaldberg,Delaware
8388,135,46,4,35.34,141.36,2025-06-10,Delivered,Maddoxville,Hawaii
8389,920,15,4,22.83,91.32,2025-01-22,Delivered,Lake Sandraland,Hawaii
8390,624,106,2,26.57,53.14,2024-03-23,Delivered,New Katherine,North Dakota
8391,715,174,2,194.56,389.12,2024-06-23,Delivered,North Nathanshire,Georgia
8392,26,72,5,9.09,45.45,2024-06-08,Delivered,Gregorychester,Arizona
8393,156,107,1,56.54,56.54,2025-12-09,Shipped,Pagemouth,Maine
8394,739,103,9,42.88,385.92,2025-03-01,Delivered,Lake Ronaldmouth,Virginia
8395,847,148,2,639.02,1278.04,2024-05-15,Delivered,South Stevenmouth,Kansas
8396,620,112,3,53.86,161.58,2024-12-29,Delivered,Lake Debrahaven,Alabama
8397,142,187,1,85.38,85.38,2025-11-24,Processing,Brittanytown,Nevada
8398,898,139,1,74.52,74.52,2025-05-11,Returned,Lukeberg,Michigan
8399,441,81,1,51.28,51.28,2024-07-15,Delivered,Franciscobury,Kansas
8400,101,161,8,33.62,268.96,2025-02-13,Delivered,Michellefort,Maine
8401,130,143,3,148.64,445.92,2024-05-09,Processing,South Derek,South Dakota
8402,16,94,4,41.9,167.6,2025-01-19,Shipped,Floresview,Vermont
8403,614,49,2,98.4,196.8,2024-11-02,Delivered,Delacruzberg,New Hampshire
8404,499,150,1,167.9,167.9,2025-01-17,Delivered,West Michael,Rhode Island
8405,445,143,1,148.64,148.64,2024-06-02,Delivered,Longshire,New Jersey
8406,337,139,3,74.52,223.56,2025-12-19,Delivered,Lake Jonathonfurt,Florida
8407,362,119,5,27.5,137.5,2024-09-02,Processing,West Annashire,Nevada
8408,121,70,6,29.96,179.76,2025-01-02,Processing,Morrisonshire,Pennsylvania
8409,122,86,1,1337.83,1337.83,2024-04-05,Delivered,Richardstad,Vermont
8410,4,158,2,34.1,68.2,2024-09-09,Returned,East Johnathan,Maine
8411,715,5,6,14.19,85.14,2025-06-24,Delivered,North Nathanshire,Georgia
8412,945,122,6,30.44,182.64,2024-01-22,Shipped,East Nataliefurt,California
8413,138,3,4,34.78,139.12,2025-02-07,Delivered,West Kimberlyberg,Louisiana
8414,712,49,1,98.4,98.4,2025-02-03,Delivered,Harrisborough,Tennessee
8415,857,141,3,55.53,0.0,2024-05-25,Cancelled,Jonesborough,South Dakota
8416,240,21,1,65.8,65.8,2024-02-26,Delivered,Schmidtchester,Michigan
8417,691,180,11,5.05,55.55,2025-06-29,Delivered,Melissamouth,West Virginia
8418,148,113,6,22.71,136.26,2025-11-27,Processing,Emmaton,North Carolina
8419,522,59,1,462.07,462.07,2024-04-06,Returned,Barkerfort,Wisconsin
8420,966,55,1,29.42,29.42,2025-03-04,Shipped,Port Dorisport,Connecticut
8421,717,50,9,23.62,212.58,2025-11-24,Delivered,Hallfurt,Illinois
8422,150,46,1,35.34,35.34,2025-02-24,Delivered,Jordantown,Kentucky
8423,158,51,4,45.28,181.12,2025-04-14,Processing,New Patrick,Indiana
8424,425,161,6,33.62,0.0,2025-08-26,Cancelled,Brettstad,New Hampshire
8425,473,20,4,34.83,139.32,2024-03-05,Delivered,Emilyburgh,Mississippi
8426,857,189,6,48.34,290.04,2024-09-17,Shipped,Jonesborough,South Dakota
8427,892,26,5,15.15,75.75,2025-07-05,Returned,Lake Anthony,Nevada
8428,750,189,1,48.34,48.34,2024-06-08,Delivered,East Meganland,North Dakota
8429,86,151,2,192.55,385.1,2025-06-02,Delivered,East Dawnmouth,Maine
8430,858,59,1,462.07,462.07,2024-11-03,Delivered,Matthewhaven,Idaho
8431,139,21,2,65.8,131.6,2025-08-05,Delivered,South Christopher,Nebraska
8432,630,110,2,26.8,53.6,2025-03-03,Returned,Port Lisa,Virginia
8433,331,174,2,194.56,0.0,2024-09-29,Cancelled,West Johnmouth,New Hampshire
8434,270,63,2,1487.23,2974.46,2024-01-04,Shipped,New Patricktown,Montana
8435,361,189,6,48.34,290.04,2025-06-13,Delivered,Kellerside,Utah
8436,805,77,1,5.4,5.4,2025-08-18,Delivered,Charleschester,New Jersey
8437,784,197,4,42.46,169.84,2025-10-10,Delivered,Kimberlytown,Oklahoma
8438,101,67,10,22.32,223.2,2024-07-31,Delivered,Michellefort,Maine
8439,215,37,4,110.69,442.76,2025-08-26,Shipped,West Jessica,California
8440,290,58,2,1142.69,2285.38,2025-05-18,Delivered,North Joseph,Illinois
8441,302,97,1,43.15,43.15,2024-11-08,Processing,Seanmouth,North Carolina
8442,944,17,1,625.15,625.15,2024-02-18,Delivered,Freemanfurt,Virginia
8443,234,97,5,43.15,0.0,2024-06-21,Cancelled,East Davidview,North Dakota
8444,169,110,5,26.8,134.0,2025-07-12,Delivered,Bartonland,Nevada
8445,634,198,1,473.82,473.82,2024-11-22,Delivered,South Ashleychester,Hawaii
8446,876,97,4,43.15,0.0,2024-07-23,Cancelled,North Susanville,Massachusetts
8447,908,131,1,917.21,917.21,2025-12-23,Delivered,Port Walter,Iowa
8448,847,71,2,311.35,622.7,2024-04-05,Delivered,South Stevenmouth,Kansas
8449,581,5,2,14.19,28.38,2024-04-16,Shipped,North Paula,New Jersey
8450,253,26,5,15.15,75.75,2025-03-27,Delivered,Leachton,New York
8451,411,183,3,258.69,776.07,2024-07-30,Delivered,Vasquezfurt,Massachusetts
8452,698,16,5,53.79,268.95,2024-10-12,Delivered,North Anthony,Massachusetts
8453,98,65,2,337.28,674.56,2025-11-23,Processing,Christopherburgh,Texas
8454,529,13,5,56.57,282.85,2025-06-13,Shipped,South Darrylberg,Colorado
8455,28,118,2,103.99,207.98,2025-10-04,Delivered,Lake Amy,Oklahoma
8456,773,170,3,81.2,243.6,2025-12-31,Returned,East Anthonychester,Massachusetts
8457,430,20,4,34.83,139.32,2024-10-04,Delivered,South Connor,Montana
8458,862,30,3,17.83,53.49,2024-10-31,Delivered,Lake Anthony,Oklahoma
8459,583,65,2,337.28,674.56,2024-08-25,Delivered,Port Alexandraland,Arkansas
8460,3,156,3,76.9,230.7,2024-11-30,Delivered,Tapiaburgh,New Hampshire
8461,333,125,1,24.59,24.59,2024-10-03,Shipped,Mooreview,West Virginia
8462,761,160,5,37.99,189.95,2024-10-03,Delivered,East Alexander,Oklahoma
8463,446,25,1,212.04,212.04,2024-07-07,Delivered,Lake Johnside,Delaware
8464,959,89,1,695.64,695.64,2025-04-22,Delivered,North Ericmouth,Arizona
8465,100,187,3,85.38,256.14,2025-06-13,Shipped,New Mike,Wisconsin
8466,435,130,2,87.12,174.24,2025-12-01,Returned,Sheilashire,Missouri
8467,538,75,1,51.24,51.24,2024-12-01,Delivered,Darrenmouth,West Virginia
8468,650,165,1,57.61,57.61,2025-10-02,Delivered,Alexanderside,West Virginia
8469,978,1,2,21.77,43.54,2025-02-19,Delivered,Owensmouth,Pennsylvania
8470,917,105,3,136.66,409.98,2025-01-19,Shipped,West Brian,Louisiana
8471,585,135,1,144.51,144.51,2024-07-15,Delivered,East Victoria,Rhode Island
8472,185,107,3,56.54,169.62,2025-12-19,Delivered,Tylerchester,California
8473,423,186,3,304.0,912.0,2025-12-17,Delivered,New Angelaburgh,Maine
8474,695,4,6,40.83,244.98,2025-05-09,Delivered,Brownhaven,Montana
8475,577,90,1,170.31,170.31,2024-09-19,Delivered,Sarahmouth,Arizona
8476,872,72,10,9.09,90.9,2025-05-06,Shipped,Joshuabury,Colorado
8477,241,18,1,143.63,143.63,2025-01-01,Delivered,Armstrongland,North Carolina
8478,270,12,1,899.79,899.79,2025-05-07,Delivered,New Patricktown,Montana
8479,819,192,2,16.8,33.6,2025-11-27,Delivered,Clarkhaven,Texas
8480,363,138,4,160.33,641.32,2025-07-10,Delivered,Mejiamouth,Massachusetts
8481,998,49,1,98.4,98.4,2024-01-24,Delivered,Hansonmouth,Iowa
8482,309,132,2,895.45,1790.9,2025-04-05,Delivered,New Cassidy,Rhode Island
8483,965,164,6,46.38,278.28,2024-07-09,Delivered,Lake Philipton,Mississippi
8484,956,168,3,16.61,0.0,2024-03-30,Cancelled,Wheelerchester,South Carolina
8485,897,86,1,1337.83,1337.83,2024-10-06,Delivered,Castrotown,Montana
8486,789,132,2,895.45,1790.9,2025-05-05,Delivered,South Markside,New York
8487,700,126,12,14.23,0.0,2024-08-14,Cancelled,North Robert,Wyoming
8488,596,104,1,1515.73,1515.73,2025-10-17,Delivered,Lake Michael,Colorado
8489,892,196,2,138.33,276.66,2025-06-22,Delivered,Lake Anthony,Nevada
8490,544,105,1,136.66,136.66,2025-05-02,Shipped,West Ryanton,Pennsylvania
8491,148,191,3,126.39,379.17,2025-04-01,Delivered,Emmaton,North Carolina
8492,59,21,2,65.8,131.6,2025-12-29,Delivered,South Paulmouth,Tennessee
8493,548,143,2,148.64,297.28,2024-12-05,Shipped,Port Joshuamouth,Idaho
8494,886,165,5,57.61,288.05,2024-02-16,Shipped,Lake Travisview,Texas
8495,546,111,2,93.95,187.9,2025-08-25,Delivered,South Austin,Nebraska
8496,92,121,1,6.52,6.52,2025-10-29,Delivered,Keithview,Michigan
8497,129,98,4,46.15,184.6,2025-05-24,Delivered,Johntown,Arkansas
8498,179,155,1,97.2,97.2,2024-11-09,Delivered,Crystalbury,Arizona
8499,677,105,2,136.66,273.32,2025-06-09,Delivered,Port Susanchester,West Virginia
8500,753,22,2,413.03,826.06,2024-06-19,Delivered,Monicafort,Hawaii
8501,82,153,2,98.25,196.5,2024-10-25,Shipped,Michaelland,Massachusetts
8502,937,70,5,29.96,0.0,2024-01-21,Cancelled,Howardland,Colorado
8503,922,44,2,423.84,847.68,2025-07-12,Delivered,Ivanmouth,Kansas
8504,80,11,5,50.75,253.75,2024-12-09,Delivered,Mooreside,Alaska
8505,85,111,2,93.95,187.9,2024-12-26,Delivered,New Stephanie,South Dakota
8506,781,175,1,58.63,58.63,2024-07-24,Delivered,South Brenda,Wisconsin
8507,555,170,5,81.2,406.0,2024-06-14,Delivered,Lake Marymouth,Illinois
8508,376,163,3,113.36,340.08,2025-04-07,Delivered,Terriland,Arkansas
8509,189,101,2,450.0,900.0,2024-03-13,Processing,East Jeremymouth,Nebraska
8510,607,49,1,98.4,98.4,2024-08-14,Processing,Walkertown,North Carolina
8511,180,43,1,102.37,102.37,2025-11-21,Returned,Butlermouth,Nebraska
8512,451,131,1,917.21,917.21,2025-06-11,Shipped,Port Lindsaymouth,New Hampshire
8513,639,124,2,108.4,216.8,2024-03-24,Delivered,East Jamesstad,Michigan
8514,161,106,5,26.57,132.85,2025-06-08,Delivered,Lake Amyberg,Ohio
8515,351,75,3,51.24,153.72,2025-07-12,Processing,Dianeborough,New Jersey
8516,61,63,2,1487.23,2974.46,2024-08-30,Delivered,Thomasborough,Arizona
8517,992,136,4,81.75,327.0,2025-07-13,Returned,Haleytown,Nebraska
8518,57,76,5,143.96,719.8,2025-08-14,Delivered,Port Alexisside,Nevada
8519,656,110,5,26.8,134.0,2025-12-23,Delivered,Danielleland,South Dakota
8520,475,156,1,76.9,76.9,2025-05-31,Delivered,Zimmermanfort,Alaska
8521,537,174,1,194.56,194.56,2024-12-21,Delivered,West Ryanton,West Virginia
8522,115,74,1,301.83,301.83,2024-08-18,Delivered,Henryfort,New York
8523,389,1,4,21.77,87.08,2025-06-03,Returned,Dennisberg,North Dakota
8524,135,142,2,241.68,483.36,2025-03-13,Processing,Maddoxville,Hawaii
8525,760,179,1,486.21,486.21,2025-07-08,Shipped,Perkinsside,South Dakota
8526,973,130,2,87.12,0.0,2025-10-29,Cancelled,Amandamouth,Texas
8527,450,145,1,88.28,88.28,2024-03-02,Delivered,New Brandonville,Ohio
8528,328,38,8,31.32,250.56,2024-07-13,Processing,East Nicholas,Massachusetts
8529,864,192,10,16.8,168.0,2024-09-19,Delivered,Jenniferport,West Virginia
8530,122,116,3,154.63,463.89,2024-07-13,Delivered,Richardstad,Vermont
8531,607,16,2,53.79,107.58,2024-09-11,Delivered,Walkertown,North Carolina
8532,508,117,1,110.18,0.0,2024-12-24,Cancelled,North Louis,South Dakota
8533,113,59,2,462.07,924.14,2025-10-25,Delivered,East Jamie,South Carolina
8534,616,67,8,22.32,178.56,2024-12-14,Delivered,New Amanda,Nevada
8535,383,36,4,193.51,774.04,2025-06-19,Delivered,Port Kathleenfort,Hawaii
8536,571,53,2,75.3,150.6,2025-11-20,Delivered,Wardbury,Michigan
8537,248,191,3,126.39,379.17,2025-12-29,Delivered,West Kaylabury,Vermont
8538,114,180,11,5.05,55.55,2024-08-08,Processing,Dawsonhaven,Colorado
8539,58,110,1,26.8,26.8,2024-01-19,Delivered,West Teresaland,Illinois
8540,527,50,3,23.62,70.86,2024-08-29,Processing,South Susanfort,Nebraska
8541,110,70,5,29.96,149.8,2024-04-29,Delivered,Breannafurt,New Jersey
8542,600,57,3,115.26,345.78,2024-02-20,Delivered,South Christopherfort,Massachusetts
8543,18,103,1,42.88,0.0,2025-10-08,Cancelled,East Brian,New Hampshire
8544,697,185,4,141.13,564.52,2024-02-22,Delivered,East Jasonville,Kansas
8545,387,62,4,99.97,399.88,2024-09-17,Delivered,Doughertyfort,North Dakota
8546,26,178,2,11.5,23.0,2025-01-06,Delivered,Gregorychester,Arizona
8547,556,136,1,81.75,81.75,2024-02-28,Shipped,North Kimberly,Delaware
8548,538,127,3,150.5,451.5,2024-02-22,Delivered,Darrenmouth,West Virginia
8549,851,89,2,695.64,1391.28,2025-05-21,Delivered,South Laurastad,North Carolina
8550,639,21,1,65.8,65.8,2024-06-29,Delivered,East Jamesstad,Michigan
8551,763,33,1,1077.68,1077.68,2024-05-18,Returned,Franklinville,Washington
8552,687,100,2,48.33,96.66,2025-03-09,Delivered,Robertsberg,California
8553,375,133,2,46.43,92.86,2024-01-07,Delivered,Murrayborough,Tennessee
8554,31,8,2,80.04,160.08,2025-11-21,Delivered,Eugeneport,Nebraska
8555,484,102,4,16.48,0.0,2025-12-22,Cancelled,Port Brandi,Kansas
8556,660,107,2,56.54,113.08,2025-11-19,Shipped,South Jessicachester,Alabama
8557,25,86,2,1337.83,2675.66,2025-05-31,Delivered,North Tonya,Arkansas
8558,330,189,5,48.34,241.7,2024-06-25,Delivered,Hamiltonmouth,Utah
8559,636,91,3,222.92,668.76,2024-09-22,Delivered,North Anna,Missouri
8560,542,91,3,222.92,668.76,2024-02-05,Delivered,Chavezburgh,Michigan
8561,604,63,2,1487.23,2974.46,2025-08-18,Delivered,Ericview,Maine
8562,973,6,2,1964.49,3928.98,2025-03-25,Shipped,Amandamouth,Texas
8563,514,175,3,58.63,175.89,2024-10-23,Delivered,Leeport,North Dakota
8564,643,6,2,1964.49,3928.98,2024-11-08,Delivered,Vanessatown,Mississippi
8565,353,52,5,27.18,135.9,2025-11-19,Delivered,West Georgeton,Michigan
8566,779,36,3,193.51,580.53,2024-07-14,Delivered,Timothyside,California
8567,668,62,4,99.97,399.88,2025-10-27,Delivered,South Miguel,Ohio
8568,170,47,2,188.28,376.56,2025-05-16,Delivered,Tonyshire,Virginia
8569,565,156,2,76.9,153.8,2024-12-02,Delivered,East Tara,Nebraska
8570,80,29,3,264.9,794.7,2024-05-04,Delivered,Mooreside,Alaska
8571,311,55,2,29.42,58.84,2024-11-03,Delivered,South Philipland,Texas
8572,908,40,2,414.22,828.44,2024-03-11,Delivered,Port Walter,Iowa
8573,112,79,1,383.68,383.68,2024-03-12,Delivered,Roberttown,Texas
8574,305,134,6,53.71,0.0,2025-01-29,Cancelled,Thomasville,Virginia
8575,567,100,2,48.33,96.66,2025-02-18,Delivered,Whiteheadmouth,Tennessee
8576,432,144,9,37.02,333.18,2025-04-28,Delivered,Lake Rachelberg,Hawaii
8577,823,99,3,135.17,405.51,2025-10-13,Delivered,New James,Virginia
8578,431,115,4,98.26,393.04,2025-05-18,Shipped,Lorifort,Vermont
8579,892,34,5,24.01,120.05,2025-08-27,Shipped,Lake Anthony,Nevada
8580,669,135,2,144.51,289.02,2024-11-24,Delivered,East Dustinburgh,Maine
8581,870,85,1,490.6,490.6,2025-03-31,Delivered,Stanleychester,Nevada
8582,876,41,1,238.94,238.94,2025-09-12,Delivered,North Susanville,Massachusetts
8583,271,122,2,30.44,60.88,2025-10-15,Delivered,West Robin,North Dakota
8584,346,163,3,113.36,340.08,2025-10-15,Delivered,Lonnieborough,Indiana
8585,786,25,3,212.04,636.12,2024-04-07,Processing,Port Donald,Iowa
8586,28,3,4,34.78,139.12,2024-07-28,Delivered,Lake Amy,Oklahoma
8587,690,116,2,154.63,309.26,2025-03-25,Delivered,New Tiffany,Arizona
8588,522,119,4,27.5,110.0,2025-04-18,Delivered,Barkerfort,Wisconsin
8589,756,92,4,11.68,46.72,2025-01-10,Delivered,Dianaville,Iowa
8590,665,73,1,456.73,456.73,2025-05-16,Shipped,Desireemouth,Maine
8591,281,84,4,148.96,595.84,2024-08-05,Delivered,Joeton,New Hampshire
8592,278,160,5,37.99,189.95,2024-07-08,Processing,Butlerton,California
8593,597,188,2,102.39,204.78,2024-04-12,Delivered,West Adamton,Tennessee
8594,665,90,3,170.31,510.93,2024-02-19,Delivered,Desireemouth,Maine
8595,254,121,12,6.52,78.24,2025-01-13,Shipped,West Danielle,Nebraska
8596,582,20,1,34.83,34.83,2025-03-05,Delivered,Port Amy,Indiana
8597,122,177,2,1488.3,2976.6,2025-10-19,Processing,Richardstad,Vermont
8598,805,30,2,17.83,35.66,2024-01-02,Delivered,Charleschester,New Jersey
8599,233,16,1,53.79,0.0,2024-01-28,Cancelled,Leland,New York
8600,353,56,1,208.97,208.97,2025-03-14,Delivered,West Georgeton,Michigan
8601,319,175,2,58.63,117.26,2024-08-26,Delivered,West Rachel,Delaware
8602,444,41,3,238.94,716.82,2025-07-24,Delivered,Davidfort,New Hampshire
8603,944,155,1,97.2,97.2,2024-04-19,Shipped,Freemanfurt,Virginia
8604,755,76,2,143.96,287.92,2024-12-14,Shipped,Jasonmouth,Vermont
8605,363,43,3,102.37,307.11,2024-10-29,Delivered,Mejiamouth,Massachusetts
8606,781,22,3,413.03,0.0,2024-08-02,Cancelled,South Brenda,Wisconsin
8607,8,62,3,99.97,299.91,2024-04-09,Delivered,North Nathan,Nevada
8608,986,54,6,7.54,45.24,2024-01-18,Delivered,South Michaelville,Louisiana
8609,687,12,1,899.79,899.79,2025-05-06,Shipped,Robertsberg,California
8610,314,173,4,63.4,253.6,2025-03-01,Processing,Port Marc,Rhode Island
8611,893,115,3,98.26,294.78,2025-09-12,Processing,Daniellefort,Oklahoma
8612,313,154,1,42.12,42.12,2025-08-28,Delivered,Hernandezberg,North Carolina
8613,269,56,2,208.97,417.94,2025-08-21,Delivered,New Courtneyview,Tennessee
8614,232,48,3,46.46,139.38,2025-12-22,Delivered,Garyfort,Hawaii
8615,977,13,5,56.57,282.85,2025-06-22,Delivered,New Keith,Oregon
8616,400,74,2,301.83,0.0,2024-12-02,Cancelled,Andersonside,Wyoming
8617,419,116,3,154.63,463.89,2025-09-04,Processing,Deannaburgh,Missouri
8618,18,36,3,193.51,580.53,2025-10-10,Delivered,East Brian,New Hampshire
8619,187,104,1,1515.73,1515.73,2025-11-12,Delivered,Onealfurt,Florida
8620,717,8,3,80.04,240.12,2025-07-22,Shipped,Hallfurt,Illinois
8621,161,67,3,22.32,66.96,2025-11-07,Processing,Lake Amyberg,Ohio
8622,155,122,5,30.44,152.2,2025-11-12,Delivered,North Codybury,Pennsylvania
8623,675,159,2,28.19,56.38,2024-07-03,Delivered,Butlerchester,Iowa
8624,234,28,4,84.71,338.84,2025-08-28,Delivered,East Davidview,North Dakota
8625,47,7,5,43.74,218.7,2025-10-06,Shipped,South Kristin,California
8626,338,114,4,74.03,296.12,2025-11-05,Delivered,Dennisstad,Hawaii
8627,761,167,2,243.83,487.66,2024-02-08,Delivered,East Alexander,Oklahoma
8628,53,36,4,193.51,774.04,2025-06-12,Delivered,Port Kylebury,Ohio
8629,338,39,1,35.25,35.25,2025-07-18,Delivered,Dennisstad,Hawaii
8630,554,83,5,9.9,49.5,2024-04-22,Delivered,Zimmermanmouth,Vermont
8631,612,179,3,486.21,1458.63,2025-02-02,Delivered,Nicholasview,Illinois
8632,415,142,1,241.68,241.68,2024-06-19,Delivered,South Justin,Mississippi
8633,433,45,5,57.4,287.0,2025-11-19,Delivered,Port Diana,Mississippi
8634,105,75,3,51.24,153.72,2024-08-30,Delivered,South Lisa,Rhode Island
8635,709,111,4,93.95,375.8,2024-03-12,Delivered,South Patricia,New York
8636,647,182,2,675.46,1350.92,2025-07-08,Delivered,Patelbury,Missouri
8637,934,36,4,193.51,774.04,2024-04-02,Delivered,Heatherside,Hawaii
8638,192,53,2,75.3,150.6,2024-11-16,Processing,West Jenniferfort,Kentucky
8639,500,19,1,342.31,342.31,2024-03-13,Delivered,Heidimouth,Arizona
8640,712,99,3,135.17,405.51,2025-12-18,Delivered,Harrisborough,Tennessee
8641,46,150,2,167.9,335.8,2025-06-04,Delivered,West Victoriastad,Minnesota
8642,154,191,2,126.39,252.78,2025-08-15,Processing,Port Kaylabury,New Hampshire
8643,733,20,2,34.83,69.66,2024-06-15,Shipped,South Rebecca,Maine
8644,57,156,2,76.9,153.8,2025-06-07,Shipped,Port Alexisside,Nevada
8645,224,4,4,40.83,163.32,2024-11-27,Shipped,Larsonshire,Connecticut
8646,444,199,4,97.62,390.48,2024-10-27,Delivered,Davidfort,New Hampshire
8647,483,180,3,5.05,15.15,2025-07-06,Processing,Williamport,Iowa
8648,253,106,1,26.57,26.57,2025-12-24,Processing,Leachton,New York
8649,502,182,1,675.46,675.46,2025-01-07,Delivered,Port Arielside,West Virginia
8650,691,11,5,50.75,253.75,2025-11-08,Shipped,Melissamouth,West Virginia
8651,369,175,4,58.63,234.52,2024-10-02,Delivered,Ryanport,Vermont
8652,146,147,1,487.95,487.95,2025-03-19,Delivered,East Jasonmouth,South Dakota
8653,121,82,12,29.07,348.84,2024-07-04,Returned,Morrisonshire,Pennsylvania
8654,116,190,1,11.07,11.07,2025-01-22,Delivered,Patriciashire,Utah
8655,217,45,4,57.4,229.6,2024-06-25,Delivered,Aguilarchester,Nevada
8656,443,55,3,29.42,0.0,2024-08-07,Cancelled,Hamiltonchester,Maryland
8657,95,174,1,194.56,194.56,2024-02-08,Delivered,Lake Kathleenland,Colorado
8658,148,161,11,33.62,369.82,2024-01-19,Processing,Emmaton,North Carolina
8659,575,133,5,46.43,232.15,2024-02-15,Delivered,West Elizabethstad,Utah
8660,106,37,5,110.69,553.45,2025-01-21,Delivered,South Justin,Georgia
8661,22,79,2,383.68,767.36,2024-12-03,Delivered,Brendastad,Nebraska
8662,242,128,1,15.74,15.74,2025-11-08,Returned,Isaacburgh,Connecticut
8663,265,2,1,134.26,134.26,2024-03-09,Delivered,New Michael,Wisconsin
8664,877,93,5,130.28,651.4,2025-09-02,Delivered,Hunterburgh,Arkansas
8665,877,29,3,264.9,794.7,2024-02-09,Returned,Hunterburgh,Arkansas
8666,308,161,5,33.62,168.1,2024-04-08,Processing,Klinebury,Wisconsin
8667,661,61,10,24.62,246.2,2025-06-16,Delivered,Nicoletown,New Hampshire
8668,815,59,2,462.07,924.14,2024-03-01,Delivered,Lake Heatherchester,Connecticut
8669,190,2,3,134.26,402.78,2025-06-10,Delivered,South Taylorfurt,New Mexico
8670,194,60,1,493.39,493.39,2025-04-22,Delivered,Donaldland,North Carolina
8671,809,47,1,188.28,188.28,2025-10-20,Shipped,Delgadomouth,New Mexico
8672,529,148,1,639.02,639.02,2025-06-14,Delivered,South Darrylberg,Colorado
8673,997,18,3,143.63,430.89,2024-08-06,Delivered,Latoyahaven,Alabama
8674,362,159,5,28.19,140.95,2025-03-03,Delivered,West Annashire,Nevada
8675,587,91,3,222.92,668.76,2025-01-20,Delivered,North Matthewland,Maine
8676,143,81,3,51.28,153.84,2025-11-12,Delivered,North Jake,Idaho
8677,76,72,5,9.09,45.45,2024-03-21,Delivered,East Maria,Nevada
8678,68,188,3,102.39,307.17,2025-09-08,Returned,Charlesfort,Alaska
8679,978,86,2,1337.83,2675.66,2024-10-22,Delivered,Owensmouth,Pennsylvania
8680,649,180,1,5.05,0.0,2024-08-16,Cancelled,East Jenniferfort,New Mexico
8681,434,130,3,87.12,261.36,2025-05-06,Delivered,North Stevenmouth,Nebraska
8682,441,11,1,50.75,0.0,2024-04-30,Cancelled,Franciscobury,Kansas
8683,291,39,6,35.25,0.0,2024-09-09,Cancelled,North Patricia,Vermont
8684,482,65,2,337.28,674.56,2024-08-11,Delivered,South Calebshire,Illinois
8685,740,5,11,14.19,0.0,2025-04-23,Cancelled,Lake Marilyn,Wisconsin
8686,850,49,1,98.4,98.4,2024-01-02,Shipped,Goodwinside,West Virginia
8687,606,101,1,450.0,450.0,2024-01-05,Delivered,Port Sarah,New Mexico
8688,756,124,2,108.4,216.8,2025-08-02,Delivered,Dianaville,Iowa
8689,666,144,10,37.02,370.2,2025-04-15,Shipped,North Codychester,Utah
8690,931,31,1,50.16,50.16,2025-09-22,Processing,New Johnshire,Massachusetts
8691,714,190,2,11.07,22.14,2024-11-11,Delivered,Port Markshire,Minnesota
8692,441,66,1,235.08,235.08,2025-04-10,Delivered,Franciscobury,Kansas
8693,804,71,1,311.35,311.35,2025-03-02,Delivered,South Rebecca,South Carolina
8694,915,119,2,27.5,55.0,2024-04-06,Processing,Mccormickhaven,Ohio
8695,314,66,1,235.08,235.08,2025-07-21,Delivered,Port Marc,Rhode Island
8696,598,23,4,16.35,65.4,2024-01-15,Returned,East Tannerview,Oklahoma
8697,752,152,3,105.39,316.17,2024-05-30,Processing,Port Denise,North Dakota
8698,102,169,1,175.75,175.75,2024-03-18,Delivered,Haileyburgh,Texas
8699,46,42,3,146.77,0.0,2025-02-15,Cancelled,West Victoriastad,Minnesota
8700,183,62,3,99.97,299.91,2025-10-10,Delivered,South Shane,Kansas
8701,886,94,2,41.9,83.8,2025-09-03,Delivered,Lake Travisview,Texas
8702,14,83,7,9.9,69.3,2025-10-05,Delivered,Lake Peterfort,Ohio
8703,736,130,2,87.12,174.24,2024-11-02,Delivered,Jamesport,Mississippi
8704,80,75,1,51.24,51.24,2024-09-24,Shipped,Mooreside,Alaska
8705,922,69,3,12.9,38.7,2025-02-23,Delivered,Ivanmouth,Kansas
8706,668,48,7,46.46,325.22,2025-07-02,Delivered,South Miguel,Ohio
8707,164,35,2,179.74,359.48,2024-11-15,Shipped,Port Stacystad,Vermont
8708,736,99,4,135.17,540.68,2024-04-28,Delivered,Jamesport,Mississippi
8709,226,166,1,80.7,80.7,2025-05-30,Shipped,Josephview,Florida
8710,132,74,2,301.83,603.66,2024-02-20,Processing,South Jason,Wyoming
8711,268,132,1,895.45,895.45,2025-12-22,Delivered,Hallchester,Pennsylvania
8712,745,142,2,241.68,483.36,2024-05-13,Delivered,Steinport,Florida
8713,782,161,1,33.62,33.62,2024-03-04,Delivered,Darrenton,New York
8714,871,20,3,34.83,104.49,2025-10-13,Returned,South Sarah,Alabama
8715,629,40,3,414.22,1242.66,2024-04-03,Shipped,Jonesburgh,New Hampshire
8716,624,105,2,136.66,273.32,2024-10-28,Delivered,New Katherine,North Dakota
8717,279,80,11,31.23,343.53,2024-03-14,Returned,Port Bradley,Florida
8718,848,190,1,11.07,11.07,2025-06-16,Delivered,East Jacob,Wisconsin
8719,357,173,5,63.4,317.0,2024-08-20,Delivered,Lake Sheriside,Iowa
8720,247,197,5,42.46,212.3,2025-04-16,Returned,Morrisonbury,Nebraska
8721,842,186,1,304.0,304.0,2025-01-12,Delivered,Williamhaven,Utah
8722,876,26,2,15.15,30.3,2024-09-15,Processing,North Susanville,Massachusetts
8723,245,167,2,243.83,487.66,2024-02-20,Delivered,Martinezfort,Idaho
8724,108,98,4,46.15,184.6,2025-07-11,Delivered,New Danny,Nevada
8725,628,184,1,107.03,107.03,2024-03-19,Shipped,New Sarahton,Idaho
8726,170,3,1,34.78,34.78,2025-05-20,Delivered,Tonyshire,Virginia
8727,146,48,7,46.46,325.22,2024-09-27,Delivered,East Jasonmouth,South Dakota
8728,645,72,5,9.09,45.45,2024-05-04,Delivered,New Antonioport,North Carolina
8729,757,162,2,115.69,0.0,2025-01-29,Cancelled,Valenciachester,Florida
8730,250,36,2,193.51,387.02,2025-12-13,Delivered,West Jesseview,Tennessee
8731,262,70,2,29.96,59.92,2025-03-01,Delivered,Odomtown,Massachusetts
8732,975,196,3,138.33,414.99,2025-07-07,Delivered,North Peter,Michigan
8733,188,122,5,30.44,152.2,2025-02-03,Delivered,Jackside,Arizona
8734,154,11,6,50.75,304.5,2025-02-12,Delivered,Port Kaylabury,New Hampshire
8735,681,8,1,80.04,80.04,2024-05-23,Delivered,Christineburgh,Virginia
8736,284,30,1,17.83,17.83,2025-01-28,Delivered,East Angel,Missouri
8737,625,63,2,1487.23,0.0,2024-04-23,Cancelled,Sarafort,Michigan
8738,414,26,5,15.15,75.75,2024-04-25,Processing,Williamton,Virginia
8739,243,50,8,23.62,188.96,2024-06-30,Shipped,Port Danielland,Washington
8740,600,134,5,53.71,268.55,2025-02-09,Delivered,South Christopherfort,Massachusetts
8741,170,138,3,160.33,480.99,2024-09-28,Delivered,Tonyshire,Virginia
8742,969,45,2,57.4,114.8,2024-12-22,Delivered,North Amyton,Ohio
8743,113,72,7,9.09,63.63,2025-12-08,Delivered,East Jamie,South Carolina
8744,672,91,3,222.92,668.76,2024-02-15,Delivered,Lake Jamesland,Wyoming
8745,35,186,1,304.0,304.0,2025-07-22,Delivered,Ronaldberg,Delaware
8746,3,195,2,32.25,64.5,2025-08-18,Delivered,Tapiaburgh,New Hampshire
8747,378,134,6,53.71,322.26,2024-05-06,Delivered,Cameronborough,Virginia
8748,939,194,1,39.19,39.19,2025-12-31,Delivered,South Jennifer,California
8749,631,73,1,456.73,456.73,2024-04-13,Delivered,Amandamouth,Oregon
8750,111,63,2,1487.23,2974.46,2024-05-12,Processing,Santosview,Florida
8751,532,38,12,31.32,375.84,2024-12-20,Delivered,Andersonborough,Wisconsin
8752,652,130,3,87.12,261.36,2025-01-29,Delivered,Rachelfort,Missouri
8753,1,72,12,9.09,109.08,2024-09-13,Delivered,Port Jennifer,Pennsylvania
8754,634,162,4,115.69,462.76,2025-05-28,Delivered,South Ashleychester,Hawaii
8755,954,98,1,46.15,46.15,2025-10-24,Returned,Natalieville,New Mexico
8756,705,147,1,487.95,487.95,2025-08-30,Delivered,Port Coryport,Nevada
8757,724,44,2,423.84,847.68,2025-07-18,Returned,Lake Stephen,Wisconsin
8758,450,100,2,48.33,96.66,2024-06-03,Processing,New Brandonville,Ohio
8759,10,15,3,22.83,68.49,2024-10-18,Delivered,South Michaelville,Illinois
8760,397,93,4,130.28,0.0,2024-02-12,Cancelled,East Robertview,Virginia
8761,415,70,5,29.96,149.8,2025-10-31,Delivered,South Justin,Mississippi
8762,344,156,3,76.9,230.7,2024-02-23,Delivered,Deborahchester,Virginia
8763,561,96,3,286.65,859.95,2025-05-16,Delivered,West Robinland,Pennsylvania
8764,223,65,1,337.28,337.28,2024-12-27,Delivered,Fostershire,Maryland
8765,447,190,2,11.07,22.14,2025-03-31,Delivered,North Toddburgh,Virginia
8766,371,193,3,69.03,207.09,2025-06-12,Shipped,West Nicole,Wyoming
8767,698,198,2,473.82,947.64,2025-11-14,Delivered,North Anthony,Massachusetts
8768,630,73,1,456.73,456.73,2024-12-20,Delivered,Port Lisa,Virginia
8769,806,124,1,108.4,108.4,2024-07-05,Delivered,Williamsville,Alabama
8770,995,67,10,22.32,223.2,2024-04-02,Delivered,East Michael,New Mexico
8771,673,12,2,899.79,1799.58,2025-11-22,Returned,Josefurt,Montana
8772,939,31,2,50.16,100.32,2024-03-20,Delivered,South Jennifer,California
8773,623,33,2,1077.68,2155.36,2025-02-25,Delivered,South Antonio,Maine
8774,642,123,2,271.01,542.02,2024-08-18,Delivered,Anneborough,New York
8775,879,159,6,28.19,169.14,2025-05-24,Delivered,Watsonport,Kentucky
8776,641,123,3,271.01,813.03,2025-09-24,Delivered,West Joshuafort,New York
8777,715,179,1,486.21,486.21,2025-04-11,Delivered,North Nathanshire,Georgia
8778,280,91,3,222.92,668.76,2025-06-07,Delivered,Samanthaland,South Dakota
8779,594,199,3,97.62,292.86,2024-11-10,Delivered,Chenberg,Pennsylvania
8780,811,169,1,175.75,175.75,2024-11-26,Delivered,Julialand,New Mexico
8781,180,16,1,53.79,53.79,2025-11-10,Delivered,Butlermouth,Nebraska
8782,678,189,5,48.34,241.7,2024-08-06,Delivered,East Charlesstad,South Dakota
8783,348,39,4,35.25,141.0,2025-07-01,Shipped,Scottberg,Kansas
8784,547,166,1,80.7,80.7,2025-06-30,Shipped,Annport,Florida
8785,347,179,1,486.21,486.21,2024-10-09,Delivered,Donnaville,Colorado
8786,655,118,1,103.99,103.99,2024-07-24,Delivered,North Joshuaside,Alaska
8787,942,120,1,1304.73,1304.73,2024-01-23,Delivered,Jesseside,Ohio
8788,201,117,3,110.18,330.54,2025-10-17,Processing,New Brendamouth,New Hampshire
8789,400,28,4,84.71,338.84,2024-07-30,Shipped,Andersonside,Wyoming
8790,342,154,4,42.12,168.48,2024-11-20,Delivered,North Diana,South Dakota
8791,417,119,12,27.5,330.0,2025-12-29,Shipped,South Aaron,South Carolina
8792,985,52,3,27.18,81.54,2025-03-07,Processing,Cruzton,Missouri
8793,275,11,6,50.75,304.5,2025-10-24,Delivered,Markfort,Michigan
8794,260,29,1,264.9,264.9,2024-08-01,Delivered,Shelbyburgh,Connecticut
8795,317,87,2,29.52,59.04,2024-03-17,Shipped,New Tylerburgh,Wisconsin
8796,849,171,5,142.38,711.9,2025-09-23,Delivered,Lake Brent,West Virginia
8797,531,91,2,222.92,445.84,2025-10-28,Delivered,North Todd,Maryland
8798,988,78,4,5.17,20.68,2025-08-10,Delivered,Jonesfurt,Missouri
8799,198,37,3,110.69,332.07,2024-12-16,Delivered,Andrewmouth,Texas
8800,296,197,5,42.46,212.3,2025-03-01,Delivered,Port Samuelton,Mississippi
8801,196,138,2,160.33,320.66,2025-11-21,Delivered,Port George,North Carolina
8802,982,109,1,115.28,115.28,2024-12-29,Delivered,West Kimberly,Massachusetts
8803,137,28,2,84.71,169.42,2025-03-27,Delivered,Port Miguelfort,Iowa
8804,697,22,1,413.03,413.03,2025-06-04,Delivered,East Jasonville,Kansas
8805,449,166,1,80.7,80.7,2024-08-10,Returned,Justinhaven,Iowa
8806,874,137,1,484.65,484.65,2024-09-09,Processing,North Josephland,Massachusetts
8807,677,30,1,17.83,17.83,2025-11-11,Delivered,Port Susanchester,West Virginia
8808,39,104,2,1515.73,3031.46,2025-02-19,Shipped,East Alexandra,South Carolina
8809,686,70,6,29.96,179.76,2025-04-03,Shipped,Port Patrick,Colorado
8810,518,7,4,43.74,174.96,2025-09-27,Delivered,Hopkinstown,Florida
8811,923,119,6,27.5,165.0,2025-11-07,Delivered,East Anaborough,New Mexico
8812,12,72,2,9.09,0.0,2025-08-27,Cancelled,Floresland,Virginia
8813,390,176,3,98.52,295.56,2024-12-17,Delivered,Nicoleshire,Louisiana
8814,709,121,2,6.52,13.04,2025-08-28,Delivered,South Patricia,New York
8815,148,133,2,46.43,92.86,2025-04-13,Delivered,Emmaton,North Carolina
8816,360,189,2,48.34,0.0,2024-07-24,Cancelled,North Georgeside,Louisiana
8817,885,112,1,53.86,53.86,2024-09-24,Delivered,Austinland,Arkansas
8818,829,52,1,27.18,27.18,2024-12-22,Delivered,Andersonfurt,Ohio
8819,185,33,2,1077.68,2155.36,2024-11-11,Processing,Tylerchester,California
8820,209,35,3,179.74,539.22,2025-09-17,Delivered,Vickiestad,Louisiana
8821,268,4,3,40.83,122.49,2025-03-25,Delivered,Hallchester,Pennsylvania
8822,109,150,3,167.9,503.7,2025-03-04,Delivered,Maciaschester,Utah
8823,766,39,3,35.25,105.75,2025-07-02,Delivered,New Dianaberg,Alabama
8824,725,32,3,87.66,262.98,2024-12-06,Delivered,Lake Leslie,Ohio
8825,550,21,2,65.8,131.6,2025-06-11,Shipped,South Jonathanville,New Mexico
8826,833,55,1,29.42,0.0,2024-12-25,Cancelled,Jonesfurt,Missouri
8827,332,71,3,311.35,934.05,2024-02-26,Delivered,East Timothy,Tennessee
8828,938,105,4,136.66,546.64,2025-06-14,Processing,Mortonville,Alaska
8829,649,191,2,126.39,252.78,2025-12-30,Delivered,East Jenniferfort,New Mexico
8830,207,130,2,87.12,174.24,2024-12-16,Delivered,Port Seth,Virginia
8831,48,114,4,74.03,0.0,2025-07-05,Cancelled,Port Vanessa,Illinois
8832,653,71,1,311.35,311.35,2024-05-07,Delivered,West Jeremyville,Oregon
8833,835,161,5,33.62,168.1,2025-10-01,Delivered,Stephenstown,Arkansas
8834,149,178,1,11.5,11.5,2024-05-09,Shipped,New Ann,Kentucky
8835,285,54,8,7.54,60.32,2024-05-20,Shipped,Tuckerview,Connecticut
8836,262,134,1,53.71,53.71,2024-11-21,Delivered,Odomtown,Massachusetts
8837,775,76,4,143.96,575.84,2024-12-31,Delivered,Davidtown,Nebraska
8838,500,163,4,113.36,453.44,2024-04-01,Delivered,Heidimouth,Arizona
8839,190,62,4,99.97,399.88,2025-06-30,Delivered,South Taylorfurt,New Mexico
8840,752,86,2,1337.83,0.0,2024-07-26,Cancelled,Port Denise,North Dakota
8841,598,67,8,22.32,178.56,2024-08-22,Delivered,East Tannerview,Oklahoma
8842,943,3,1,34.78,34.78,2025-05-01,Processing,Paulville,Texas
8843,498,62,5,99.97,499.85,2025-07-31,Shipped,North Cassandra,Illinois
8844,265,55,3,29.42,88.26,2025-10-07,Shipped,New Michael,Wisconsin
8845,551,53,2,75.3,150.6,2024-05-04,Delivered,Jasontown,Tennessee
8846,141,93,2,130.28,0.0,2025-12-28,Cancelled,Port Jamesbury,Indiana
8847,172,25,2,212.04,424.08,2024-02-20,Delivered,West Miguelview,Arizona
8848,470,43,1,102.37,102.37,2025-01-30,Delivered,Watsonville,Montana
8849,194,85,2,490.6,981.2,2024-10-25,Delivered,Donaldland,North Carolina
8850,815,161,7,33.62,235.34,2024-10-01,Shipped,Lake Heatherchester,Connecticut
8851,368,35,3,179.74,539.22,2025-04-01,Shipped,Port Davidside,Oregon
8852,555,47,2,188.28,376.56,2025-02-22,Delivered,Lake Marymouth,Illinois
8853,455,186,3,304.0,912.0,2024-10-12,Shipped,Lake Cynthiaborough,Louisiana
8854,811,99,1,135.17,135.17,2024-07-22,Delivered,Julialand,New Mexico
8855,208,32,4,87.66,350.64,2025-01-07,Delivered,Christystad,Illinois
8856,864,112,2,53.86,107.72,2024-09-02,Delivered,Jenniferport,West Virginia
8857,864,69,1,12.9,12.9,2024-10-05,Shipped,Jenniferport,West Virginia
8858,605,26,1,15.15,15.15,2024-10-11,Delivered,Rodriguezland,New Mexico
8859,616,118,1,103.99,103.99,2024-02-12,Shipped,New Amanda,Nevada
8860,832,91,3,222.92,668.76,2024-08-06,Delivered,New Richard,North Carolina
8861,510,115,5,98.26,491.3,2024-09-07,Delivered,Nolanberg,Illinois
8862,832,172,2,84.77,169.54,2024-09-24,Delivered,New Richard,North Carolina
8863,123,178,3,11.5,34.5,2025-02-12,Delivered,West Steven,North Carolina
8864,689,182,1,675.46,675.46,2025-08-30,Processing,West Jillhaven,New York
8865,410,31,2,50.16,100.32,2024-08-12,Delivered,Davidbury,Arizona
8866,113,122,1,30.44,30.44,2024-01-18,Delivered,East Jamie,South Carolina
8867,54,58,1,1142.69,1142.69,2025-03-09,Delivered,Leeburgh,Maine
8868,636,129,3,165.48,496.44,2024-05-14,Delivered,North Anna,Missouri
8869,174,28,1,84.71,84.71,2025-07-20,Delivered,Simpsonchester,Virginia
8870,135,171,1,142.38,142.38,2025-02-17,Delivered,Maddoxville,Hawaii
8871,977,163,4,113.36,453.44,2025-11-29,Delivered,New Keith,Oregon
8872,677,197,4,42.46,169.84,2024-04-01,Delivered,Port Susanchester,West Virginia
8873,662,11,6,50.75,304.5,2025-04-14,Delivered,Robbinsstad,South Carolina
8874,30,189,3,48.34,145.02,2025-06-10,Delivered,Davidview,Iowa
8875,702,98,5,46.15,230.75,2025-04-12,Shipped,Greenside,New York
8876,961,50,6,23.62,141.72,2025-11-16,Delivered,Raymondbury,Kentucky
8877,7,83,1,9.9,9.9,2024-10-04,Delivered,Kleinton,Tennessee
8878,727,148,1,639.02,639.02,2024-03-18,Delivered,Alexhaven,Kansas
8879,893,117,1,110.18,110.18,2025-03-13,Delivered,Daniellefort,Oklahoma
8880,734,102,1,16.48,16.48,2024-06-13,Delivered,Hollyport,Arizona
8881,819,14,5,28.78,0.0,2024-01-15,Cancelled,Clarkhaven,Texas
8882,558,66,2,235.08,470.16,2025-12-11,Processing,Danielleville,Utah
8883,410,65,2,337.28,674.56,2024-01-05,Delivered,Davidbury,Arizona
8884,549,177,1,1488.3,1488.3,2025-12-14,Delivered,Port Alexandratown,Wyoming
8885,607,61,6,24.62,0.0,2024-01-13,Cancelled,Walkertown,North Carolina
8886,130,170,5,81.2,406.0,2025-03-20,Delivered,South Derek,South Dakota
8887,616,125,3,24.59,73.77,2024-05-21,Delivered,New Amanda,Nevada
8888,672,157,4,8.59,34.36,2025-01-25,Delivered,Lake Jamesland,Wyoming
8889,442,186,2,304.0,608.0,2025-08-02,Delivered,North Noah,Wyoming
8890,717,36,4,193.51,774.04,2024-05-10,Delivered,Hallfurt,Illinois
8891,52,163,2,113.36,226.72,2025-04-12,Processing,Lorifurt,Ohio
8892,456,85,2,490.6,981.2,2025-11-03,Delivered,South Ashley,Massachusetts
8893,506,176,1,98.52,98.52,2024-04-26,Delivered,South Danielborough,Idaho
8894,626,54,11,7.54,82.94,2024-10-16,Delivered,West Amymouth,New York
8895,956,152,3,105.39,316.17,2024-06-15,Delivered,Wheelerchester,South Carolina
8896,916,181,3,86.64,259.92,2025-10-09,Processing,Kristenton,Indiana
8897,667,98,3,46.15,138.45,2025-12-14,Delivered,East Robin,New Mexico
8898,581,180,10,5.05,0.0,2024-02-19,Cancelled,North Paula,New Jersey
8899,176,107,3,56.54,169.62,2025-05-03,Returned,Jacobview,Maryland
8900,82,75,2,51.24,102.48,2025-11-19,Delivered,Michaelland,Massachusetts
8901,590,193,2,69.03,138.06,2024-06-01,Delivered,Port Jennifer,Connecticut
8902,786,114,5,74.03,0.0,2024-07-08,Cancelled,Port Donald,Iowa
8903,799,161,3,33.62,100.86,2025-07-02,Delivered,Barkershire,Michigan
8904,484,160,4,37.99,151.96,2025-05-13,Delivered,Port Brandi,Kansas
8905,385,11,6,50.75,304.5,2024-11-14,Delivered,Russellborough,Nebraska
8906,27,142,1,241.68,241.68,2025-02-20,Processing,Millerside,South Carolina
8907,329,1,2,21.77,43.54,2024-10-29,Delivered,Marcton,Missouri
8908,6,46,1,35.34,35.34,2024-04-14,Delivered,Valerieville,Delaware
8909,876,108,2,52.63,105.26,2024-03-15,Delivered,North Susanville,Massachusetts
8910,827,134,5,53.71,268.55,2024-12-04,Delivered,North Stevenmouth,Virginia
8911,796,176,3,98.52,295.56,2025-08-28,Delivered,Stephaniechester,Arkansas
8912,827,29,3,264.9,0.0,2024-06-22,Cancelled,North Stevenmouth,Virginia
8913,133,4,5,40.83,204.15,2024-02-11,Shipped,Harrisonborough,Arizona
8914,595,41,2,238.94,477.88,2024-09-07,Delivered,Port Robin,California
8915,46,131,2,917.21,1834.42,2025-04-21,Delivered,West Victoriastad,Minnesota
8916,916,26,2,15.15,30.3,2024-08-06,Delivered,Kristenton,Indiana
8917,167,83,2,9.9,19.8,2025-11-16,Delivered,North Robert,Colorado
8918,289,135,3,144.51,433.53,2025-04-05,Delivered,Scottmouth,Texas
8919,695,75,1,51.24,51.24,2025-12-21,Processing,Brownhaven,Montana
8920,267,132,1,895.45,895.45,2024-09-14,Delivered,Jenniferland,Idaho
8921,286,66,1,235.08,235.08,2025-09-30,Shipped,New Zacharyshire,Wisconsin
8922,878,71,2,311.35,622.7,2025-12-15,Returned,Manningbury,West Virginia
8923,148,67,12,22.32,267.84,2025-01-07,Delivered,Emmaton,North Carolina
8924,550,87,3,29.52,88.56,2024-06-24,Delivered,South Jonathanville,New Mexico
8925,488,154,2,42.12,84.24,2025-11-05,Delivered,Romeroland,West Virginia
8926,955,75,3,51.24,153.72,2025-11-29,Delivered,New Ricardofort,Utah
8927,599,171,3,142.38,427.14,2025-07-10,Delivered,East Andrea,Georgia
8928,127,12,2,899.79,1799.58,2025-01-09,Delivered,New Kurt,North Carolina
8929,651,12,1,899.79,899.79,2025-07-21,Delivered,South Jerrybury,South Dakota
8930,419,38,10,31.32,313.2,2025-09-11,Processing,Deannaburgh,Missouri
8931,181,66,2,235.08,470.16,2025-09-18,Shipped,Lake Victor,Georgia
8932,705,169,2,175.75,351.5,2024-07-27,Delivered,Port Coryport,Nevada
8933,115,104,1,1515.73,1515.73,2024-02-07,Delivered,Henryfort,New York
8934,666,144,8,37.02,296.16,2025-05-29,Delivered,North Codychester,Utah
8935,436,18,2,143.63,287.26,2024-10-19,Delivered,South Jefferyville,California
8936,674,186,1,304.0,304.0,2025-09-18,Delivered,New Robert,Michigan
8937,448,60,3,493.39,1480.17,2025-08-06,Delivered,South William,Michigan
8938,101,133,4,46.43,185.72,2025-04-09,Delivered,Michellefort,Maine
8939,61,168,2,16.61,33.22,2024-07-28,Delivered,Thomasborough,Arizona
8940,912,137,1,484.65,484.65,2025-09-21,Delivered,Avilaberg,South Carolina
8941,455,18,1,143.63,143.63,2025-08-14,Delivered,Lake Cynthiaborough,Louisiana
8942,53,91,3,222.92,668.76,2025-03-12,Delivered,Port Kylebury,Ohio
8943,408,99,2,135.17,270.34,2024-08-13,Delivered,Patelville,Iowa
8944,456,41,3,238.94,716.82,2024-03-22,Shipped,South Ashley,Massachusetts
8945,971,63,2,1487.23,2974.46,2025-12-07,Delivered,Lake Peterborough,Indiana
8946,29,141,2,55.53,111.06,2025-10-31,Delivered,Owensborough,Florida
8947,850,116,2,154.63,0.0,2024-04-13,Cancelled,Goodwinside,West Virginia
8948,168,122,3,30.44,91.32,2024-08-29,Returned,Port Kaylamouth,New Mexico
8949,473,81,2,51.28,102.56,2024-04-20,Processing,Emilyburgh,Mississippi
8950,686,45,2,57.4,114.8,2024-02-06,Delivered,Port Patrick,Colorado
8951,563,173,4,63.4,253.6,2025-12-26,Delivered,Hendrixside,Delaware
8952,115,97,2,43.15,86.3,2025-10-02,Delivered,Henryfort,New York
8953,407,34,6,24.01,144.06,2025-08-26,Delivered,North Walterview,Ohio
8954,286,40,3,414.22,1242.66,2024-03-05,Delivered,New Zacharyshire,Wisconsin
8955,548,163,3,113.36,340.08,2024-06-14,Delivered,Port Joshuamouth,Idaho
8956,636,194,4,39.19,156.76,2024-08-23,Delivered,North Anna,Missouri
8957,682,199,3,97.62,292.86,2024-12-17,Delivered,Danielport,Oregon
8958,856,32,2,87.66,175.32,2025-04-27,Delivered,East Brandonland,Delaware
8959,832,187,3,85.38,256.14,2024-12-29,Returned,New Richard,North Carolina
8960,45,164,2,46.38,92.76,2025-10-22,Delivered,Melindaport,Pennsylvania
8961,403,67,10,22.32,223.2,2025-03-17,Delivered,Davidberg,New Mexico
8962,116,85,2,490.6,981.2,2024-08-06,Shipped,Patriciashire,Utah
8963,725,68,1,113.46,113.46,2025-11-26,Delivered,Lake Leslie,Ohio
8964,38,48,9,46.46,418.14,2024-05-14,Delivered,West Nataliehaven,Arizona
8965,719,71,1,311.35,311.35,2024-11-14,Delivered,Shannonbury,Georgia
8966,6,89,2,695.64,1391.28,2024-03-07,Shipped,Valerieville,Delaware
8967,676,59,2,462.07,924.14,2025-11-24,Returned,Juanbury,Georgia
8968,368,54,10,7.54,75.4,2024-04-25,Processing,Port Davidside,Oregon
8969,195,134,1,53.71,53.71,2024-05-03,Delivered,West Justinborough,Missouri
8970,241,71,1,311.35,311.35,2025-05-15,Delivered,Armstrongland,North Carolina
8971,566,38,10,31.32,313.2,2025-05-13,Delivered,Marcside,North Dakota
8972,6,194,4,39.19,156.76,2025-11-10,Delivered,Valerieville,Delaware
8973,351,53,3,75.3,225.9,2024-04-30,Delivered,Dianeborough,New Jersey
8974,433,57,3,115.26,345.78,2024-09-10,Delivered,Port Diana,Mississippi
8975,150,8,2,80.04,160.08,2024-08-16,Delivered,Jordantown,Kentucky
8976,354,84,3,148.96,446.88,2025-11-11,Delivered,Bushton,South Dakota
8977,831,153,5,98.25,491.25,2025-06-03,Delivered,South Markfurt,Wisconsin
8978,204,183,3,258.69,776.07,2024-12-21,Delivered,Lake Samanthaview,Alabama
8979,649,185,1,141.13,141.13,2024-11-19,Delivered,East Jenniferfort,New Mexico
8980,123,82,8,29.07,232.56,2025-12-01,Delivered,West Steven,North Carolina
8981,324,43,1,102.37,102.37,2024-11-05,Delivered,Brownside,Nebraska
8982,149,78,3,5.17,15.51,2025-10-15,Delivered,New Ann,Kentucky
8983,542,7,4,43.74,174.96,2024-11-12,Delivered,Chavezburgh,Michigan
8984,71,177,1,1488.3,1488.3,2025-12-20,Delivered,North Nicholas,New York
8985,971,28,3,84.71,254.13,2024-09-19,Delivered,Lake Peterborough,Indiana
8986,611,183,2,258.69,517.38,2024-10-09,Delivered,West Susanmouth,Florida
8987,633,189,2,48.34,0.0,2025-12-24,Cancelled,Allenburgh,Michigan
8988,287,46,1,35.34,35.34,2024-09-16,Shipped,North Patricktown,Alaska
8989,448,3,2,34.78,0.0,2025-01-20,Cancelled,South William,Michigan
8990,93,198,3,473.82,1421.46,2024-11-13,Delivered,Lake Toddport,Wisconsin
8991,78,63,1,1487.23,1487.23,2025-07-15,Delivered,Lake Jonathanton,Alabama
8992,369,44,2,423.84,847.68,2024-10-28,Delivered,Ryanport,Vermont
8993,246,41,1,238.94,238.94,2024-10-17,Delivered,Emmabury,Connecticut
8994,160,47,2,188.28,376.56,2024-03-23,Delivered,Lake Marcus,Virginia
8995,337,167,1,243.83,243.83,2025-11-09,Delivered,Lake Jonathonfurt,Florida
8996,999,117,1,110.18,110.18,2025-11-27,Shipped,Matthewberg,Utah
8997,21,9,2,160.49,320.98,2024-07-03,Returned,New Rebecca,Wyoming
8998,629,118,3,103.99,311.97,2025-06-03,Delivered,Jonesburgh,New Hampshire
8999,761,41,3,238.94,716.82,2024-08-16,Delivered,East Alexander,Oklahoma
9000,56,63,2,1487.23,2974.46,2025-05-05,Shipped,Lesliemouth,South Carolina
9001,708,74,2,301.83,603.66,2025-09-15,Processing,North Jessicamouth,New Jersey
9002,128,66,3,235.08,705.24,2024-01-05,Shipped,Port Stevenhaven,Rhode Island
9003,153,180,12,5.05,60.6,2025-10-05,Delivered,Westside,New Hampshire
9004,297,55,2,29.42,58.84,2025-02-03,Delivered,Lake Jonathan,Vermont
9005,603,63,1,1487.23,1487.23,2025-09-27,Delivered,West Nathan,New Hampshire
9006,963,165,2,57.61,0.0,2025-11-11,Cancelled,New Fernando,Georgia
9007,785,24,1,180.09,180.09,2024-08-27,Shipped,Ramirezside,Pennsylvania
9008,363,108,2,52.63,105.26,2025-02-26,Shipped,Mejiamouth,Massachusetts
9009,728,73,1,456.73,0.0,2025-06-05,Cancelled,North Adrienne,Texas
9010,730,158,1,34.1,34.1,2025-09-07,Delivered,Richardside,South Dakota
9011,32,150,3,167.9,503.7,2024-07-09,Delivered,Brianshire,South Carolina
9012,381,70,2,29.96,59.92,2024-07-03,Shipped,Dorothyville,Rhode Island
9013,217,178,1,11.5,11.5,2024-09-29,Delivered,Aguilarchester,Nevada
9014,428,72,3,9.09,27.27,2025-06-29,Delivered,Lake Kayla,South Dakota
9015,493,117,2,110.18,220.36,2025-01-07,Processing,Josephtown,South Dakota
9016,43,169,1,175.75,175.75,2024-01-16,Delivered,Johnfort,North Carolina
9017,340,109,3,115.28,345.84,2024-04-24,Delivered,Scottmouth,Ohio
9018,419,72,1,9.09,9.09,2025-10-07,Delivered,Deannaburgh,Missouri
9019,799,179,3,486.21,1458.63,2025-10-22,Delivered,Barkershire,Michigan
9020,962,4,5,40.83,204.15,2025-06-04,Shipped,Garciamouth,Nebraska
9021,900,199,3,97.62,292.86,2024-08-19,Delivered,New Marioburgh,California
9022,524,193,3,69.03,207.09,2025-05-26,Delivered,South David,Virginia
9023,822,11,3,50.75,152.25,2025-07-11,Delivered,North Daniel,Nebraska
9024,313,103,4,42.88,171.52,2025-09-28,Shipped,Hernandezberg,North Carolina
9025,807,190,3,11.07,33.21,2024-08-20,Delivered,Reynoldsshire,Virginia
9026,15,112,1,53.86,53.86,2024-11-15,Delivered,Lawrencehaven,New Jersey
9027,765,156,4,76.9,307.6,2024-05-03,Delivered,Bentleyborough,Virginia
9028,399,188,1,102.39,102.39,2025-08-20,Delivered,Riverafurt,Kentucky
9029,472,176,1,98.52,0.0,2024-06-18,Cancelled,Lake Micheal,Minnesota
9030,987,90,2,170.31,340.62,2025-09-06,Delivered,South Jessehaven,New Jersey
9031,318,199,4,97.62,390.48,2024-09-06,Delivered,South Caitlin,Nevada
9032,945,162,2,115.69,231.38,2024-02-25,Delivered,East Nataliefurt,California
9033,551,59,1,462.07,462.07,2025-09-20,Delivered,Jasontown,Tennessee
9034,783,119,11,27.5,302.5,2025-06-18,Delivered,Thompsonmouth,Colorado
9035,3,137,1,484.65,484.65,2024-11-30,Shipped,Tapiaburgh,New Hampshire
9036,48,17,2,625.15,1250.3,2025-08-20,Delivered,Port Vanessa,Illinois
9037,67,139,3,74.52,223.56,2025-10-03,Delivered,Barronshire,Oregon
9038,419,20,4,34.83,139.32,2024-07-30,Delivered,Deannaburgh,Missouri
9039,976,140,1,1253.62,1253.62,2024-05-08,Shipped,Carneyburgh,Tennessee
9040,361,118,2,103.99,207.98,2024-02-18,Shipped,Kellerside,Utah
9041,284,92,4,11.68,46.72,2024-12-14,Processing,East Angel,Missouri
9042,786,13,1,56.57,56.57,2025-12-27,Delivered,Port Donald,Iowa
9043,194,93,3,130.28,390.84,2025-05-12,Returned,Donaldland,North Carolina
9044,670,196,1,138.33,138.33,2025-05-15,Delivered,West Alexandrastad,Oklahoma
9045,74,101,1,450.0,450.0,2024-03-09,Delivered,Lake Charlesburgh,Minnesota
9046,965,121,1,6.52,6.52,2024-02-10,Delivered,Lake Philipton,Mississippi
9047,130,60,1,493.39,493.39,2025-06-10,Shipped,South Derek,South Dakota
9048,598,63,2,1487.23,2974.46,2024-01-21,Shipped,East Tannerview,Oklahoma
9049,241,183,2,258.69,517.38,2025-10-14,Delivered,Armstrongland,North Carolina
9050,435,174,3,194.56,583.68,2025-12-19,Delivered,Sheilashire,Missouri
9051,590,104,2,1515.73,3031.46,2025-11-15,Delivered,Port Jennifer,Connecticut
9052,753,87,4,29.52,118.08,2025-05-25,Delivered,Monicafort,Hawaii
9053,665,62,1,99.97,99.97,2025-04-04,Shipped,Desireemouth,Maine
9054,185,149,2,274.44,0.0,2025-11-18,Cancelled,Tylerchester,California
9055,785,121,3,6.52,19.56,2025-02-13,Delivered,Ramirezside,Pennsylvania
9056,826,86,1,1337.83,1337.83,2025-12-23,Delivered,West Mary,Wyoming
9057,670,141,5,55.53,277.65,2024-02-21,Delivered,West Alexandrastad,Oklahoma
9058,28,54,9,7.54,67.86,2024-05-28,Delivered,Lake Amy,Oklahoma
9059,392,126,3,14.23,42.69,2025-12-01,Processing,New Donnatown,South Dakota
9060,24,200,4,41.6,0.0,2024-12-22,Cancelled,Claudiashire,Texas
9061,496,128,4,15.74,62.96,2024-05-09,Delivered,Jamesburgh,Florida
9062,462,198,2,473.82,947.64,2025-04-19,Shipped,Manningstad,Tennessee
9063,54,98,2,46.15,92.3,2025-10-15,Delivered,Leeburgh,Maine
9064,724,111,1,93.95,93.95,2025-11-01,Delivered,Lake Stephen,Wisconsin
9065,766,2,5,134.26,671.3,2024-03-16,Shipped,New Dianaberg,Alabama
9066,953,33,1,1077.68,1077.68,2025-12-17,Delivered,Codychester,Rhode Island
9067,24,133,3,46.43,139.29,2025-05-02,Delivered,Claudiashire,Texas
9068,596,145,2,88.28,176.56,2024-03-04,Processing,Lake Michael,Colorado
9069,740,45,2,57.4,114.8,2025-08-21,Delivered,Lake Marilyn,Wisconsin
9070,946,62,5,99.97,499.85,2024-11-01,Delivered,Port Anthony,Utah
9071,123,103,12,42.88,514.56,2025-06-25,Shipped,West Steven,North Carolina
9072,74,29,2,264.9,529.8,2024-05-05,Delivered,Lake Charlesburgh,Minnesota
9073,566,196,1,138.33,138.33,2025-06-24,Delivered,Marcside,North Dakota
9074,229,118,3,103.99,311.97,2025-03-07,Delivered,Nancytown,Oklahoma
9075,677,91,3,222.92,668.76,2024-10-08,Delivered,Port Susanchester,West Virginia
9076,833,29,1,264.9,264.9,2024-05-13,Delivered,Jonesfurt,Missouri
9077,203,85,1,490.6,490.6,2024-02-02,Delivered,South Christopherton,South Carolina
9078,998,159,4,28.19,112.76,2024-01-31,Delivered,Hansonmouth,Iowa
9079,130,199,3,97.62,0.0,2025-07-27,Cancelled,South Derek,South Dakota
9080,937,68,1,113.46,113.46,2024-12-19,Delivered,Howardland,Colorado
9081,927,159,5,28.19,140.95,2025-03-20,Shipped,Judithchester,South Carolina
9082,246,58,1,1142.69,1142.69,2025-09-07,Delivered,Emmabury,Connecticut
9083,814,30,1,17.83,17.83,2024-09-03,Processing,Avilafort,Colorado
9084,417,12,1,899.79,899.79,2025-03-10,Shipped,South Aaron,South Carolina
9085,589,11,1,50.75,50.75,2025-03-24,Shipped,Samuelview,Florida
9086,648,57,1,115.26,115.26,2025-03-13,Delivered,Acostabury,Pennsylvania
9087,92,75,2,51.24,102.48,2025-03-17,Processing,Keithview,Michigan
9088,707,52,1,27.18,27.18,2024-10-19,Processing,Phelpsberg,Wyoming
9089,777,196,4,138.33,553.32,2024-06-28,Delivered,Lake Victoria,Connecticut
9090,237,115,1,98.26,98.26,2024-02-25,Shipped,North Tyroneport,South Dakota
9091,145,164,6,46.38,278.28,2024-07-20,Returned,Carrollfurt,Iowa
9092,325,53,1,75.3,75.3,2024-05-18,Delivered,Port Briannastad,Oregon
9093,952,66,3,235.08,705.24,2024-07-06,Processing,Port Brian,Nevada
9094,997,116,4,154.63,618.52,2024-07-29,Delivered,Latoyahaven,Alabama
9095,930,133,2,46.43,92.86,2024-08-24,Delivered,East Samuelbury,New Jersey
9096,193,153,5,98.25,491.25,2024-10-23,Delivered,Bellville,Michigan
9097,84,162,3,115.69,347.07,2025-06-11,Delivered,Christinaport,Idaho
9098,480,4,2,40.83,0.0,2025-06-01,Cancelled,South Tyler,Arkansas
9099,982,74,2,301.83,603.66,2025-03-07,Delivered,West Kimberly,Massachusetts
9100,515,102,1,16.48,16.48,2024-09-16,Delivered,Leslieshire,Nebraska
9101,348,81,3,51.28,153.84,2025-10-03,Delivered,Scottberg,Kansas
9102,203,134,1,53.71,53.71,2025-06-23,Shipped,South Christopherton,South Carolina
9103,698,33,2,1077.68,2155.36,2024-04-15,Delivered,North Anthony,Massachusetts
9104,331,187,5,85.38,426.9,2024-09-29,Processing,West Johnmouth,New Hampshire
9105,791,18,5,143.63,0.0,2025-12-06,Cancelled,Griffinton,North Dakota
9106,344,101,2,450.0,900.0,2024-12-18,Processing,Deborahchester,Virginia
9107,379,164,5,46.38,231.9,2025-03-02,Processing,New Wesleyview,Oregon
9108,717,103,11,42.88,471.68,2025-10-03,Delivered,Hallfurt,Illinois
9109,429,194,2,39.19,78.38,2025-12-06,Delivered,Aaronborough,Maryland
9110,606,180,5,5.05,25.25,2025-06-13,Shipped,Port Sarah,New Mexico
9111,372,45,2,57.4,114.8,2025-04-27,Delivered,Smithberg,Connecticut
9112,656,196,3,138.33,414.99,2024-03-01,Delivered,Danielleland,South Dakota
9113,919,14,4,28.78,115.12,2025-04-03,Delivered,West Brandytown,South Carolina
9114,152,108,1,52.63,52.63,2024-03-30,Delivered,Port Christopherchester,South Carolina
9115,648,14,5,28.78,143.9,2025-12-19,Delivered,Acostabury,Pennsylvania
9116,594,45,1,57.4,57.4,2025-07-27,Delivered,Chenberg,Pennsylvania
9117,514,199,4,97.62,390.48,2024-07-16,Delivered,Leeport,North Dakota
9118,702,26,1,15.15,15.15,2025-09-16,Delivered,Greenside,New York
9119,204,51,4,45.28,181.12,2025-10-30,Delivered,Lake Samanthaview,Alabama
9120,716,91,3,222.92,668.76,2024-11-20,Delivered,Smithborough,Michigan
9121,912,180,10,5.05,50.5,2025-04-13,Delivered,Avilaberg,South Carolina
9122,688,121,11,6.52,71.72,2024-11-25,Shipped,Patrickfort,Wyoming
9123,467,5,11,14.19,156.09,2024-02-02,Processing,New Phillip,Nevada
9124,504,93,2,130.28,260.56,2024-12-12,Delivered,North Paul,Virginia
9125,592,155,2,97.2,194.4,2025-07-23,Delivered,South Daniel,Louisiana
9126,419,184,2,107.03,214.06,2024-10-14,Delivered,Deannaburgh,Missouri
9127,809,113,5,22.71,113.55,2025-06-27,Delivered,Delgadomouth,New Mexico
9128,329,102,1,16.48,16.48,2025-06-08,Processing,Marcton,Missouri
9129,777,65,2,337.28,674.56,2024-04-06,Delivered,Lake Victoria,Connecticut
9130,102,115,4,98.26,393.04,2025-11-29,Delivered,Haileyburgh,Texas
9131,363,168,3,16.61,49.83,2025-01-09,Shipped,Mejiamouth,Massachusetts
9132,12,51,5,45.28,226.4,2025-05-28,Delivered,Floresland,Virginia
9133,154,110,6,26.8,160.8,2024-07-11,Processing,Port Kaylabury,New Hampshire
9134,828,185,1,141.13,141.13,2024-11-24,Delivered,Rhondaville,Kentucky
9135,92,6,2,1964.49,3928.98,2025-03-17,Delivered,Keithview,Michigan
9136,983,77,1,5.4,5.4,2024-09-12,Delivered,Seanborough,Nebraska
9137,82,190,5,11.07,55.35,2025-06-21,Returned,Michaelland,Massachusetts
9138,137,65,3,337.28,1011.84,2025-10-29,Delivered,Port Miguelfort,Iowa
9139,278,168,3,16.61,49.83,2024-04-07,Delivered,Butlerton,California
9140,498,153,4,98.25,393.0,2024-07-22,Delivered,North Cassandra,Illinois
9141,772,186,2,304.0,608.0,2025-01-26,Delivered,Longside,Idaho
9142,943,194,5,39.19,195.95,2024-11-24,Delivered,Paulville,Texas
9143,946,114,3,74.03,222.09,2025-03-28,Returned,Port Anthony,Utah
9144,60,180,11,5.05,55.55,2025-08-11,Delivered,Austintown,North Dakota
9145,234,69,2,12.9,25.8,2025-04-05,Delivered,East Davidview,North Dakota
9146,322,98,1,46.15,46.15,2024-04-21,Delivered,Prattberg,Michigan
9147,468,169,3,175.75,527.25,2024-10-14,Delivered,Perkinsside,Texas
9148,977,143,3,148.64,445.92,2024-02-11,Delivered,New Keith,Oregon
9149,579,145,4,88.28,353.12,2025-06-23,Delivered,Angelachester,New Jersey
9150,825,29,2,264.9,529.8,2024-08-06,Delivered,Lake Richard,Texas
9151,450,15,5,22.83,114.15,2024-04-25,Delivered,New Brandonville,Ohio
9152,959,135,3,144.51,0.0,2025-04-03,Cancelled,North Ericmouth,Arizona
9153,827,13,2,56.57,113.14,2025-10-31,Delivered,North Stevenmouth,Virginia
9154,106,142,1,241.68,241.68,2024-08-27,Delivered,South Justin,Georgia
9155,647,196,2,138.33,276.66,2025-08-26,Shipped,Patelbury,Missouri
9156,626,159,4,28.19,112.76,2024-02-01,Delivered,West Amymouth,New York
9157,885,177,2,1488.3,2976.6,2024-04-20,Delivered,Austinland,Arkansas
9158,457,187,1,85.38,0.0,2025-08-16,Cancelled,South Melanie,South Carolina
9159,871,136,3,81.75,245.25,2025-02-25,Delivered,South Sarah,Alabama
9160,429,126,4,14.23,56.92,2024-12-29,Delivered,Aaronborough,Maryland
9161,548,67,3,22.32,66.96,2024-07-30,Shipped,Port Joshuamouth,Idaho
9162,156,19,2,342.31,684.62,2024-07-19,Delivered,Pagemouth,Maine
9163,742,105,4,136.66,546.64,2025-01-23,Delivered,Port Samanthaside,Mississippi
9164,150,85,3,490.6,1471.8,2025-01-12,Delivered,Jordantown,Kentucky
9165,540,133,3,46.43,139.29,2025-04-26,Returned,Michaelview,Connecticut
9166,684,67,7,22.32,156.24,2025-01-23,Processing,Torresville,Ohio
9167,774,60,1,493.39,493.39,2024-12-25,Delivered,North Adamland,Rhode Island
9168,998,194,6,39.19,235.14,2024-03-22,Delivered,Hansonmouth,Iowa
9169,723,75,3,51.24,153.72,2025-03-16,Delivered,North Judy,Florida
9170,686,161,8,33.62,268.96,2024-02-01,Delivered,Port Patrick,Colorado
9171,589,85,1,490.6,490.6,2025-02-19,Delivered,Samuelview,Florida
9172,357,157,1,8.59,8.59,2025-02-14,Processing,Lake Sheriside,Iowa
9173,788,143,4,148.64,594.56,2025-11-14,Delivered,Lake Angela,Oregon
9174,875,48,3,46.46,139.38,2024-01-27,Processing,New Williamchester,Ohio
9175,598,133,6,46.43,278.58,2025-11-20,Delivered,East Tannerview,Oklahoma
9176,476,74,1,301.83,301.83,2024-06-24,Delivered,West Gordonville,Maine
9177,657,129,4,165.48,661.92,2024-05-06,Delivered,North Richardview,Kansas
9178,397,197,4,42.46,169.84,2025-06-20,Delivered,East Robertview,Virginia
9179,975,106,5,26.57,132.85,2024-05-07,Processing,North Peter,Michigan
9180,104,169,3,175.75,527.25,2025-07-28,Delivered,Pamelaville,Louisiana
9181,555,18,3,143.63,430.89,2025-05-30,Processing,Lake Marymouth,Illinois
9182,217,60,1,493.39,493.39,2025-02-04,Delivered,Aguilarchester,Nevada
9183,662,111,2,93.95,187.9,2025-11-05,Delivered,Robbinsstad,South Carolina
9184,374,3,1,34.78,34.78,2025-05-18,Delivered,Evelynport,Texas
9185,608,168,3,16.61,49.83,2024-06-19,Processing,Gregorychester,Georgia
9186,352,102,1,16.48,16.48,2025-12-06,Shipped,Shafferview,New Mexico
9187,137,105,3,136.66,409.98,2024-08-08,Delivered,Port Miguelfort,Iowa
9188,373,195,1,32.25,32.25,2024-10-15,Delivered,New Linda,New York
9189,508,80,4,31.23,124.92,2025-05-16,Delivered,North Louis,South Dakota
9190,826,162,2,115.69,231.38,2025-04-07,Delivered,West Mary,Wyoming
9191,16,140,2,1253.62,2507.24,2024-01-19,Delivered,Floresview,Vermont
9192,515,26,3,15.15,45.45,2025-11-23,Delivered,Leslieshire,Nebraska
9193,706,51,1,45.28,45.28,2024-06-21,Delivered,Gregoryville,New Mexico
9194,760,194,2,39.19,78.38,2024-06-01,Delivered,Perkinsside,South Dakota
9195,732,3,4,34.78,139.12,2025-07-30,Delivered,Mcgrathville,South Carolina
9196,551,61,10,24.62,246.2,2025-04-13,Delivered,Jasontown,Tennessee
9197,432,191,1,126.39,126.39,2024-12-14,Delivered,Lake Rachelberg,Hawaii
9198,270,25,3,212.04,636.12,2024-04-21,Shipped,New Patricktown,Montana
9199,866,188,1,102.39,102.39,2025-09-14,Delivered,East Saraport,Montana
9200,876,194,6,39.19,235.14,2025-03-10,Processing,North Susanville,Massachusetts
9201,32,86,2,1337.83,2675.66,2025-02-27,Delivered,Brianshire,South Carolina
9202,782,130,3,87.12,261.36,2024-02-27,Delivered,Darrenton,New York
9203,819,112,3,53.86,161.58,2025-03-18,Processing,Clarkhaven,Texas
9204,796,119,7,27.5,192.5,2025-01-04,Delivered,Stephaniechester,Arkansas
9205,378,116,4,154.63,618.52,2025-04-12,Delivered,Cameronborough,Virginia
9206,772,22,1,413.03,413.03,2025-09-23,Delivered,Longside,Idaho
9207,703,111,2,93.95,0.0,2024-09-30,Cancelled,New Lindsayton,South Carolina
9208,408,149,2,274.44,548.88,2025-05-01,Delivered,Patelville,Iowa
9209,795,185,2,141.13,282.26,2024-11-26,Delivered,Patelchester,New Hampshire
9210,483,56,1,208.97,208.97,2025-06-11,Delivered,Williamport,Iowa
9211,901,51,1,45.28,45.28,2025-03-06,Delivered,Lake Dana,Tennessee
9212,651,183,1,258.69,258.69,2025-03-20,Returned,South Jerrybury,South Dakota
9213,787,154,4,42.12,168.48,2024-01-20,Processing,East Davidberg,Vermont
9214,576,145,3,88.28,264.84,2025-11-04,Delivered,Richardshire,Massachusetts
9215,187,139,2,74.52,0.0,2025-04-20,Cancelled,Onealfurt,Florida
9216,759,63,1,1487.23,1487.23,2025-09-24,Delivered,Port Laurenchester,Utah
9217,973,164,5,46.38,231.9,2024-01-22,Returned,Amandamouth,Texas
9218,868,66,3,235.08,705.24,2024-04-22,Delivered,Johntown,Alaska
9219,563,41,2,238.94,477.88,2025-07-14,Delivered,Hendrixside,Delaware
9220,43,169,2,175.75,351.5,2025-11-17,Returned,Johnfort,North Carolina
9221,41,61,11,24.62,270.82,2024-02-04,Delivered,Jameschester,Pennsylvania
9222,285,3,4,34.78,139.12,2025-05-21,Delivered,Tuckerview,Connecticut
9223,842,98,4,46.15,184.6,2025-12-05,Delivered,Williamhaven,Utah
9224,341,17,2,625.15,1250.3,2025-10-28,Delivered,Karenview,Ohio
9225,796,131,1,917.21,917.21,2025-12-24,Shipped,Stephaniechester,Arkansas
9226,779,15,1,22.83,0.0,2025-07-04,Cancelled,Timothyside,California
9227,710,41,1,238.94,238.94,2025-09-29,Shipped,Turnertown,Maine
9228,604,165,3,57.61,172.83,2024-08-20,Delivered,Ericview,Maine
9229,45,100,3,48.33,144.99,2024-12-05,Shipped,Melindaport,Pennsylvania
9230,493,124,2,108.4,216.8,2024-01-29,Delivered,Josephtown,South Dakota
9231,419,121,8,6.52,52.16,2025-04-25,Shipped,Deannaburgh,Missouri
9232,311,86,2,1337.83,2675.66,2025-02-19,Delivered,South Philipland,Texas
9233,22,35,1,179.74,179.74,2025-02-04,Delivered,Brendastad,Nebraska
9234,393,72,6,9.09,54.54,2024-07-18,Delivered,East Richard,Wyoming
9235,925,61,8,24.62,196.96,2024-10-01,Delivered,East Gregoryport,Maine
9236,792,25,2,212.04,424.08,2024-02-17,Shipped,North John,North Carolina
9237,10,81,6,51.28,307.68,2025-06-18,Delivered,South Michaelville,Illinois
9238,361,38,10,31.32,313.2,2025-09-24,Delivered,Kellerside,Utah
9239,878,91,3,222.92,668.76,2024-02-22,Delivered,Manningbury,West Virginia
9240,430,19,3,342.31,1026.93,2024-06-06,Shipped,South Connor,Montana
9241,854,93,5,130.28,651.4,2024-11-01,Delivered,South Joshuaburgh,New Mexico
9242,174,149,1,274.44,274.44,2025-03-09,Processing,Simpsonchester,Virginia
9243,926,15,4,22.83,0.0,2024-05-02,Cancelled,Alexanderview,Hawaii
9244,654,79,3,383.68,1151.04,2024-10-26,Processing,North Michaelbury,West Virginia
9245,17,104,1,1515.73,1515.73,2025-11-08,Shipped,South Victorchester,Tennessee
9246,128,170,5,81.2,406.0,2024-07-18,Processing,Port Stevenhaven,Rhode Island
9247,264,6,1,1964.49,1964.49,2024-08-15,Delivered,Wadebury,Utah
9248,477,57,1,115.26,115.26,2025-02-06,Delivered,Nelsonborough,Minnesota
9249,366,110,3,26.8,80.4,2025-10-11,Shipped,Randallborough,Illinois
9250,991,37,5,110.69,553.45,2025-06-21,Delivered,Franklinborough,Kansas
9251,33,99,2,135.17,270.34,2024-07-19,Delivered,Andrewston,Nevada
9252,182,155,3,97.2,291.6,2024-01-08,Delivered,Gregoryborough,North Dakota
9253,608,152,4,105.39,421.56,2024-02-02,Processing,Gregorychester,Georgia
9254,514,141,3,55.53,166.59,2025-09-08,Shipped,Leeport,North Dakota
9255,161,109,2,115.28,230.56,2024-04-29,Shipped,Lake Amyberg,Ohio
9256,553,101,1,450.0,450.0,2024-01-07,Delivered,Port Shelly,Illinois
9257,441,147,2,487.95,975.9,2025-08-08,Shipped,Franciscobury,Kansas
9258,727,155,3,97.2,291.6,2025-12-19,Delivered,Alexhaven,Kansas
9259,222,168,2,16.61,33.22,2024-10-07,Delivered,Laurieburgh,Mississippi
9260,720,85,3,490.6,1471.8,2025-12-24,Delivered,Tammybury,Utah
9261,783,112,2,53.86,107.72,2024-08-15,Delivered,Thompsonmouth,Colorado
9262,316,129,3,165.48,496.44,2025-12-05,Shipped,Lake Jennifer,Missouri
9263,575,85,1,490.6,490.6,2025-01-14,Delivered,West Elizabethstad,Utah
9264,628,194,6,39.19,235.14,2025-04-12,Processing,New Sarahton,Idaho
9265,386,148,2,639.02,1278.04,2024-05-01,Shipped,Alishamouth,Alabama
9266,772,151,1,192.55,192.55,2025-06-24,Delivered,Longside,Idaho
9267,204,28,1,84.71,84.71,2025-12-03,Delivered,Lake Samanthaview,Alabama
9268,918,145,3,88.28,264.84,2024-07-18,Delivered,Robertchester,Arkansas
9269,825,70,1,29.96,29.96,2024-05-18,Processing,Lake Richard,Texas
9270,84,5,2,14.19,28.38,2025-05-09,Delivered,Christinaport,Idaho
9271,233,53,1,75.3,75.3,2025-05-11,Shipped,Leland,New York
9272,636,169,2,175.75,351.5,2024-02-15,Returned,North Anna,Missouri
9273,870,195,1,32.25,32.25,2025-12-28,Delivered,Stanleychester,Nevada
9274,852,65,3,337.28,1011.84,2025-01-13,Shipped,Amyville,Alabama
9275,674,72,12,9.09,109.08,2025-01-17,Delivered,New Robert,Michigan
9276,142,118,3,103.99,311.97,2025-09-28,Delivered,Brittanytown,Nevada
9277,509,174,2,194.56,389.12,2025-02-09,Delivered,North Katie,Virginia
9278,664,96,1,286.65,286.65,2025-10-25,Delivered,Mendozafurt,Connecticut
9279,671,120,1,1304.73,1304.73,2024-07-23,Processing,East Johnside,Oregon
9280,820,63,2,1487.23,2974.46,2025-08-21,Delivered,Wilsonchester,Maine
9281,939,172,5,84.77,423.85,2024-06-02,Delivered,South Jennifer,California
9282,110,165,1,57.61,57.61,2024-08-21,Delivered,Breannafurt,New Jersey
9283,35,117,1,110.18,110.18,2025-08-09,Delivered,Ronaldberg,Delaware
9284,261,156,5,76.9,384.5,2025-10-04,Delivered,Larrybury,Minnesota
9285,506,140,2,1253.62,2507.24,2025-06-26,Delivered,South Danielborough,Idaho
9286,534,170,1,81.2,81.2,2025-01-30,Delivered,Shieldsberg,New Hampshire
9287,840,85,2,490.6,981.2,2025-07-13,Shipped,Port Saraton,Missouri
9288,57,38,4,31.32,125.28,2024-01-02,Delivered,Port Alexisside,Nevada
9289,694,26,3,15.15,45.45,2024-10-17,Delivered,Port Louis,New Hampshire
9290,339,136,3,81.75,245.25,2025-12-28,Delivered,Cesartown,Ohio
9291,489,73,1,456.73,456.73,2025-12-31,Shipped,South Jasonstad,Tennessee
9292,375,119,12,27.5,330.0,2025-04-29,Delivered,Murrayborough,Tennessee
9293,51,20,4,34.83,139.32,2024-06-29,Processing,New Sandrastad,Idaho
9294,470,2,3,134.26,402.78,2024-06-05,Returned,Watsonville,Montana
9295,662,77,1,5.4,5.4,2024-11-12,Shipped,Robbinsstad,South Carolina
9296,984,12,1,899.79,899.79,2024-11-17,Delivered,Sandramouth,Oregon
9297,345,25,2,212.04,424.08,2024-10-13,Delivered,Huntstad,Michigan
9298,257,121,3,6.52,19.56,2024-09-30,Processing,Meyerston,Mississippi
9299,716,114,2,74.03,148.06,2025-12-06,Delivered,Smithborough,Michigan
9300,171,104,1,1515.73,1515.73,2025-06-28,Delivered,Cassandrashire,New York
9301,469,35,3,179.74,539.22,2024-06-24,Delivered,Joneshaven,Minnesota
9302,241,17,2,625.15,1250.3,2025-03-01,Delivered,Armstrongland,North Carolina
9303,912,4,1,40.83,40.83,2024-07-26,Processing,Avilaberg,South Carolina
9304,982,85,3,490.6,1471.8,2024-09-06,Delivered,West Kimberly,Massachusetts
9305,472,2,5,134.26,671.3,2025-11-15,Delivered,Lake Micheal,Minnesota
9306,932,61,12,24.62,295.44,2025-12-16,Delivered,West Anita,Illinois
9307,663,179,2,486.21,972.42,2025-06-03,Shipped,West Matthewfurt,North Dakota
9308,761,126,5,14.23,71.15,2025-04-02,Delivered,East Alexander,Oklahoma
9309,841,122,6,30.44,182.64,2025-08-14,Delivered,New Robert,Oklahoma
9310,551,189,1,48.34,48.34,2025-04-22,Delivered,Jasontown,Tennessee
9311,594,43,2,102.37,204.74,2025-07-30,Delivered,Chenberg,Pennsylvania
9312,521,146,2,157.34,314.68,2025-01-28,Delivered,Jodifurt,New Mexico
9313,742,136,1,81.75,81.75,2024-02-28,Delivered,Port Samanthaside,Mississippi
9314,836,131,1,917.21,917.21,2025-10-10,Delivered,Port Jill,Connecticut
9315,344,142,3,241.68,725.04,2024-04-01,Delivered,Deborahchester,Virginia
9316,224,110,3,26.8,80.4,2025-03-20,Delivered,Larsonshire,Connecticut
9317,808,129,1,165.48,165.48,2025-04-29,Delivered,Russellfort,Arkansas
9318,281,173,2,63.4,0.0,2024-10-25,Cancelled,Joeton,New Hampshire
9319,304,154,5,42.12,210.6,2025-03-17,Shipped,Taraberg,Oregon
9320,572,100,5,48.33,241.65,2025-06-27,Delivered,Johnsonstad,Arkansas
9321,54,171,3,142.38,0.0,2024-07-16,Cancelled,Leeburgh,Maine
9322,6,63,2,1487.23,2974.46,2024-07-17,Delivered,Valerieville,Delaware
9323,386,10,2,107.87,215.74,2025-05-13,Delivered,Alishamouth,Alabama
9324,197,44,1,423.84,423.84,2024-07-04,Processing,Petersland,South Dakota
9325,732,50,10,23.62,236.2,2025-04-24,Delivered,Mcgrathville,South Carolina
9326,308,134,6,53.71,322.26,2024-04-02,Delivered,Klinebury,Wisconsin
9327,346,153,5,98.25,491.25,2024-04-25,Shipped,Lonnieborough,Indiana
9328,232,166,1,80.7,80.7,2025-01-08,Delivered,Garyfort,Hawaii
9329,134,5,6,14.19,85.14,2025-01-27,Delivered,Kellyfurt,New Jersey
9330,972,82,10,29.07,290.7,2025-02-14,Delivered,New Richard,New Mexico
9331,786,54,9,7.54,67.86,2024-11-21,Delivered,Port Donald,Iowa
9332,941,179,2,486.21,972.42,2024-02-08,Delivered,Allenhaven,New Mexico
9333,165,54,7,7.54,52.78,2025-12-31,Delivered,Port Jennifermouth,Alabama
9334,816,75,2,51.24,102.48,2025-03-13,Delivered,New Michael,Montana
9335,238,34,6,24.01,144.06,2024-07-14,Shipped,Novakland,Ohio
9336,506,72,3,9.09,27.27,2025-12-07,Shipped,South Danielborough,Idaho
9337,35,105,4,136.66,546.64,2024-09-17,Delivered,Ronaldberg,Delaware
9338,538,151,1,192.55,192.55,2025-07-15,Shipped,Darrenmouth,West Virginia
9339,991,95,9,2.3,20.7,2024-01-12,Processing,Franklinborough,Kansas
9340,646,59,2,462.07,924.14,2025-08-11,Shipped,Lake Joel,Texas
9341,438,67,1,22.32,22.32,2024-05-08,Delivered,East John,Delaware
9342,455,41,3,238.94,716.82,2025-03-22,Shipped,Lake Cynthiaborough,Louisiana
9343,567,108,1,52.63,52.63,2025-06-10,Delivered,Whiteheadmouth,Tennessee
9344,942,37,2,110.69,0.0,2024-10-15,Cancelled,Jesseside,Ohio
9345,625,58,1,1142.69,1142.69,2024-06-10,Delivered,Sarafort,Michigan
9346,731,3,3,34.78,104.34,2025-07-15,Shipped,Scottstad,North Dakota
9347,312,165,4,57.61,230.44,2025-01-07,Delivered,Davidfort,Connecticut
9348,790,120,1,1304.73,1304.73,2025-01-04,Delivered,Edwardsside,Texas
9349,310,12,2,899.79,1799.58,2025-08-25,Delivered,Mitchellchester,Alaska
9350,709,15,5,22.83,114.15,2024-12-14,Delivered,South Patricia,New York
9351,256,39,7,35.25,246.75,2024-03-23,Shipped,Lake Kevin,Wyoming
9352,995,38,2,31.32,62.64,2025-09-04,Delivered,East Michael,New Mexico
9353,382,176,1,98.52,98.52,2025-08-16,Delivered,Anthonyborough,Oklahoma
9354,188,127,2,150.5,301.0,2025-12-16,Delivered,Jackside,Arizona
9355,81,37,2,110.69,221.38,2025-09-12,Delivered,Lucasshire,Massachusetts
9356,137,93,2,130.28,260.56,2025-12-12,Delivered,Port Miguelfort,Iowa
9357,503,140,2,1253.62,2507.24,2025-12-23,Delivered,New Lauraborough,Nevada
9358,467,109,1,115.28,115.28,2024-08-08,Delivered,New Phillip,Nevada
9359,47,29,1,264.9,264.9,2024-01-25,Shipped,South Kristin,California
9360,616,99,4,135.17,540.68,2024-07-15,Delivered,New Amanda,Nevada
9361,188,102,3,16.48,49.44,2024-09-06,Delivered,Jackside,Arizona
9362,189,95,9,2.3,20.7,2025-10-07,Delivered,East Jeremymouth,Nebraska
9363,608,89,1,695.64,695.64,2024-02-27,Delivered,Gregorychester,Georgia
9364,551,46,3,35.34,106.02,2024-11-23,Delivered,Jasontown,Tennessee
9365,622,176,2,98.52,197.04,2024-02-17,Delivered,Dianachester,Georgia
9366,323,81,1,51.28,51.28,2025-09-02,Delivered,Martinfurt,Montana
9367,802,151,2,192.55,385.1,2024-10-17,Delivered,Lorifort,Missouri
9368,598,191,3,126.39,0.0,2024-03-28,Cancelled,East Tannerview,Oklahoma
9369,370,101,2,450.0,900.0,2024-01-27,Delivered,Port Lisaborough,Colorado
9370,471,77,3,5.4,16.2,2025-06-12,Delivered,Donaldbury,Arizona
9371,12,186,1,304.0,304.0,2025-04-15,Processing,Floresland,Virginia
9372,599,80,6,31.23,187.38,2024-10-09,Delivered,East Andrea,Georgia
9373,427,190,2,11.07,22.14,2024-09-25,Delivered,South Michelleport,Wyoming
9374,286,10,4,107.87,431.48,2024-05-16,Delivered,New Zacharyshire,Wisconsin
9375,753,109,3,115.28,345.84,2025-07-31,Returned,Monicafort,Hawaii
9376,494,170,1,81.2,81.2,2025-10-18,Delivered,Bentleyfurt,Delaware
9377,341,82,9,29.07,261.63,2024-12-18,Delivered,Karenview,Ohio
9378,432,6,2,1964.49,3928.98,2025-08-27,Delivered,Lake Rachelberg,Hawaii
9379,866,141,5,55.53,277.65,2024-03-20,Delivered,East Saraport,Montana
9380,877,106,5,26.57,132.85,2024-10-05,Delivered,Hunterburgh,Arkansas
9381,703,27,7,27.66,193.62,2024-10-13,Shipped,New Lindsayton,South Carolina
9382,114,28,1,84.71,84.71,2024-11-04,Delivered,Dawsonhaven,Colorado
9383,573,83,8,9.9,0.0,2025-11-29,Cancelled,Richardside,Arkansas
9384,50,46,4,35.34,141.36,2025-08-27,Processing,New Shannonhaven,Pennsylvania
9385,355,30,2,17.83,35.66,2025-04-30,Delivered,Cynthiafurt,Connecticut
9386,486,125,3,24.59,73.77,2024-03-28,Delivered,Lake Dianeton,Illinois
9387,522,26,3,15.15,45.45,2025-01-06,Processing,Barkerfort,Wisconsin
9388,726,200,3,41.6,124.8,2025-05-03,Delivered,Larsenshire,Pennsylvania
9389,758,23,2,16.35,32.7,2025-12-01,Delivered,Johnsonmouth,South Carolina
9390,542,200,4,41.6,166.4,2024-11-25,Delivered,Chavezburgh,Michigan
9391,416,73,2,456.73,913.46,2024-11-19,Processing,Kellyshire,South Dakota
9392,740,55,1,29.42,29.42,2024-05-09,Shipped,Lake Marilyn,Wisconsin
9393,898,74,2,301.83,603.66,2025-06-10,Delivered,Lukeberg,Michigan
9394,964,68,1,113.46,0.0,2025-06-10,Cancelled,Meganbury,Connecticut
9395,493,149,2,274.44,548.88,2024-02-20,Delivered,Josephtown,South Dakota
9396,917,86,1,1337.83,1337.83,2024-12-20,Delivered,West Brian,Louisiana
9397,74,59,2,462.07,924.14,2024-10-21,Delivered,Lake Charlesburgh,Minnesota
9398,22,51,3,45.28,135.84,2024-07-03,Delivered,Brendastad,Nebraska
9399,598,67,7,22.32,156.24,2024-08-09,Returned,East Tannerview,Oklahoma
9400,179,77,4,5.4,21.6,2024-04-19,Delivered,Crystalbury,Arizona
9401,502,4,3,40.83,122.49,2024-12-08,Delivered,Port Arielside,West Virginia
9402,246,58,2,1142.69,2285.38,2024-01-03,Returned,Emmabury,Connecticut
9403,862,118,1,103.99,0.0,2025-03-07,Cancelled,Lake Anthony,Oklahoma
9404,755,89,2,695.64,1391.28,2025-05-10,Shipped,Jasonmouth,Vermont
9405,839,150,2,167.9,335.8,2025-06-09,Delivered,Kimberlyburgh,Illinois
9406,351,102,1,16.48,16.48,2024-03-01,Shipped,Dianeborough,New Jersey
9407,573,74,1,301.83,301.83,2024-10-26,Delivered,Richardside,Arkansas
9408,839,114,4,74.03,296.12,2024-12-09,Returned,Kimberlyburgh,Illinois
9409,780,194,3,39.19,117.57,2024-04-30,Delivered,Barrettfort,Maryland
9410,12,104,1,1515.73,1515.73,2025-02-15,Delivered,Floresland,Virginia
9411,381,51,2,45.28,90.56,2024-12-17,Delivered,Dorothyville,Rhode Island
9412,861,62,4,99.97,399.88,2025-12-05,Delivered,Lake Anthony,Maine
9413,331,154,4,42.12,168.48,2024-09-10,Delivered,West Johnmouth,New Hampshire
9414,638,139,3,74.52,223.56,2025-05-08,Delivered,North Gabrielberg,Arizona
9415,701,88,2,548.48,1096.96,2025-08-01,Delivered,South Carlybury,Alabama
9416,792,163,1,113.36,113.36,2025-03-14,Delivered,North John,North Carolina
9417,149,186,1,304.0,304.0,2024-06-11,Delivered,New Ann,Kentucky
9418,950,192,1,16.8,16.8,2025-05-17,Delivered,Lake Elizabethhaven,Connecticut
9419,923,18,3,143.63,430.89,2024-12-04,Delivered,East Anaborough,New Mexico
9420,776,140,1,1253.62,1253.62,2025-01-24,Delivered,Davidhaven,Louisiana
9421,591,48,4,46.46,185.84,2024-02-07,Processing,Lopezhaven,Idaho
9422,453,114,5,74.03,370.15,2024-02-12,Delivered,Smithshire,Florida
9423,648,25,1,212.04,212.04,2025-03-01,Returned,Acostabury,Pennsylvania
9424,272,178,2,11.5,23.0,2024-02-27,Processing,Munozmouth,Tennessee
9425,743,134,6,53.71,322.26,2024-02-01,Delivered,Bryanhaven,New Hampshire
9426,41,177,2,1488.3,2976.6,2024-12-24,Delivered,Jameschester,Pennsylvania
9427,160,65,1,337.28,337.28,2025-01-25,Processing,Lake Marcus,Virginia
9428,619,171,5,142.38,711.9,2024-07-13,Delivered,East Theresahaven,Colorado
9429,187,69,2,12.9,0.0,2024-06-04,Cancelled,Onealfurt,Florida
9430,357,149,3,274.44,823.32,2025-12-30,Delivered,Lake Sheriside,Iowa
9431,109,136,4,81.75,327.0,2024-10-12,Delivered,Maciaschester,Utah
9432,30,195,3,32.25,96.75,2025-08-25,Delivered,Davidview,Iowa
9433,301,194,3,39.19,117.57,2025-02-11,Delivered,North Wayne,Utah
9434,320,138,3,160.33,480.99,2024-01-10,Delivered,Maryview,Ohio
9435,67,75,3,51.24,153.72,2024-04-02,Delivered,Barronshire,Oregon
9436,650,140,2,1253.62,2507.24,2025-05-21,Delivered,Alexanderside,West Virginia
9437,420,157,1,8.59,8.59,2025-07-16,Delivered,Thompsonhaven,Alaska
9438,744,82,12,29.07,348.84,2024-05-08,Delivered,Deborahstad,Oklahoma
9439,620,40,3,414.22,1242.66,2025-03-25,Delivered,Lake Debrahaven,Alabama
9440,948,141,1,55.53,55.53,2025-09-04,Delivered,Johnnybury,Oregon
9441,655,60,2,493.39,986.78,2025-05-21,Shipped,North Joshuaside,Alaska
9442,984,32,3,87.66,262.98,2024-02-25,Delivered,Sandramouth,Oregon
9443,602,128,5,15.74,0.0,2024-02-21,Cancelled,Jasonmouth,Montana
9444,298,21,3,65.8,197.4,2024-12-27,Delivered,Lake Codyside,Delaware
9445,415,58,2,1142.69,2285.38,2025-10-06,Delivered,South Justin,Mississippi
9446,777,115,3,98.26,294.78,2025-10-29,Delivered,Lake Victoria,Connecticut
9447,10,51,1,45.28,45.28,2024-01-14,Delivered,South Michaelville,Illinois
9448,515,185,4,141.13,0.0,2024-09-09,Cancelled,Leslieshire,Nebraska
9449,862,45,1,57.4,57.4,2025-11-01,Delivered,Lake Anthony,Oklahoma
9450,975,63,2,1487.23,2974.46,2025-08-06,Delivered,North Peter,Michigan
9451,125,192,12,16.8,201.6,2024-10-29,Shipped,North Sarahmouth,Kansas
9452,303,80,4,31.23,124.92,2025-10-14,Delivered,Stevensfort,Iowa
9453,202,5,4,14.19,56.76,2024-01-10,Delivered,North Jerry,Kentucky
9454,978,39,6,35.25,211.5,2024-08-12,Delivered,Owensmouth,Pennsylvania
9455,374,135,2,144.51,0.0,2024-08-14,Cancelled,Evelynport,Texas
9456,791,147,1,487.95,487.95,2024-02-07,Delivered,Griffinton,North Dakota
9457,983,166,3,80.7,242.1,2024-06-18,Delivered,Seanborough,Nebraska
9458,892,87,5,29.52,147.6,2024-04-13,Delivered,Lake Anthony,Nevada
9459,741,170,3,81.2,243.6,2025-02-24,Processing,Santosside,North Dakota
9460,551,142,2,241.68,483.36,2024-12-14,Delivered,Jasontown,Tennessee
9461,894,64,5,32.06,0.0,2025-10-12,Cancelled,New Christy,Idaho
9462,162,115,1,98.26,98.26,2025-01-24,Delivered,Calhounside,Indiana
9463,697,171,2,142.38,284.76,2024-04-22,Shipped,East Jasonville,Kansas
9464,371,83,6,9.9,59.4,2024-01-29,Delivered,West Nicole,Wyoming
9465,933,184,1,107.03,107.03,2024-09-24,Delivered,Longside,Michigan
9466,582,3,1,34.78,34.78,2024-12-15,Delivered,Port Amy,Indiana
9467,810,6,1,1964.49,1964.49,2025-02-04,Returned,Andersonchester,Florida
9468,424,28,4,84.71,338.84,2025-01-09,Delivered,Port Christine,Wisconsin
9469,319,7,1,43.74,43.74,2024-09-27,Delivered,West Rachel,Delaware
9470,88,196,4,138.33,553.32,2024-04-24,Returned,Port Brendamouth,New Hampshire
9471,341,20,2,34.83,69.66,2025-03-17,Shipped,Karenview,Ohio
9472,602,128,1,15.74,0.0,2024-06-05,Cancelled,Jasonmouth,Montana
9473,507,96,1,286.65,286.65,2024-05-03,Delivered,Vincentborough,Utah
9474,93,192,11,16.8,184.8,2025-01-16,Delivered,Lake Toddport,Wisconsin
9475,552,51,3,45.28,135.84,2024-01-23,Delivered,Port Anthonymouth,Kentucky
9476,301,41,1,238.94,238.94,2024-04-07,Delivered,North Wayne,Utah
9477,859,73,2,456.73,0.0,2024-02-23,Cancelled,New Patricia,Minnesota
9478,412,75,2,51.24,102.48,2025-03-30,Shipped,Lake Jay,North Dakota
9479,133,130,1,87.12,0.0,2024-01-10,Cancelled,Harrisonborough,Arizona
9480,775,62,2,99.97,199.94,2024-07-24,Delivered,Davidtown,Nebraska
9481,704,138,3,160.33,0.0,2025-04-11,Cancelled,Carterview,Delaware
9482,797,38,3,31.32,93.96,2024-05-03,Processing,Lake Alexaside,Nevada
9483,600,118,1,103.99,0.0,2025-07-19,Cancelled,South Christopherfort,Massachusetts
9484,193,84,3,148.96,0.0,2024-05-23,Cancelled,Bellville,Michigan
9485,574,78,5,5.17,25.85,2025-03-04,Shipped,South Cathyview,South Carolina
9486,371,97,4,43.15,172.6,2024-08-15,Delivered,West Nicole,Wyoming
9487,269,33,1,1077.68,1077.68,2025-03-07,Delivered,New Courtneyview,Tennessee
9488,876,178,1,11.5,11.5,2025-06-23,Delivered,North Susanville,Massachusetts
9489,267,37,5,110.69,553.45,2024-01-11,Delivered,Jenniferland,Idaho
9490,128,95,2,2.3,4.6,2025-07-09,Shipped,Port Stevenhaven,Rhode Island
9491,276,5,8,14.19,113.52,2024-05-09,Returned,Lake Katrinahaven,Pennsylvania
9492,984,18,4,143.63,574.52,2024-05-13,Delivered,Sandramouth,Oregon
9493,183,164,2,46.38,92.76,2025-03-31,Delivered,South Shane,Kansas
9494,301,82,7,29.07,0.0,2025-06-13,Cancelled,North Wayne,Utah
9495,962,81,6,51.28,307.68,2024-11-24,Delivered,Garciamouth,Nebraska
9496,26,176,1,98.52,98.52,2025-02-23,Delivered,Gregorychester,Arizona
9497,225,120,2,1304.73,2609.46,2025-12-01,Delivered,Rowechester,Massachusetts
9498,452,197,1,42.46,42.46,2025-05-01,Delivered,North Chadtown,Missouri
9499,192,142,2,241.68,483.36,2024-03-20,Shipped,West Jenniferfort,Kentucky
9500,671,109,1,115.28,115.28,2025-01-08,Delivered,East Johnside,Oregon
9501,955,6,2,1964.49,3928.98,2024-02-27,Delivered,New Ricardofort,Utah
9502,44,113,5,22.71,113.55,2025-01-18,Delivered,Tinahaven,Minnesota
9503,725,135,3,144.51,433.53,2025-07-07,Returned,Lake Leslie,Ohio
9504,453,112,3,53.86,161.58,2024-01-09,Delivered,Smithshire,Florida
9505,782,196,4,138.33,553.32,2024-08-15,Delivered,Darrenton,New York
9506,586,154,5,42.12,210.6,2024-10-09,Delivered,South Johnton,Kansas
9507,123,193,1,69.03,69.03,2025-12-06,Processing,West Steven,North Carolina
9508,750,149,1,274.44,274.44,2025-06-16,Delivered,East Meganland,North Dakota
9509,207,88,2,548.48,1096.96,2025-01-23,Delivered,Port Seth,Virginia
9510,977,16,2,53.79,107.58,2024-10-16,Delivered,New Keith,Oregon
9511,553,135,1,144.51,144.51,2025-11-26,Delivered,Port Shelly,Illinois
9512,57,8,2,80.04,160.08,2025-03-15,Returned,Port Alexisside,Nevada
9513,178,1,4,21.77,87.08,2025-08-12,Delivered,Graybury,Arkansas
9514,602,128,1,15.74,15.74,2025-07-02,Delivered,Jasonmouth,Montana
9515,592,32,3,87.66,262.98,2024-10-06,Delivered,South Daniel,Louisiana
9516,181,171,5,142.38,711.9,2024-12-06,Processing,Lake Victor,Georgia
9517,986,1,3,21.77,65.31,2024-05-01,Shipped,South Michaelville,Louisiana
9518,891,66,1,235.08,235.08,2025-03-18,Delivered,Fischerborough,Idaho
9519,496,2,5,134.26,671.3,2025-01-22,Returned,Jamesburgh,Florida
9520,621,159,4,28.19,112.76,2024-05-24,Delivered,Lake Amy,North Carolina
9521,629,96,1,286.65,286.65,2024-12-17,Delivered,Jonesburgh,New Hampshire
9522,804,70,6,29.96,179.76,2024-06-28,Processing,South Rebecca,South Carolina
9523,783,183,2,258.69,517.38,2025-01-25,Delivered,Thompsonmouth,Colorado
9524,86,119,2,27.5,55.0,2024-06-21,Processing,East Dawnmouth,Maine
9525,563,174,1,194.56,194.56,2025-06-16,Returned,Hendrixside,Delaware
9526,308,85,1,490.6,490.6,2025-08-19,Delivered,Klinebury,Wisconsin
9527,361,102,4,16.48,65.92,2025-11-17,Delivered,Kellerside,Utah
9528,296,82,2,29.07,58.14,2025-05-24,Delivered,Port Samuelton,Mississippi
9529,220,110,2,26.8,53.6,2024-12-26,Delivered,Cindyport,North Dakota
9530,351,108,1,52.63,52.63,2024-08-07,Delivered,Dianeborough,New Jersey
9531,83,198,3,473.82,1421.46,2024-12-24,Delivered,New Joshua,Washington
9532,876,102,1,16.48,16.48,2025-08-08,Processing,North Susanville,Massachusetts
9533,162,28,2,84.71,0.0,2025-05-31,Cancelled,Calhounside,Indiana
9534,446,4,6,40.83,244.98,2025-11-23,Returned,Lake Johnside,Delaware
9535,907,91,2,222.92,445.84,2024-07-12,Shipped,Lake James,Iowa
9536,707,18,1,143.63,143.63,2025-08-19,Delivered,Phelpsberg,Wyoming
9537,228,175,5,58.63,293.15,2024-08-14,Delivered,New Douglas,Nevada
9538,909,195,5,32.25,161.25,2024-07-27,Delivered,South Kimberly,Wisconsin
9539,723,17,2,625.15,1250.3,2024-11-07,Processing,North Judy,Florida
9540,5,146,2,157.34,314.68,2025-08-08,Delivered,South Natalieshire,New Jersey
9541,642,53,3,75.3,225.9,2025-10-12,Delivered,Anneborough,New York
9542,277,165,4,57.61,230.44,2024-03-28,Delivered,Rachelfort,New Jersey
9543,385,60,1,493.39,493.39,2025-07-23,Delivered,Russellborough,Nebraska
9544,758,14,1,28.78,28.78,2024-04-19,Delivered,Johnsonmouth,South Carolina
9545,308,188,1,102.39,0.0,2024-02-05,Cancelled,Klinebury,Wisconsin
9546,850,40,3,414.22,1242.66,2024-07-26,Shipped,Goodwinside,West Virginia
9547,330,107,3,56.54,169.62,2025-11-21,Processing,Hamiltonmouth,Utah
9548,398,64,5,32.06,0.0,2024-06-22,Cancelled,Williamview,Delaware
9549,34,160,12,37.99,455.88,2024-05-14,Processing,Joseland,Alabama
9550,219,28,2,84.71,169.42,2025-04-08,Delivered,Grayport,Georgia
9551,935,44,2,423.84,847.68,2025-01-22,Delivered,Moralesstad,Ohio
9552,975,140,2,1253.62,2507.24,2024-11-12,Delivered,North Peter,Michigan
9553,923,14,1,28.78,28.78,2025-11-14,Delivered,East Anaborough,New Mexico
9554,64,131,1,917.21,917.21,2024-02-24,Shipped,Port James,California
9555,374,177,2,1488.3,2976.6,2025-05-25,Delivered,Evelynport,Texas
9556,60,98,2,46.15,92.3,2025-01-04,Processing,Austintown,North Dakota
9557,910,73,2,456.73,913.46,2025-01-12,Delivered,Port Christopher,South Carolina
9558,220,125,3,24.59,73.77,2025-06-09,Shipped,Cindyport,North Dakota
9559,533,143,1,148.64,148.64,2025-03-24,Delivered,Cynthiaberg,New Hampshire
9560,408,195,2,32.25,64.5,2024-04-05,Returned,Patelville,Iowa
9561,411,18,5,143.63,718.15,2025-11-13,Delivered,Vasquezfurt,Massachusetts
9562,113,10,2,107.87,215.74,2025-06-05,Delivered,East Jamie,South Carolina
9563,555,143,4,148.64,594.56,2024-02-23,Delivered,Lake Marymouth,Illinois
9564,228,27,7,27.66,193.62,2025-01-11,Delivered,New Douglas,Nevada
9565,323,56,1,208.97,208.97,2025-10-16,Delivered,Martinfurt,Montana
9566,95,140,1,1253.62,1253.62,2024-06-30,Delivered,Lake Kathleenland,Colorado
9567,903,177,1,1488.3,1488.3,2025-08-01,Delivered,Maryland,Alaska
9568,40,196,1,138.33,138.33,2024-04-26,Delivered,East Nicolas,Louisiana
9569,225,141,3,55.53,166.59,2025-03-23,Delivered,Rowechester,Massachusetts
9570,198,165,2,57.61,115.22,2025-09-30,Processing,Andrewmouth,Texas
9571,260,36,3,193.51,580.53,2024-12-01,Delivered,Shelbyburgh,Connecticut
9572,26,45,2,57.4,114.8,2025-06-22,Processing,Gregorychester,Arizona
9573,221,30,2,17.83,35.66,2025-03-29,Delivered,Craigport,Utah
9574,645,117,2,110.18,220.36,2025-10-04,Delivered,New Antonioport,North Carolina
9575,373,115,1,98.26,98.26,2025-12-27,Delivered,New Linda,New York
9576,728,131,1,917.21,917.21,2025-10-10,Delivered,North Adrienne,Texas
9577,49,124,3,108.4,325.2,2024-10-23,Shipped,South Joshualand,Vermont
9578,796,55,2,29.42,58.84,2024-04-12,Delivered,Stephaniechester,Arkansas
9579,914,63,2,1487.23,0.0,2025-05-21,Cancelled,North Jill,New Mexico
9580,223,104,1,1515.73,1515.73,2025-03-17,Delivered,Fostershire,Maryland
9581,877,35,1,179.74,179.74,2025-02-05,Delivered,Hunterburgh,Arkansas
9582,414,77,5,5.4,27.0,2025-09-24,Delivered,Williamton,Virginia
9583,103,49,2,98.4,196.8,2024-01-31,Delivered,South Suzanneland,California
9584,445,129,3,165.48,496.44,2024-08-31,Delivered,Longshire,New Jersey
9585,551,87,2,29.52,59.04,2024-03-16,Delivered,Jasontown,Tennessee
9586,904,148,2,639.02,1278.04,2024-09-19,Returned,Lake Johnathan,Michigan
9587,487,194,3,39.19,117.57,2025-09-02,Delivered,Sarahton,Nevada
9588,770,111,2,93.95,187.9,2024-08-23,Shipped,Sandraside,Oklahoma
9589,425,151,3,192.55,577.65,2025-02-20,Processing,Brettstad,New Hampshire
9590,473,82,9,29.07,261.63,2024-11-14,Shipped,Emilyburgh,Mississippi
9591,704,107,2,56.54,113.08,2025-04-03,Delivered,Carterview,Delaware
9592,345,60,2,493.39,986.78,2025-12-16,Shipped,Huntstad,Michigan
9593,620,79,3,383.68,1151.04,2024-05-30,Shipped,Lake Debrahaven,Alabama
9594,876,58,2,1142.69,2285.38,2025-02-17,Delivered,North Susanville,Massachusetts
9595,210,24,2,180.09,360.18,2024-04-21,Delivered,Ryanmouth,Delaware
9596,249,193,2,69.03,138.06,2024-12-24,Delivered,Rosetown,Missouri
9597,169,152,2,105.39,210.78,2025-07-28,Processing,Bartonland,Nevada
9598,861,35,3,179.74,539.22,2025-10-29,Delivered,Lake Anthony,Maine
9599,599,185,1,141.13,141.13,2025-07-22,Delivered,East Andrea,Georgia
9600,926,174,2,194.56,389.12,2025-04-25,Delivered,Alexanderview,Hawaii
9601,866,63,1,1487.23,1487.23,2025-04-23,Delivered,East Saraport,Montana
9602,15,149,2,274.44,548.88,2024-03-16,Processing,Lawrencehaven,New Jersey
9603,850,110,1,26.8,26.8,2024-05-05,Delivered,Goodwinside,West Virginia
9604,476,165,3,57.61,172.83,2025-01-25,Delivered,West Gordonville,Maine
9605,997,5,7,14.19,99.33,2024-10-25,Delivered,Latoyahaven,Alabama
9606,324,59,3,462.07,1386.21,2025-04-16,Delivered,Brownside,Nebraska
9607,138,198,2,473.82,947.64,2024-01-15,Returned,West Kimberlyberg,Louisiana
9608,962,126,10,14.23,142.3,2025-11-12,Returned,Garciamouth,Nebraska
9609,323,53,1,75.3,75.3,2024-01-27,Delivered,Martinfurt,Montana
9610,171,184,1,107.03,107.03,2024-08-23,Delivered,Cassandrashire,New York
9611,953,182,2,675.46,1350.92,2025-04-20,Delivered,Codychester,Rhode Island
9612,340,32,4,87.66,350.64,2025-10-16,Delivered,Scottmouth,Ohio
9613,377,140,1,1253.62,1253.62,2025-06-11,Delivered,Williamsstad,Florida
9614,701,107,1,56.54,56.54,2025-06-16,Delivered,South Carlybury,Alabama
9615,603,108,1,52.63,52.63,2025-06-08,Shipped,West Nathan,New Hampshire
9616,140,150,2,167.9,335.8,2024-03-28,Shipped,West Christopherchester,Virginia
9617,965,49,4,98.4,393.6,2024-03-01,Shipped,Lake Philipton,Mississippi
9618,274,80,2,31.23,62.46,2025-10-14,Processing,Mcdonaldtown,New Mexico
9619,650,37,2,110.69,221.38,2025-07-18,Delivered,Alexanderside,West Virginia
9620,854,108,2,52.63,105.26,2024-04-04,Shipped,South Joshuaburgh,New Mexico
9621,515,100,3,48.33,144.99,2024-02-02,Delivered,Leslieshire,Nebraska
9622,298,113,5,22.71,113.55,2025-08-07,Delivered,Lake Codyside,Delaware
9623,669,185,5,141.13,705.65,2025-08-25,Shipped,East Dustinburgh,Maine
9624,774,29,2,264.9,529.8,2024-10-15,Processing,North Adamland,Rhode Island
9625,5,197,4,42.46,169.84,2024-02-11,Delivered,South Natalieshire,New Jersey
9626,620,139,1,74.52,74.52,2025-10-01,Delivered,Lake Debrahaven,Alabama
9627,142,112,3,53.86,161.58,2024-07-24,Delivered,Brittanytown,Nevada
9628,180,189,3,48.34,145.02,2024-10-26,Delivered,Butlermouth,Nebraska
9629,770,13,3,56.57,169.71,2025-04-19,Delivered,Sandraside,Oklahoma
9630,509,128,6,15.74,94.44,2024-03-13,Delivered,North Katie,Virginia
9631,936,15,2,22.83,45.66,2025-08-15,Returned,Melissachester,Rhode Island
9632,799,66,1,235.08,235.08,2025-11-17,Delivered,Barkershire,Michigan
9633,67,125,5,24.59,122.95,2025-03-21,Shipped,Barronshire,Oregon
9634,146,22,1,413.03,0.0,2025-10-19,Cancelled,East Jasonmouth,South Dakota
9635,950,136,4,81.75,327.0,2024-08-22,Delivered,Lake Elizabethhaven,Connecticut
9636,443,6,1,1964.49,1964.49,2024-11-12,Delivered,Hamiltonchester,Maryland
9637,657,18,5,143.63,718.15,2024-06-17,Shipped,North Richardview,Kansas
9638,907,177,2,1488.3,2976.6,2025-06-18,Delivered,Lake James,Iowa
9639,307,28,1,84.71,84.71,2025-11-28,Delivered,Jacobton,Mississippi
9640,687,131,1,917.21,917.21,2024-07-07,Returned,Robertsberg,California
9641,248,182,2,675.46,1350.92,2025-07-26,Delivered,West Kaylabury,Vermont
9642,32,187,4,85.38,341.52,2024-10-16,Delivered,Brianshire,South Carolina
9643,569,127,2,150.5,301.0,2024-02-17,Returned,Stanleychester,Massachusetts
9644,843,41,2,238.94,0.0,2024-09-19,Cancelled,Port Megantown,Ohio
9645,5,176,3,98.52,295.56,2025-07-05,Delivered,South Natalieshire,New Jersey
9646,572,123,2,271.01,542.02,2025-04-02,Delivered,Johnsonstad,Arkansas
9647,895,22,1,413.03,413.03,2024-05-07,Delivered,New Reneeburgh,Maryland
9648,233,162,5,115.69,578.45,2025-11-12,Delivered,Leland,New York
9649,987,182,2,675.46,1350.92,2024-07-21,Delivered,South Jessehaven,New Jersey
9650,547,8,4,80.04,320.16,2024-10-17,Shipped,Annport,Florida
9651,778,118,1,103.99,103.99,2025-09-03,Delivered,Jeromemouth,Utah
9652,929,60,3,493.39,1480.17,2024-04-09,Delivered,West Erikaview,Michigan
9653,1000,161,5,33.62,168.1,2024-04-17,Delivered,Mendezport,Missouri
9654,668,200,1,41.6,41.6,2024-11-01,Delivered,South Miguel,Ohio
9655,379,61,5,24.62,123.1,2025-02-07,Delivered,New Wesleyview,Oregon
9656,587,104,1,1515.73,1515.73,2025-03-27,Processing,North Matthewland,Maine
9657,420,48,10,46.46,464.6,2025-04-21,Processing,Thompsonhaven,Alaska
9658,875,112,1,53.86,53.86,2025-01-10,Shipped,New Williamchester,Ohio
9659,562,164,2,46.38,92.76,2025-08-02,Delivered,Nixonland,Delaware
9660,624,127,3,150.5,451.5,2024-06-17,Delivered,New Katherine,North Dakota
9661,951,118,1,103.99,103.99,2025-07-02,Shipped,New Michaelside,Maryland
9662,369,67,9,22.32,200.88,2025-04-02,Shipped,Ryanport,Vermont
9663,194,122,3,30.44,91.32,2024-01-27,Delivered,Donaldland,North Carolina
9664,452,123,2,271.01,542.02,2025-08-23,Delivered,North Chadtown,Missouri
9665,409,173,2,63.4,126.8,2024-01-23,Delivered,East Morganton,Indiana
9666,617,59,3,462.07,1386.21,2024-09-02,Delivered,Lake Sonyaville,New York
9667,15,56,1,208.97,208.97,2024-04-01,Delivered,Lawrencehaven,New Jersey
9668,132,100,4,48.33,193.32,2025-05-11,Delivered,South Jason,Wyoming
9669,195,156,4,76.9,307.6,2024-08-17,Delivered,West Justinborough,Missouri
9670,517,182,1,675.46,675.46,2025-05-19,Delivered,Sarachester,Ohio
9671,430,190,3,11.07,33.21,2024-11-25,Delivered,South Connor,Montana
9672,292,42,2,146.77,293.54,2025-06-25,Delivered,Lake Michaelmouth,Arkansas
9673,64,150,3,167.9,503.7,2025-01-02,Processing,Port James,California
9674,306,192,8,16.8,134.4,2025-07-11,Delivered,New Benjamin,Delaware
9675,599,141,4,55.53,222.12,2024-12-09,Processing,East Andrea,Georgia
9676,487,140,1,1253.62,1253.62,2025-05-15,Delivered,Sarahton,Nevada
9677,633,5,6,14.19,85.14,2025-10-21,Delivered,Allenburgh,Michigan
9678,45,50,9,23.62,212.58,2025-08-05,Delivered,Melindaport,Pennsylvania
9679,57,195,3,32.25,96.75,2024-12-07,Delivered,Port Alexisside,Nevada
9680,270,194,4,39.19,156.76,2025-10-25,Delivered,New Patricktown,Montana
9681,459,12,2,899.79,1799.58,2025-02-10,Delivered,Rodriguezmouth,New York
9682,853,75,1,51.24,51.24,2024-01-22,Delivered,Jonathanborough,Vermont
9683,740,150,3,167.9,503.7,2025-06-19,Delivered,Lake Marilyn,Wisconsin
9684,124,134,6,53.71,322.26,2024-11-18,Delivered,Isaiahburgh,Maine
9685,697,178,1,11.5,11.5,2025-08-22,Delivered,East Jasonville,Kansas
9686,129,62,3,99.97,299.91,2024-06-23,Delivered,Johntown,Arkansas
9687,683,85,1,490.6,490.6,2024-10-12,Delivered,New Jessica,New Mexico
9688,300,138,3,160.33,480.99,2024-05-23,Shipped,Zamoraville,South Carolina
9689,18,6,2,1964.49,3928.98,2025-08-29,Delivered,East Brian,New Hampshire
9690,213,76,3,143.96,431.88,2025-02-17,Shipped,Kingfort,New Hampshire
9691,697,188,3,102.39,307.17,2025-11-20,Processing,East Jasonville,Kansas
9692,151,21,3,65.8,197.4,2024-10-23,Delivered,Port Joelfurt,North Dakota
9693,303,129,4,165.48,661.92,2025-09-07,Delivered,Stevensfort,Iowa
9694,226,176,2,98.52,0.0,2025-12-07,Cancelled,Josephview,Florida
9695,568,171,3,142.38,427.14,2024-09-19,Returned,West Nicholasberg,Maine
9696,802,93,1,130.28,130.28,2024-01-25,Returned,Lorifort,Missouri
9697,824,163,1,113.36,113.36,2025-05-04,Delivered,Colemanside,Connecticut
9698,681,64,2,32.06,64.12,2024-06-22,Delivered,Christineburgh,Virginia
9699,906,36,4,193.51,774.04,2024-04-06,Delivered,Dianahaven,Kansas
9700,881,141,5,55.53,277.65,2024-12-07,Delivered,Susanside,Maine
9701,573,67,2,22.32,44.64,2024-08-07,Delivered,Richardside,Arkansas
9702,576,92,3,11.68,35.04,2025-07-22,Delivered,Richardshire,Massachusetts
9703,254,144,11,37.02,407.22,2025-08-04,Shipped,West Danielle,Nebraska
9704,963,184,3,107.03,321.09,2024-08-06,Delivered,New Fernando,Georgia
9705,1,9,1,160.49,160.49,2024-03-16,Delivered,Port Jennifer,Pennsylvania
9706,61,155,4,97.2,388.8,2024-09-11,Delivered,Thomasborough,Arizona
9707,128,84,4,148.96,595.84,2025-04-29,Delivered,Port Stevenhaven,Rhode Island
9708,377,44,2,423.84,847.68,2024-10-24,Delivered,Williamsstad,Florida
9709,378,73,1,456.73,456.73,2025-01-22,Delivered,Cameronborough,Virginia
9710,946,81,4,51.28,205.12,2025-07-11,Delivered,Port Anthony,Utah
9711,459,121,12,6.52,78.24,2024-03-08,Delivered,Rodriguezmouth,New York
9712,869,73,1,456.73,456.73,2024-01-17,Shipped,West Davidport,Arkansas
9713,348,93,1,130.28,130.28,2024-03-29,Delivered,Scottberg,Kansas
9714,687,43,2,102.37,204.74,2024-08-24,Shipped,Robertsberg,California
9715,629,47,1,188.28,188.28,2024-05-26,Delivered,Jonesburgh,New Hampshire
9716,538,129,1,165.48,0.0,2024-07-21,Cancelled,Darrenmouth,West Virginia
9717,731,74,2,301.83,0.0,2025-01-14,Cancelled,Scottstad,North Dakota
9718,234,197,5,42.46,212.3,2025-03-31,Delivered,East Davidview,North Dakota
9719,453,24,2,180.09,0.0,2024-04-08,Cancelled,Smithshire,Florida
9720,344,153,3,98.25,0.0,2025-12-05,Cancelled,Deborahchester,Virginia
9721,652,166,3,80.7,242.1,2025-06-06,Delivered,Rachelfort,Missouri
9722,529,198,2,473.82,947.64,2024-12-06,Delivered,South Darrylberg,Colorado
9723,908,34,3,24.01,72.03,2025-06-02,Delivered,Port Walter,Iowa
9724,78,106,1,26.57,26.57,2025-02-19,Shipped,Lake Jonathanton,Alabama
9725,514,118,3,103.99,311.97,2024-06-26,Delivered,Leeport,North Dakota
9726,55,62,2,99.97,199.94,2025-04-21,Delivered,Ashleyfort,Maryland
9727,358,101,2,450.0,900.0,2025-08-28,Delivered,Lyonsmouth,Virginia
9728,820,190,4,11.07,44.28,2025-12-31,Delivered,Wilsonchester,Maine
9729,443,173,1,63.4,63.4,2025-12-02,Processing,Hamiltonchester,Maryland
9730,240,41,3,238.94,716.82,2024-12-07,Delivered,Schmidtchester,Michigan
9731,846,165,3,57.61,172.83,2024-01-20,Delivered,South Denisefort,New Mexico
9732,86,154,3,42.12,126.36,2024-07-30,Delivered,East Dawnmouth,Maine
9733,854,190,2,11.07,22.14,2025-02-24,Delivered,South Joshuaburgh,New Mexico
9734,878,134,1,53.71,53.71,2024-02-16,Shipped,Manningbury,West Virginia
9735,932,91,1,222.92,222.92,2025-04-08,Delivered,West Anita,Illinois
9736,592,62,4,99.97,399.88,2024-09-13,Delivered,South Daniel,Louisiana
9737,936,148,1,639.02,639.02,2024-08-15,Delivered,Melissachester,Rhode Island
9738,78,183,1,258.69,258.69,2024-04-10,Delivered,Lake Jonathanton,Alabama
9739,940,81,6,51.28,0.0,2025-02-03,Cancelled,North David,Tennessee
9740,489,110,6,26.8,160.8,2024-08-20,Delivered,South Jasonstad,Tennessee
9741,540,113,6,22.71,136.26,2025-11-23,Delivered,Michaelview,Connecticut
9742,34,27,10,27.66,276.6,2025-09-25,Shipped,Joseland,Alabama
9743,326,51,1,45.28,45.28,2024-04-12,Shipped,Lisachester,New York
9744,162,109,1,115.28,115.28,2024-11-27,Shipped,Calhounside,Indiana
9745,198,169,4,175.75,703.0,2025-08-23,Delivered,Andrewmouth,Texas
9746,602,50,9,23.62,212.58,2024-05-26,Delivered,Jasonmouth,Montana
9747,967,176,1,98.52,98.52,2024-04-08,Processing,Kennethchester,Nebraska
9748,710,172,3,84.77,254.31,2024-11-16,Delivered,Turnertown,Maine
9749,546,51,4,45.28,0.0,2024-01-29,Cancelled,South Austin,Nebraska
9750,134,48,1,46.46,46.46,2025-09-24,Delivered,Kellyfurt,New Jersey
9751,171,85,1,490.6,490.6,2024-10-14,Processing,Cassandrashire,New York
9752,764,106,2,26.57,53.14,2025-07-18,Shipped,South Dawnburgh,Wisconsin
9753,359,69,2,12.9,25.8,2025-08-14,Processing,Jordanshire,Washington
9754,420,11,4,50.75,203.0,2025-02-05,Delivered,Thompsonhaven,Alaska
9755,837,5,2,14.19,0.0,2025-10-23,Cancelled,Lake Michaelmouth,Delaware
9756,144,75,2,51.24,102.48,2024-10-22,Returned,West Mariahaven,Wisconsin
9757,178,145,1,88.28,0.0,2024-10-03,Cancelled,Graybury,Arkansas
9758,178,99,5,135.17,675.85,2025-12-14,Shipped,Graybury,Arkansas
9759,867,96,3,286.65,859.95,2025-03-27,Processing,Allenfort,Illinois
9760,386,126,11,14.23,156.53,2025-09-25,Delivered,Alishamouth,Alabama
9761,278,76,1,143.96,143.96,2024-08-14,Delivered,Butlerton,California
9762,147,78,1,5.17,5.17,2024-05-27,Shipped,Stephanieburgh,Alaska
9763,82,95,5,2.3,11.5,2025-10-23,Shipped,Michaelland,Massachusetts
9764,762,118,3,103.99,311.97,2024-02-19,Delivered,West Robertville,Florida
9765,767,46,4,35.34,141.36,2025-12-08,Delivered,Port Matthew,Oklahoma
9766,341,49,1,98.4,98.4,2024-07-12,Processing,Karenview,Ohio
9767,889,177,1,1488.3,0.0,2025-08-11,Cancelled,Port Jacquelinemouth,Rhode Island
9768,39,62,5,99.97,499.85,2024-10-18,Shipped,East Alexandra,South Carolina
9769,470,144,3,37.02,111.06,2024-08-06,Delivered,Watsonville,Montana
9770,636,159,4,28.19,112.76,2024-08-23,Delivered,North Anna,Missouri
9771,893,119,8,27.5,220.0,2025-11-09,Delivered,Daniellefort,Oklahoma
9772,322,54,8,7.54,60.32,2025-08-22,Delivered,Prattberg,Michigan
9773,822,75,3,51.24,153.72,2024-11-02,Delivered,North Daniel,Nebraska
9774,278,13,3,56.57,0.0,2024-10-02,Cancelled,Butlerton,California
9775,563,4,4,40.83,163.32,2024-08-02,Delivered,Hendrixside,Delaware
9776,842,58,1,1142.69,1142.69,2025-07-10,Delivered,Williamhaven,Utah
9777,551,88,1,548.48,548.48,2025-07-17,Delivered,Jasontown,Tennessee
9778,685,31,4,50.16,0.0,2025-03-20,Cancelled,East Amber,Iowa
9779,914,98,1,46.15,46.15,2025-04-17,Delivered,North Jill,New Mexico
9780,756,90,3,170.31,510.93,2024-10-12,Delivered,Dianaville,Iowa
9781,318,44,1,423.84,423.84,2025-12-10,Delivered,South Caitlin,Nevada
9782,747,50,12,23.62,283.44,2025-09-27,Shipped,Ericabury,South Dakota
9783,782,161,3,33.62,100.86,2025-07-23,Delivered,Darrenton,New York
9784,406,58,2,1142.69,2285.38,2024-11-22,Processing,Calvinview,Utah
9785,25,184,3,107.03,321.09,2025-07-29,Delivered,North Tonya,Arkansas
9786,638,146,2,157.34,314.68,2025-04-03,Delivered,North Gabrielberg,Arizona
9787,400,12,1,899.79,899.79,2024-02-24,Delivered,Andersonside,Wyoming
9788,417,49,2,98.4,0.0,2025-07-04,Cancelled,South Aaron,South Carolina
9789,176,104,2,1515.73,3031.46,2025-11-03,Returned,Jacobview,Maryland
9790,940,109,1,115.28,115.28,2024-02-19,Delivered,North David,Tennessee
9791,171,13,4,56.57,226.28,2025-02-16,Delivered,Cassandrashire,New York
9792,18,62,3,99.97,299.91,2024-03-03,Shipped,East Brian,New Hampshire
9793,676,68,2,113.46,226.92,2024-07-30,Delivered,Juanbury,Georgia
9794,505,100,3,48.33,144.99,2025-03-15,Delivered,Mcintyrebury,Kentucky
9795,343,51,1,45.28,45.28,2025-02-10,Shipped,Christianstad,Montana
9796,115,4,2,40.83,0.0,2024-08-08,Cancelled,Henryfort,New York
9797,823,53,1,75.3,75.3,2024-04-11,Processing,New James,Virginia
9798,716,39,7,35.25,246.75,2025-05-08,Delivered,Smithborough,Michigan
9799,85,137,2,484.65,969.3,2024-05-17,Delivered,New Stephanie,South Dakota
9800,34,89,1,695.64,695.64,2024-01-13,Delivered,Joseland,Alabama
9801,355,184,3,107.03,321.09,2024-06-13,Delivered,Cynthiafurt,Connecticut
9802,411,16,2,53.79,107.58,2024-03-02,Delivered,Vasquezfurt,Massachusetts
9803,843,37,4,110.69,442.76,2025-04-23,Shipped,Port Megantown,Ohio
9804,383,189,6,48.34,290.04,2025-09-06,Returned,Port Kathleenfort,Hawaii
9805,297,45,4,57.4,229.6,2025-08-11,Shipped,Lake Jonathan,Vermont
9806,204,9,3,160.49,481.47,2024-10-20,Delivered,Lake Samanthaview,Alabama
9807,96,24,2,180.09,360.18,2025-05-07,Delivered,West Jasonland,New York
9808,282,85,3,490.6,1471.8,2024-01-20,Delivered,Lake Robinfort,Maine
9809,176,61,12,24.62,295.44,2025-04-18,Delivered,Jacobview,Maryland
9810,370,127,2,150.5,301.0,2025-07-18,Shipped,Port Lisaborough,Colorado
9811,832,191,1,126.39,0.0,2025-02-28,Cancelled,New Richard,North Carolina
9812,158,35,1,179.74,0.0,2025-03-25,Cancelled,New Patrick,Indiana
9813,56,9,3,160.49,0.0,2025-08-19,Cancelled,Lesliemouth,South Carolina
9814,177,70,3,29.96,89.88,2025-06-13,Delivered,East Carolyn,Louisiana
9815,770,20,3,34.83,104.49,2025-04-16,Delivered,Sandraside,Oklahoma
9816,104,55,3,29.42,88.26,2025-05-11,Delivered,Pamelaville,Louisiana
9817,509,196,2,138.33,276.66,2025-03-11,Delivered,North Katie,Virginia
9818,527,172,2,84.77,169.54,2025-08-13,Delivered,South Susanfort,Nebraska
9819,454,7,2,43.74,87.48,2024-01-18,Delivered,Biancamouth,West Virginia
9820,31,164,2,46.38,0.0,2024-01-23,Cancelled,Eugeneport,Nebraska
9821,979,143,3,148.64,445.92,2025-04-21,Delivered,Petersonfort,Georgia
9822,608,15,2,22.83,45.66,2025-12-04,Delivered,Gregorychester,Georgia
9823,707,163,2,113.36,226.72,2024-07-11,Delivered,Phelpsberg,Wyoming
9824,78,118,1,103.99,0.0,2025-04-23,Cancelled,Lake Jonathanton,Alabama
9825,232,130,2,87.12,174.24,2024-02-12,Processing,Garyfort,Hawaii
9826,850,52,5,27.18,135.9,2025-03-13,Processing,Goodwinside,West Virginia
9827,225,150,1,167.9,167.9,2024-11-28,Delivered,Rowechester,Massachusetts
9828,711,23,6,16.35,0.0,2024-06-28,Cancelled,Watsonburgh,Kentucky
9829,595,60,3,493.39,1480.17,2025-10-12,Delivered,Port Robin,California
9830,639,38,12,31.32,375.84,2024-08-11,Delivered,East Jamesstad,Michigan
9831,723,89,2,695.64,1391.28,2025-09-03,Shipped,North Judy,Florida
9832,384,133,6,46.43,278.58,2024-09-17,Shipped,Potterborough,Nebraska
9833,499,17,1,625.15,625.15,2025-05-05,Delivered,West Michael,Rhode Island
9834,529,140,1,1253.62,1253.62,2024-12-05,Delivered,South Darrylberg,Colorado
9835,99,36,2,193.51,387.02,2024-02-05,Shipped,Carterton,North Dakota
9836,600,98,4,46.15,184.6,2024-10-08,Delivered,South Christopherfort,Massachusetts
9837,722,34,3,24.01,72.03,2025-03-29,Delivered,South Kennethland,Arkansas
9838,894,152,2,105.39,210.78,2024-04-11,Delivered,New Christy,Idaho
9839,214,190,3,11.07,0.0,2024-08-12,Cancelled,Carolynborough,Kansas
9840,617,51,3,45.28,135.84,2024-08-27,Delivered,Lake Sonyaville,New York
9841,806,160,9,37.99,341.91,2024-07-20,Delivered,Williamsville,Alabama
9842,643,117,1,110.18,110.18,2025-09-23,Delivered,Vanessatown,Mississippi
9843,948,151,2,192.55,385.1,2025-07-03,Delivered,Johnnybury,Oregon
9844,425,66,2,235.08,470.16,2024-03-24,Delivered,Brettstad,New Hampshire
9845,157,121,5,6.52,32.6,2025-12-15,Delivered,Leechester,Wyoming
9846,436,24,2,180.09,360.18,2025-05-31,Delivered,South Jefferyville,California
9847,7,163,1,113.36,113.36,2024-05-04,Delivered,Kleinton,Tennessee
9848,196,144,11,37.02,407.22,2024-12-01,Delivered,Port George,North Carolina
9849,892,186,3,304.0,912.0,2024-09-25,Processing,Lake Anthony,Nevada
9850,399,96,1,286.65,286.65,2024-09-21,Delivered,Riverafurt,Kentucky
9851,840,133,1,46.43,46.43,2025-01-29,Processing,Port Saraton,Missouri
9852,522,175,3,58.63,175.89,2025-11-26,Delivered,Barkerfort,Wisconsin
9853,114,27,1,27.66,27.66,2025-10-11,Delivered,Dawsonhaven,Colorado
9854,927,147,1,487.95,487.95,2025-06-18,Delivered,Judithchester,South Carolina
9855,961,52,1,27.18,27.18,2025-04-27,Delivered,Raymondbury,Kentucky
9856,762,51,1,45.28,45.28,2025-09-21,Processing,West Robertville,Florida
9857,117,186,1,304.0,304.0,2025-07-07,Shipped,Lake Gregory,California
9858,483,152,4,105.39,421.56,2024-05-26,Processing,Williamport,Iowa
9859,544,13,5,56.57,282.85,2025-02-08,Delivered,West Ryanton,Pennsylvania
9860,392,144,10,37.02,370.2,2024-08-25,Delivered,New Donnatown,South Dakota
9861,399,80,8,31.23,249.84,2025-08-12,Delivered,Riverafurt,Kentucky
9862,834,83,10,9.9,99.0,2025-10-29,Delivered,South Christie,South Carolina
9863,869,58,2,1142.69,2285.38,2025-09-01,Delivered,West Davidport,Arkansas
9864,217,102,1,16.48,16.48,2024-07-01,Processing,Aguilarchester,Nevada
9865,335,181,2,86.64,173.28,2024-11-16,Processing,East Johnborough,Arizona
9866,997,51,5,45.28,226.4,2025-08-24,Shipped,Latoyahaven,Alabama
9867,316,110,2,26.8,53.6,2024-05-03,Delivered,Lake Jennifer,Missouri
9868,747,102,1,16.48,16.48,2024-09-04,Processing,Ericabury,South Dakota
9869,960,122,4,30.44,121.76,2024-07-24,Delivered,West Jeffrey,North Dakota
9870,857,115,3,98.26,294.78,2024-08-04,Processing,Jonesborough,South Dakota
9871,456,142,3,241.68,725.04,2025-03-02,Returned,South Ashley,Massachusetts
9872,329,152,3,105.39,316.17,2024-10-17,Delivered,Marcton,Missouri
9873,367,117,3,110.18,330.54,2025-04-26,Delivered,Port Marieside,Virginia
9874,911,149,2,274.44,548.88,2024-12-04,Shipped,New Stephanieland,Wyoming
9875,627,109,3,115.28,345.84,2024-02-20,Shipped,Alexandraland,Alaska
9876,694,79,2,383.68,767.36,2025-01-22,Processing,Port Louis,New Hampshire
9877,621,177,1,1488.3,1488.3,2025-01-24,Shipped,Lake Amy,North Carolina
9878,637,157,5,8.59,42.95,2024-08-11,Delivered,West Joseph,South Dakota
9879,438,9,2,160.49,320.98,2024-02-01,Delivered,East John,Delaware
9880,479,181,1,86.64,86.64,2025-02-13,Delivered,Allenville,North Dakota
9881,110,195,1,32.25,32.25,2025-08-26,Delivered,Breannafurt,New Jersey
9882,766,181,2,86.64,173.28,2025-02-11,Delivered,New Dianaberg,Alabama
9883,370,4,5,40.83,204.15,2024-05-15,Delivered,Port Lisaborough,Colorado
9884,807,98,2,46.15,92.3,2025-03-19,Shipped,Reynoldsshire,Virginia
9885,766,184,3,107.03,321.09,2025-10-20,Delivered,New Dianaberg,Alabama
9886,660,6,1,1964.49,1964.49,2025-01-30,Delivered,South Jessicachester,Alabama
9887,93,91,3,222.92,668.76,2024-12-24,Delivered,Lake Toddport,Wisconsin
9888,933,80,9,31.23,281.07,2024-11-27,Delivered,Longside,Michigan
9889,752,169,4,175.75,703.0,2025-10-30,Delivered,Port Denise,North Dakota
9890,998,150,2,167.9,335.8,2024-07-09,Delivered,Hansonmouth,Iowa
9891,933,33,2,1077.68,2155.36,2025-01-23,Delivered,Longside,Michigan
9892,665,119,7,27.5,192.5,2024-03-19,Delivered,Desireemouth,Maine
9893,72,135,3,144.51,433.53,2025-07-18,Shipped,Davisville,Mississippi
9894,357,96,3,286.65,859.95,2024-12-11,Delivered,Lake Sheriside,Iowa
9895,125,14,1,28.78,28.78,2024-03-11,Delivered,North Sarahmouth,Kansas
9896,521,160,5,37.99,189.95,2025-02-17,Shipped,Jodifurt,New Mexico
9897,531,53,2,75.3,150.6,2025-03-09,Returned,North Todd,Maryland
9898,138,144,11,37.02,407.22,2024-11-10,Delivered,West Kimberlyberg,Louisiana
9899,89,163,1,113.36,113.36,2025-12-08,Delivered,Hobbsburgh,Idaho
9900,306,176,2,98.52,197.04,2024-01-08,Shipped,New Benjamin,Delaware
9901,325,157,6,8.59,51.54,2024-03-22,Delivered,Port Briannastad,Oregon
9902,103,66,3,235.08,705.24,2024-08-02,Shipped,South Suzanneland,California
9903,629,36,1,193.51,193.51,2025-10-10,Processing,Jonesburgh,New Hampshire
9904,470,6,1,1964.49,1964.49,2025-11-12,Delivered,Watsonville,Montana
9905,394,143,3,148.64,0.0,2024-12-12,Cancelled,Johnsonville,Wyoming
9906,303,76,4,143.96,575.84,2025-03-09,Delivered,Stevensfort,Iowa
9907,818,85,1,490.6,490.6,2025-02-11,Delivered,South Monicamouth,Nebraska
9908,92,106,4,26.57,0.0,2025-07-25,Cancelled,Keithview,Michigan
9909,886,106,5,26.57,132.85,2024-01-03,Delivered,Lake Travisview,Texas
9910,938,12,2,899.79,1799.58,2024-05-11,Processing,Mortonville,Alaska
9911,918,127,3,150.5,451.5,2024-07-17,Delivered,Robertchester,Arkansas
9912,131,81,5,51.28,256.4,2025-09-04,Delivered,East Jillstad,Pennsylvania
9913,26,177,1,1488.3,1488.3,2024-12-31,Delivered,Gregorychester,Arizona
9914,559,49,2,98.4,196.8,2025-04-15,Delivered,Theresaview,Georgia
9915,243,103,11,42.88,471.68,2025-11-09,Delivered,Port Danielland,Washington
9916,458,85,1,490.6,490.6,2025-09-11,Delivered,Oscarborough,Arkansas
9917,526,184,2,107.03,214.06,2025-08-22,Processing,Andrewtown,Alabama
9918,300,47,2,188.28,376.56,2024-05-07,Processing,Zamoraville,South Carolina
9919,178,91,1,222.92,222.92,2024-05-31,Delivered,Graybury,Arkansas
9920,556,82,7,29.07,203.49,2025-04-09,Delivered,North Kimberly,Delaware
9921,425,57,3,115.26,0.0,2025-10-19,Cancelled,Brettstad,New Hampshire
9922,843,35,4,179.74,718.96,2024-10-24,Delivered,Port Megantown,Ohio
9923,501,83,9,9.9,89.1,2024-07-22,Delivered,Chaneyhaven,Virginia
9924,554,69,2,12.9,25.8,2024-02-12,Delivered,Zimmermanmouth,Vermont
9925,985,4,6,40.83,244.98,2025-06-16,Delivered,Cruzton,Missouri
9926,988,136,1,81.75,81.75,2025-01-15,Delivered,Jonesfurt,Missouri
9927,952,171,4,142.38,569.52,2024-06-15,Delivered,Port Brian,Nevada
9928,393,127,1,150.5,150.5,2025-10-27,Delivered,East Richard,Wyoming
9929,307,120,1,1304.73,1304.73,2024-08-24,Delivered,Jacobton,Mississippi
9930,246,126,12,14.23,170.76,2025-07-14,Delivered,Emmabury,Connecticut
9931,743,32,1,87.66,87.66,2025-11-09,Delivered,Bryanhaven,New Hampshire
9932,383,72,3,9.09,27.27,2025-02-17,Delivered,Port Kathleenfort,Hawaii
9933,860,25,2,212.04,424.08,2024-06-12,Delivered,Kaylatown,Rhode Island
9934,154,67,3,22.32,66.96,2025-02-10,Shipped,Port Kaylabury,New Hampshire
9935,635,69,3,12.9,38.7,2025-08-12,Delivered,Port Timothy,South Carolina
9936,900,181,1,86.64,86.64,2024-04-07,Shipped,New Marioburgh,California
9937,510,181,3,86.64,259.92,2024-12-22,Processing,Nolanberg,Illinois
9938,461,104,1,1515.73,1515.73,2024-08-08,Delivered,Lake Willieside,South Carolina
9939,889,121,6,6.52,39.12,2025-08-12,Delivered,Port Jacquelinemouth,Rhode Island
9940,134,12,1,899.79,899.79,2025-12-29,Delivered,Kellyfurt,New Jersey
9941,998,34,5,24.01,120.05,2024-06-15,Delivered,Hansonmouth,Iowa
9942,902,41,2,238.94,477.88,2024-07-03,Returned,Matthewburgh,Hawaii
9943,429,88,1,548.48,548.48,2024-07-20,Delivered,Aaronborough,Maryland
9944,634,21,3,65.8,197.4,2024-01-02,Delivered,South Ashleychester,Hawaii
9945,514,5,10,14.19,141.9,2024-10-15,Delivered,Leeport,North Dakota
9946,641,60,2,493.39,986.78,2025-05-27,Delivered,West Joshuafort,New York
9947,598,141,2,55.53,111.06,2024-07-16,Returned,East Tannerview,Oklahoma
9948,597,142,2,241.68,483.36,2024-06-18,Delivered,West Adamton,Tennessee
9949,637,30,2,17.83,35.66,2024-09-10,Delivered,West Joseph,South Dakota
9950,370,20,4,34.83,139.32,2025-08-20,Delivered,Port Lisaborough,Colorado
9951,627,30,1,17.83,17.83,2025-08-19,Shipped,Alexandraland,Alaska
9952,337,191,5,126.39,631.95,2025-05-04,Processing,Lake Jonathonfurt,Florida
9953,894,128,2,15.74,31.48,2024-10-30,Delivered,New Christy,Idaho
9954,130,63,2,1487.23,0.0,2024-10-30,Cancelled,South Derek,South Dakota
9955,892,36,2,193.51,387.02,2025-09-11,Delivered,Lake Anthony,Nevada
9956,324,101,1,450.0,450.0,2024-03-21,Delivered,Brownside,Nebraska
9957,951,53,2,75.3,0.0,2024-01-13,Cancelled,New Michaelside,Maryland
9958,772,10,1,107.87,107.87,2024-05-01,Delivered,Longside,Idaho
9959,356,65,2,337.28,674.56,2024-06-02,Delivered,Mirandafurt,Idaho
9960,423,62,3,99.97,299.91,2024-05-05,Returned,New Angelaburgh,Maine
9961,458,144,11,37.02,407.22,2025-11-16,Delivered,Oscarborough,Arkansas
9962,710,129,1,165.48,165.48,2024-08-29,Processing,Turnertown,Maine
9963,415,111,3,93.95,0.0,2024-08-03,Cancelled,South Justin,Mississippi
9964,710,176,3,98.52,295.56,2025-11-06,Delivered,Turnertown,Maine
9965,365,117,1,110.18,0.0,2025-08-11,Cancelled,Christopherborough,Kansas
9966,970,173,2,63.4,126.8,2024-05-29,Delivered,Robertsborough,Utah
9967,139,163,1,113.36,113.36,2024-04-15,Delivered,South Christopher,Nebraska
9968,242,185,3,141.13,423.39,2025-08-07,Delivered,Isaacburgh,Connecticut
9969,444,52,3,27.18,81.54,2025-10-12,Delivered,Davidfort,New Hampshire
9970,530,49,4,98.4,393.6,2025-09-11,Delivered,Ashleyside,West Virginia
9971,305,124,2,108.4,216.8,2024-11-11,Delivered,Thomasville,Virginia
9972,606,123,3,271.01,813.03,2024-05-26,Delivered,Port Sarah,New Mexico
9973,942,123,3,271.01,813.03,2024-11-16,Delivered,Jesseside,Ohio
9974,970,187,3,85.38,256.14,2025-03-04,Returned,Robertsborough,Utah
9975,845,125,3,24.59,73.77,2024-01-30,Processing,Larryton,Utah
9976,978,61,11,24.62,270.82,2024-12-25,Delivered,Owensmouth,Pennsylvania
9977,611,26,3,15.15,45.45,2024-07-28,Shipped,West Susanmouth,Florida
9978,848,142,2,241.68,483.36,2025-07-12,Returned,East Jacob,Wisconsin
9979,206,104,2,1515.73,3031.46,2024-07-20,Processing,Deborahborough,Indiana
9980,442,172,1,84.77,84.77,2024-08-24,Processing,North Noah,Wyoming
9981,392,107,2,56.54,113.08,2025-09-19,Delivered,New Donnatown,South Dakota
9982,649,29,2,264.9,529.8,2025-11-29,Shipped,East Jenniferfort,New Mexico
9983,929,70,6,29.96,179.76,2024-06-16,Delivered,West Erikaview,Michigan
9984,104,81,2,51.28,102.56,2024-11-02,Shipped,Pamelaville,Louisiana
9985,722,186,1,304.0,304.0,2025-03-29,Shipped,South Kennethland,Arkansas
9986,624,52,3,27.18,81.54,2024-10-11,Delivered,New Katherine,North Dakota
9987,386,185,2,141.13,282.26,2024-02-20,Shipped,Alishamouth,Alabama
9988,493,191,5,126.39,631.95,2024-05-23,Delivered,Josephtown,South Dakota
9989,522,154,1,42.12,42.12,2024-11-12,Delivered,Barkerfort,Wisconsin
9990,68,117,1,110.18,110.18,2024-01-08,Delivered,Charlesfort,Alaska
9991,512,35,4,179.74,718.96,2024-02-01,Delivered,Jasonchester,New Hampshire
9992,888,60,1,493.39,0.0,2024-01-11,Cancelled,Tracyfort,Oregon
9993,489,113,2,22.71,45.42,2025-08-07,Delivered,South Jasonstad,Tennessee
9994,979,125,4,24.59,98.36,2025-11-14,Delivered,Petersonfort,Georgia
9995,15,101,2,450.0,900.0,2024-08-01,Delivered,Lawrencehaven,New Jersey
9996,40,16,4,53.79,215.16,2024-09-24,Delivered,East Nicolas,Louisiana
9997,956,147,1,487.95,487.95,2025-02-23,Shipped,Wheelerchester,South Carolina
9998,962,200,3,41.6,124.8,2025-10-29,Delivered,Garciamouth,Nebraska
9999,315,135,3,144.51,0.0,2025-01-05,Cancelled,Matthewview,New Hampshire
10000,799,76,2,143.96,287.92,2025-06-18,Delivered,Barkershire,Michigan
