order_id,customer_id,product_id,quantity,unit_price,total_amount,order_date,order_status,shipping_city,shipping_state
1,718,160,1,30.6,30.6,2025-12-23,Delivered,North Kevinside,North Dakota
2,108,82,3,102.58,307.74,2025-09-29,Processing,Port Devon,Oregon
3,81,26,3,32.0,96.0,2024-09-16,Delivered,Rileymouth,West Virginia
4,479,154,2,341.24,682.48,2025-12-17,Shipped,Moranside,Mississippi
5,640,20,2,57.57,115.14,2024-01-01,Delivered,Williamsburgh,California
6,614,61,4,83.9,335.6,2024-12-04,Delivered,Toddbury,Texas
7,977,180,3,32.39,97.17,2025-06-07,Delivered,Lake Candace,West Virginia
8,509,157,1,21.39,21.39,2024-07-01,Shipped,East Ryanchester,Georgia
9,24,26,5,32.0,160.0,2024-03-06,Delivered,South Timothy,South Dakota
10,762,118,1,280.69,280.69,2024-12-21,Delivered,West Tarachester,South Carolina
11,903,95,1,90.16,90.16,2025-09-30,Delivered,North Raymondton,Wyoming
12,151,191,1,92.98,92.98,2024-07-29,Delivered,Smithbury,Minnesota
13,635,167,1,133.62,133.62,2025-06-03,Delivered,Port Emilyton,Missouri
14,729,172,2,107.92,215.84,2025-07-28,Delivered,North Steven,Texas
15,331,180,5,32.39,161.95,2024-06-30,Processing,Lake Williamfort,Washington
16,190,146,4,6.95,27.8,2025-12-06,Delivered,Lake Dillon,North Dakota
17,440,108,2,92.71,185.42,2025-07-02,Delivered,Arellanobury,Alaska
18,664,47,4,72.54,290.16,2025-12-30,Delivered,East Michaelborough,Connecticut
19,500,61,2,83.9,167.8,2024-09-17,Delivered,Batesmouth,Indiana
20,148,15,1,213.82,213.82,2025-07-28,Delivered,Schroederfurt,Indiana
21,717,45,3,25.64,76.92,2025-04-02,Delivered,New Sharon,Massachusetts
22,743,148,2,293.38,586.76,2025-04-28,Delivered,Danielborough,California
23,400,179,4,76.57,306.28,2025-07-04,Delivered,Jerryberg,Rhode Island
24,989,161,2,295.59,0.0,2025-06-06,Cancelled,Matthewshire,Arkansas
25,428,136,5,52.07,260.35,2024-10-15,Delivered,Harperfurt,Iowa
26,109,187,1,46.53,0.0,2025-08-06,Cancelled,South Scott,Nevada
27,549,164,3,196.76,0.0,2025-11-30,Cancelled,North Rachelberg,South Carolina
28,406,64,1,701.02,701.02,2024-09-21,Delivered,Lake Jennifershire,Alaska
29,42,134,4,61.51,246.04,2024-05-27,Delivered,Draketon,Vermont
30,141,112,5,72.13,360.65,2025-05-06,Delivered,Robertberg,Florida
31,66,61,3,83.9,251.7,2024-09-28,Delivered,Joshuaborough,Virginia
32,560,127,4,117.98,471.92,2025-02-23,Processing,New Mary,Louisiana
33,544,116,2,146.15,292.3,2024-10-29,Delivered,Cranehaven,Montana
34,241,41,1,1133.32,1133.32,2025-04-08,Shipped,Millshaven,Massachusetts
35,532,171,4,41.02,164.08,2024-04-28,Processing,Hansonfort,Missouri
36,713,197,1,41.22,41.22,2025-09-21,Delivered,West Harold,Alaska
37,357,25,3,71.4,214.2,2024-04-18,Returned,Donnaland,Arkansas
38,51,133,3,57.39,172.17,2025-08-29,Delivered,Dunnmouth,Georgia
39,487,13,1,67.98,67.98,2025-11-19,Delivered,Hammondhaven,West Virginia
40,567,19,1,205.94,205.94,2024-03-15,Delivered,Reneebury,Montana
41,183,107,4,56.79,227.16,2025-01-21,Delivered,West Lisaburgh,New Jersey
42,787,108,5,92.71,463.55,2024-02-22,Delivered,New Robertton,Maryland
43,141,98,3,171.77,515.31,2025-07-28,Delivered,Robertberg,Florida
44,123,69,2,96.69,193.38,2024-10-20,Delivered,Alexanderton,Oregon
45,479,24,3,51.42,154.26,2024-06-05,Shipped,Moranside,Mississippi
46,571,138,3,20.13,60.39,2025-08-21,Delivered,West Megan,Idaho
47,162,2,5,97.3,486.5,2025-06-23,Shipped,Greenfurt,Ohio
48,615,174,2,39.88,79.76,2024-03-13,Delivered,Jefferyville,Wyoming
49,301,100,1,272.84,272.84,2025-07-24,Delivered,Joshuachester,Michigan
50,481,60,2,242.61,485.22,2024-06-19,Delivered,South Phillipville,West Virginia
51,499,68,3,115.79,347.37,2025-07-02,Delivered,Sharonton,Nebraska
52,961,38,4,115.17,460.68,2025-04-05,Delivered,Port Anthony,North Dakota
53,649,47,2,72.54,145.08,2025-03-16,Delivered,South Alejandro,Maine
54,315,58,3,133.46,400.38,2024-01-17,Delivered,East Mary,Virginia
55,324,136,1,52.07,52.07,2025-06-27,Delivered,Wagnerville,North Dakota
56,130,55,2,136.93,273.86,2024-08-10,Returned,West Philip,Utah
57,777,177,3,135.85,407.55,2025-06-24,Delivered,Lake Daniellestad,Iowa
58,428,84,2,121.98,243.96,2025-06-16,Returned,Harperfurt,Iowa
59,45,174,12,39.88,478.56,2025-05-24,Processing,Stevenberg,Utah
60,814,122,2,20.47,40.94,2024-06-27,Shipped,East Troyfurt,Washington
61,586,8,3,126.03,378.09,2024-06-04,Delivered,Tiffanyberg,South Carolina
62,569,13,1,67.98,67.98,2024-08-18,Delivered,Jonesport,Florida
63,404,133,4,57.39,229.56,2024-12-31,Delivered,Bakerland,Rhode Island
64,436,130,2,825.68,1651.36,2025-10-20,Returned,Port Jessicaport,Kansas
65,694,158,1,1511.23,1511.23,2025-05-21,Delivered,Brownmouth,Kansas
66,135,65,2,7.18,0.0,2024-09-20,Cancelled,East Ericshire,Nevada
67,798,82,1,102.58,102.58,2025-03-19,Delivered,South Cory,Nebraska
68,942,115,3,115.19,345.57,2025-04-20,Delivered,Ginastad,South Dakota
69,64,156,1,136.11,136.11,2025-09-14,Shipped,East Sharon,California
70,314,98,1,171.77,171.77,2025-05-31,Delivered,South Jamie,Wyoming
71,575,42,3,289.31,867.93,2025-01-04,Delivered,Danielton,Idaho
72,568,88,1,189.99,189.99,2024-10-18,Delivered,Leebury,West Virginia
73,646,42,2,289.31,578.62,2025-05-07,Delivered,Lake Williambury,Missouri
74,409,55,2,136.93,273.86,2024-05-21,Delivered,New Matthew,New York
75,707,19,1,205.94,205.94,2024-06-29,Delivered,Lake John,Texas
76,748,185,2,1128.38,2256.76,2024-03-18,Delivered,Kathleenport,Delaware
77,794,122,1,20.47,20.47,2024-03-02,Delivered,Harperport,Iowa
78,624,107,2,56.79,113.58,2024-03-24,Processing,East Mary,Nebraska
79,336,124,3,253.0,759.0,2025-04-08,Shipped,Romeroport,Georgia
80,325,144,2,48.66,97.32,2025-09-23,Returned,Newtonshire,Wisconsin
81,148,82,1,102.58,102.58,2025-02-13,Delivered,Schroederfurt,Indiana
82,855,194,1,384.6,384.6,2025-04-30,Processing,Reyeshaven,Pennsylvania
83,108,84,3,121.98,365.94,2025-04-20,Delivered,Port Devon,Oregon
84,915,66,2,100.8,201.6,2024-04-23,Delivered,Calhounchester,Delaware
85,806,195,2,2.19,4.38,2025-10-18,Processing,Billyton,South Carolina
86,949,152,5,69.34,0.0,2024-01-12,Cancelled,Oneillbury,Wyoming
87,832,157,1,21.39,21.39,2025-07-02,Delivered,Fosterbury,Arkansas
88,846,128,5,89.87,449.35,2025-11-18,Processing,Lovemouth,Kansas
89,681,167,4,133.62,534.48,2025-04-27,Shipped,Wileybury,Alaska
90,886,21,4,21.74,86.96,2024-04-06,Delivered,East Kayleetown,Wyoming
91,987,113,1,158.59,158.59,2025-09-30,Delivered,Bryantborough,Connecticut
92,177,165,3,118.26,354.78,2025-04-14,Shipped,North Hannahland,Virginia
93,417,84,1,121.98,121.98,2024-10-21,Shipped,Nicholasside,Alaska
94,160,45,4,25.64,102.56,2025-07-10,Delivered,Lake Luis,Texas
95,775,22,4,192.65,0.0,2024-11-06,Cancelled,Chrisburgh,Hawaii
96,843,6,3,98.09,294.27,2025-09-07,Delivered,East Joshua,Virginia
97,100,6,3,98.09,294.27,2025-11-07,Delivered,New Steven,Alaska
98,924,26,9,32.0,288.0,2024-01-30,Delivered,Jeffreyville,Missouri
99,998,8,3,126.03,378.09,2024-10-06,Delivered,Samanthafurt,West Virginia
100,15,130,1,825.68,825.68,2024-12-27,Delivered,North Justin,Oregon
101,673,85,2,669.8,1339.6,2024-12-19,Delivered,West Jennifermouth,California
102,102,182,4,19.79,79.16,2025-07-01,Delivered,Keithport,Oregon
103,223,8,3,126.03,378.09,2024-01-10,Delivered,Amandatown,Illinois
104,361,152,4,69.34,277.36,2024-10-03,Returned,Mccoyton,Michigan
105,208,122,2,20.47,40.94,2025-05-20,Delivered,East Michealfort,South Dakota
106,815,134,1,61.51,61.51,2024-11-03,Delivered,Port Kellymouth,Utah
107,943,62,3,331.56,994.68,2024-12-10,Delivered,Port Amanda,Pennsylvania
108,892,21,3,21.74,65.22,2024-10-13,Returned,Ryanmouth,Georgia
109,219,153,3,82.41,247.23,2024-01-14,Processing,South Kevin,New Hampshire
110,85,144,3,48.66,145.98,2024-12-16,Shipped,Lake Charles,Missouri
111,441,5,3,225.2,675.6,2024-05-14,Delivered,Smithchester,Georgia
112,191,98,1,171.77,171.77,2025-01-31,Delivered,New Brittneyhaven,Maryland
113,191,90,1,780.14,0.0,2025-02-04,Cancelled,New Brittneyhaven,Maryland
114,172,187,3,46.53,139.59,2024-02-22,Delivered,Lindaton,New Hampshire
115,607,113,2,158.59,317.18,2025-07-16,Delivered,Bellport,Kentucky
116,964,82,3,102.58,307.74,2025-01-04,Delivered,Lake Jesse,New Jersey
117,49,63,2,155.85,311.7,2024-02-19,Shipped,South Matthewshire,Utah
118,465,147,2,202.08,404.16,2025-10-22,Delivered,Williamsview,Washington
119,558,139,4,48.17,192.68,2025-05-25,Shipped,Stanleychester,Nebraska
120,231,45,2,25.64,51.28,2024-08-01,Delivered,Lake Susan,Vermont
121,852,167,2,133.62,267.24,2025-06-17,Delivered,Pearsonmouth,Idaho
122,362,72,4,171.7,686.8,2025-11-15,Delivered,East Brett,South Dakota
123,163,130,1,825.68,825.68,2024-12-10,Processing,Lake Josephhaven,California
124,224,61,1,83.9,83.9,2024-08-07,Delivered,Port Alyssa,Georgia
125,499,110,1,149.46,149.46,2024-02-22,Returned,Sharonton,Nebraska
126,855,3,2,7.36,14.72,2024-07-02,Delivered,Reyeshaven,Pennsylvania
127,208,84,1,121.98,121.98,2025-11-12,Shipped,East Michealfort,South Dakota
128,443,107,3,56.79,170.37,2025-03-22,Delivered,Port Nathaniel,Florida
129,65,38,4,115.17,460.68,2025-11-21,Delivered,West Jasonview,West Virginia
130,355,116,1,146.15,146.15,2024-07-28,Returned,South Yvette,Indiana
131,701,25,4,71.4,0.0,2024-01-07,Cancelled,Port Melissa,Texas
132,416,117,4,23.92,95.68,2024-11-08,Delivered,Port Todd,Washington
133,799,94,2,73.18,146.36,2025-11-04,Delivered,Johnsonmouth,New Jersey
134,64,6,2,98.09,196.18,2025-01-07,Delivered,East Sharon,California
135,447,144,5,48.66,243.3,2025-05-29,Delivered,South Joshuashire,Missouri
136,198,173,4,31.1,124.4,2025-09-29,Delivered,East Wandaburgh,Maine
137,957,16,2,48.77,97.54,2024-07-09,Delivered,Richardmouth,North Carolina
138,331,175,2,88.86,177.72,2024-02-08,Delivered,Lake Williamfort,Washington
139,571,45,1,25.64,25.64,2024-09-17,Delivered,West Megan,Idaho
140,181,46,1,39.3,39.3,2025-09-27,Delivered,Roberttown,Minnesota
141,311,144,7,48.66,340.62,2025-10-28,Delivered,West Brian,North Dakota
142,584,67,4,109.42,437.68,2025-05-17,Delivered,Sanchezberg,New Hampshire
143,827,53,3,53.04,159.12,2025-07-19,Shipped,Trevorborough,Idaho
144,49,110,2,149.46,298.92,2024-11-15,Delivered,South Matthewshire,Utah
145,433,67,4,109.42,437.68,2024-06-02,Returned,New Todd,Rhode Island
146,401,124,2,253.0,506.0,2024-05-13,Delivered,New Erik,New York
147,313,186,5,27.47,137.35,2024-08-26,Shipped,Ianbury,Pennsylvania
148,300,4,2,263.55,527.1,2025-06-26,Delivered,Schneiderbury,Minnesota
149,670,120,5,47.8,239.0,2025-01-23,Delivered,Smithmouth,New Mexico
150,116,181,3,187.56,562.68,2025-05-23,Delivered,Port Gwendolynshire,Delaware
151,360,142,1,469.45,469.45,2025-03-01,Delivered,Alvarezfurt,Kentucky
152,318,110,2,149.46,298.92,2024-03-23,Delivered,Lake Adam,Washington
153,233,176,1,39.64,39.64,2025-06-16,Delivered,Port Brian,Idaho
154,182,186,1,27.47,27.47,2025-06-23,Delivered,Jarvisland,North Dakota
155,857,123,1,120.25,120.25,2025-02-12,Delivered,Boydside,Nebraska
156,376,67,4,109.42,437.68,2025-01-02,Delivered,Wellsmouth,Rhode Island
157,818,21,2,21.74,43.48,2025-03-30,Delivered,East Misty,North Dakota
158,827,70,6,29.73,178.38,2025-09-02,Delivered,Trevorborough,Idaho
159,171,91,4,16.92,67.68,2024-05-10,Delivered,Chelseamouth,North Carolina
160,600,2,5,97.3,486.5,2024-01-25,Delivered,Grantshire,Montana
161,156,68,3,115.79,347.37,2024-05-08,Delivered,Kellyport,Rhode Island
162,937,88,1,189.99,0.0,2025-05-02,Cancelled,Petersonfort,Louisiana
163,121,160,5,30.6,153.0,2024-10-27,Delivered,Sherrymouth,Texas
164,746,35,2,486.1,972.2,2025-01-11,Delivered,Rogerfort,Michigan
165,148,33,1,32.17,32.17,2025-01-17,Delivered,Schroederfurt,Indiana
166,475,166,10,12.95,129.5,2024-12-29,Delivered,New Ryan,Alaska
167,926,132,4,21.5,86.0,2025-10-31,Delivered,Alejandroville,Mississippi
168,625,47,2,72.54,145.08,2024-05-23,Delivered,Schmittside,Louisiana
169,852,122,1,20.47,20.47,2024-05-22,Delivered,Pearsonmouth,Idaho
170,105,106,1,1067.66,1067.66,2025-11-29,Returned,East Jenniferborough,Texas
171,233,80,1,206.74,206.74,2024-12-24,Delivered,Port Brian,Idaho
172,125,70,3,29.73,89.19,2024-03-29,Shipped,West Daniellemouth,New Mexico
173,778,114,3,22.89,0.0,2024-10-13,Cancelled,Lake Alyssaville,Alaska
174,662,55,3,136.93,410.79,2025-09-07,Delivered,East Casey,Alaska
175,75,118,3,280.69,842.07,2025-07-15,Shipped,Gabrielbury,Iowa
176,484,115,1,115.19,115.19,2024-12-18,Returned,Loganport,Wyoming
177,827,21,3,21.74,65.22,2024-10-15,Delivered,Trevorborough,Idaho
178,962,129,3,156.82,470.46,2024-01-05,Delivered,North Lorettaport,Rhode Island
179,806,39,2,256.4,512.8,2025-09-26,Delivered,Billyton,South Carolina
180,558,175,5,88.86,444.3,2024-10-13,Returned,Stanleychester,Nebraska
181,539,164,4,196.76,787.04,2024-09-23,Returned,Port Bradley,Ohio
182,659,28,3,18.59,55.77,2024-02-17,Delivered,East Josemouth,Alaska
183,236,145,3,238.69,716.07,2025-07-14,Delivered,Hannahtown,Florida
184,906,15,2,213.82,427.64,2024-05-27,Delivered,Woodston,Utah
185,367,195,12,2.19,0.0,2025-04-28,Cancelled,Lisaborough,South Dakota
186,687,139,2,48.17,96.34,2025-02-17,Returned,South Jordan,North Carolina
187,350,103,1,324.51,324.51,2024-07-13,Delivered,Housechester,Massachusetts
188,673,142,1,469.45,469.45,2025-04-27,Delivered,West Jennifermouth,California
189,471,119,1,299.58,299.58,2025-01-29,Delivered,Suzannemouth,Massachusetts
190,606,54,2,66.84,133.68,2024-06-14,Delivered,New Michael,Idaho
191,376,192,5,5.42,27.1,2024-12-04,Shipped,Wellsmouth,Rhode Island
192,305,185,2,1128.38,2256.76,2024-11-02,Delivered,Marychester,Georgia
193,32,40,2,13.32,26.64,2024-11-09,Delivered,New Kristen,Nebraska
194,754,148,1,293.38,293.38,2025-09-12,Shipped,East Kyleport,Oregon
195,205,6,2,98.09,196.18,2024-04-02,Delivered,Kristenfurt,Florida
196,730,198,2,28.18,56.36,2024-04-20,Delivered,Timfort,New York
197,643,43,2,377.86,755.72,2024-08-31,Processing,North Josephhaven,New Hampshire
198,148,81,2,221.79,443.58,2024-07-25,Delivered,Schroederfurt,Indiana
199,17,150,1,415.89,415.89,2024-12-31,Delivered,Keithburgh,West Virginia
200,469,29,2,8.63,17.26,2024-01-19,Shipped,West Beth,New Jersey
201,585,151,2,1843.3,3686.6,2024-11-07,Shipped,West Kaylafort,Ohio
202,402,147,3,202.08,0.0,2025-03-02,Cancelled,West Jameston,Indiana
203,139,96,3,51.29,153.87,2024-09-25,Delivered,Alimouth,Iowa
204,872,85,2,669.8,1339.6,2024-04-07,Shipped,Romantown,Minnesota
205,155,137,3,109.87,329.61,2025-04-10,Delivered,West Michaelfurt,Idaho
206,263,29,3,8.63,25.89,2025-04-22,Delivered,Michaelbury,Maryland
207,192,14,1,1392.16,1392.16,2025-08-19,Delivered,Shepherdton,Kansas
208,320,59,1,5.75,5.75,2024-03-26,Delivered,New Daniel,Minnesota
209,369,59,2,5.75,11.5,2025-06-20,Delivered,North Sally,Rhode Island
210,454,35,1,486.1,486.1,2024-11-16,Delivered,Port Joshua,Indiana
211,573,117,1,23.92,23.92,2025-11-24,Returned,Craigton,Montana
212,933,156,2,136.11,272.22,2025-07-09,Delivered,Benjaminstad,Massachusetts
213,730,180,4,32.39,129.56,2025-06-14,Delivered,Timfort,New York
214,170,129,2,156.82,313.64,2024-09-17,Delivered,New Charles,Alabama
215,564,108,2,92.71,185.42,2024-02-19,Delivered,Stokeschester,Minnesota
216,550,22,2,192.65,385.3,2025-12-06,Delivered,South Anthonystad,South Dakota
217,238,154,1,341.24,341.24,2025-05-11,Delivered,Russellton,Minnesota
218,110,149,2,86.32,172.64,2025-03-25,Delivered,Welchhaven,New Hampshire
219,726,29,2,8.63,17.26,2025-02-06,Delivered,Margaretmouth,Connecticut
220,765,62,3,331.56,994.68,2025-08-17,Delivered,North Christopher,Oklahoma
221,511,77,6,40.52,243.12,2025-12-17,Delivered,Jasonshire,Rhode Island
222,871,163,3,91.43,274.29,2025-10-29,Returned,Kirkton,Nevada
223,974,112,1,72.13,72.13,2025-04-06,Returned,Morsehaven,Nevada
224,474,119,2,299.58,599.16,2025-12-05,Delivered,South Aaronstad,Delaware
225,296,139,2,48.17,96.34,2024-09-21,Returned,Henryborough,Kansas
226,436,8,3,126.03,378.09,2025-05-05,Delivered,Port Jessicaport,Kansas
227,758,11,3,20.71,62.13,2025-09-30,Shipped,New Davidmouth,Utah
228,666,84,3,121.98,365.94,2025-02-15,Processing,Riversside,Tennessee
229,326,117,4,23.92,95.68,2024-11-10,Delivered,Port Angela,Virginia
230,832,155,2,61.98,123.96,2025-09-17,Delivered,Fosterbury,Arkansas
231,445,68,1,115.79,115.79,2024-12-22,Delivered,Santiagoton,Oregon
232,320,104,3,43.38,130.14,2024-12-23,Delivered,New Daniel,Minnesota
233,966,3,3,7.36,22.08,2025-12-01,Delivered,Port Mark,North Carolina
234,446,89,2,101.92,203.84,2024-05-05,Processing,Steventown,South Carolina
235,59,84,3,121.98,365.94,2025-09-06,Delivered,Sandovalshire,Iowa
236,377,33,2,32.17,64.34,2025-06-09,Processing,Port Richard,Wyoming
237,632,141,3,371.58,1114.74,2024-02-05,Delivered,Amandabury,Idaho
238,927,28,4,18.59,74.36,2024-09-02,Delivered,Mirandachester,Nebraska
239,114,148,1,293.38,293.38,2024-12-04,Delivered,North Christopherstad,Georgia
240,326,26,2,32.0,64.0,2024-07-06,Delivered,Port Angela,Virginia
241,116,200,1,35.55,35.55,2024-03-10,Delivered,Port Gwendolynshire,Delaware
242,925,68,4,115.79,463.16,2024-12-21,Delivered,Christopherside,Florida
243,773,106,2,1067.66,2135.32,2025-10-23,Shipped,West Cherylmouth,New Hampshire
244,234,130,2,825.68,1651.36,2025-12-31,Returned,Clarkhaven,Massachusetts
245,948,44,2,180.6,361.2,2025-04-01,Delivered,Port Holly,Mississippi
246,184,11,1,20.71,20.71,2024-01-13,Delivered,West Robert,Illinois
247,576,29,3,8.63,0.0,2024-07-27,Cancelled,East Michael,Louisiana
248,904,195,11,2.19,24.09,2024-11-24,Delivered,Lake Joel,Minnesota
249,706,55,3,136.93,410.79,2024-04-26,Delivered,North Yvonne,Arizona
250,905,135,2,17.94,35.88,2025-04-25,Delivered,Snyderchester,Illinois
251,560,137,1,109.87,109.87,2025-04-17,Delivered,New Mary,Louisiana
252,296,152,2,69.34,138.68,2024-01-19,Returned,Henryborough,Kansas
253,210,125,4,192.15,768.6,2025-02-11,Delivered,Port Jonathanshire,Utah
254,397,13,2,67.98,135.96,2025-12-21,Delivered,East Dennisland,Wyoming
255,740,30,1,58.18,58.18,2025-11-30,Shipped,Port Patricia,North Carolina
256,278,159,2,144.57,289.14,2024-09-19,Delivered,West Raven,West Virginia
257,758,40,6,13.32,79.92,2025-08-29,Delivered,New Davidmouth,Utah
258,238,159,3,144.57,433.71,2024-10-09,Delivered,Russellton,Minnesota
259,825,188,1,35.05,35.05,2025-02-18,Delivered,Karenville,Texas
260,507,45,4,25.64,102.56,2025-04-13,Delivered,North Sarah,New York
261,835,108,4,92.71,370.84,2024-09-13,Delivered,New Katrina,Arizona
262,896,199,1,91.79,91.79,2025-08-26,Processing,West Timothystad,Michigan
263,790,144,2,48.66,97.32,2024-12-20,Shipped,West Reginaberg,Arkansas
264,792,11,1,20.71,20.71,2025-02-07,Delivered,Lake Tyler,Colorado
265,216,19,1,205.94,205.94,2025-11-25,Delivered,New Mary,Louisiana
266,629,6,1,98.09,98.09,2025-10-31,Returned,New Vickihaven,Connecticut
267,98,125,1,192.15,192.15,2024-01-05,Delivered,Port Aaron,Virginia
268,729,62,1,331.56,331.56,2025-05-16,Delivered,North Steven,Texas
269,270,51,3,20.77,0.0,2024-08-09,Cancelled,Tiffanyside,New Mexico
270,407,191,2,92.98,185.96,2024-05-24,Returned,South Lindsaymouth,Wisconsin
271,5,17,5,22.46,112.3,2025-11-27,Delivered,Rodrigueztown,Minnesota
272,649,136,4,52.07,208.28,2025-09-26,Delivered,South Alejandro,Maine
273,787,98,2,171.77,343.54,2025-04-28,Delivered,New Robertton,Maryland
274,921,139,1,48.17,48.17,2024-09-10,Delivered,Nicholeburgh,Delaware
275,582,87,4,19.31,77.24,2024-01-29,Shipped,New Danielberg,New York
276,624,162,3,99.85,299.55,2024-10-05,Processing,East Mary,Nebraska
277,686,50,3,107.82,323.46,2024-12-31,Shipped,Shermanville,New York
278,223,189,1,1293.61,1293.61,2024-12-02,Delivered,Amandatown,Illinois
279,173,55,2,136.93,273.86,2024-06-17,Delivered,East Katelyn,Massachusetts
280,435,126,1,24.66,24.66,2024-03-24,Delivered,West Melissafurt,Connecticut
281,27,153,3,82.41,0.0,2025-06-04,Cancelled,Codymouth,Alabama
282,897,27,1,33.99,33.99,2025-07-01,Delivered,Port Bradshire,Maine
283,401,17,2,22.46,44.92,2024-10-25,Processing,New Erik,New York
284,539,35,2,486.1,0.0,2024-03-31,Cancelled,Port Bradley,Ohio
285,443,133,1,57.39,57.39,2025-03-15,Processing,Port Nathaniel,Florida
286,687,93,2,1518.29,3036.58,2025-12-07,Delivered,South Jordan,North Carolina
287,908,113,1,158.59,158.59,2024-01-06,Delivered,East Christopher,Colorado
288,150,118,3,280.69,842.07,2025-06-04,Delivered,Owensview,Florida
289,48,164,1,196.76,196.76,2024-12-27,Delivered,North Michelle,Alaska
290,472,152,1,69.34,69.34,2025-09-17,Delivered,Lake Paulaland,Texas
291,188,164,2,196.76,393.52,2025-01-23,Processing,Michaelport,New Mexico
292,223,93,2,1518.29,3036.58,2025-09-24,Delivered,Amandatown,Illinois
293,188,166,3,12.95,38.85,2025-08-26,Shipped,Michaelport,New Mexico
294,576,182,5,19.79,98.95,2025-02-10,Processing,East Michael,Louisiana
295,217,73,2,82.71,165.42,2024-05-24,Processing,Port Samanthatown,Florida
296,289,110,3,149.46,448.38,2024-10-11,Delivered,South Robertoburgh,Nevada
297,540,1,5,50.57,252.85,2024-11-07,Shipped,Simmonsmouth,Wyoming
298,725,108,5,92.71,463.55,2024-09-04,Delivered,Whiteland,West Virginia
299,81,154,3,341.24,1023.72,2025-12-08,Delivered,Rileymouth,West Virginia
300,898,1,1,50.57,50.57,2024-04-04,Delivered,South Nancy,Pennsylvania
301,355,116,2,146.15,292.3,2025-07-13,Delivered,South Yvette,Indiana
302,873,25,2,71.4,142.8,2025-05-15,Processing,Port Kennethville,Vermont
303,49,20,1,57.57,57.57,2025-08-03,Processing,South Matthewshire,Utah
304,204,196,2,211.17,422.34,2024-01-04,Delivered,West Ryanmouth,Kentucky
305,887,21,2,21.74,43.48,2024-09-30,Delivered,Ianside,Rhode Island
306,314,3,4,7.36,29.44,2025-04-26,Returned,South Jamie,Wyoming
307,282,42,3,289.31,867.93,2024-02-27,Delivered,Vincenttown,Michigan
308,344,179,2,76.57,153.14,2025-08-27,Returned,Lindsayburgh,Utah
309,38,52,3,95.66,286.98,2024-05-08,Delivered,Riceland,Georgia
310,485,114,6,22.89,137.34,2024-08-14,Processing,Travisville,Connecticut
311,434,144,6,48.66,291.96,2024-05-07,Shipped,South Jasonfort,Michigan
312,274,5,2,225.2,450.4,2024-05-04,Delivered,Blakemouth,South Carolina
313,294,173,4,31.1,124.4,2025-08-01,Delivered,East Matthewtown,Pennsylvania
314,621,174,12,39.88,478.56,2024-10-08,Delivered,Christophermouth,Connecticut
315,183,7,1,37.5,37.5,2025-04-12,Delivered,West Lisaburgh,New Jersey
316,445,195,3,2.19,6.57,2024-08-10,Delivered,Santiagoton,Oregon
317,180,119,2,299.58,599.16,2024-11-22,Processing,East Kimberly,Alabama
318,574,29,2,8.63,17.26,2024-04-17,Delivered,North Craigtown,Montana
319,53,67,1,109.42,109.42,2024-04-26,Delivered,New Williamborough,Delaware
320,350,104,3,43.38,130.14,2024-08-09,Delivered,Housechester,Massachusetts
321,62,119,2,299.58,599.16,2024-10-15,Delivered,Port Emilyville,Vermont
322,272,167,1,133.62,133.62,2024-08-20,Delivered,East Barbara,South Carolina
323,682,176,2,39.64,79.28,2024-08-15,Delivered,Christopherview,Connecticut
324,880,177,2,135.85,271.7,2024-09-16,Processing,Port Joshuafurt,Hawaii
325,317,50,3,107.82,0.0,2025-12-27,Cancelled,Hooperburgh,Massachusetts
326,247,200,5,35.55,177.75,2024-01-21,Shipped,Port Debbiemouth,Alaska
327,179,49,3,53.93,161.79,2025-02-26,Delivered,Laurafort,South Dakota
328,299,138,3,20.13,60.39,2024-08-29,Shipped,Taylorbury,California
329,282,166,8,12.95,103.6,2025-10-24,Delivered,Vincenttown,Michigan
330,666,195,6,2.19,13.14,2024-08-05,Shipped,Riversside,Tennessee
331,693,88,2,189.99,379.98,2024-10-25,Delivered,East Ann,South Dakota
332,15,43,2,377.86,755.72,2025-08-23,Delivered,North Justin,Oregon
333,776,136,2,52.07,104.14,2025-06-14,Processing,West Gerald,Colorado
334,683,141,2,371.58,743.16,2024-03-05,Delivered,New Jennifer,Wisconsin
335,732,186,6,27.47,164.82,2024-04-24,Delivered,Stephaniechester,Nevada
336,958,161,3,295.59,886.77,2025-09-12,Delivered,Judithborough,New Mexico
337,622,106,2,1067.66,2135.32,2025-08-26,Delivered,Barbarastad,Wisconsin
338,639,97,2,28.08,56.16,2024-04-26,Processing,Ronaldborough,North Carolina
339,730,173,1,31.1,31.1,2025-04-27,Shipped,Timfort,New York
340,630,56,2,738.0,1476.0,2025-12-11,Processing,West Robertview,Massachusetts
341,94,189,2,1293.61,2587.22,2025-07-17,Delivered,West Cindybury,New York
342,194,141,2,371.58,743.16,2024-12-15,Delivered,North Ryan,Minnesota
343,909,161,1,295.59,0.0,2025-09-11,Cancelled,Amyhaven,Connecticut
344,818,99,9,23.4,210.6,2024-07-01,Delivered,East Misty,North Dakota
345,815,125,1,192.15,192.15,2025-04-22,Delivered,Port Kellymouth,Utah
346,258,128,5,89.87,449.35,2025-04-13,Delivered,Christianburgh,North Carolina
347,940,177,1,135.85,135.85,2025-12-05,Delivered,Angelastad,Kansas
348,494,115,2,115.19,230.38,2025-05-07,Delivered,Amandamouth,Pennsylvania
349,976,38,1,115.17,115.17,2025-03-06,Delivered,Meltonview,New York
350,739,57,2,1165.65,2331.3,2025-03-31,Shipped,Lake Jason,Arizona
351,843,127,2,117.98,235.96,2024-06-06,Shipped,East Joshua,Virginia
352,685,38,1,115.17,115.17,2024-03-30,Delivered,South Cynthiafurt,Rhode Island
353,883,90,1,780.14,780.14,2024-03-10,Delivered,West Erinville,Vermont
354,84,180,1,32.39,32.39,2024-08-04,Delivered,Smithhaven,Illinois
355,67,107,1,56.79,56.79,2024-09-28,Delivered,Charlesburgh,Tennessee
356,886,96,2,51.29,102.58,2025-02-27,Processing,East Kayleetown,Wyoming
357,716,154,2,341.24,682.48,2025-11-04,Delivered,East Conniemouth,New Mexico
358,18,94,1,73.18,73.18,2025-04-17,Delivered,Harrisport,Kentucky
359,595,187,1,46.53,46.53,2025-07-09,Delivered,Maciasside,Idaho
360,402,115,3,115.19,345.57,2025-04-25,Delivered,West Jameston,Indiana
361,629,101,3,23.21,69.63,2024-08-17,Delivered,New Vickihaven,Connecticut
362,43,144,8,48.66,389.28,2025-05-21,Delivered,Phillipsstad,Oregon
363,891,59,2,5.75,0.0,2025-09-05,Cancelled,Allenburgh,Iowa
364,845,20,1,57.57,57.57,2025-01-27,Delivered,Mccormicktown,Arizona
365,589,31,11,29.73,327.03,2025-07-12,Delivered,Sharonhaven,Ohio
366,799,27,1,33.99,33.99,2024-04-11,Shipped,Johnsonmouth,New Jersey
367,229,40,3,13.32,39.96,2025-12-24,Delivered,Taylorfort,Oregon
368,953,44,3,180.6,541.8,2025-10-18,Delivered,Debbieberg,Connecticut
369,878,181,1,187.56,187.56,2025-12-13,Returned,Port Christopher,Missouri
370,281,139,3,48.17,144.51,2024-04-26,Delivered,Kathrynfort,Minnesota
371,28,196,1,211.17,211.17,2024-07-03,Delivered,Lake Roberthaven,Delaware
372,219,34,2,264.74,529.48,2025-10-29,Shipped,South Kevin,New Hampshire
373,442,77,6,40.52,243.12,2025-04-17,Delivered,Keithside,New Hampshire
374,62,168,3,214.69,644.07,2025-12-09,Delivered,Port Emilyville,Vermont
375,628,111,1,292.45,292.45,2024-06-13,Shipped,Williamsberg,Florida
376,642,55,1,136.93,0.0,2025-01-30,Cancelled,Aaronton,Tennessee
377,12,156,3,136.11,408.33,2024-02-18,Delivered,Port Johnmouth,North Dakota
378,27,185,1,1128.38,1128.38,2024-04-15,Shipped,Codymouth,Alabama
379,486,174,10,39.88,398.8,2024-09-15,Delivered,Port Jason,Washington
380,338,54,4,66.84,267.36,2025-10-19,Processing,Kellyberg,South Dakota
381,512,78,4,27.87,111.48,2025-11-24,Delivered,Rachelbury,Nebraska
382,584,124,1,253.0,253.0,2024-04-19,Delivered,Sanchezberg,New Hampshire
383,41,97,3,28.08,84.24,2024-12-14,Delivered,Parkerborough,Tennessee
384,607,41,1,1133.32,1133.32,2025-04-23,Shipped,Bellport,Kentucky
385,482,152,3,69.34,208.02,2024-07-29,Delivered,West Scott,Georgia
386,171,155,1,61.98,61.98,2024-06-06,Processing,Chelseamouth,North Carolina
387,313,156,2,136.11,272.22,2025-09-10,Delivered,Ianbury,Pennsylvania
388,461,188,10,35.05,350.5,2024-06-23,Delivered,New Theresaberg,Indiana
389,638,2,5,97.3,486.5,2024-08-10,Delivered,South Jeremyport,Arizona
390,213,129,4,156.82,0.0,2024-09-07,Cancelled,New Eugene,Missouri
391,720,187,2,46.53,93.06,2024-12-26,Delivered,Crawfordland,Indiana
392,872,181,2,187.56,375.12,2024-05-15,Shipped,Romantown,Minnesota
393,653,179,4,76.57,306.28,2025-05-18,Delivered,East Williamborough,Kentucky
394,659,113,4,158.59,634.36,2024-11-15,Shipped,East Josemouth,Alaska
395,931,168,3,214.69,644.07,2025-08-09,Shipped,North Adammouth,New Hampshire
396,593,147,2,202.08,404.16,2025-04-09,Delivered,Lake Michael,Nebraska
397,67,108,1,92.71,92.71,2025-01-04,Delivered,Charlesburgh,Tennessee
398,372,22,1,192.65,192.65,2024-05-23,Processing,Port Patrickton,Arkansas
399,277,57,1,1165.65,1165.65,2024-10-23,Processing,Fisherburgh,New Jersey
400,748,188,10,35.05,350.5,2025-05-29,Delivered,Kathleenport,Delaware
401,706,112,2,72.13,144.26,2025-10-26,Delivered,North Yvonne,Arizona
402,306,147,3,202.08,606.24,2025-12-25,Delivered,Port Kimberlyton,Indiana
403,336,161,2,295.59,591.18,2024-07-15,Delivered,Romeroport,Georgia
404,709,186,5,27.47,137.35,2025-05-08,Delivered,Martinezshire,Nevada
405,923,2,3,97.3,291.9,2024-08-05,Shipped,South Dwaynehaven,Washington
406,807,32,2,112.27,224.54,2025-05-13,Delivered,New Elizabethbury,West Virginia
407,10,103,1,324.51,324.51,2024-04-13,Delivered,Juliemouth,Wisconsin
408,201,160,4,30.6,122.4,2024-03-01,Delivered,Port Kimberlyton,Minnesota
409,401,136,2,52.07,104.14,2024-08-20,Delivered,New Erik,New York
410,782,125,1,192.15,192.15,2024-01-06,Delivered,Michaelmouth,Massachusetts
411,998,62,1,331.56,331.56,2024-05-14,Delivered,Samanthafurt,West Virginia
412,763,91,9,16.92,152.28,2024-06-17,Delivered,Parrishmouth,Nebraska
413,565,143,4,50.45,201.8,2025-03-24,Delivered,Lake Ryan,Michigan
414,457,160,1,30.6,0.0,2025-01-10,Cancelled,East Adammouth,Iowa
415,673,119,1,299.58,299.58,2024-07-15,Delivered,West Jennifermouth,California
416,899,50,2,107.82,215.64,2024-09-21,Shipped,North Tina,Idaho
417,610,200,5,35.55,177.75,2025-11-13,Delivered,South Davidborough,North Carolina
418,161,56,1,738.0,738.0,2025-09-24,Delivered,Ashleehaven,Vermont
419,828,120,7,47.8,334.6,2024-08-31,Delivered,Aliciamouth,Wyoming
420,536,126,2,24.66,49.32,2025-03-10,Delivered,Smithhaven,Mississippi
421,820,185,2,1128.38,2256.76,2024-11-05,Delivered,East Roberthaven,Maine
422,777,191,1,92.98,0.0,2024-07-20,Cancelled,Lake Daniellestad,Iowa
423,232,192,8,5.42,43.36,2025-07-25,Returned,Ericshire,West Virginia
424,867,56,2,738.0,0.0,2025-03-27,Cancelled,Lukeland,Maryland
425,234,171,4,41.02,164.08,2025-03-26,Delivered,Clarkhaven,Massachusetts
426,315,142,2,469.45,938.9,2025-08-10,Shipped,East Mary,Virginia
427,840,176,2,39.64,79.28,2025-09-07,Delivered,East Brandon,Montana
428,361,22,3,192.65,577.95,2025-10-16,Processing,Mccoyton,Michigan
429,928,67,2,109.42,218.84,2025-08-12,Delivered,Lake Kathleen,South Carolina
430,334,52,3,95.66,286.98,2025-04-20,Delivered,Leeside,New Hampshire
431,929,65,1,7.18,7.18,2025-05-09,Delivered,Sawyerview,West Virginia
432,212,101,1,23.21,23.21,2024-11-24,Delivered,Alexanderfort,Delaware
433,752,108,3,92.71,278.13,2025-05-22,Returned,New Emilytown,Georgia
434,153,65,1,7.18,0.0,2024-11-28,Cancelled,Russellton,Massachusetts
435,413,172,3,107.92,323.76,2025-05-10,Returned,Seanchester,Connecticut
436,191,123,1,120.25,120.25,2025-10-02,Delivered,New Brittneyhaven,Maryland
437,79,196,1,211.17,211.17,2024-02-27,Delivered,Whitestad,Oregon
438,281,100,3,272.84,818.52,2025-07-06,Shipped,Kathrynfort,Minnesota
439,843,63,1,155.85,155.85,2024-07-14,Delivered,East Joshua,Virginia
440,979,21,5,21.74,108.7,2025-07-27,Delivered,Reyesside,Rhode Island
441,319,149,4,86.32,345.28,2025-08-11,Delivered,East Michael,Nebraska
442,352,159,1,144.57,144.57,2025-03-12,Delivered,Maybury,Indiana
443,966,20,1,57.57,57.57,2024-12-04,Shipped,Port Mark,North Carolina
444,550,81,3,221.79,665.37,2025-08-04,Delivered,South Anthonystad,South Dakota
445,606,18,3,12.0,36.0,2025-12-22,Processing,New Michael,Idaho
446,268,91,4,16.92,0.0,2024-01-08,Cancelled,Stephanieton,South Carolina
447,969,179,5,76.57,382.85,2024-07-14,Delivered,Port Richard,New Jersey
448,755,179,2,76.57,153.14,2025-01-14,Delivered,Ginaburgh,New Jersey
449,567,34,2,264.74,529.48,2024-02-20,Delivered,Reneebury,Montana
450,798,192,6,5.42,32.52,2024-07-03,Delivered,South Cory,Nebraska
451,671,74,3,417.08,1251.24,2024-08-01,Delivered,Lake Ericchester,Washington
452,591,118,3,280.69,842.07,2025-06-21,Shipped,Richardtown,Alaska
453,93,177,2,135.85,271.7,2025-04-18,Delivered,Richardfurt,Washington
454,98,90,1,780.14,780.14,2025-03-01,Processing,Port Aaron,Virginia
455,425,33,3,32.17,96.51,2024-08-26,Delivered,Port Christy,Michigan
456,512,57,1,1165.65,1165.65,2024-02-01,Delivered,Rachelbury,Nebraska
457,856,171,1,41.02,41.02,2024-04-04,Delivered,West Joel,Kansas
458,93,146,5,6.95,34.75,2025-10-26,Delivered,Richardfurt,Washington
459,928,165,4,118.26,473.04,2024-10-11,Shipped,Lake Kathleen,South Carolina
460,682,143,3,50.45,151.35,2025-04-01,Processing,Christopherview,Connecticut
461,786,119,1,299.58,299.58,2025-06-14,Delivered,Loweton,Oklahoma
462,863,145,2,238.69,477.38,2025-06-30,Delivered,Leslieborough,New York
463,698,17,5,22.46,112.3,2025-04-05,Delivered,Dawnfurt,Utah
464,817,157,1,21.39,0.0,2025-02-11,Cancelled,West Dianestad,Iowa
465,787,50,2,107.82,215.64,2024-03-17,Delivered,New Robertton,Maryland
466,377,147,1,202.08,202.08,2025-10-15,Delivered,Port Richard,Wyoming
467,281,94,1,73.18,73.18,2025-05-27,Delivered,Kathrynfort,Minnesota
468,904,146,5,6.95,34.75,2025-12-25,Delivered,Lake Joel,Minnesota
469,514,134,2,61.51,123.02,2024-12-23,Delivered,Erikaport,Washington
470,731,1,2,50.57,101.14,2024-02-01,Processing,North Sarahton,Alaska
471,674,119,2,299.58,0.0,2025-10-18,Cancelled,Melissafurt,Illinois
472,819,197,2,41.22,82.44,2024-10-08,Delivered,New Tiffany,Virginia
473,491,117,3,23.92,71.76,2025-11-14,Delivered,Markport,Wyoming
474,908,129,3,156.82,470.46,2025-05-16,Delivered,East Christopher,Colorado
475,959,120,5,47.8,239.0,2024-02-25,Delivered,Port Michaelville,Rhode Island
476,227,41,1,1133.32,1133.32,2024-04-26,Processing,Lake Donald,Oregon
477,231,74,1,417.08,417.08,2025-01-20,Delivered,Lake Susan,Vermont
478,75,129,1,156.82,156.82,2025-02-22,Delivered,Gabrielbury,Iowa
479,998,13,2,67.98,135.96,2025-04-08,Delivered,Samanthafurt,West Virginia
480,297,130,2,825.68,1651.36,2024-12-31,Shipped,Nguyenmouth,Minnesota
481,682,65,5,7.18,35.9,2024-05-11,Shipped,Christopherview,Connecticut
482,976,112,5,72.13,360.65,2025-11-20,Delivered,Meltonview,New York
483,28,118,2,280.69,561.38,2025-02-18,Processing,Lake Roberthaven,Delaware
484,275,190,1,655.22,655.22,2024-09-28,Returned,Robbinsville,Delaware
485,467,86,1,86.29,86.29,2025-12-23,Returned,North Feliciashire,Wisconsin
486,346,169,4,171.62,686.48,2024-01-07,Delivered,Lake Jennifermouth,Maryland
487,777,110,3,149.46,448.38,2024-03-21,Delivered,Lake Daniellestad,Iowa
488,279,62,2,331.56,663.12,2025-07-12,Delivered,Brandonside,Oklahoma
489,222,67,4,109.42,437.68,2025-08-28,Delivered,Marktown,Connecticut
490,396,184,3,151.44,454.32,2024-04-02,Processing,Carpenterchester,Connecticut
491,214,69,1,96.69,96.69,2025-12-08,Delivered,North Anthonybury,Illinois
492,320,32,5,112.27,561.35,2025-03-02,Delivered,New Daniel,Minnesota
493,93,16,5,48.77,243.85,2024-05-25,Delivered,Richardfurt,Washington
494,403,85,2,669.8,1339.6,2024-08-20,Returned,Abigailfurt,Arkansas
495,498,19,3,205.94,617.82,2025-07-09,Returned,East Evanshire,Alaska
496,624,168,2,214.69,429.38,2025-07-21,Delivered,East Mary,Nebraska
497,640,63,2,155.85,311.7,2024-08-30,Delivered,Williamsburgh,California
498,195,117,2,23.92,47.84,2024-03-10,Delivered,Ryanville,Alaska
499,739,200,4,35.55,142.2,2025-10-12,Delivered,Lake Jason,Arizona
500,887,54,3,66.84,200.52,2025-05-10,Delivered,Ianside,Rhode Island
501,48,77,4,40.52,162.08,2024-02-03,Delivered,North Michelle,Alaska
502,582,17,3,22.46,67.38,2025-10-14,Delivered,New Danielberg,New York
503,374,71,1,117.87,117.87,2024-03-15,Delivered,West Summer,Arizona
504,48,139,5,48.17,240.85,2024-05-07,Delivered,North Michelle,Alaska
505,683,136,2,52.07,104.14,2025-01-20,Delivered,New Jennifer,Wisconsin
506,530,58,5,133.46,667.3,2025-11-06,Delivered,Hollyfurt,Wisconsin
507,186,195,5,2.19,10.95,2024-08-08,Shipped,Wintersfort,Texas
508,324,92,5,31.83,159.15,2024-05-13,Delivered,Wagnerville,North Dakota
509,484,115,1,115.19,115.19,2024-04-17,Delivered,Loganport,Wyoming
510,2,200,3,35.55,106.65,2025-03-18,Delivered,Port Lawrence,Nebraska
511,387,152,1,69.34,69.34,2025-12-16,Delivered,Curtiston,Rhode Island
512,780,103,2,324.51,649.02,2024-01-12,Returned,Jessicaberg,Utah
513,230,188,8,35.05,280.4,2025-03-16,Delivered,Perezfort,Massachusetts
514,378,43,1,377.86,377.86,2024-03-28,Delivered,Bestfort,New York
515,73,71,1,117.87,117.87,2024-09-03,Delivered,Gallagherton,Arkansas
516,17,153,4,82.41,329.64,2024-09-18,Delivered,Keithburgh,West Virginia
517,440,185,1,1128.38,1128.38,2025-10-18,Delivered,Arellanobury,Alaska
518,934,190,1,655.22,655.22,2025-12-21,Delivered,Ballport,Nevada
519,29,132,1,21.5,0.0,2025-09-05,Cancelled,Joyceview,Minnesota
520,810,169,1,171.62,171.62,2025-07-29,Delivered,Lake Michaelport,New Hampshire
521,478,5,3,225.2,675.6,2024-08-20,Delivered,West Chasestad,California
522,288,154,1,341.24,341.24,2025-02-16,Shipped,Geraldland,Connecticut
523,595,189,2,1293.61,2587.22,2025-12-04,Shipped,Maciasside,Idaho
524,51,119,2,299.58,599.16,2025-09-03,Delivered,Dunnmouth,Georgia
525,361,113,4,158.59,634.36,2024-03-12,Shipped,Mccoyton,Michigan
526,540,4,3,263.55,790.65,2025-01-16,Delivered,Simmonsmouth,Wyoming
527,299,51,4,20.77,83.08,2025-05-22,Delivered,Taylorbury,California
528,755,69,3,96.69,290.07,2024-04-22,Delivered,Ginaburgh,New Jersey
529,906,116,2,146.15,292.3,2025-05-21,Delivered,Woodston,Utah
530,283,131,6,28.16,168.96,2025-12-05,Delivered,New James,North Carolina
531,927,85,2,669.8,1339.6,2025-01-27,Delivered,Mirandachester,Nebraska
532,622,111,3,292.45,877.35,2025-10-13,Delivered,Barbarastad,Wisconsin
533,262,168,3,214.69,644.07,2024-08-08,Shipped,Vanceborough,Pennsylvania
534,667,168,1,214.69,214.69,2024-01-20,Delivered,Fernandochester,Delaware
535,680,46,2,39.3,78.6,2025-01-24,Processing,New Julieland,Nevada
536,573,21,2,21.74,43.48,2024-10-30,Delivered,Craigton,Montana
537,484,174,6,39.88,239.28,2024-02-08,Delivered,Loganport,Wyoming
538,426,133,3,57.39,172.17,2025-11-06,Delivered,Andrewberg,California
539,53,120,1,47.8,47.8,2024-04-01,Delivered,New Williamborough,Delaware
540,752,5,2,225.2,450.4,2024-12-05,Processing,New Emilytown,Georgia
541,256,80,1,206.74,206.74,2025-09-08,Delivered,Erikview,Vermont
542,286,199,5,91.79,458.95,2025-06-14,Delivered,Port Richardfurt,Indiana
543,761,179,4,76.57,306.28,2025-01-09,Shipped,North Meganmouth,Vermont
544,446,145,2,238.69,477.38,2025-07-18,Processing,Steventown,South Carolina
545,917,196,1,211.17,211.17,2024-06-28,Delivered,Geoffreybury,Nevada
546,593,86,1,86.29,0.0,2024-05-04,Cancelled,Lake Michael,Nebraska
547,418,92,5,31.83,159.15,2024-03-27,Delivered,North Melodyville,Iowa
548,504,18,2,12.0,24.0,2025-09-14,Delivered,Bettyton,Maryland
549,502,68,3,115.79,347.37,2024-06-14,Delivered,Lake Andrewland,Wyoming
550,995,175,2,88.86,177.72,2025-03-14,Delivered,Lake Deborahbury,Massachusetts
551,590,10,5,6.76,33.8,2024-11-01,Delivered,Michelleland,North Dakota
552,398,99,2,23.4,46.8,2025-02-20,Delivered,Walkerhaven,Maine
553,310,77,3,40.52,121.56,2025-01-02,Processing,Martinezberg,Arkansas
554,633,34,2,264.74,529.48,2025-11-02,Shipped,Sarahmouth,South Carolina
555,535,183,7,5.03,0.0,2025-08-09,Cancelled,East Paulstad,Wisconsin
556,247,70,11,29.73,327.03,2025-10-11,Delivered,Port Debbiemouth,Alaska
557,750,96,2,51.29,102.58,2025-11-21,Delivered,Port Thomasmouth,New Mexico
558,625,73,2,82.71,165.42,2025-06-01,Processing,Schmittside,Louisiana
559,379,155,3,61.98,0.0,2025-05-02,Cancelled,West Adam,Alaska
560,849,105,1,31.98,31.98,2025-02-05,Delivered,Cookeville,New York
561,755,94,3,73.18,219.54,2025-10-09,Delivered,Ginaburgh,New Jersey
562,695,34,3,264.74,794.22,2024-01-22,Delivered,East Chadmouth,Virginia
563,95,185,2,1128.38,2256.76,2025-11-11,Delivered,East Mathewland,Massachusetts
564,374,17,1,22.46,22.46,2024-10-14,Delivered,West Summer,Arizona
565,859,185,2,1128.38,2256.76,2025-04-05,Delivered,Haasfort,Kansas
566,468,19,1,205.94,205.94,2025-12-09,Shipped,West Juliachester,Idaho
567,879,74,1,417.08,417.08,2025-12-21,Delivered,Clarkfort,Kansas
568,447,139,5,48.17,240.85,2024-04-12,Shipped,South Joshuashire,Missouri
569,725,45,5,25.64,128.2,2024-10-10,Delivered,Whiteland,West Virginia
570,406,120,2,47.8,95.6,2025-01-25,Delivered,Lake Jennifershire,Alaska
571,435,57,2,1165.65,2331.3,2025-04-23,Returned,West Melissafurt,Connecticut
572,553,179,3,76.57,0.0,2025-04-10,Cancelled,Jacobsmouth,New Jersey
573,932,136,4,52.07,208.28,2025-01-09,Delivered,Lake Cassandra,Indiana
574,349,36,8,24.13,193.04,2024-02-02,Delivered,Lake Theresa,Pennsylvania
575,900,139,4,48.17,192.68,2024-11-09,Delivered,Port Grantfurt,Ohio
576,473,96,2,51.29,102.58,2025-06-22,Shipped,Frederickstad,Kansas
577,126,194,1,384.6,384.6,2025-04-03,Delivered,Seanview,Iowa
578,568,53,3,53.04,159.12,2025-12-12,Delivered,Leebury,West Virginia
579,26,71,2,117.87,235.74,2024-02-27,Delivered,Port Corey,Maine
580,551,10,3,6.76,20.28,2025-05-01,Shipped,Joseview,Arkansas
581,666,130,1,825.68,825.68,2024-10-07,Delivered,Riversside,Tennessee
582,756,52,2,95.66,191.32,2025-05-15,Delivered,West Lori,Virginia
583,253,99,12,23.4,280.8,2025-05-13,Delivered,New Melodyland,West Virginia
584,606,198,3,28.18,84.54,2025-02-08,Shipped,New Michael,Idaho
585,583,158,2,1511.23,3022.46,2025-05-16,Shipped,Henryfort,Wisconsin
586,678,78,8,27.87,222.96,2024-07-23,Shipped,Karenborough,Missouri
587,738,65,3,7.18,21.54,2025-06-06,Delivered,Shawnmouth,Florida
588,707,129,2,156.82,313.64,2025-03-19,Delivered,Lake John,Texas
589,831,45,4,25.64,102.56,2024-01-04,Delivered,Davidchester,Iowa
590,173,34,3,264.74,794.22,2024-11-12,Delivered,East Katelyn,Massachusetts
591,619,155,1,61.98,61.98,2025-04-21,Delivered,Austinville,South Dakota
592,832,166,7,12.95,90.65,2024-03-30,Delivered,Fosterbury,Arkansas
593,587,65,4,7.18,28.72,2024-10-19,Delivered,South Donnabury,Maine
594,906,176,3,39.64,118.92,2025-09-06,Delivered,Woodston,Utah
595,975,7,4,37.5,150.0,2024-04-22,Delivered,Michelemouth,New Mexico
596,769,137,2,109.87,219.74,2024-09-14,Returned,Nolanfurt,California
597,505,83,3,129.45,388.35,2025-05-17,Delivered,South Ericfurt,Washington
598,647,85,1,669.8,669.8,2025-07-22,Delivered,North Jessica,Nevada
599,263,5,2,225.2,450.4,2025-04-03,Delivered,Michaelbury,Maryland
600,629,54,5,66.84,334.2,2024-03-14,Delivered,New Vickihaven,Connecticut
601,455,89,3,101.92,305.76,2025-11-12,Delivered,Meganfort,Kentucky
602,559,22,3,192.65,577.95,2024-01-24,Delivered,West Tina,North Carolina
603,786,187,1,46.53,46.53,2025-02-06,Delivered,Loweton,Oklahoma
604,799,67,3,109.42,328.26,2024-08-24,Shipped,Johnsonmouth,New Jersey
605,386,123,1,120.25,120.25,2025-03-24,Processing,Jamestown,Vermont
606,143,108,3,92.71,278.13,2025-03-29,Delivered,Jeremiahfurt,Kansas
607,128,95,2,90.16,180.32,2025-02-11,Processing,West Megan,Tennessee
608,418,112,3,72.13,216.39,2025-06-01,Shipped,North Melodyville,Iowa
609,758,51,2,20.77,41.54,2024-02-05,Delivered,New Davidmouth,Utah
610,767,56,2,738.0,1476.0,2024-03-24,Shipped,Hudsonburgh,Mississippi
611,931,31,12,29.73,356.76,2025-07-24,Delivered,North Adammouth,New Hampshire
612,981,139,2,48.17,96.34,2024-11-06,Delivered,Christinemouth,Georgia
613,697,194,1,384.6,384.6,2024-03-28,Delivered,Lindatown,Oklahoma
614,408,166,4,12.95,51.8,2025-06-29,Delivered,Christopherchester,Connecticut
615,493,190,2,655.22,1310.44,2025-08-31,Processing,Kellybury,Nebraska
616,518,65,1,7.18,7.18,2025-02-02,Processing,Lake David,New York
617,522,4,2,263.55,527.1,2025-08-17,Delivered,Holmesstad,California
618,664,141,2,371.58,743.16,2025-03-03,Returned,East Michaelborough,Connecticut
619,841,155,1,61.98,61.98,2025-11-15,Delivered,Steveton,Ohio
620,775,113,3,158.59,475.77,2024-12-30,Shipped,Chrisburgh,Hawaii
621,250,63,2,155.85,311.7,2025-08-21,Delivered,Lake Ethanfort,Washington
622,137,150,2,415.89,831.78,2025-10-08,Delivered,Sandraland,Oklahoma
623,710,149,1,86.32,86.32,2024-03-22,Delivered,West Kelseytown,Nevada
624,430,80,3,206.74,620.22,2024-10-24,Delivered,New Ralph,Wisconsin
625,210,73,3,82.71,248.13,2024-11-27,Shipped,Port Jonathanshire,Utah
626,520,49,2,53.93,107.86,2025-11-27,Delivered,South Michaeltown,Connecticut
627,90,134,3,61.51,184.53,2024-03-20,Delivered,North Teresaport,Georgia
628,996,116,2,146.15,292.3,2024-07-11,Delivered,Buckhaven,Ohio
629,64,163,5,91.43,457.15,2025-06-11,Delivered,East Sharon,California
630,434,114,2,22.89,45.78,2025-05-25,Delivered,South Jasonfort,Michigan
631,252,115,1,115.19,115.19,2025-03-05,Delivered,Hubbardfort,Kansas
632,995,25,1,71.4,71.4,2025-09-21,Delivered,Lake Deborahbury,Massachusetts
633,314,141,3,371.58,1114.74,2024-05-27,Delivered,South Jamie,Wyoming
634,978,48,5,82.31,411.55,2024-05-04,Delivered,South Jennifer,Hawaii
635,872,66,3,100.8,302.4,2025-10-19,Shipped,Romantown,Minnesota
636,457,36,4,24.13,96.52,2025-07-12,Delivered,East Adammouth,Iowa
637,773,107,1,56.79,56.79,2024-05-20,Delivered,West Cherylmouth,New Hampshire
638,27,44,1,180.6,180.6,2024-03-04,Delivered,Codymouth,Alabama
639,572,174,7,39.88,279.16,2025-07-10,Delivered,Jamesstad,Nebraska
640,937,118,1,280.69,280.69,2024-08-31,Processing,Petersonfort,Louisiana
641,453,181,3,187.56,562.68,2025-08-11,Delivered,Rachelberg,Alabama
642,821,174,2,39.88,79.76,2025-02-06,Delivered,New Carl,Alabama
643,341,51,5,20.77,103.85,2025-03-01,Shipped,West Rachelbury,Vermont
644,359,77,1,40.52,40.52,2025-02-11,Delivered,Townsendtown,Oregon
645,946,154,3,341.24,1023.72,2025-03-08,Delivered,East Kelly,Maryland
646,241,64,2,701.02,1402.04,2024-01-26,Delivered,Millshaven,Massachusetts
647,75,25,1,71.4,71.4,2024-06-24,Shipped,Gabrielbury,Iowa
648,191,11,1,20.71,20.71,2024-11-17,Delivered,New Brittneyhaven,Maryland
649,318,140,2,93.97,187.94,2024-11-07,Shipped,Lake Adam,Washington
650,64,155,2,61.98,123.96,2024-09-23,Delivered,East Sharon,California
651,734,10,4,6.76,27.04,2025-08-22,Shipped,Port Audreyport,Nebraska
652,657,102,1,16.02,0.0,2025-09-22,Cancelled,Josephfort,Hawaii
653,752,7,3,37.5,112.5,2024-07-11,Shipped,New Emilytown,Georgia
654,153,75,1,408.35,408.35,2024-04-03,Delivered,Russellton,Massachusetts
655,136,19,1,205.94,205.94,2025-02-20,Delivered,Lake Sandra,Washington
656,241,131,4,28.16,112.64,2025-09-17,Delivered,Millshaven,Massachusetts
657,794,15,2,213.82,427.64,2024-11-26,Processing,Harperport,Iowa
658,387,48,5,82.31,411.55,2024-03-30,Delivered,Curtiston,Rhode Island
659,494,182,4,19.79,79.16,2025-11-14,Delivered,Amandamouth,Pennsylvania
660,730,119,3,299.58,898.74,2025-12-25,Shipped,Timfort,New York
661,211,41,2,1133.32,2266.64,2025-08-28,Delivered,Wardmouth,Georgia
662,428,67,2,109.42,218.84,2024-03-18,Delivered,Harperfurt,Iowa
663,920,104,2,43.38,86.76,2024-04-07,Shipped,Jennaport,Nebraska
664,29,116,2,146.15,292.3,2025-06-16,Processing,Joyceview,Minnesota
665,136,115,2,115.19,230.38,2024-06-21,Delivered,Lake Sandra,Washington
666,271,157,1,21.39,21.39,2025-10-17,Processing,New Dylanberg,New York
667,332,2,4,97.3,389.2,2025-03-21,Delivered,New Dominique,Oregon
668,79,121,1,114.49,114.49,2024-11-17,Delivered,Whitestad,Oregon
669,709,60,2,242.61,485.22,2024-02-19,Delivered,Martinezshire,Nevada
670,335,8,1,126.03,126.03,2025-10-14,Returned,Whitebury,Illinois
671,816,27,3,33.99,101.97,2024-08-06,Delivered,Kingstad,Arkansas
672,304,60,1,242.61,242.61,2024-11-30,Delivered,North Jennifer,South Dakota
673,550,84,1,121.98,121.98,2025-10-31,Delivered,South Anthonystad,South Dakota
674,478,62,2,331.56,663.12,2024-07-06,Delivered,West Chasestad,California
675,507,42,2,289.31,578.62,2025-08-18,Delivered,North Sarah,New York
676,842,47,1,72.54,72.54,2025-09-27,Delivered,Thomasside,Illinois
677,193,4,2,263.55,527.1,2024-07-23,Delivered,East Barbara,North Dakota
678,723,171,3,41.02,123.06,2025-01-17,Processing,Alexanderview,Texas
679,178,140,2,93.97,187.94,2025-04-30,Delivered,Michelleport,Kentucky
680,15,86,1,86.29,86.29,2025-06-20,Delivered,North Justin,Oregon
681,51,48,2,82.31,164.62,2024-12-13,Delivered,Dunnmouth,Georgia
682,997,81,1,221.79,221.79,2025-01-08,Delivered,Myersstad,Tennessee
683,89,51,2,20.77,41.54,2025-09-13,Shipped,Port Timothyburgh,Alaska
684,957,120,2,47.8,95.6,2025-06-06,Delivered,Richardmouth,North Carolina
685,194,68,1,115.79,115.79,2025-02-27,Processing,North Ryan,Minnesota
686,376,170,5,60.94,304.7,2024-11-26,Delivered,Wellsmouth,Rhode Island
687,97,109,2,321.21,642.42,2025-12-08,Delivered,Campbellhaven,South Carolina
688,672,52,1,95.66,95.66,2024-09-19,Returned,Lake Ricardo,Washington
689,790,107,2,56.79,113.58,2024-12-14,Delivered,West Reginaberg,Arkansas
690,243,58,2,133.46,266.92,2025-08-18,Delivered,East Dean,New York
691,180,136,5,52.07,260.35,2025-06-04,Shipped,East Kimberly,Alabama
692,664,98,2,171.77,343.54,2025-05-21,Delivered,East Michaelborough,Connecticut
693,942,37,1,27.38,27.38,2024-04-29,Shipped,Ginastad,South Dakota
694,287,127,3,117.98,353.94,2025-11-19,Delivered,South Philipshire,Arkansas
695,200,137,3,109.87,329.61,2025-07-27,Delivered,North Judithland,Montana
696,350,113,1,158.59,158.59,2025-12-14,Returned,Housechester,Massachusetts
697,384,24,1,51.42,51.42,2025-06-14,Shipped,Port Tanya,Michigan
698,670,66,4,100.8,403.2,2025-03-24,Delivered,Smithmouth,New Mexico
699,451,165,2,118.26,236.52,2025-03-01,Shipped,Ashleyside,Delaware
700,18,181,1,187.56,187.56,2025-07-12,Delivered,Harrisport,Kentucky
701,692,198,2,28.18,56.36,2025-12-21,Shipped,Sparksview,New Jersey
702,309,102,2,16.02,32.04,2024-12-06,Returned,Burkemouth,Tennessee
703,750,29,2,8.63,17.26,2025-03-11,Delivered,Port Thomasmouth,New Mexico
704,112,200,2,35.55,71.1,2025-10-04,Delivered,Matthewhaven,Hawaii
705,943,20,1,57.57,57.57,2024-07-16,Delivered,Port Amanda,Pennsylvania
706,604,106,2,1067.66,2135.32,2024-06-17,Delivered,East Josephville,Louisiana
707,5,24,2,51.42,102.84,2024-05-29,Delivered,Rodrigueztown,Minnesota
708,748,68,2,115.79,0.0,2025-01-05,Cancelled,Kathleenport,Delaware
709,665,11,3,20.71,62.13,2025-06-20,Delivered,Bryantbury,Massachusetts
710,838,131,1,28.16,28.16,2024-10-02,Delivered,East Kelly,Colorado
711,487,187,2,46.53,93.06,2025-06-21,Returned,Hammondhaven,West Virginia
712,589,133,4,57.39,229.56,2025-07-20,Delivered,Sharonhaven,Ohio
713,748,14,1,1392.16,0.0,2024-01-09,Cancelled,Kathleenport,Delaware
714,738,20,3,57.57,172.71,2024-06-18,Shipped,Shawnmouth,Florida
715,448,199,3,91.79,275.37,2024-06-17,Delivered,Jamesborough,Idaho
716,268,127,3,117.98,353.94,2025-10-14,Delivered,Stephanieton,South Carolina
717,736,158,2,1511.23,3022.46,2024-10-29,Delivered,Steventown,Florida
718,902,194,1,384.6,384.6,2024-08-23,Delivered,West Kathrynport,Alaska
719,734,58,3,133.46,400.38,2025-09-02,Delivered,Port Audreyport,Nebraska
720,702,67,4,109.42,437.68,2024-06-02,Delivered,Port Sandramouth,Oklahoma
721,909,200,2,35.55,71.1,2024-12-12,Delivered,Amyhaven,Connecticut
722,545,14,1,1392.16,1392.16,2024-11-05,Delivered,Port Anthonyfurt,Georgia
723,28,17,3,22.46,67.38,2025-10-07,Delivered,Lake Roberthaven,Delaware
724,656,132,1,21.5,21.5,2025-02-10,Delivered,Lake Alan,Georgia
725,4,72,2,171.7,343.4,2025-06-05,Delivered,Melissamouth,Mississippi
726,264,137,1,109.87,109.87,2024-02-18,Delivered,North Georgetown,Washington
727,47,173,2,31.1,62.2,2024-07-28,Delivered,West Matthewburgh,South Dakota
728,321,92,2,31.83,0.0,2024-12-08,Cancelled,Port Nicholestad,Hawaii
729,337,138,2,20.13,40.26,2024-02-12,Delivered,Lake Victoriastad,New York
730,689,166,4,12.95,51.8,2024-11-21,Delivered,Sarahland,Utah
731,414,81,3,221.79,665.37,2025-04-28,Delivered,Jameshaven,Louisiana
732,758,50,1,107.82,107.82,2025-03-01,Delivered,New Davidmouth,Utah
733,306,157,1,21.39,21.39,2025-07-25,Delivered,Port Kimberlyton,Indiana
734,550,83,2,129.45,258.9,2024-05-05,Delivered,South Anthonystad,South Dakota
735,96,125,1,192.15,0.0,2024-05-13,Cancelled,Amandaberg,Washington
736,769,67,2,109.42,218.84,2024-04-27,Returned,Nolanfurt,California
737,632,195,2,2.19,4.38,2024-03-16,Delivered,Amandabury,Idaho
738,851,156,3,136.11,408.33,2025-01-09,Delivered,Marcusstad,Wisconsin
739,708,21,3,21.74,65.22,2024-04-21,Delivered,New Jennifer,North Carolina
740,563,176,1,39.64,39.64,2024-05-15,Delivered,West Jennifer,Florida
741,717,78,3,27.87,83.61,2024-03-11,Delivered,New Sharon,Massachusetts
742,682,7,3,37.5,112.5,2025-04-04,Delivered,Christopherview,Connecticut
743,483,99,7,23.4,163.8,2025-10-03,Delivered,Monicaburgh,Minnesota
744,967,55,2,136.93,273.86,2024-11-24,Delivered,Lake Davidberg,Nevada
745,167,127,4,117.98,471.92,2024-04-13,Shipped,Smithview,Alaska
746,542,12,3,182.65,547.95,2025-01-21,Processing,Yangview,Washington
747,357,86,4,86.29,345.16,2024-10-11,Delivered,Donnaland,Arkansas
748,177,124,1,253.0,253.0,2024-05-10,Delivered,North Hannahland,Virginia
749,120,1,2,50.57,101.14,2025-04-12,Delivered,Lewisberg,Arizona
750,23,10,4,6.76,27.04,2024-03-22,Delivered,Danielfort,Missouri
751,566,172,1,107.92,107.92,2025-02-17,Delivered,Masonbury,Alabama
752,368,145,2,238.69,477.38,2025-05-17,Delivered,Andrewland,Mississippi
753,350,117,4,23.92,0.0,2024-10-23,Cancelled,Housechester,Massachusetts
754,111,35,2,486.1,972.2,2025-01-17,Returned,East Markberg,Hawaii
755,49,33,4,32.17,128.68,2025-08-01,Delivered,South Matthewshire,Utah
756,121,200,5,35.55,177.75,2024-01-04,Delivered,Sherrymouth,Texas
757,186,159,2,144.57,289.14,2024-07-07,Processing,Wintersfort,Texas
758,165,160,4,30.6,122.4,2025-08-24,Delivered,West Paulburgh,Nevada
759,645,172,1,107.92,107.92,2024-04-02,Delivered,New Lisa,Missouri
760,328,71,2,117.87,0.0,2025-05-04,Cancelled,Daughertymouth,Washington
761,865,43,2,377.86,755.72,2024-09-16,Delivered,Leonchester,Oklahoma
762,772,12,4,182.65,0.0,2025-03-28,Cancelled,Burkeberg,West Virginia
763,95,105,3,31.98,95.94,2025-01-27,Delivered,East Mathewland,Massachusetts
764,155,126,3,24.66,0.0,2024-04-30,Cancelled,West Michaelfurt,Idaho
765,919,140,4,93.97,375.88,2025-08-29,Returned,New Arielview,Massachusetts
766,403,113,2,158.59,317.18,2024-02-26,Delivered,Abigailfurt,Arkansas
767,977,105,3,31.98,95.94,2025-11-10,Delivered,Lake Candace,West Virginia
768,727,47,2,72.54,145.08,2024-01-31,Delivered,Williamstown,Florida
769,630,7,5,37.5,187.5,2025-02-23,Shipped,West Robertview,Massachusetts
770,55,179,2,76.57,153.14,2024-07-12,Delivered,North Ebonyport,Iowa
771,972,20,3,57.57,172.71,2025-03-20,Shipped,Charlesbury,Massachusetts
772,461,21,4,21.74,86.96,2025-10-11,Delivered,New Theresaberg,Indiana
773,124,117,2,23.92,47.84,2025-06-15,Delivered,West Christinebury,Utah
774,995,90,2,780.14,1560.28,2025-07-25,Delivered,Lake Deborahbury,Massachusetts
775,972,39,2,256.4,512.8,2024-04-02,Delivered,Charlesbury,Massachusetts
776,715,155,1,61.98,61.98,2024-09-07,Delivered,Andreabury,Minnesota
777,97,160,5,30.6,153.0,2025-06-27,Delivered,Campbellhaven,South Carolina
778,668,53,3,53.04,159.12,2024-05-29,Shipped,Lake Jim,California
779,197,124,1,253.0,253.0,2024-10-01,Delivered,Rodriguezhaven,Wisconsin
780,415,152,4,69.34,277.36,2024-03-04,Shipped,Kevinberg,Connecticut
781,494,51,2,20.77,41.54,2024-03-05,Delivered,Amandamouth,Pennsylvania
782,225,101,3,23.21,69.63,2025-01-11,Delivered,West Timothy,Minnesota
783,48,182,2,19.79,39.58,2024-01-06,Delivered,North Michelle,Alaska
784,762,60,1,242.61,242.61,2025-12-07,Delivered,West Tarachester,South Carolina
785,313,137,3,109.87,329.61,2024-10-19,Delivered,Ianbury,Pennsylvania
786,842,125,3,192.15,576.45,2025-06-08,Shipped,Thomasside,Illinois
787,772,38,4,115.17,460.68,2024-01-26,Shipped,Burkeberg,West Virginia
788,788,16,3,48.77,146.31,2025-08-23,Delivered,West Regina,Illinois
789,91,124,1,253.0,253.0,2025-12-18,Shipped,Lake Jennifer,Montana
790,821,127,3,117.98,353.94,2024-03-18,Delivered,New Carl,Alabama
791,452,106,1,1067.66,1067.66,2024-07-31,Delivered,Morenoberg,West Virginia
792,97,127,4,117.98,471.92,2024-10-03,Delivered,Campbellhaven,South Carolina
793,174,95,1,90.16,90.16,2024-03-19,Delivered,Port Michaelville,Arkansas
794,57,156,1,136.11,136.11,2025-09-17,Delivered,Amyland,Kentucky
795,177,82,3,102.58,0.0,2024-01-03,Cancelled,North Hannahland,Virginia
796,543,132,1,21.5,21.5,2024-04-16,Delivered,East Pamela,North Dakota
797,423,134,3,61.51,184.53,2025-05-26,Delivered,South Glendafurt,Maryland
798,493,146,2,6.95,13.9,2024-12-26,Delivered,Kellybury,Nebraska
799,963,126,2,24.66,49.32,2025-11-10,Delivered,Port Michaelshire,Wyoming
800,280,187,1,46.53,46.53,2024-08-23,Delivered,Lake Ashley,Iowa
801,151,50,1,107.82,107.82,2024-06-02,Shipped,Smithbury,Minnesota
802,393,9,2,94.81,189.62,2024-09-19,Delivered,Martinport,Massachusetts
803,795,37,1,27.38,27.38,2025-09-14,Returned,Leahland,Michigan
804,751,106,1,1067.66,1067.66,2025-05-16,Processing,Bradleyfort,Michigan
805,631,52,1,95.66,0.0,2024-07-26,Cancelled,East Deborahview,West Virginia
806,312,121,3,114.49,343.47,2025-02-19,Delivered,North Jonathanshire,Alabama
807,495,144,9,48.66,437.94,2024-07-04,Delivered,West Kyle,Vermont
808,287,191,3,92.98,278.94,2025-07-19,Delivered,South Philipshire,Arkansas
809,60,173,6,31.1,186.6,2025-12-28,Processing,Lisatown,Missouri
810,523,29,5,8.63,43.15,2024-09-04,Delivered,West Davidshire,Ohio
811,634,31,7,29.73,208.11,2025-05-16,Delivered,Whitemouth,Vermont
812,116,55,2,136.93,273.86,2024-09-16,Delivered,Port Gwendolynshire,Delaware
813,56,176,2,39.64,79.28,2025-02-03,Delivered,Matthewfort,Arizona
814,414,157,4,21.39,85.56,2024-07-02,Shipped,Jameshaven,Louisiana
815,86,119,3,299.58,898.74,2024-11-17,Delivered,New Juan,Kentucky
816,975,35,1,486.1,486.1,2025-07-17,Delivered,Michelemouth,New Mexico
817,501,150,2,415.89,831.78,2025-09-24,Delivered,North Gabrielabury,Minnesota
818,606,164,2,196.76,0.0,2024-06-17,Cancelled,New Michael,Idaho
819,304,172,3,107.92,323.76,2024-03-10,Delivered,North Jennifer,South Dakota
820,97,60,3,242.61,727.83,2025-01-19,Delivered,Campbellhaven,South Carolina
821,782,172,1,107.92,107.92,2025-11-19,Delivered,Michaelmouth,Massachusetts
822,39,103,2,324.51,649.02,2025-01-11,Delivered,Lake Davidborough,Maine
823,248,34,1,264.74,264.74,2025-06-13,Delivered,Lake David,New York
824,189,85,2,669.8,1339.6,2024-05-05,Delivered,New Ryanfort,California
825,991,49,2,53.93,107.86,2024-01-16,Delivered,Davidshire,New Jersey
826,931,74,1,417.08,417.08,2025-04-27,Processing,North Adammouth,New Hampshire
827,486,192,1,5.42,5.42,2024-11-06,Delivered,Port Jason,Washington
828,371,42,3,289.31,867.93,2024-01-31,Delivered,South Evelynburgh,Alaska
829,845,7,1,37.5,37.5,2024-07-08,Shipped,Mccormicktown,Arizona
830,909,181,2,187.56,375.12,2025-07-17,Delivered,Amyhaven,Connecticut
831,648,58,3,133.46,400.38,2024-09-10,Delivered,Port Andrew,Indiana
832,17,99,1,23.4,0.0,2025-08-19,Cancelled,Keithburgh,West Virginia
833,642,68,3,115.79,347.37,2025-12-05,Delivered,Aaronton,Tennessee
834,728,86,3,86.29,258.87,2024-11-18,Shipped,Davidfurt,Pennsylvania
835,437,70,4,29.73,118.92,2025-11-30,Delivered,Jesustown,West Virginia
836,682,187,3,46.53,139.59,2024-07-03,Shipped,Christopherview,Connecticut
837,34,163,1,91.43,91.43,2025-09-11,Shipped,Vaughanmouth,Iowa
838,987,147,1,202.08,202.08,2025-06-30,Processing,Bryantborough,Connecticut
839,481,31,4,29.73,118.92,2025-09-11,Delivered,South Phillipville,West Virginia
840,223,12,2,182.65,365.3,2025-12-11,Delivered,Amandatown,Illinois
841,534,27,5,33.99,169.95,2024-09-12,Returned,Tinabury,New Hampshire
842,82,29,5,8.63,43.15,2025-07-15,Shipped,Port Beth,Tennessee
843,73,102,3,16.02,48.06,2024-12-13,Shipped,Gallagherton,Arkansas
844,844,196,3,211.17,633.51,2025-06-26,Delivered,Port Thomasfurt,New York
845,459,91,10,16.92,169.2,2025-07-08,Delivered,Ramosshire,Kentucky
846,551,125,4,192.15,768.6,2024-10-15,Delivered,Joseview,Arkansas
847,995,118,2,280.69,561.38,2025-12-10,Delivered,Lake Deborahbury,Massachusetts
848,673,182,5,19.79,98.95,2024-03-02,Delivered,West Jennifermouth,California
849,786,36,4,24.13,96.52,2025-10-16,Delivered,Loweton,Oklahoma
850,123,32,2,112.27,224.54,2024-02-06,Delivered,Alexanderton,Oregon
851,682,90,2,780.14,1560.28,2025-08-19,Delivered,Christopherview,Connecticut
852,854,123,3,120.25,360.75,2025-01-19,Delivered,Port Christopher,New Mexico
853,304,183,1,5.03,5.03,2025-12-20,Processing,North Jennifer,South Dakota
854,140,32,4,112.27,449.08,2024-04-21,Delivered,Prattville,Alaska
855,987,173,6,31.1,186.6,2024-10-30,Delivered,Bryantborough,Connecticut
856,310,190,2,655.22,1310.44,2024-08-31,Delivered,Martinezberg,Arkansas
857,352,70,2,29.73,59.46,2024-07-11,Processing,Maybury,Indiana
858,963,175,1,88.86,88.86,2024-08-09,Processing,Port Michaelshire,Wyoming
859,916,135,5,17.94,89.7,2025-01-28,Processing,East Tarabury,Alabama
860,303,2,1,97.3,97.3,2025-11-16,Delivered,Raymondberg,West Virginia
861,969,11,3,20.71,62.13,2024-06-06,Shipped,Port Richard,New Jersey
862,695,133,1,57.39,57.39,2024-11-07,Shipped,East Chadmouth,Virginia
863,778,94,1,73.18,73.18,2024-03-13,Delivered,Lake Alyssaville,Alaska
864,746,7,1,37.5,37.5,2025-05-11,Delivered,Rogerfort,Michigan
865,980,162,2,99.85,199.7,2025-04-05,Shipped,Lake Katherine,North Carolina
866,847,172,1,107.92,0.0,2024-10-29,Cancelled,Matthewfurt,New Jersey
867,765,160,4,30.6,122.4,2025-08-10,Processing,North Christopher,Oklahoma
868,369,3,1,7.36,7.36,2025-06-29,Delivered,North Sally,Rhode Island
869,164,97,2,28.08,56.16,2025-04-23,Delivered,East Grant,Washington
870,798,172,1,107.92,107.92,2025-09-02,Delivered,South Cory,Nebraska
871,283,171,5,41.02,205.1,2024-09-25,Delivered,New James,North Carolina
872,177,159,3,144.57,433.71,2025-05-24,Delivered,North Hannahland,Virginia
873,228,64,1,701.02,701.02,2024-11-20,Delivered,Amberbury,Arizona
874,954,156,3,136.11,408.33,2025-06-06,Delivered,North Jasonbury,New Jersey
875,507,94,3,73.18,219.54,2025-05-01,Delivered,North Sarah,New York
876,910,56,2,738.0,1476.0,2025-05-04,Shipped,Andrewside,Colorado
877,193,34,3,264.74,0.0,2025-08-19,Cancelled,East Barbara,North Dakota
878,821,136,5,52.07,260.35,2024-11-14,Delivered,New Carl,Alabama
879,76,130,2,825.68,1651.36,2025-03-05,Delivered,Port Rebeccaland,New Hampshire
880,746,130,1,825.68,0.0,2024-06-22,Cancelled,Rogerfort,Michigan
881,311,21,2,21.74,43.48,2025-07-15,Delivered,West Brian,North Dakota
882,508,18,1,12.0,12.0,2025-01-16,Delivered,Bushchester,Arizona
883,293,143,1,50.45,50.45,2025-04-26,Delivered,Antoniobury,New Hampshire
884,310,110,2,149.46,298.92,2025-04-03,Delivered,Martinezberg,Arkansas
885,124,191,3,92.98,278.94,2024-07-04,Delivered,West Christinebury,Utah
886,415,133,2,57.39,114.78,2024-11-19,Delivered,Kevinberg,Connecticut
887,396,122,2,20.47,40.94,2024-09-21,Delivered,Carpenterchester,Connecticut
888,588,139,1,48.17,48.17,2025-01-13,Delivered,Christinamouth,Missouri
889,274,68,2,115.79,231.58,2024-06-13,Delivered,Blakemouth,South Carolina
890,976,30,5,58.18,0.0,2024-10-04,Cancelled,Meltonview,New York
891,479,71,2,117.87,235.74,2024-01-25,Shipped,Moranside,Mississippi
892,143,40,2,13.32,26.64,2024-09-03,Delivered,Jeremiahfurt,Kansas
893,202,131,4,28.16,112.64,2024-03-04,Delivered,Lyonsbury,Alaska
894,288,92,2,31.83,63.66,2024-10-24,Delivered,Geraldland,Connecticut
895,661,24,3,51.42,154.26,2024-07-10,Delivered,North Patricia,Idaho
896,240,109,1,321.21,321.21,2025-03-03,Delivered,New Nathanielview,South Dakota
897,98,144,5,48.66,243.3,2024-10-29,Shipped,Port Aaron,Virginia
898,555,70,11,29.73,327.03,2024-03-03,Returned,Lake Annborough,Mississippi
899,318,93,2,1518.29,3036.58,2024-01-04,Delivered,Lake Adam,Washington
900,811,62,1,331.56,331.56,2024-08-13,Delivered,North Matthew,Mississippi
901,856,100,3,272.84,818.52,2025-12-24,Processing,West Joel,Kansas
902,622,151,2,1843.3,3686.6,2025-11-09,Delivered,Barbarastad,Wisconsin
903,525,179,3,76.57,229.71,2024-11-26,Delivered,Jacksonmouth,Ohio
904,296,118,3,280.69,842.07,2025-12-01,Shipped,Henryborough,Kansas
905,336,91,10,16.92,169.2,2024-02-19,Shipped,Romeroport,Georgia
906,701,77,4,40.52,162.08,2024-04-29,Delivered,Port Melissa,Texas
907,322,165,1,118.26,118.26,2024-08-16,Delivered,Torreston,Georgia
908,940,77,5,40.52,202.6,2025-11-01,Delivered,Angelastad,Kansas
909,130,4,1,263.55,263.55,2025-11-12,Shipped,West Philip,Utah
910,860,23,2,90.2,180.4,2025-02-25,Delivered,Hessfurt,Colorado
911,501,11,3,20.71,62.13,2024-04-28,Delivered,North Gabrielabury,Minnesota
912,962,17,2,22.46,44.92,2024-05-31,Returned,North Lorettaport,Rhode Island
913,41,189,2,1293.61,2587.22,2024-06-25,Shipped,Parkerborough,Tennessee
914,43,31,6,29.73,178.38,2024-12-09,Returned,Phillipsstad,Oregon
915,36,1,2,50.57,101.14,2025-09-19,Delivered,South Michaelville,Colorado
916,234,101,2,23.21,46.42,2024-11-26,Delivered,Clarkhaven,Massachusetts
917,59,189,1,1293.61,1293.61,2025-10-13,Processing,Sandovalshire,Iowa
918,981,54,1,66.84,66.84,2025-07-03,Delivered,Christinemouth,Georgia
919,739,3,5,7.36,36.8,2024-12-11,Delivered,Lake Jason,Arizona
920,116,76,1,1853.62,1853.62,2025-03-10,Delivered,Port Gwendolynshire,Delaware
921,642,26,7,32.0,224.0,2025-07-19,Delivered,Aaronton,Tennessee
922,681,128,1,89.87,89.87,2024-02-17,Shipped,Wileybury,Alaska
923,630,126,1,24.66,24.66,2025-05-29,Shipped,West Robertview,Massachusetts
924,334,169,3,171.62,514.86,2024-10-13,Processing,Leeside,New Hampshire
925,700,141,1,371.58,371.58,2024-12-20,Processing,Singhtown,Georgia
926,181,145,3,238.69,716.07,2025-10-15,Delivered,Roberttown,Minnesota
927,457,179,2,76.57,153.14,2024-06-20,Returned,East Adammouth,Iowa
928,401,123,1,120.25,120.25,2024-07-04,Delivered,New Erik,New York
929,846,23,5,90.2,451.0,2025-07-21,Delivered,Lovemouth,Kansas
930,518,98,1,171.77,171.77,2024-11-08,Shipped,Lake David,New York
931,699,26,1,32.0,32.0,2025-10-19,Processing,Port Darlenemouth,Mississippi
932,230,165,1,118.26,118.26,2024-04-16,Delivered,Perezfort,Massachusetts
933,455,196,3,211.17,633.51,2025-01-23,Delivered,Meganfort,Kentucky
934,147,188,8,35.05,280.4,2025-01-06,Processing,New Brittanymouth,Michigan
935,774,109,3,321.21,963.63,2024-04-19,Returned,Bryanburgh,New Hampshire
936,196,162,1,99.85,99.85,2025-07-08,Delivered,Port Joshuachester,Maine
937,793,10,2,6.76,13.52,2024-11-19,Delivered,Clarencefurt,Maryland
938,190,159,4,144.57,578.28,2025-12-11,Delivered,Lake Dillon,North Dakota
939,117,72,3,171.7,515.1,2025-09-07,Shipped,South Virginiaport,Nebraska
940,478,158,2,1511.23,3022.46,2024-11-07,Delivered,West Chasestad,California
941,642,166,3,12.95,38.85,2024-09-15,Processing,Aaronton,Tennessee
942,401,115,2,115.19,230.38,2024-10-22,Delivered,New Erik,New York
943,616,111,3,292.45,877.35,2024-10-16,Delivered,Kennethton,Wyoming
944,792,74,3,417.08,1251.24,2025-04-27,Delivered,Lake Tyler,Colorado
945,30,142,1,469.45,469.45,2024-11-26,Delivered,Millerland,New Jersey
946,918,64,1,701.02,701.02,2025-09-18,Delivered,New Brad,Indiana
947,729,22,2,192.65,385.3,2024-11-14,Delivered,North Steven,Texas
948,514,46,3,39.3,117.9,2025-06-23,Shipped,Erikaport,Washington
949,672,20,1,57.57,57.57,2025-02-06,Delivered,Lake Ricardo,Washington
950,154,58,1,133.46,133.46,2025-07-11,Processing,Ortegafort,Virginia
951,841,188,9,35.05,315.45,2025-07-17,Delivered,Steveton,Ohio
952,969,117,5,23.92,119.6,2025-10-18,Delivered,Port Richard,New Jersey
953,225,115,1,115.19,115.19,2024-06-17,Delivered,West Timothy,Minnesota
954,471,190,2,655.22,1310.44,2025-07-16,Delivered,Suzannemouth,Massachusetts
955,978,149,2,86.32,172.64,2024-09-30,Delivered,South Jennifer,Hawaii
956,901,161,3,295.59,886.77,2025-07-05,Delivered,West Lori,New Mexico
957,875,141,3,371.58,1114.74,2024-11-16,Delivered,Kevinside,Vermont
958,234,194,1,384.6,384.6,2024-08-19,Delivered,Clarkhaven,Massachusetts
959,536,69,1,96.69,96.69,2025-06-15,Delivered,Smithhaven,Mississippi
960,23,149,1,86.32,86.32,2024-07-13,Delivered,Danielfort,Missouri
961,813,167,1,133.62,133.62,2024-06-18,Delivered,West Michaelville,Virginia
962,644,130,1,825.68,825.68,2024-09-28,Shipped,Douglaschester,Rhode Island
963,313,40,5,13.32,66.6,2024-03-08,Delivered,Ianbury,Pennsylvania
964,802,28,4,18.59,74.36,2024-01-03,Delivered,Smithside,Arkansas
965,514,162,1,99.85,99.85,2024-02-08,Delivered,Erikaport,Washington
966,206,134,4,61.51,246.04,2025-09-06,Delivered,West Javierborough,South Carolina
967,152,4,2,263.55,527.1,2025-03-20,Delivered,New Andrea,Delaware
968,632,19,1,205.94,205.94,2025-05-08,Delivered,Amandabury,Idaho
969,422,75,3,408.35,1225.05,2025-07-10,Delivered,Williambury,Wyoming
970,254,168,1,214.69,214.69,2025-12-25,Delivered,New Christine,Virginia
971,807,195,11,2.19,24.09,2024-08-07,Delivered,New Elizabethbury,West Virginia
972,783,55,1,136.93,136.93,2025-06-15,Returned,Allenhaven,Georgia
973,615,19,1,205.94,205.94,2025-08-25,Delivered,Jefferyville,Wyoming
974,842,148,1,293.38,293.38,2024-04-21,Delivered,Thomasside,Illinois
975,168,174,11,39.88,438.68,2024-06-16,Delivered,Oconnorstad,Oregon
976,378,12,3,182.65,547.95,2025-05-10,Returned,Bestfort,New York
977,928,50,2,107.82,215.64,2025-08-01,Returned,Lake Kathleen,South Carolina
978,105,123,2,120.25,240.5,2025-01-19,Delivered,East Jenniferborough,Texas
979,968,124,2,253.0,506.0,2024-07-29,Delivered,North Spencer,North Carolina
980,668,171,4,41.02,164.08,2024-12-06,Shipped,Lake Jim,California
981,387,170,1,60.94,60.94,2024-10-21,Delivered,Curtiston,Rhode Island
982,452,100,1,272.84,272.84,2025-09-18,Delivered,Morenoberg,West Virginia
983,988,79,3,35.4,106.2,2025-10-31,Shipped,Natalieberg,Washington
984,108,170,2,60.94,121.88,2024-09-01,Delivered,Port Devon,Oregon
985,189,73,2,82.71,165.42,2024-01-25,Delivered,New Ryanfort,California
986,317,2,4,97.3,389.2,2025-07-22,Delivered,Hooperburgh,Massachusetts
987,514,36,7,24.13,168.91,2024-11-26,Delivered,Erikaport,Washington
988,234,1,5,50.57,252.85,2025-09-13,Delivered,Clarkhaven,Massachusetts
989,460,199,2,91.79,183.58,2025-03-31,Delivered,Smithside,Michigan
990,834,121,1,114.49,114.49,2024-01-18,Delivered,Port Rickytown,Connecticut
991,458,108,4,92.71,0.0,2024-04-28,Cancelled,South Ryan,Michigan
992,765,97,5,28.08,140.4,2024-04-22,Delivered,North Christopher,Oklahoma
993,887,32,2,112.27,224.54,2024-01-03,Processing,Ianside,Rhode Island
994,567,40,1,13.32,13.32,2024-04-05,Delivered,Reneebury,Montana
995,358,100,3,272.84,818.52,2025-12-02,Shipped,Matthewview,West Virginia
996,456,26,4,32.0,128.0,2025-07-02,Delivered,Reidhaven,Florida
997,212,148,3,293.38,880.14,2025-02-19,Delivered,Alexanderfort,Delaware
998,750,149,3,86.32,258.96,2025-03-28,Delivered,Port Thomasmouth,New Mexico
999,173,62,2,331.56,663.12,2025-07-03,Returned,East Katelyn,Massachusetts
1000,538,133,1,57.39,57.39,2025-03-31,Shipped,Port Tiffany,Ohio
1001,79,31,5,29.73,148.65,2024-03-18,Shipped,Whitestad,Oregon
1002,170,135,1,17.94,17.94,2025-07-09,Delivered,New Charles,Alabama
1003,415,75,1,408.35,408.35,2025-08-15,Delivered,Kevinberg,Connecticut
1004,626,170,3,60.94,0.0,2025-11-18,Cancelled,Randyhaven,Illinois
1005,26,77,5,40.52,202.6,2024-07-28,Delivered,Port Corey,Maine
1006,823,92,1,31.83,31.83,2025-09-06,Delivered,Turnerbury,Pennsylvania
1007,762,115,1,115.19,115.19,2025-06-27,Delivered,West Tarachester,South Carolina
1008,438,137,2,109.87,219.74,2024-09-22,Returned,Reedville,Virginia
1009,262,37,1,27.38,27.38,2025-11-06,Delivered,Vanceborough,Pennsylvania
1010,121,141,2,371.58,743.16,2025-01-04,Delivered,Sherrymouth,Texas
1011,760,68,2,115.79,231.58,2024-10-05,Shipped,New Manuel,Colorado
1012,408,76,2,1853.62,3707.24,2025-12-21,Returned,Christopherchester,Connecticut
1013,537,128,2,89.87,179.74,2024-05-10,Delivered,North Sara,Mississippi
1014,997,130,2,825.68,1651.36,2025-04-14,Shipped,Myersstad,Tennessee
1015,562,90,1,780.14,780.14,2024-03-30,Delivered,Brandyland,Pennsylvania
1016,584,134,2,61.51,0.0,2025-10-18,Cancelled,Sanchezberg,New Hampshire
1017,935,170,4,60.94,243.76,2025-09-13,Delivered,South Tracyville,Washington
1018,997,141,1,371.58,371.58,2025-10-25,Returned,Myersstad,Tennessee
1019,71,59,2,5.75,11.5,2025-02-25,Delivered,Patriciaside,Maine
1020,179,97,1,28.08,28.08,2025-10-31,Delivered,Laurafort,South Dakota
1021,800,183,4,5.03,20.12,2025-11-30,Delivered,Perkinsport,Alabama
1022,97,191,2,92.98,185.96,2025-10-24,Delivered,Campbellhaven,South Carolina
1023,593,87,2,19.31,38.62,2025-02-15,Shipped,Lake Michael,Nebraska
1024,295,131,6,28.16,168.96,2025-11-14,Returned,Angelahaven,Michigan
1025,348,80,2,206.74,413.48,2025-09-26,Delivered,Port Jessicaview,Arizona
1026,265,99,5,23.4,117.0,2024-10-28,Shipped,Owenschester,Rhode Island
1027,511,103,3,324.51,973.53,2024-07-07,Delivered,Jasonshire,Rhode Island
1028,169,165,4,118.26,473.04,2025-03-24,Delivered,Heatherville,Florida
1029,842,101,1,23.21,23.21,2024-09-09,Shipped,Thomasside,Illinois
1030,131,15,3,213.82,641.46,2025-06-19,Delivered,Hendersonfurt,Oklahoma
1031,243,37,4,27.38,109.52,2024-10-26,Delivered,East Dean,New York
1032,706,183,1,5.03,5.03,2024-03-04,Delivered,North Yvonne,Arizona
1033,5,53,3,53.04,159.12,2024-12-11,Returned,Rodrigueztown,Minnesota
1034,247,120,5,47.8,239.0,2025-06-16,Delivered,Port Debbiemouth,Alaska
1035,397,29,3,8.63,25.89,2025-03-24,Delivered,East Dennisland,Wyoming
1036,928,194,2,384.6,769.2,2025-09-04,Delivered,Lake Kathleen,South Carolina
1037,747,70,8,29.73,0.0,2025-08-27,Cancelled,Bassville,Texas
1038,797,184,1,151.44,151.44,2025-07-07,Shipped,Lake Margaretchester,Alaska
1039,394,183,4,5.03,20.12,2024-03-20,Delivered,Bradleyview,Rhode Island
1040,536,164,1,196.76,196.76,2024-01-16,Shipped,Smithhaven,Mississippi
1041,53,185,1,1128.38,1128.38,2024-10-24,Delivered,New Williamborough,Delaware
1042,933,38,4,115.17,460.68,2024-02-19,Delivered,Benjaminstad,Massachusetts
1043,645,37,4,27.38,109.52,2024-01-29,Delivered,New Lisa,Missouri
1044,663,76,1,1853.62,1853.62,2024-09-22,Delivered,West Dianeport,Alabama
1045,570,168,3,214.69,644.07,2025-12-21,Delivered,Jacobton,South Carolina
1046,11,199,3,91.79,275.37,2024-10-19,Delivered,Michaelburgh,Florida
1047,706,152,2,69.34,138.68,2024-03-09,Shipped,North Yvonne,Arizona
1048,1,66,3,100.8,302.4,2025-11-12,Delivered,South James,South Carolina
1049,526,95,4,90.16,360.64,2024-03-02,Delivered,New Lori,New York
1050,56,110,5,149.46,747.3,2024-03-23,Delivered,Matthewfort,Arizona
1051,864,132,4,21.5,86.0,2025-07-06,Delivered,Matthewberg,Utah
1052,161,45,1,25.64,25.64,2025-06-06,Shipped,Ashleehaven,Vermont
1053,9,18,5,12.0,60.0,2025-01-25,Processing,East Samanthaborough,Kentucky
1054,624,142,2,469.45,938.9,2024-03-18,Shipped,East Mary,Nebraska
1055,154,119,3,299.58,898.74,2025-02-08,Delivered,Ortegafort,Virginia
1056,977,197,5,41.22,206.1,2025-04-10,Delivered,Lake Candace,West Virginia
1057,676,6,3,98.09,294.27,2025-05-26,Delivered,Georgeshire,Indiana
1058,96,57,1,1165.65,1165.65,2024-04-25,Delivered,Amandaberg,Washington
1059,841,92,1,31.83,31.83,2025-04-12,Processing,Steveton,Ohio
1060,847,94,1,73.18,73.18,2025-11-07,Delivered,Matthewfurt,New Jersey
1061,513,82,2,102.58,205.16,2025-11-07,Delivered,North Jacquelineshire,Wisconsin
1062,955,116,2,146.15,292.3,2025-05-22,Delivered,Brockbury,Georgia
1063,164,76,1,1853.62,1853.62,2025-12-17,Delivered,East Grant,Washington
1064,61,110,2,149.46,298.92,2025-11-01,Returned,Port Tammytown,Tennessee
1065,284,20,1,57.57,57.57,2024-05-04,Delivered,New Davidland,Louisiana
1066,441,169,3,171.62,514.86,2025-10-28,Delivered,Smithchester,Georgia
1067,744,68,4,115.79,463.16,2024-05-15,Delivered,Tuckerland,New Hampshire
1068,488,56,1,738.0,738.0,2025-02-01,Shipped,East Erikafort,Rhode Island
1069,690,75,2,408.35,816.7,2025-11-03,Shipped,Campbellchester,Wisconsin
1070,907,23,3,90.2,270.6,2025-10-11,Delivered,Karatown,South Carolina
1071,286,143,4,50.45,201.8,2025-10-09,Delivered,Port Richardfurt,Indiana
1072,832,96,3,51.29,153.87,2025-05-28,Delivered,Fosterbury,Arkansas
1073,58,67,1,109.42,109.42,2024-01-30,Delivered,Christopherbury,Wisconsin
1074,808,144,6,48.66,291.96,2025-07-25,Shipped,Lake Jessicatown,Rhode Island
1075,719,35,3,486.1,1458.3,2024-08-01,Delivered,New Ravenmouth,Missouri
1076,26,75,1,408.35,408.35,2025-03-06,Delivered,Port Corey,Maine
1077,971,72,4,171.7,686.8,2025-01-31,Delivered,North Barbarashire,Delaware
1078,199,60,3,242.61,727.83,2025-08-24,Delivered,Schmidtberg,Wisconsin
1079,382,158,2,1511.23,3022.46,2024-09-03,Delivered,Sandyborough,Arkansas
1080,329,64,1,701.02,701.02,2025-04-15,Returned,Port Russell,Michigan
1081,695,127,4,117.98,471.92,2025-04-11,Returned,East Chadmouth,Virginia
1082,335,121,4,114.49,457.96,2025-06-19,Delivered,Whitebury,Illinois
1083,119,120,8,47.8,382.4,2025-10-09,Shipped,Isabelport,Ohio
1084,28,67,2,109.42,218.84,2024-10-18,Delivered,Lake Roberthaven,Delaware
1085,683,194,2,384.6,769.2,2024-10-20,Delivered,New Jennifer,Wisconsin
1086,10,3,2,7.36,14.72,2025-06-21,Delivered,Juliemouth,Wisconsin
1087,75,126,3,24.66,73.98,2024-09-22,Delivered,Gabrielbury,Iowa
1088,361,114,5,22.89,114.45,2025-08-09,Delivered,Mccoyton,Michigan
1089,477,10,4,6.76,27.04,2025-06-12,Delivered,Hortonmouth,Texas
1090,214,27,2,33.99,67.98,2024-08-10,Shipped,North Anthonybury,Illinois
1091,478,112,5,72.13,360.65,2024-12-15,Delivered,West Chasestad,California
1092,339,62,2,331.56,663.12,2025-08-07,Delivered,Goodland,Texas
1093,173,27,1,33.99,33.99,2024-09-10,Delivered,East Katelyn,Massachusetts
1094,449,88,1,189.99,189.99,2025-12-31,Delivered,Millermouth,South Carolina
1095,668,110,1,149.46,149.46,2024-01-09,Delivered,Lake Jim,California
1096,405,61,3,83.9,251.7,2024-08-04,Delivered,Lake Amandashire,Utah
1097,319,40,2,13.32,26.64,2025-01-18,Processing,East Michael,Nebraska
1098,231,83,3,129.45,388.35,2025-09-12,Delivered,Lake Susan,Vermont
1099,401,184,2,151.44,302.88,2025-10-27,Delivered,New Erik,New York
1100,971,47,1,72.54,72.54,2024-01-19,Delivered,North Barbarashire,Delaware
1101,117,115,2,115.19,230.38,2025-06-25,Delivered,South Virginiaport,Nebraska
1102,996,25,1,71.4,71.4,2024-07-19,Delivered,Buckhaven,Ohio
1103,924,35,2,486.1,972.2,2025-07-08,Delivered,Jeffreyville,Missouri
1104,546,30,3,58.18,174.54,2024-02-14,Delivered,Jasontown,Hawaii
1105,673,123,3,120.25,360.75,2024-07-05,Delivered,West Jennifermouth,California
1106,42,111,1,292.45,292.45,2024-12-12,Delivered,Draketon,Vermont
1107,685,14,2,1392.16,2784.32,2025-06-13,Returned,South Cynthiafurt,Rhode Island
1108,834,160,5,30.6,153.0,2024-12-16,Delivered,Port Rickytown,Connecticut
1109,975,28,2,18.59,37.18,2024-08-19,Delivered,Michelemouth,New Mexico
1110,98,52,4,95.66,382.64,2025-08-14,Shipped,Port Aaron,Virginia
1111,701,63,1,155.85,155.85,2024-02-04,Delivered,Port Melissa,Texas
1112,109,128,5,89.87,449.35,2024-01-14,Delivered,South Scott,Nevada
1113,390,65,1,7.18,7.18,2024-05-30,Shipped,Port Ronald,California
1114,326,144,3,48.66,145.98,2025-04-14,Delivered,Port Angela,Virginia
1115,961,117,3,23.92,71.76,2025-07-09,Delivered,Port Anthony,North Dakota
1116,683,125,1,192.15,192.15,2025-07-16,Delivered,New Jennifer,Wisconsin
1117,326,3,2,7.36,14.72,2024-08-25,Delivered,Port Angela,Virginia
1118,386,169,4,171.62,686.48,2025-08-30,Shipped,Jamestown,Vermont
1119,21,119,3,299.58,898.74,2025-11-02,Delivered,Heidimouth,Kentucky
1120,304,146,1,6.95,6.95,2025-04-30,Delivered,North Jennifer,South Dakota
1121,229,135,3,17.94,53.82,2024-01-15,Delivered,Taylorfort,Oregon
1122,524,143,4,50.45,201.8,2025-12-24,Delivered,Quinnchester,Idaho
1123,81,199,3,91.79,275.37,2025-01-07,Shipped,Rileymouth,West Virginia
1124,348,104,3,43.38,130.14,2025-03-29,Processing,Port Jessicaview,Arizona
1125,887,93,2,1518.29,3036.58,2024-01-11,Delivered,Ianside,Rhode Island
1126,920,31,7,29.73,208.11,2024-09-10,Delivered,Jennaport,Nebraska
1127,584,198,3,28.18,84.54,2025-04-22,Delivered,Sanchezberg,New Hampshire
1128,188,141,1,371.58,371.58,2024-06-10,Delivered,Michaelport,New Mexico
1129,802,98,3,171.77,515.31,2024-09-26,Delivered,Smithside,Arkansas
1130,477,82,2,102.58,205.16,2024-01-02,Processing,Hortonmouth,Texas
1131,560,195,8,2.19,17.52,2025-10-03,Delivered,New Mary,Louisiana
1132,433,111,2,292.45,584.9,2025-09-25,Delivered,New Todd,Rhode Island
1133,441,107,3,56.79,170.37,2024-02-11,Processing,Smithchester,Georgia
1134,45,31,8,29.73,237.84,2025-02-02,Delivered,Stevenberg,Utah
1135,244,194,2,384.6,769.2,2025-04-29,Delivered,South Oliviatown,Tennessee
1136,156,74,3,417.08,1251.24,2025-02-20,Delivered,Kellyport,Rhode Island
1137,707,169,2,171.62,343.24,2025-07-26,Delivered,Lake John,Texas
1138,804,37,2,27.38,54.76,2024-06-07,Delivered,Charlesville,Louisiana
1139,847,77,3,40.52,121.56,2024-09-27,Delivered,Matthewfurt,New Jersey
1140,285,71,3,117.87,353.61,2024-04-12,Delivered,North Bobburgh,South Dakota
1141,242,70,2,29.73,59.46,2025-06-18,Delivered,Port Melissa,Florida
1142,405,35,1,486.1,486.1,2025-03-17,Delivered,Lake Amandashire,Utah
1143,181,7,3,37.5,112.5,2024-09-22,Delivered,Roberttown,Minnesota
1144,706,170,2,60.94,121.88,2025-07-05,Delivered,North Yvonne,Arizona
1145,483,5,3,225.2,675.6,2025-02-19,Shipped,Monicaburgh,Minnesota
1146,427,176,3,39.64,118.92,2024-03-27,Delivered,South Brianview,Wyoming
1147,426,92,4,31.83,127.32,2024-04-11,Delivered,Andrewberg,California
1148,585,64,2,701.02,1402.04,2024-06-26,Delivered,West Kaylafort,Ohio
1149,421,131,4,28.16,112.64,2025-07-20,Delivered,Jonesberg,Kansas
1150,977,43,1,377.86,377.86,2025-09-12,Delivered,Lake Candace,West Virginia
1151,698,147,1,202.08,202.08,2025-09-11,Delivered,Dawnfurt,Utah
1152,36,78,5,27.87,139.35,2024-12-10,Returned,South Michaelville,Colorado
1153,230,15,3,213.82,0.0,2024-05-12,Cancelled,Perezfort,Massachusetts
1154,636,35,3,486.1,1458.3,2025-02-28,Shipped,Lisaton,Michigan
1155,635,91,2,16.92,33.84,2025-03-11,Delivered,Port Emilyton,Missouri
1156,913,99,12,23.4,280.8,2024-07-29,Processing,East Joseph,New Jersey
1157,975,44,2,180.6,361.2,2025-01-30,Delivered,Michelemouth,New Mexico
1158,371,95,4,90.16,360.64,2025-11-22,Shipped,South Evelynburgh,Alaska
1159,259,59,5,5.75,28.75,2024-07-09,Delivered,North Danielmouth,Louisiana
1160,516,48,1,82.31,82.31,2025-12-07,Delivered,Stewartside,Wisconsin
1161,307,12,1,182.65,182.65,2025-11-19,Shipped,West Danielton,Vermont
1162,330,189,2,1293.61,2587.22,2024-05-22,Delivered,Natashaborough,Massachusetts
1163,156,25,3,71.4,0.0,2024-07-30,Cancelled,Kellyport,Rhode Island
1164,611,63,2,155.85,311.7,2024-11-08,Processing,New Johnfurt,Ohio
1165,400,121,2,114.49,228.98,2024-10-20,Processing,Jerryberg,Rhode Island
1166,388,18,4,12.0,48.0,2025-08-19,Delivered,Mossstad,Texas
1167,282,130,1,825.68,825.68,2024-05-20,Shipped,Vincenttown,Michigan
1168,534,25,2,71.4,142.8,2025-12-18,Delivered,Tinabury,New Hampshire
1169,292,89,1,101.92,101.92,2025-12-21,Delivered,East Amanda,Rhode Island
1170,322,26,11,32.0,352.0,2024-03-15,Delivered,Torreston,Georgia
1171,62,186,2,27.47,54.94,2025-01-08,Delivered,Port Emilyville,Vermont
1172,505,136,5,52.07,260.35,2024-05-30,Delivered,South Ericfurt,Washington
1173,256,14,2,1392.16,2784.32,2024-07-08,Delivered,Erikview,Vermont
1174,868,164,1,196.76,196.76,2024-05-07,Delivered,Angelaton,Arizona
1175,203,13,5,67.98,339.9,2024-11-18,Delivered,Jasmineville,South Carolina
1176,250,82,1,102.58,102.58,2024-02-13,Delivered,Lake Ethanfort,Washington
1177,136,24,5,51.42,257.1,2025-12-08,Shipped,Lake Sandra,Washington
1178,881,91,4,16.92,67.68,2025-02-07,Delivered,Kerrbury,West Virginia
1179,50,149,3,86.32,258.96,2024-08-05,Delivered,Daughertyfort,Virginia
1180,442,195,9,2.19,19.71,2025-02-28,Delivered,Keithside,New Hampshire
1181,659,59,3,5.75,17.25,2025-08-27,Delivered,East Josemouth,Alaska
1182,10,68,2,115.79,231.58,2024-11-19,Delivered,Juliemouth,Wisconsin
1183,141,61,3,83.9,251.7,2024-11-17,Delivered,Robertberg,Florida
1184,11,166,4,12.95,51.8,2025-07-27,Delivered,Michaelburgh,Florida
1185,991,47,1,72.54,72.54,2025-11-19,Delivered,Davidshire,New Jersey
1186,194,59,5,5.75,28.75,2025-08-12,Delivered,North Ryan,Minnesota
1187,905,94,3,73.18,219.54,2025-01-14,Shipped,Snyderchester,Illinois
1188,678,186,6,27.47,164.82,2025-06-14,Delivered,Karenborough,Missouri
1189,848,135,5,17.94,89.7,2025-08-07,Delivered,Port Maryside,Wyoming
1190,77,23,3,90.2,270.6,2025-05-27,Shipped,Kerriborough,Maine
1191,741,61,4,83.9,0.0,2025-01-30,Cancelled,New Ginafort,Montana
1192,453,59,6,5.75,34.5,2024-06-29,Delivered,Rachelberg,Alabama
1193,872,28,4,18.59,74.36,2025-09-09,Delivered,Romantown,Minnesota
1194,969,198,2,28.18,56.36,2024-05-01,Shipped,Port Richard,New Jersey
1195,685,11,1,20.71,20.71,2024-08-19,Delivered,South Cynthiafurt,Rhode Island
1196,965,132,2,21.5,43.0,2025-06-06,Delivered,East Mary,Mississippi
1197,654,1,5,50.57,0.0,2025-10-28,Cancelled,New Breanna,Michigan
1198,106,173,3,31.1,93.3,2024-07-20,Delivered,Lake Todd,Colorado
1199,299,92,4,31.83,0.0,2024-03-29,Cancelled,Taylorbury,California
1200,87,67,2,109.42,218.84,2024-07-14,Delivered,New Tiffanyshire,Rhode Island
1201,852,188,6,35.05,210.3,2024-04-16,Shipped,Pearsonmouth,Idaho
1202,16,168,2,214.69,429.38,2025-03-02,Delivered,Stokesfort,Montana
1203,531,98,3,171.77,515.31,2024-06-28,Delivered,South Royhaven,New Mexico
1204,813,161,2,295.59,591.18,2025-10-15,Delivered,West Michaelville,Virginia
1205,430,10,3,6.76,20.28,2024-03-03,Delivered,New Ralph,Wisconsin
1206,909,36,2,24.13,48.26,2024-12-17,Delivered,Amyhaven,Connecticut
1207,49,162,1,99.85,99.85,2024-01-02,Delivered,South Matthewshire,Utah
1208,788,31,3,29.73,89.19,2024-09-09,Delivered,West Regina,Illinois
1209,142,57,2,1165.65,2331.3,2024-01-17,Delivered,Markchester,Idaho
1210,146,68,4,115.79,463.16,2024-05-02,Delivered,New Mitchell,Rhode Island
1211,199,75,3,408.35,1225.05,2024-05-30,Processing,Schmidtberg,Wisconsin
1212,330,71,2,117.87,235.74,2025-11-06,Delivered,Natashaborough,Massachusetts
1213,251,114,3,22.89,0.0,2024-07-07,Cancelled,Williamton,New Hampshire
1214,774,168,2,214.69,429.38,2025-10-08,Shipped,Bryanburgh,New Hampshire
1215,728,198,1,28.18,28.18,2024-04-27,Delivered,Davidfurt,Pennsylvania
1216,321,60,1,242.61,242.61,2024-12-31,Delivered,Port Nicholestad,Hawaii
1217,66,106,1,1067.66,0.0,2025-01-05,Cancelled,Joshuaborough,Virginia
1218,662,31,5,29.73,148.65,2025-04-14,Delivered,East Casey,Alaska
1219,917,188,5,35.05,175.25,2025-09-01,Processing,Geoffreybury,Nevada
1220,405,135,5,17.94,0.0,2024-02-02,Cancelled,Lake Amandashire,Utah
1221,662,185,1,1128.38,1128.38,2025-01-14,Delivered,East Casey,Alaska
1222,128,162,4,99.85,399.4,2024-09-16,Shipped,West Megan,Tennessee
1223,515,193,5,99.73,498.65,2025-11-12,Delivered,Lake Larrymouth,Ohio
1224,295,47,3,72.54,217.62,2025-09-30,Shipped,Angelahaven,Michigan
1225,867,156,4,136.11,544.44,2024-02-03,Processing,Lukeland,Maryland
1226,69,1,2,50.57,101.14,2025-11-09,Delivered,Elizabethberg,Washington
1227,578,9,2,94.81,189.62,2024-06-06,Returned,Wuview,Louisiana
1228,249,187,2,46.53,93.06,2025-01-24,Delivered,West Rebeccaburgh,Oregon
1229,784,34,2,264.74,0.0,2024-02-23,Cancelled,East Laurenburgh,Arkansas
1230,19,4,1,263.55,263.55,2025-10-06,Delivered,East Whitneyborough,Connecticut
1231,593,178,3,96.1,288.3,2025-12-22,Shipped,Lake Michael,Nebraska
1232,498,13,5,67.98,339.9,2024-12-18,Delivered,East Evanshire,Alaska
1233,629,158,1,1511.23,1511.23,2025-12-02,Delivered,New Vickihaven,Connecticut
1234,9,149,3,86.32,258.96,2025-03-08,Shipped,East Samanthaborough,Kentucky
1235,612,168,1,214.69,214.69,2024-11-24,Shipped,East Aaron,Tennessee
1236,581,141,3,371.58,1114.74,2025-06-29,Delivered,Port David,New Hampshire
1237,300,54,3,66.84,200.52,2025-07-13,Returned,Schneiderbury,Minnesota
1238,730,112,1,72.13,72.13,2024-08-01,Delivered,Timfort,New York
1239,73,8,2,126.03,252.06,2024-03-29,Delivered,Gallagherton,Arkansas
1240,2,195,7,2.19,15.33,2024-09-22,Delivered,Port Lawrence,Nebraska
1241,573,92,3,31.83,95.49,2025-08-25,Delivered,Craigton,Montana
1242,690,48,3,82.31,246.93,2024-11-07,Delivered,Campbellchester,Wisconsin
1243,370,151,1,1843.3,1843.3,2025-09-03,Delivered,Jonesmouth,Washington
1244,413,88,2,189.99,379.98,2024-06-20,Delivered,Seanchester,Connecticut
1245,828,75,1,408.35,408.35,2024-11-29,Delivered,Aliciamouth,Wyoming
1246,695,200,4,35.55,142.2,2024-06-21,Delivered,East Chadmouth,Virginia
1247,544,70,12,29.73,356.76,2025-07-26,Processing,Cranehaven,Montana
1248,857,129,3,156.82,470.46,2025-12-24,Delivered,Boydside,Nebraska
1249,520,189,2,1293.61,2587.22,2025-02-27,Delivered,South Michaeltown,Connecticut
1250,655,128,2,89.87,179.74,2025-11-06,Delivered,Hubbardport,North Dakota
1251,346,34,3,264.74,794.22,2025-11-03,Delivered,Lake Jennifermouth,Maryland
1252,875,142,2,469.45,938.9,2025-01-07,Returned,Kevinside,Vermont
1253,771,62,2,331.56,663.12,2025-12-23,Delivered,Lake Gregory,Texas
1254,217,93,2,1518.29,3036.58,2025-12-20,Delivered,Port Samanthatown,Florida
1255,227,128,5,89.87,449.35,2024-10-02,Delivered,Lake Donald,Oregon
1256,699,42,3,289.31,867.93,2025-01-12,Delivered,Port Darlenemouth,Mississippi
1257,995,95,4,90.16,360.64,2025-09-26,Delivered,Lake Deborahbury,Massachusetts
1258,617,99,1,23.4,23.4,2024-02-09,Delivered,Larsonbury,Georgia
1259,941,16,3,48.77,146.31,2024-08-30,Delivered,Audreyburgh,Massachusetts
1260,911,100,3,272.84,818.52,2025-11-05,Shipped,Audreyville,Georgia
1261,30,22,4,192.65,770.6,2025-12-21,Delivered,Millerland,New Jersey
1262,890,81,2,221.79,443.58,2024-07-06,Delivered,Port Austinchester,Kansas
1263,681,152,3,69.34,208.02,2025-05-08,Shipped,Wileybury,Alaska
1264,640,9,2,94.81,189.62,2025-06-20,Delivered,Williamsburgh,California
1265,400,76,2,1853.62,3707.24,2025-03-23,Delivered,Jerryberg,Rhode Island
1266,742,58,2,133.46,266.92,2025-06-20,Returned,Port Michaelberg,Missouri
1267,135,155,2,61.98,123.96,2024-10-26,Returned,East Ericshire,Nevada
1268,285,36,5,24.13,120.65,2025-01-05,Delivered,North Bobburgh,South Dakota
1269,730,181,2,187.56,375.12,2025-12-08,Delivered,Timfort,New York
1270,893,1,4,50.57,202.28,2024-12-30,Delivered,Rachelhaven,South Carolina
1271,744,106,1,1067.66,1067.66,2024-06-01,Shipped,Tuckerland,New Hampshire
1272,862,129,2,156.82,313.64,2025-01-22,Delivered,East Henry,North Dakota
1273,812,82,1,102.58,102.58,2024-01-18,Delivered,East Gabriel,Louisiana
1274,656,153,2,82.41,164.82,2025-01-06,Delivered,Lake Alan,Georgia
1275,277,36,5,24.13,120.65,2025-08-05,Delivered,Fisherburgh,New Jersey
1276,911,198,3,28.18,0.0,2024-07-11,Cancelled,Audreyville,Georgia
1277,836,22,1,192.65,192.65,2024-06-11,Shipped,South Sarah,North Dakota
1278,809,111,3,292.45,877.35,2024-08-15,Delivered,New William,Oklahoma
1279,312,136,5,52.07,260.35,2024-10-19,Delivered,North Jonathanshire,Alabama
1280,446,9,4,94.81,379.24,2025-11-12,Delivered,Steventown,South Carolina
1281,206,112,2,72.13,144.26,2025-08-29,Shipped,West Javierborough,South Carolina
1282,294,33,4,32.17,128.68,2025-05-17,Delivered,East Matthewtown,Pennsylvania
1283,356,41,1,1133.32,1133.32,2025-03-23,Delivered,Lake Jonathon,Tennessee
1284,403,160,3,30.6,91.8,2025-03-06,Delivered,Abigailfurt,Arkansas
1285,104,153,4,82.41,329.64,2025-02-05,Delivered,South Henry,West Virginia
1286,990,93,1,1518.29,1518.29,2025-03-02,Delivered,Ryanbury,South Dakota
1287,153,95,4,90.16,360.64,2024-12-22,Delivered,Russellton,Massachusetts
1288,935,26,8,32.0,256.0,2025-07-08,Delivered,South Tracyville,Washington
1289,488,11,4,20.71,0.0,2025-05-12,Cancelled,East Erikafort,Rhode Island
1290,586,31,1,29.73,29.73,2025-11-26,Delivered,Tiffanyberg,South Carolina
1291,545,145,3,238.69,716.07,2024-04-27,Delivered,Port Anthonyfurt,Georgia
1292,512,132,3,21.5,64.5,2024-08-24,Delivered,Rachelbury,Nebraska
1293,920,134,3,61.51,184.53,2024-02-26,Delivered,Jennaport,Nebraska
1294,785,158,2,1511.23,3022.46,2025-08-08,Delivered,New Erin,Wyoming
1295,324,136,1,52.07,52.07,2024-10-17,Delivered,Wagnerville,North Dakota
1296,707,115,1,115.19,115.19,2025-06-16,Delivered,Lake John,Texas
1297,302,108,5,92.71,463.55,2025-08-04,Delivered,East Marciaside,Texas
1298,302,190,1,655.22,655.22,2025-07-31,Delivered,East Marciaside,Texas
1299,873,196,3,211.17,633.51,2025-07-11,Returned,Port Kennethville,Vermont
1300,574,118,1,280.69,280.69,2025-07-18,Shipped,North Craigtown,Montana
1301,705,66,1,100.8,100.8,2025-07-12,Delivered,Paulside,Hawaii
1302,885,176,2,39.64,79.28,2025-01-31,Returned,Antonioland,Maine
1303,954,173,5,31.1,155.5,2024-07-03,Delivered,North Jasonbury,New Jersey
1304,952,178,2,96.1,192.2,2025-11-07,Delivered,South Kimbury,Arizona
1305,564,16,1,48.77,48.77,2024-07-02,Delivered,Stokeschester,Minnesota
1306,215,51,4,20.77,83.08,2025-04-10,Delivered,North Suzannefurt,Wisconsin
1307,181,177,3,135.85,407.55,2024-04-01,Delivered,Roberttown,Minnesota
1308,880,164,1,196.76,196.76,2024-12-10,Delivered,Port Joshuafurt,Hawaii
1309,609,187,1,46.53,46.53,2024-04-08,Delivered,South Gina,New York
1310,688,7,5,37.5,187.5,2025-05-29,Shipped,Rossland,Tennessee
1311,786,146,4,6.95,27.8,2024-02-04,Processing,Loweton,Oklahoma
1312,848,170,2,60.94,121.88,2025-09-10,Delivered,Port Maryside,Wyoming
1313,156,32,2,112.27,224.54,2025-07-19,Delivered,Kellyport,Rhode Island
1314,42,198,2,28.18,56.36,2024-02-10,Delivered,Draketon,Vermont
1315,222,186,1,27.47,27.47,2025-03-27,Delivered,Marktown,Connecticut
1316,221,25,5,71.4,357.0,2024-09-08,Delivered,Lake Samanthaport,Nebraska
1317,171,13,3,67.98,203.94,2025-05-18,Shipped,Chelseamouth,North Carolina
1318,609,110,1,149.46,149.46,2024-02-11,Delivered,South Gina,New York
1319,393,152,4,69.34,277.36,2025-10-29,Delivered,Martinport,Massachusetts
1320,763,170,4,60.94,243.76,2024-05-03,Delivered,Parrishmouth,Nebraska
1321,307,118,1,280.69,280.69,2025-09-19,Delivered,West Danielton,Vermont
1322,560,100,2,272.84,545.68,2024-01-22,Delivered,New Mary,Louisiana
1323,315,192,7,5.42,37.94,2024-04-18,Delivered,East Mary,Virginia
1324,243,120,2,47.8,95.6,2024-06-05,Delivered,East Dean,New York
1325,811,37,4,27.38,109.52,2024-08-25,Delivered,North Matthew,Mississippi
1326,670,91,5,16.92,84.6,2024-06-23,Delivered,Smithmouth,New Mexico
1327,854,131,1,28.16,28.16,2025-07-30,Delivered,Port Christopher,New Mexico
1328,821,139,1,48.17,48.17,2024-12-29,Delivered,New Carl,Alabama
1329,420,61,3,83.9,251.7,2025-03-23,Delivered,Barnettbury,Wisconsin
1330,977,121,4,114.49,457.96,2025-08-31,Delivered,Lake Candace,West Virginia
1331,987,99,8,23.4,187.2,2024-10-20,Delivered,Bryantborough,Connecticut
1332,174,45,5,25.64,128.2,2025-08-16,Processing,Port Michaelville,Arkansas
1333,734,184,2,151.44,0.0,2024-08-01,Cancelled,Port Audreyport,Nebraska
1334,109,170,4,60.94,243.76,2024-10-04,Shipped,South Scott,Nevada
1335,847,109,1,321.21,321.21,2024-10-29,Shipped,Matthewfurt,New Jersey
1336,439,200,1,35.55,35.55,2024-03-31,Delivered,Haleview,Indiana
1337,869,197,1,41.22,41.22,2025-05-17,Delivered,Elizabethborough,Michigan
1338,933,56,1,738.0,738.0,2025-11-27,Processing,Benjaminstad,Massachusetts
1339,339,150,1,415.89,415.89,2025-05-01,Shipped,Goodland,Texas
1340,728,103,3,324.51,973.53,2024-09-17,Delivered,Davidfurt,Pennsylvania
1341,447,42,1,289.31,289.31,2025-02-28,Delivered,South Joshuashire,Missouri
1342,674,133,4,57.39,229.56,2024-12-31,Delivered,Melissafurt,Illinois
1343,584,32,1,112.27,112.27,2024-05-04,Processing,Sanchezberg,New Hampshire
1344,293,104,2,43.38,86.76,2024-11-11,Delivered,Antoniobury,New Hampshire
1345,669,126,2,24.66,49.32,2025-12-17,Delivered,Lake Robert,Idaho
1346,717,106,2,1067.66,2135.32,2025-01-23,Delivered,New Sharon,Massachusetts
1347,535,80,2,206.74,413.48,2024-07-01,Delivered,East Paulstad,Wisconsin
1348,818,200,4,35.55,142.2,2025-01-20,Processing,East Misty,North Dakota
1349,442,156,4,136.11,544.44,2025-12-14,Delivered,Keithside,New Hampshire
1350,341,196,3,211.17,633.51,2024-03-24,Delivered,West Rachelbury,Vermont
1351,281,134,4,61.51,246.04,2024-10-08,Shipped,Kathrynfort,Minnesota
1352,676,75,3,408.35,1225.05,2025-07-20,Delivered,Georgeshire,Indiana
1353,399,186,2,27.47,54.94,2025-01-22,Delivered,South Donnafurt,New Jersey
1354,379,157,4,21.39,85.56,2025-10-09,Delivered,West Adam,Alaska
1355,225,113,1,158.59,158.59,2024-10-27,Delivered,West Timothy,Minnesota
1356,854,29,2,8.63,17.26,2025-07-30,Delivered,Port Christopher,New Mexico
1357,310,91,8,16.92,135.36,2024-10-12,Delivered,Martinezberg,Arkansas
1358,545,59,4,5.75,23.0,2025-12-30,Delivered,Port Anthonyfurt,Georgia
1359,252,57,1,1165.65,0.0,2024-05-10,Cancelled,Hubbardfort,Kansas
1360,788,65,1,7.18,7.18,2025-12-20,Shipped,West Regina,Illinois
1361,938,179,5,76.57,382.85,2025-09-15,Delivered,Mccannmouth,Delaware
1362,23,38,2,115.17,230.34,2025-10-01,Delivered,Danielfort,Missouri
1363,162,14,1,1392.16,1392.16,2025-03-01,Delivered,Greenfurt,Ohio
1364,87,45,5,25.64,128.2,2025-05-31,Processing,New Tiffanyshire,Rhode Island
1365,592,145,3,238.69,716.07,2024-10-19,Delivered,East Ian,Connecticut
1366,733,176,1,39.64,39.64,2024-09-17,Delivered,Port Richardton,Maryland
1367,719,125,2,192.15,384.3,2025-09-11,Delivered,New Ravenmouth,Missouri
1368,576,152,5,69.34,346.7,2025-08-26,Delivered,East Michael,Louisiana
1369,610,55,1,136.93,136.93,2024-07-23,Delivered,South Davidborough,North Carolina
1370,60,56,1,738.0,738.0,2024-10-28,Delivered,Lisatown,Missouri
1371,690,153,2,82.41,164.82,2024-04-05,Shipped,Campbellchester,Wisconsin
1372,970,40,4,13.32,53.28,2024-06-11,Delivered,Allenmouth,West Virginia
1373,169,131,3,28.16,84.48,2025-01-14,Delivered,Heatherville,Florida
1374,154,188,7,35.05,245.35,2024-05-17,Delivered,Ortegafort,Virginia
1375,633,184,2,151.44,302.88,2025-10-21,Delivered,Sarahmouth,South Carolina
1376,948,48,4,82.31,329.24,2024-12-19,Delivered,Port Holly,Mississippi
1377,800,190,2,655.22,1310.44,2024-11-29,Delivered,Perkinsport,Alabama
1378,66,137,2,109.87,0.0,2025-01-13,Cancelled,Joshuaborough,Virginia
1379,902,194,1,384.6,384.6,2025-06-14,Delivered,West Kathrynport,Alaska
1380,741,139,1,48.17,48.17,2025-03-04,Delivered,New Ginafort,Montana
1381,856,79,1,35.4,35.4,2024-11-25,Delivered,West Joel,Kansas
1382,684,127,1,117.98,117.98,2024-08-10,Delivered,South Deniseburgh,Wyoming
1383,120,91,4,16.92,67.68,2024-12-22,Delivered,Lewisberg,Arizona
1384,485,117,3,23.92,71.76,2025-10-02,Delivered,Travisville,Connecticut
1385,959,81,3,221.79,665.37,2025-08-06,Delivered,Port Michaelville,Rhode Island
1386,744,54,3,66.84,200.52,2024-01-05,Delivered,Tuckerland,New Hampshire
1387,107,8,2,126.03,252.06,2024-07-17,Delivered,Patriciaville,Colorado
1388,715,198,3,28.18,84.54,2024-11-19,Delivered,Andreabury,Minnesota
1389,761,120,9,47.8,430.2,2024-05-12,Delivered,North Meganmouth,Vermont
1390,896,78,5,27.87,139.35,2025-08-18,Delivered,West Timothystad,Michigan
1391,926,19,1,205.94,205.94,2024-02-29,Returned,Alejandroville,Mississippi
1392,476,64,2,701.02,1402.04,2024-05-23,Delivered,Josephmouth,Maine
1393,233,127,4,117.98,471.92,2025-09-06,Delivered,Port Brian,Idaho
1394,524,40,5,13.32,66.6,2024-12-03,Delivered,Quinnchester,Idaho
1395,401,167,3,133.62,400.86,2025-11-30,Returned,New Erik,New York
1396,340,141,3,371.58,1114.74,2024-11-28,Delivered,North Stevenmouth,North Dakota
1397,197,12,1,182.65,182.65,2024-12-27,Delivered,Rodriguezhaven,Wisconsin
1398,747,61,1,83.9,0.0,2025-02-16,Cancelled,Bassville,Texas
1399,337,4,2,263.55,527.1,2024-06-11,Shipped,Lake Victoriastad,New York
1400,142,138,2,20.13,40.26,2024-11-10,Delivered,Markchester,Idaho
1401,119,166,1,12.95,12.95,2025-12-15,Processing,Isabelport,Ohio
1402,688,161,3,295.59,886.77,2024-01-28,Delivered,Rossland,Tennessee
1403,463,80,2,206.74,413.48,2025-01-04,Delivered,New Cheryl,New Hampshire
1404,48,154,2,341.24,682.48,2025-08-15,Processing,North Michelle,Alaska
1405,737,24,5,51.42,257.1,2024-02-15,Shipped,Lake Christopherfort,New Mexico
1406,278,140,1,93.97,93.97,2025-02-12,Shipped,West Raven,West Virginia
1407,138,127,2,117.98,235.96,2024-09-09,Delivered,Amandahaven,Nebraska
1408,938,24,5,51.42,257.1,2025-01-04,Delivered,Mccannmouth,Delaware
1409,565,134,3,61.51,184.53,2025-11-09,Delivered,Lake Ryan,Michigan
1410,510,60,1,242.61,242.61,2025-04-14,Processing,Whitemouth,Mississippi
1411,427,34,2,264.74,529.48,2024-09-23,Delivered,South Brianview,Wyoming
1412,551,49,1,53.93,0.0,2024-04-27,Cancelled,Joseview,Arkansas
1413,466,121,2,114.49,228.98,2025-04-17,Delivered,Hollowayfort,Colorado
1414,576,12,3,182.65,547.95,2025-08-04,Delivered,East Michael,Louisiana
1415,206,165,1,118.26,118.26,2024-03-28,Delivered,West Javierborough,South Carolina
1416,625,186,4,27.47,109.88,2025-11-30,Delivered,Schmittside,Louisiana
1417,842,150,2,415.89,0.0,2025-08-19,Cancelled,Thomasside,Illinois
1418,526,25,3,71.4,214.2,2025-05-23,Delivered,New Lori,New York
1419,352,30,2,58.18,116.36,2025-03-20,Delivered,Maybury,Indiana
1420,563,200,1,35.55,35.55,2024-06-26,Shipped,West Jennifer,Florida
1421,486,24,1,51.42,51.42,2024-08-14,Delivered,Port Jason,Washington
1422,842,105,1,31.98,31.98,2025-03-26,Delivered,Thomasside,Illinois
1423,848,101,2,23.21,46.42,2024-08-02,Delivered,Port Maryside,Wyoming
1424,419,127,4,117.98,471.92,2024-06-28,Delivered,West Sarah,New Hampshire
1425,351,40,3,13.32,39.96,2025-11-21,Delivered,Foxside,Wisconsin
1426,91,113,3,158.59,475.77,2024-05-17,Delivered,Lake Jennifer,Montana
1427,275,38,2,115.17,230.34,2024-09-14,Delivered,Robbinsville,Delaware
1428,643,123,3,120.25,360.75,2024-02-03,Delivered,North Josephhaven,New Hampshire
1429,909,82,2,102.58,205.16,2025-07-02,Returned,Amyhaven,Connecticut
1430,745,8,3,126.03,0.0,2025-08-22,Cancelled,Lake James,Arizona
1431,875,28,3,18.59,55.77,2025-10-07,Delivered,Kevinside,Vermont
1432,412,56,1,738.0,738.0,2024-09-07,Delivered,Annatown,New York
1433,549,126,2,24.66,49.32,2025-05-15,Delivered,North Rachelberg,South Carolina
1434,180,155,2,61.98,123.96,2024-01-26,Delivered,East Kimberly,Alabama
1435,741,136,1,52.07,52.07,2024-01-31,Delivered,New Ginafort,Montana
1436,207,164,1,196.76,196.76,2025-12-10,Delivered,Valerieview,Idaho
1437,734,168,3,214.69,644.07,2024-11-17,Processing,Port Audreyport,Nebraska
1438,839,52,3,95.66,286.98,2025-12-01,Shipped,Michaelstad,Alabama
1439,994,79,1,35.4,35.4,2024-04-20,Delivered,New Andrechester,California
1440,539,193,1,99.73,99.73,2025-11-06,Processing,Port Bradley,Ohio
1441,347,125,4,192.15,768.6,2024-07-26,Delivered,New Cynthia,Nebraska
1442,24,82,3,102.58,307.74,2024-06-09,Returned,South Timothy,South Dakota
1443,992,72,2,171.7,343.4,2024-03-21,Delivered,New Jacqueline,Connecticut
1444,956,62,2,331.56,663.12,2024-01-14,Delivered,Calebview,Massachusetts
1445,903,22,1,192.65,192.65,2024-02-10,Delivered,North Raymondton,Wyoming
1446,916,11,6,20.71,124.26,2024-01-10,Delivered,East Tarabury,Alabama
1447,415,4,3,263.55,790.65,2024-05-15,Delivered,Kevinberg,Connecticut
1448,383,16,1,48.77,48.77,2025-03-20,Delivered,New Amandaport,Georgia
1449,464,7,1,37.5,37.5,2025-12-29,Delivered,North Tara,Texas
1450,200,181,1,187.56,187.56,2024-04-01,Delivered,North Judithland,Montana
1451,125,126,2,24.66,49.32,2025-02-19,Shipped,West Daniellemouth,New Mexico
1452,344,35,1,486.1,486.1,2024-10-08,Delivered,Lindsayburgh,Utah
1453,772,176,3,39.64,118.92,2024-04-25,Delivered,Burkeberg,West Virginia
1454,583,47,4,72.54,290.16,2025-08-19,Delivered,Henryfort,Wisconsin
1455,348,191,3,92.98,278.94,2025-03-28,Delivered,Port Jessicaview,Arizona
1456,738,142,1,469.45,469.45,2025-08-13,Delivered,Shawnmouth,Florida
1457,148,107,4,56.79,227.16,2024-03-13,Delivered,Schroederfurt,Indiana
1458,194,100,2,272.84,545.68,2025-09-19,Delivered,North Ryan,Minnesota
1459,969,114,1,22.89,22.89,2024-08-29,Delivered,Port Richard,New Jersey
1460,632,68,2,115.79,231.58,2024-06-09,Returned,Amandabury,Idaho
1461,812,179,3,76.57,229.71,2025-08-03,Shipped,East Gabriel,Louisiana
1462,952,43,1,377.86,377.86,2025-10-23,Delivered,South Kimbury,Arizona
1463,391,45,2,25.64,51.28,2025-11-10,Shipped,Morenofurt,Minnesota
1464,529,92,2,31.83,63.66,2024-08-03,Processing,Wheelerfort,New York
1465,206,65,2,7.18,14.36,2024-08-09,Delivered,West Javierborough,South Carolina
1466,772,40,6,13.32,79.92,2024-02-03,Shipped,Burkeberg,West Virginia
1467,88,194,2,384.6,769.2,2024-04-10,Shipped,Ryanberg,Oklahoma
1468,499,134,1,61.51,61.51,2025-02-28,Delivered,Sharonton,Nebraska
1469,435,31,12,29.73,356.76,2025-10-28,Delivered,West Melissafurt,Connecticut
1470,98,78,3,27.87,83.61,2024-08-15,Delivered,Port Aaron,Virginia
1471,753,167,4,133.62,534.48,2024-11-17,Shipped,Ashleyside,New York
1472,751,183,10,5.03,50.3,2024-09-06,Delivered,Bradleyfort,Michigan
1473,811,46,1,39.3,39.3,2024-10-28,Delivered,North Matthew,Mississippi
1474,826,187,1,46.53,46.53,2024-07-08,Delivered,Bryantport,North Dakota
1475,757,81,2,221.79,443.58,2024-06-15,Returned,North Andrea,Alabama
1476,273,6,3,98.09,294.27,2024-12-15,Delivered,Lake Anthonyfort,Kansas
1477,228,38,2,115.17,230.34,2024-10-05,Delivered,Amberbury,Arizona
1478,618,175,3,88.86,0.0,2024-10-11,Cancelled,Fisherbury,Wisconsin
1479,256,174,10,39.88,398.8,2025-10-28,Processing,Erikview,Vermont
1480,457,32,1,112.27,112.27,2024-02-28,Returned,East Adammouth,Iowa
1481,756,164,2,196.76,0.0,2025-07-14,Cancelled,West Lori,Virginia
1482,937,134,1,61.51,0.0,2025-02-19,Cancelled,Petersonfort,Louisiana
1483,388,170,4,60.94,243.76,2025-03-10,Delivered,Mossstad,Texas
1484,167,186,1,27.47,0.0,2025-05-27,Cancelled,Smithview,Alaska
1485,214,119,3,299.58,898.74,2024-02-03,Delivered,North Anthonybury,Illinois
1486,726,70,10,29.73,297.3,2024-12-09,Delivered,Margaretmouth,Connecticut
1487,607,196,2,211.17,422.34,2024-05-10,Delivered,Bellport,Kentucky
1488,488,128,3,89.87,269.61,2025-04-17,Delivered,East Erikafort,Rhode Island
1489,947,91,2,16.92,33.84,2025-05-29,Delivered,Hensonland,Arkansas
1490,447,116,1,146.15,146.15,2025-09-28,Delivered,South Joshuashire,Missouri
1491,694,120,2,47.8,95.6,2025-05-21,Shipped,Brownmouth,Kansas
1492,420,136,3,52.07,156.21,2025-03-23,Delivered,Barnettbury,Wisconsin
1493,707,63,2,155.85,0.0,2024-11-11,Cancelled,Lake John,Texas
1494,811,143,1,50.45,50.45,2024-08-15,Delivered,North Matthew,Mississippi
1495,750,15,2,213.82,427.64,2024-07-31,Delivered,Port Thomasmouth,New Mexico
1496,741,193,4,99.73,398.92,2025-07-02,Delivered,New Ginafort,Montana
1497,135,19,2,205.94,0.0,2025-09-12,Cancelled,East Ericshire,Nevada
1498,114,57,1,1165.65,1165.65,2024-09-03,Returned,North Christopherstad,Georgia
1499,786,44,1,180.6,0.0,2025-01-30,Cancelled,Loweton,Oklahoma
1500,166,160,5,30.6,0.0,2025-07-28,Cancelled,New Jacobland,Mississippi
1501,421,89,1,101.92,0.0,2024-01-16,Cancelled,Jonesberg,Kansas
1502,566,45,3,25.64,76.92,2024-05-01,Delivered,Masonbury,Alabama
1503,723,48,4,82.31,329.24,2024-10-11,Delivered,Alexanderview,Texas
1504,306,56,2,738.0,1476.0,2024-03-19,Returned,Port Kimberlyton,Indiana
1505,47,168,1,214.69,0.0,2025-07-07,Cancelled,West Matthewburgh,South Dakota
1506,939,52,1,95.66,95.66,2025-04-11,Delivered,Leefort,Hawaii
1507,256,9,3,94.81,284.43,2025-09-10,Shipped,Erikview,Vermont
1508,553,182,2,19.79,39.58,2024-03-28,Delivered,Jacobsmouth,New Jersey
1509,197,42,1,289.31,289.31,2025-10-01,Shipped,Rodriguezhaven,Wisconsin
1510,526,134,2,61.51,123.02,2024-08-25,Delivered,New Lori,New York
1511,188,103,2,324.51,649.02,2025-11-27,Returned,Michaelport,New Mexico
1512,713,72,3,171.7,515.1,2024-03-30,Delivered,West Harold,Alaska
1513,889,161,2,295.59,591.18,2024-12-27,Processing,Michaelshire,Florida
1514,248,85,2,669.8,1339.6,2024-05-31,Delivered,Lake David,New York
1515,927,115,3,115.19,345.57,2025-01-09,Shipped,Mirandachester,Nebraska
1516,717,40,3,13.32,39.96,2025-02-04,Shipped,New Sharon,Massachusetts
1517,526,35,2,486.1,972.2,2024-12-29,Shipped,New Lori,New York
1518,130,99,12,23.4,280.8,2025-10-13,Shipped,West Philip,Utah
1519,940,1,2,50.57,101.14,2025-10-25,Delivered,Angelastad,Kansas
1520,853,102,3,16.02,48.06,2024-07-27,Delivered,New Amber,Georgia
1521,864,28,1,18.59,18.59,2024-05-05,Returned,Matthewberg,Utah
1522,300,166,8,12.95,103.6,2025-05-24,Delivered,Schneiderbury,Minnesota
1523,252,170,5,60.94,304.7,2025-10-27,Delivered,Hubbardfort,Kansas
1524,987,100,2,272.84,545.68,2025-06-18,Delivered,Bryantborough,Connecticut
1525,44,14,2,1392.16,2784.32,2024-07-13,Delivered,Robertville,Indiana
1526,733,150,2,415.89,831.78,2025-07-17,Delivered,Port Richardton,Maryland
1527,710,20,2,57.57,115.14,2025-04-22,Delivered,West Kelseytown,Nevada
1528,872,34,1,264.74,0.0,2025-06-03,Cancelled,Romantown,Minnesota
1529,759,167,2,133.62,267.24,2024-03-16,Delivered,Port Peter,Idaho
1530,248,49,3,53.93,161.79,2025-02-13,Delivered,Lake David,New York
1531,904,102,1,16.02,16.02,2025-02-15,Delivered,Lake Joel,Minnesota
1532,439,106,2,1067.66,2135.32,2025-06-13,Returned,Haleview,Indiana
1533,634,136,3,52.07,156.21,2025-11-14,Shipped,Whitemouth,Vermont
1534,477,134,4,61.51,246.04,2025-12-09,Returned,Hortonmouth,Texas
1535,316,67,1,109.42,109.42,2024-09-03,Delivered,Masseyville,Maine
1536,523,15,1,213.82,213.82,2024-11-13,Delivered,West Davidshire,Ohio
1537,781,4,3,263.55,790.65,2024-01-29,Delivered,North Adam,Alabama
1538,632,144,8,48.66,389.28,2025-07-10,Delivered,Amandabury,Idaho
1539,424,120,6,47.8,286.8,2024-06-03,Delivered,Cantumouth,Wisconsin
1540,980,131,4,28.16,112.64,2024-01-27,Shipped,Lake Katherine,North Carolina
1541,333,21,1,21.74,21.74,2024-04-17,Delivered,West Steven,Colorado
1542,732,122,4,20.47,81.88,2025-07-27,Processing,Stephaniechester,Nevada
1543,916,142,3,469.45,1408.35,2025-12-17,Delivered,East Tarabury,Alabama
1544,116,183,12,5.03,60.36,2025-08-23,Shipped,Port Gwendolynshire,Delaware
1545,919,28,4,18.59,74.36,2024-04-22,Delivered,New Arielview,Massachusetts
1546,251,120,2,47.8,95.6,2025-01-18,Returned,Williamton,New Hampshire
1547,189,28,2,18.59,37.18,2025-02-20,Delivered,New Ryanfort,California
1548,179,157,2,21.39,42.78,2025-06-29,Delivered,Laurafort,South Dakota
1549,848,124,1,253.0,253.0,2024-06-27,Shipped,Port Maryside,Wyoming
1550,975,186,3,27.47,82.41,2024-03-20,Delivered,Michelemouth,New Mexico
1551,480,164,4,196.76,787.04,2024-04-26,Shipped,South Colleenchester,West Virginia
1552,359,135,4,17.94,71.76,2024-09-24,Delivered,Townsendtown,Oregon
1553,871,82,2,102.58,205.16,2025-10-14,Delivered,Kirkton,Nevada
1554,756,38,3,115.17,345.51,2024-07-23,Delivered,West Lori,Virginia
1555,459,122,2,20.47,0.0,2024-01-24,Cancelled,Ramosshire,Kentucky
1556,714,149,1,86.32,86.32,2024-12-14,Delivered,Lisashire,Illinois
1557,871,59,3,5.75,17.25,2024-05-25,Delivered,Kirkton,Nevada
1558,352,70,3,29.73,89.19,2024-07-29,Delivered,Maybury,Indiana
1559,723,7,5,37.5,187.5,2025-11-20,Shipped,Alexanderview,Texas
1560,574,13,4,67.98,271.92,2025-05-16,Delivered,North Craigtown,Montana
1561,771,190,2,655.22,1310.44,2024-10-27,Delivered,Lake Gregory,Texas
1562,707,102,1,16.02,16.02,2025-07-12,Delivered,Lake John,Texas
1563,992,114,3,22.89,68.67,2024-04-07,Delivered,New Jacqueline,Connecticut
1564,817,195,7,2.19,15.33,2025-04-17,Delivered,West Dianestad,Iowa
1565,337,12,4,182.65,730.6,2024-10-08,Delivered,Lake Victoriastad,New York
1566,798,98,1,171.77,171.77,2025-11-27,Processing,South Cory,Nebraska
1567,130,129,4,156.82,627.28,2025-06-19,Delivered,West Philip,Utah
1568,25,87,5,19.31,96.55,2024-01-21,Delivered,Port Tracy,Alaska
1569,768,48,3,82.31,246.93,2025-01-26,Delivered,West Joseph,Indiana
1570,17,75,1,408.35,0.0,2025-05-03,Cancelled,Keithburgh,West Virginia
1571,668,116,2,146.15,292.3,2024-01-22,Delivered,Lake Jim,California
1572,91,111,2,292.45,584.9,2024-11-26,Delivered,Lake Jennifer,Montana
1573,994,158,1,1511.23,1511.23,2025-07-28,Shipped,New Andrechester,California
1574,630,156,4,136.11,544.44,2024-12-07,Processing,West Robertview,Massachusetts
1575,665,49,2,53.93,107.86,2024-12-23,Delivered,Bryantbury,Massachusetts
1576,654,40,4,13.32,53.28,2025-12-27,Processing,New Breanna,Michigan
1577,192,92,2,31.83,63.66,2024-10-24,Delivered,Shepherdton,Kansas
1578,170,192,6,5.42,32.52,2024-05-25,Delivered,New Charles,Alabama
1579,285,172,1,107.92,107.92,2025-07-23,Processing,North Bobburgh,South Dakota
1580,844,122,3,20.47,61.41,2025-05-10,Shipped,Port Thomasfurt,New York
1581,568,49,1,53.93,53.93,2025-05-08,Delivered,Leebury,West Virginia
1582,253,145,1,238.69,238.69,2025-11-14,Delivered,New Melodyland,West Virginia
1583,656,154,3,341.24,1023.72,2024-10-16,Delivered,Lake Alan,Georgia
1584,478,43,1,377.86,377.86,2025-06-30,Delivered,West Chasestad,California
1585,162,34,1,264.74,264.74,2025-02-19,Delivered,Greenfurt,Ohio
1586,882,31,9,29.73,267.57,2025-04-16,Delivered,East Shannonton,Tennessee
1587,592,116,1,146.15,146.15,2024-11-28,Shipped,East Ian,Connecticut
1588,442,30,5,58.18,290.9,2024-01-11,Delivered,Keithside,New Hampshire
1589,894,144,5,48.66,243.3,2025-01-22,Shipped,Lake Johnny,Michigan
1590,333,102,1,16.02,16.02,2025-11-06,Delivered,West Steven,Colorado
1591,710,172,3,107.92,323.76,2024-05-27,Delivered,West Kelseytown,Nevada
1592,288,196,1,211.17,211.17,2024-11-17,Delivered,Geraldland,Connecticut
1593,679,54,3,66.84,200.52,2024-11-05,Shipped,Amystad,Nevada
1594,127,74,1,417.08,417.08,2024-07-12,Delivered,Morganmouth,Hawaii
1595,730,72,3,171.7,515.1,2024-06-22,Processing,Timfort,New York
1596,931,59,2,5.75,11.5,2025-03-08,Delivered,North Adammouth,New Hampshire
1597,394,180,5,32.39,161.95,2025-03-09,Delivered,Bradleyview,Rhode Island
1598,370,111,1,292.45,292.45,2025-01-10,Shipped,Jonesmouth,Washington
1599,564,182,4,19.79,79.16,2025-06-01,Processing,Stokeschester,Minnesota
1600,581,53,6,53.04,318.24,2025-05-14,Delivered,Port David,New Hampshire
1601,518,169,1,171.62,171.62,2025-06-12,Delivered,Lake David,New York
1602,177,110,3,149.46,448.38,2025-08-14,Shipped,North Hannahland,Virginia
1603,368,132,3,21.5,64.5,2024-06-05,Delivered,Andrewland,Mississippi
1604,833,52,2,95.66,191.32,2025-05-12,Delivered,Ryanbury,Hawaii
1605,255,156,2,136.11,272.22,2025-03-04,Delivered,Lake Jason,Florida
1606,732,112,1,72.13,72.13,2024-05-31,Delivered,Stephaniechester,Nevada
1607,576,125,4,192.15,768.6,2024-04-02,Delivered,East Michael,Louisiana
1608,252,145,2,238.69,477.38,2025-08-12,Shipped,Hubbardfort,Kansas
1609,890,59,1,5.75,5.75,2024-11-03,Delivered,Port Austinchester,Kansas
1610,690,156,4,136.11,544.44,2024-12-21,Delivered,Campbellchester,Wisconsin
1611,435,151,1,1843.3,1843.3,2024-03-30,Delivered,West Melissafurt,Connecticut
1612,603,70,1,29.73,0.0,2024-05-04,Cancelled,Lake Gilbert,Illinois
1613,172,51,4,20.77,83.08,2025-11-27,Delivered,Lindaton,New Hampshire
1614,429,4,3,263.55,790.65,2025-06-20,Delivered,Scottland,Maryland
1615,740,187,2,46.53,93.06,2025-11-06,Shipped,Port Patricia,North Carolina
1616,472,103,2,324.51,649.02,2024-07-13,Shipped,Lake Paulaland,Texas
1617,736,11,5,20.71,103.55,2024-11-30,Processing,Steventown,Florida
1618,712,72,4,171.7,686.8,2024-10-05,Delivered,Hickmanview,Nevada
1619,787,5,1,225.2,225.2,2025-03-01,Delivered,New Robertton,Maryland
1620,304,172,3,107.92,323.76,2025-04-16,Delivered,North Jennifer,South Dakota
1621,295,121,1,114.49,114.49,2024-12-12,Delivered,Angelahaven,Michigan
1622,692,25,2,71.4,142.8,2025-08-12,Delivered,Sparksview,New Jersey
1623,999,35,3,486.1,1458.3,2025-01-25,Delivered,Lake Zacharyborough,Arizona
1624,24,65,6,7.18,43.08,2024-06-04,Delivered,South Timothy,South Dakota
1625,454,189,2,1293.61,2587.22,2024-03-07,Shipped,Port Joshua,Indiana
1626,562,82,2,102.58,205.16,2024-12-19,Delivered,Brandyland,Pennsylvania
1627,252,172,3,107.92,323.76,2024-09-12,Delivered,Hubbardfort,Kansas
1628,132,168,3,214.69,644.07,2024-07-03,Returned,Lake Robertshire,Florida
1629,898,74,3,417.08,1251.24,2024-07-29,Shipped,South Nancy,Pennsylvania
1630,502,176,3,39.64,118.92,2024-12-30,Delivered,Lake Andrewland,Wyoming
1631,430,175,3,88.86,266.58,2024-08-20,Delivered,New Ralph,Wisconsin
1632,256,179,1,76.57,76.57,2025-02-10,Delivered,Erikview,Vermont
1633,375,12,4,182.65,730.6,2024-08-07,Delivered,Jessicaside,Montana
1634,731,193,5,99.73,498.65,2024-08-28,Shipped,North Sarahton,Alaska
1635,371,72,3,171.7,515.1,2025-08-28,Delivered,South Evelynburgh,Alaska
1636,28,58,1,133.46,0.0,2025-06-27,Cancelled,Lake Roberthaven,Delaware
1637,967,129,3,156.82,470.46,2025-07-26,Delivered,Lake Davidberg,Nevada
1638,138,149,1,86.32,86.32,2025-09-05,Delivered,Amandahaven,Nebraska
1639,65,115,3,115.19,345.57,2025-06-02,Delivered,West Jasonview,West Virginia
1640,615,50,3,107.82,323.46,2024-12-07,Delivered,Jefferyville,Wyoming
1641,710,144,2,48.66,97.32,2024-09-13,Delivered,West Kelseytown,Nevada
1642,821,155,2,61.98,123.96,2024-04-07,Delivered,New Carl,Alabama
1643,337,149,1,86.32,86.32,2025-09-28,Delivered,Lake Victoriastad,New York
1644,828,14,1,1392.16,1392.16,2025-08-30,Delivered,Aliciamouth,Wyoming
1645,960,24,2,51.42,102.84,2025-08-08,Delivered,New Melissa,Delaware
1646,833,148,1,293.38,293.38,2025-02-25,Returned,Ryanbury,Hawaii
1647,838,47,4,72.54,290.16,2024-10-11,Processing,East Kelly,Colorado
1648,804,90,1,780.14,780.14,2025-01-06,Delivered,Charlesville,Louisiana
1649,215,29,4,8.63,34.52,2025-10-13,Delivered,North Suzannefurt,Wisconsin
1650,781,146,4,6.95,27.8,2025-12-27,Delivered,North Adam,Alabama
1651,237,125,2,192.15,384.3,2025-05-29,Delivered,New Lauraton,Georgia
1652,391,155,4,61.98,247.92,2024-08-20,Delivered,Morenofurt,Minnesota
1653,693,162,2,99.85,199.7,2025-05-16,Delivered,East Ann,South Dakota
1654,194,154,3,341.24,1023.72,2025-11-27,Delivered,North Ryan,Minnesota
1655,236,95,3,90.16,270.48,2024-03-04,Shipped,Hannahtown,Florida
1656,883,117,3,23.92,71.76,2025-11-12,Shipped,West Erinville,Vermont
1657,243,39,2,256.4,512.8,2025-06-10,Delivered,East Dean,New York
1658,703,133,3,57.39,172.17,2025-10-17,Delivered,East Alex,Washington
1659,567,34,2,264.74,529.48,2025-01-10,Delivered,Reneebury,Montana
1660,932,170,3,60.94,182.82,2025-02-25,Delivered,Lake Cassandra,Indiana
1661,112,155,2,61.98,123.96,2025-10-08,Delivered,Matthewhaven,Hawaii
1662,992,114,5,22.89,0.0,2025-11-26,Cancelled,New Jacqueline,Connecticut
1663,506,109,3,321.21,963.63,2024-02-03,Shipped,Connorfurt,Georgia
1664,865,192,6,5.42,32.52,2024-06-30,Shipped,Leonchester,Oklahoma
1665,127,30,5,58.18,290.9,2024-07-12,Shipped,Morganmouth,Hawaii
1666,314,119,3,299.58,898.74,2024-05-15,Delivered,South Jamie,Wyoming
1667,407,179,4,76.57,306.28,2025-12-04,Shipped,South Lindsaymouth,Wisconsin
1668,336,129,4,156.82,627.28,2025-08-30,Delivered,Romeroport,Georgia
1669,983,103,3,324.51,973.53,2024-10-20,Delivered,Friedmanmouth,South Carolina
1670,477,30,4,58.18,232.72,2025-12-22,Processing,Hortonmouth,Texas
1671,949,151,2,1843.3,3686.6,2025-11-02,Delivered,Oneillbury,Wyoming
1672,544,127,3,117.98,0.0,2025-07-10,Cancelled,Cranehaven,Montana
1673,365,92,3,31.83,95.49,2025-05-19,Delivered,Matthewview,Tennessee
1674,35,1,2,50.57,101.14,2024-01-25,Processing,North Sara,South Carolina
1675,490,36,4,24.13,96.52,2025-02-20,Delivered,Port Robertland,Idaho
1676,865,112,1,72.13,72.13,2024-08-20,Delivered,Leonchester,Oklahoma
1677,968,191,2,92.98,185.96,2025-12-14,Delivered,North Spencer,North Carolina
1678,178,127,1,117.98,117.98,2025-06-01,Delivered,Michelleport,Kentucky
1679,423,198,3,28.18,84.54,2024-04-03,Delivered,South Glendafurt,Maryland
1680,429,193,3,99.73,299.19,2025-03-04,Shipped,Scottland,Maryland
1681,428,6,3,98.09,294.27,2025-05-06,Delivered,Harperfurt,Iowa
1682,354,26,7,32.0,224.0,2025-07-09,Delivered,Deanview,Alabama
1683,711,72,3,171.7,0.0,2025-10-07,Cancelled,North Henry,Kansas
1684,387,119,3,299.58,898.74,2025-06-01,Shipped,Curtiston,Rhode Island
1685,588,160,4,30.6,0.0,2024-12-26,Cancelled,Christinamouth,Missouri
1686,836,187,3,46.53,139.59,2025-11-28,Processing,South Sarah,North Dakota
1687,683,104,2,43.38,0.0,2025-06-18,Cancelled,New Jennifer,Wisconsin
1688,979,23,1,90.2,90.2,2024-09-09,Delivered,Reyesside,Rhode Island
1689,352,53,4,53.04,212.16,2024-07-26,Delivered,Maybury,Indiana
1690,309,25,3,71.4,0.0,2025-08-31,Cancelled,Burkemouth,Tennessee
1691,22,188,10,35.05,0.0,2024-02-28,Cancelled,Jacobsmouth,New Jersey
1692,302,22,2,192.65,385.3,2024-10-18,Shipped,East Marciaside,Texas
1693,632,182,2,19.79,39.58,2025-02-26,Shipped,Amandabury,Idaho
1694,191,136,1,52.07,52.07,2025-01-16,Delivered,New Brittneyhaven,Maryland
1695,408,176,3,39.64,118.92,2024-02-04,Shipped,Christopherchester,Connecticut
1696,423,95,3,90.16,270.48,2025-07-21,Shipped,South Glendafurt,Maryland
1697,829,32,2,112.27,224.54,2024-10-14,Delivered,East Julie,Texas
1698,548,187,1,46.53,46.53,2024-01-08,Delivered,East Jacqueline,New Hampshire
1699,607,159,2,144.57,289.14,2024-01-22,Delivered,Bellport,Kentucky
1700,538,47,2,72.54,0.0,2024-08-24,Cancelled,Port Tiffany,Ohio
1701,106,142,2,469.45,938.9,2024-01-20,Delivered,Lake Todd,Colorado
1702,622,155,4,61.98,0.0,2025-04-30,Cancelled,Barbarastad,Wisconsin
1703,902,101,2,23.21,46.42,2025-08-10,Delivered,West Kathrynport,Alaska
1704,827,130,1,825.68,825.68,2024-12-03,Delivered,Trevorborough,Idaho
1705,500,22,2,192.65,385.3,2025-01-03,Delivered,Batesmouth,Indiana
1706,258,34,1,264.74,264.74,2025-01-05,Delivered,Christianburgh,North Carolina
1707,741,143,3,50.45,151.35,2024-10-15,Delivered,New Ginafort,Montana
1708,313,59,4,5.75,23.0,2024-11-25,Delivered,Ianbury,Pennsylvania
1709,617,132,5,21.5,107.5,2025-04-17,Delivered,Larsonbury,Georgia
1710,721,153,3,82.41,247.23,2024-10-21,Shipped,Moraport,Utah
1711,174,147,3,202.08,606.24,2024-06-12,Delivered,Port Michaelville,Arkansas
1712,430,15,2,213.82,427.64,2024-03-09,Processing,New Ralph,Wisconsin
1713,169,188,5,35.05,175.25,2024-02-20,Delivered,Heatherville,Florida
1714,495,65,5,7.18,0.0,2024-07-16,Cancelled,West Kyle,Vermont
1715,610,15,2,213.82,427.64,2025-01-17,Delivered,South Davidborough,North Carolina
1716,961,188,3,35.05,105.15,2025-02-01,Delivered,Port Anthony,North Dakota
1717,193,119,3,299.58,0.0,2024-04-17,Cancelled,East Barbara,North Dakota
1718,170,179,1,76.57,76.57,2025-04-10,Processing,New Charles,Alabama
1719,315,80,3,206.74,620.22,2025-06-10,Delivered,East Mary,Virginia
1720,470,131,1,28.16,28.16,2024-01-22,Delivered,Port Spencer,New York
1721,557,42,3,289.31,867.93,2025-01-23,Delivered,Robinsonfort,Alabama
1722,945,127,3,117.98,353.94,2024-07-28,Returned,New Christopher,Indiana
1723,130,84,2,121.98,0.0,2025-03-08,Cancelled,West Philip,Utah
1724,232,105,1,31.98,31.98,2024-05-26,Delivered,Ericshire,West Virginia
1725,740,69,1,96.69,96.69,2025-04-25,Delivered,Port Patricia,North Carolina
1726,903,38,4,115.17,460.68,2024-06-06,Delivered,North Raymondton,Wyoming
1727,259,83,3,129.45,388.35,2024-10-25,Shipped,North Danielmouth,Louisiana
1728,871,65,6,7.18,43.08,2025-08-10,Delivered,Kirkton,Nevada
1729,627,142,3,469.45,1408.35,2024-05-03,Delivered,West Ellen,Alaska
1730,307,80,3,206.74,620.22,2024-07-04,Delivered,West Danielton,Vermont
1731,375,100,1,272.84,272.84,2024-07-19,Delivered,Jessicaside,Montana
1732,937,45,1,25.64,25.64,2024-09-12,Delivered,Petersonfort,Louisiana
1733,469,109,1,321.21,321.21,2024-12-22,Delivered,West Beth,New Jersey
1734,908,19,1,205.94,205.94,2024-10-06,Returned,East Christopher,Colorado
1735,727,192,7,5.42,37.94,2024-01-21,Delivered,Williamstown,Florida
1736,36,47,4,72.54,290.16,2025-03-28,Delivered,South Michaelville,Colorado
1737,320,157,4,21.39,85.56,2025-02-13,Returned,New Daniel,Minnesota
1738,528,182,6,19.79,118.74,2024-10-23,Processing,South Christopher,Pennsylvania
1739,205,100,1,272.84,272.84,2025-06-15,Delivered,Kristenfurt,Florida
1740,931,57,2,1165.65,2331.3,2025-07-14,Delivered,North Adammouth,New Hampshire
1741,419,171,4,41.02,164.08,2024-09-15,Delivered,West Sarah,New Hampshire
1742,305,1,5,50.57,252.85,2024-05-24,Delivered,Marychester,Georgia
1743,285,154,1,341.24,341.24,2025-06-09,Delivered,North Bobburgh,South Dakota
1744,861,49,1,53.93,53.93,2025-05-12,Delivered,West Aaronshire,Hawaii
1745,516,97,5,28.08,140.4,2025-04-20,Delivered,Stewartside,Wisconsin
1746,496,79,5,35.4,177.0,2024-03-29,Processing,Codyville,Colorado
1747,304,185,1,1128.38,1128.38,2024-02-05,Delivered,North Jennifer,South Dakota
1748,523,149,4,86.32,345.28,2025-09-15,Delivered,West Davidshire,Ohio
1749,593,172,3,107.92,323.76,2025-12-19,Delivered,Lake Michael,Nebraska
1750,806,100,3,272.84,818.52,2024-11-05,Returned,Billyton,South Carolina
1751,872,38,3,115.17,345.51,2025-03-26,Delivered,Romantown,Minnesota
1752,234,110,4,149.46,597.84,2025-06-12,Shipped,Clarkhaven,Massachusetts
1753,160,134,1,61.51,61.51,2025-04-11,Delivered,Lake Luis,Texas
1754,205,116,1,146.15,146.15,2024-03-07,Shipped,Kristenfurt,Florida
1755,68,70,3,29.73,89.19,2025-02-26,Processing,Brownville,Virginia
1756,89,195,7,2.19,15.33,2024-03-30,Delivered,Port Timothyburgh,Alaska
1757,580,58,4,133.46,533.84,2024-08-24,Delivered,Brownchester,Texas
1758,784,158,1,1511.23,1511.23,2025-11-02,Delivered,East Laurenburgh,Arkansas
1759,185,168,2,214.69,429.38,2025-06-03,Delivered,Lake Amyport,New Mexico
1760,734,141,2,371.58,743.16,2024-05-04,Delivered,Port Audreyport,Nebraska
1761,303,192,3,5.42,16.26,2024-09-23,Delivered,Raymondberg,West Virginia
1762,122,194,2,384.6,769.2,2024-08-19,Delivered,Port Robert,Rhode Island
1763,901,21,2,21.74,43.48,2025-06-02,Delivered,West Lori,New Mexico
1764,484,147,1,202.08,202.08,2025-04-03,Returned,Loganport,Wyoming
1765,611,72,4,171.7,686.8,2024-08-29,Delivered,New Johnfurt,Ohio
1766,282,174,11,39.88,438.68,2024-05-08,Shipped,Vincenttown,Michigan
1767,713,100,2,272.84,545.68,2024-02-14,Delivered,West Harold,Alaska
1768,838,31,12,29.73,356.76,2024-01-16,Delivered,East Kelly,Colorado
1769,551,190,1,655.22,655.22,2025-01-13,Delivered,Joseview,Arkansas
1770,104,53,5,53.04,265.2,2025-03-11,Delivered,South Henry,West Virginia
1771,984,53,2,53.04,106.08,2025-04-22,Shipped,Nathanside,Maryland
1772,635,110,2,149.46,298.92,2025-06-11,Delivered,Port Emilyton,Missouri
1773,414,133,1,57.39,57.39,2025-11-22,Shipped,Jameshaven,Louisiana
1774,782,147,1,202.08,202.08,2024-12-25,Delivered,Michaelmouth,Massachusetts
1775,410,15,3,213.82,641.46,2025-06-07,Delivered,Nataliebury,Minnesota
1776,509,81,1,221.79,221.79,2024-05-18,Delivered,East Ryanchester,Georgia
1777,414,104,3,43.38,130.14,2025-01-05,Delivered,Jameshaven,Louisiana
1778,860,46,1,39.3,39.3,2024-04-22,Processing,Hessfurt,Colorado
1779,483,89,1,101.92,101.92,2024-07-19,Delivered,Monicaburgh,Minnesota
1780,837,170,3,60.94,182.82,2024-10-31,Returned,South Rodney,Florida
1781,807,2,5,97.3,486.5,2024-01-23,Delivered,New Elizabethbury,West Virginia
1782,648,62,2,331.56,663.12,2024-04-19,Delivered,Port Andrew,Indiana
1783,60,51,4,20.77,83.08,2025-01-18,Delivered,Lisatown,Missouri
1784,776,28,4,18.59,74.36,2024-06-11,Shipped,West Gerald,Colorado
1785,403,28,1,18.59,18.59,2024-10-30,Processing,Abigailfurt,Arkansas
1786,237,64,2,701.02,1402.04,2025-02-05,Shipped,New Lauraton,Georgia
1787,677,69,1,96.69,96.69,2025-09-10,Delivered,Matthewmouth,Nebraska
1788,941,143,3,50.45,151.35,2024-08-10,Shipped,Audreyburgh,Massachusetts
1789,852,124,1,253.0,253.0,2025-05-06,Delivered,Pearsonmouth,Idaho
1790,202,150,1,415.89,415.89,2024-03-29,Delivered,Lyonsbury,Alaska
1791,873,10,1,6.76,6.76,2025-08-14,Delivered,Port Kennethville,Vermont
1792,359,138,1,20.13,20.13,2024-08-11,Delivered,Townsendtown,Oregon
1793,326,48,2,82.31,164.62,2025-04-20,Returned,Port Angela,Virginia
1794,165,45,2,25.64,51.28,2025-03-14,Delivered,West Paulburgh,Nevada
1795,683,74,3,417.08,1251.24,2024-04-07,Delivered,New Jennifer,Wisconsin
1796,903,155,3,61.98,185.94,2024-06-25,Delivered,North Raymondton,Wyoming
1797,292,39,2,256.4,512.8,2025-07-18,Delivered,East Amanda,Rhode Island
1798,610,19,2,205.94,0.0,2024-10-22,Cancelled,South Davidborough,North Carolina
1799,211,63,2,155.85,311.7,2024-03-19,Returned,Wardmouth,Georgia
1800,584,8,3,126.03,378.09,2024-12-25,Delivered,Sanchezberg,New Hampshire
1801,720,13,4,67.98,271.92,2025-08-23,Delivered,Crawfordland,Indiana
1802,36,173,4,31.1,124.4,2025-01-04,Delivered,South Michaelville,Colorado
1803,445,116,2,146.15,292.3,2024-06-03,Delivered,Santiagoton,Oregon
1804,186,173,3,31.1,93.3,2024-02-07,Delivered,Wintersfort,Texas
1805,934,64,2,701.02,0.0,2025-12-10,Cancelled,Ballport,Nevada
1806,662,99,4,23.4,93.6,2024-11-12,Delivered,East Casey,Alaska
1807,662,74,2,417.08,834.16,2024-05-23,Delivered,East Casey,Alaska
1808,660,173,4,31.1,124.4,2025-06-14,Shipped,East Courtneyberg,Utah
1809,787,8,2,126.03,252.06,2025-08-21,Delivered,New Robertton,Maryland
1810,236,95,1,90.16,90.16,2025-09-07,Delivered,Hannahtown,Florida
1811,961,101,3,23.21,69.63,2025-07-01,Delivered,Port Anthony,North Dakota
1812,102,138,1,20.13,20.13,2024-12-16,Delivered,Keithport,Oregon
1813,86,157,1,21.39,21.39,2024-09-08,Delivered,New Juan,Kentucky
1814,631,137,3,109.87,329.61,2024-06-05,Delivered,East Deborahview,West Virginia
1815,793,131,4,28.16,112.64,2024-06-17,Delivered,Clarencefurt,Maryland
1816,469,96,3,51.29,153.87,2025-08-22,Delivered,West Beth,New Jersey
1817,858,37,4,27.38,109.52,2024-08-13,Delivered,North Maria,Arkansas
1818,525,131,3,28.16,84.48,2024-05-01,Delivered,Jacksonmouth,Ohio
1819,238,125,4,192.15,768.6,2024-10-02,Processing,Russellton,Minnesota
1820,780,3,2,7.36,14.72,2025-07-21,Delivered,Jessicaberg,Utah
1821,54,136,2,52.07,104.14,2025-09-15,Delivered,Lake Robert,Arkansas
1822,377,156,2,136.11,272.22,2025-12-22,Delivered,Port Richard,Wyoming
1823,363,71,2,117.87,235.74,2025-10-26,Delivered,Michaeltown,Rhode Island
1824,53,166,12,12.95,155.4,2024-06-12,Delivered,New Williamborough,Delaware
1825,76,154,2,341.24,0.0,2025-09-13,Cancelled,Port Rebeccaland,New Hampshire
1826,505,150,2,415.89,831.78,2024-08-07,Delivered,South Ericfurt,Washington
1827,263,149,3,86.32,258.96,2024-08-22,Delivered,Michaelbury,Maryland
1828,66,23,5,90.2,451.0,2025-06-02,Delivered,Joshuaborough,Virginia
1829,552,142,2,469.45,938.9,2025-02-27,Delivered,East Amandachester,Utah
1830,888,14,1,1392.16,1392.16,2025-02-18,Delivered,Williamville,Wisconsin
1831,880,125,3,192.15,576.45,2025-12-11,Delivered,Port Joshuafurt,Hawaii
1832,518,69,5,96.69,0.0,2024-08-03,Cancelled,Lake David,New York
1833,689,129,4,156.82,627.28,2024-08-11,Delivered,Sarahland,Utah
1834,955,76,1,1853.62,1853.62,2024-03-20,Shipped,Brockbury,Georgia
1835,542,192,10,5.42,54.2,2024-06-12,Delivered,Yangview,Washington
1836,764,87,3,19.31,57.93,2025-06-28,Delivered,Christopherberg,Kansas
1837,47,85,2,669.8,1339.6,2025-10-06,Delivered,West Matthewburgh,South Dakota
1838,415,2,2,97.3,194.6,2025-11-26,Delivered,Kevinberg,Connecticut
1839,471,21,4,21.74,86.96,2024-12-27,Delivered,Suzannemouth,Massachusetts
1840,147,5,1,225.2,0.0,2025-07-11,Cancelled,New Brittanymouth,Michigan
1841,68,152,1,69.34,69.34,2024-08-02,Delivered,Brownville,Virginia
1842,120,65,1,7.18,7.18,2025-12-30,Delivered,Lewisberg,Arizona
1843,460,112,4,72.13,288.52,2025-11-29,Shipped,Smithside,Michigan
1844,43,73,1,82.71,82.71,2025-06-21,Delivered,Phillipsstad,Oregon
1845,435,5,3,225.2,675.6,2025-01-15,Delivered,West Melissafurt,Connecticut
1846,757,108,2,92.71,185.42,2024-03-22,Delivered,North Andrea,Alabama
1847,422,45,2,25.64,51.28,2025-09-09,Shipped,Williambury,Wyoming
1848,360,146,4,6.95,27.8,2024-09-05,Shipped,Alvarezfurt,Kentucky
1849,37,87,2,19.31,38.62,2024-06-26,Delivered,Lake Justinview,Alabama
1850,373,181,2,187.56,375.12,2025-08-20,Delivered,Rayside,Kentucky
1851,813,69,4,96.69,386.76,2025-01-12,Processing,West Michaelville,Virginia
1852,486,161,3,295.59,886.77,2025-09-01,Delivered,Port Jason,Washington
1853,66,82,2,102.58,205.16,2024-05-31,Delivered,Joshuaborough,Virginia
1854,417,115,1,115.19,115.19,2025-06-10,Shipped,Nicholasside,Alaska
1855,731,106,1,1067.66,1067.66,2025-07-09,Delivered,North Sarahton,Alaska
1856,821,49,3,53.93,161.79,2025-06-26,Shipped,New Carl,Alabama
1857,76,169,3,171.62,514.86,2025-10-20,Processing,Port Rebeccaland,New Hampshire
1858,874,1,4,50.57,202.28,2024-07-30,Delivered,Dustinport,Mississippi
1859,597,15,3,213.82,641.46,2024-04-24,Processing,South Robert,Colorado
1860,222,137,3,109.87,329.61,2025-05-25,Shipped,Marktown,Connecticut
1861,596,79,5,35.4,177.0,2025-08-18,Delivered,Port Melissamouth,Massachusetts
1862,44,78,2,27.87,55.74,2024-03-17,Delivered,Robertville,Indiana
1863,866,49,2,53.93,107.86,2024-04-25,Delivered,Jameston,California
1864,255,2,2,97.3,194.6,2024-10-20,Processing,Lake Jason,Florida
1865,100,162,5,99.85,499.25,2024-01-23,Delivered,New Steven,Alaska
1866,391,67,3,109.42,328.26,2025-06-14,Delivered,Morenofurt,Minnesota
1867,797,100,3,272.84,818.52,2025-06-26,Delivered,Lake Margaretchester,Alaska
1868,568,181,3,187.56,562.68,2024-08-11,Delivered,Leebury,West Virginia
1869,106,47,4,72.54,290.16,2024-12-08,Delivered,Lake Todd,Colorado
1870,456,60,3,242.61,727.83,2024-12-09,Delivered,Reidhaven,Florida
1871,835,145,1,238.69,238.69,2024-06-14,Delivered,New Katrina,Arizona
1872,915,89,2,101.92,0.0,2025-08-22,Cancelled,Calhounchester,Delaware
1873,901,20,1,57.57,57.57,2024-12-01,Delivered,West Lori,New Mexico
1874,15,82,2,102.58,205.16,2025-10-10,Delivered,North Justin,Oregon
1875,833,58,4,133.46,533.84,2024-03-11,Delivered,Ryanbury,Hawaii
1876,463,196,2,211.17,422.34,2024-02-10,Delivered,New Cheryl,New Hampshire
1877,122,126,2,24.66,49.32,2024-09-11,Delivered,Port Robert,Rhode Island
1878,577,184,3,151.44,454.32,2025-10-03,Delivered,North Angelaland,California
1879,696,164,2,196.76,393.52,2024-07-17,Delivered,West Brianshire,Idaho
1880,437,128,2,89.87,179.74,2025-08-12,Processing,Jesustown,West Virginia
1881,934,159,3,144.57,433.71,2025-02-19,Delivered,Ballport,Nevada
1882,549,179,2,76.57,153.14,2024-11-27,Delivered,North Rachelberg,South Carolina
1883,153,49,3,53.93,161.79,2024-11-02,Delivered,Russellton,Massachusetts
1884,355,81,3,221.79,0.0,2025-03-28,Cancelled,South Yvette,Indiana
1885,870,178,3,96.1,288.3,2024-07-08,Shipped,Parkerhaven,Indiana
1886,944,60,1,242.61,242.61,2024-05-21,Delivered,Martinezport,Mississippi
1887,965,18,2,12.0,24.0,2025-12-08,Delivered,East Mary,Mississippi
1888,58,147,2,202.08,404.16,2024-09-28,Delivered,Christopherbury,Wisconsin
1889,146,48,2,82.31,164.62,2024-05-10,Delivered,New Mitchell,Rhode Island
1890,673,96,3,51.29,153.87,2025-10-06,Delivered,West Jennifermouth,California
1891,73,63,2,155.85,311.7,2024-11-15,Delivered,Gallagherton,Arkansas
1892,948,22,1,192.65,192.65,2025-10-30,Delivered,Port Holly,Mississippi
1893,118,112,5,72.13,360.65,2025-04-20,Delivered,South Cassidy,Louisiana
1894,199,82,3,102.58,307.74,2024-04-25,Delivered,Schmidtberg,Wisconsin
1895,429,199,3,91.79,275.37,2025-09-22,Delivered,Scottland,Maryland
1896,43,117,1,23.92,23.92,2024-01-01,Delivered,Phillipsstad,Oregon
1897,232,72,4,171.7,686.8,2024-03-14,Delivered,Ericshire,West Virginia
1898,645,9,1,94.81,94.81,2025-07-10,Returned,New Lisa,Missouri
1899,144,99,6,23.4,140.4,2024-05-14,Delivered,Tonytown,Maryland
1900,489,109,1,321.21,321.21,2025-11-01,Shipped,South Katherineport,Mississippi
1901,242,71,2,117.87,235.74,2024-04-15,Delivered,Port Melissa,Florida
1902,353,102,1,16.02,16.02,2024-11-24,Delivered,South Virginia,Rhode Island
1903,714,133,4,57.39,229.56,2025-10-19,Processing,Lisashire,Illinois
1904,615,187,3,46.53,139.59,2025-02-21,Delivered,Jefferyville,Wyoming
1905,298,178,2,96.1,192.2,2024-06-21,Delivered,Garciatown,Texas
1906,611,185,2,1128.38,2256.76,2025-06-08,Delivered,New Johnfurt,Ohio
1907,816,120,5,47.8,239.0,2024-02-23,Delivered,Kingstad,Arkansas
1908,228,99,8,23.4,187.2,2024-01-19,Delivered,Amberbury,Arizona
1909,827,72,4,171.7,686.8,2025-06-04,Delivered,Trevorborough,Idaho
1910,102,168,2,214.69,429.38,2025-12-15,Delivered,Keithport,Oregon
1911,152,60,2,242.61,485.22,2024-02-23,Delivered,New Andrea,Delaware
1912,627,120,10,47.8,478.0,2025-12-24,Delivered,West Ellen,Alaska
1913,482,20,3,57.57,172.71,2024-12-24,Delivered,West Scott,Georgia
1914,653,110,1,149.46,0.0,2024-12-29,Cancelled,East Williamborough,Kentucky
1915,688,189,1,1293.61,1293.61,2024-07-25,Delivered,Rossland,Tennessee
1916,563,83,3,129.45,388.35,2025-05-31,Delivered,West Jennifer,Florida
1917,405,171,1,41.02,41.02,2025-03-01,Delivered,Lake Amandashire,Utah
1918,646,193,5,99.73,498.65,2024-03-29,Returned,Lake Williambury,Missouri
1919,226,159,3,144.57,433.71,2024-01-12,Delivered,Michellemouth,Virginia
1920,819,106,2,1067.66,2135.32,2024-02-13,Processing,New Tiffany,Virginia
1921,428,159,4,144.57,578.28,2024-02-03,Delivered,Harperfurt,Iowa
1922,927,120,7,47.8,334.6,2024-06-26,Delivered,Mirandachester,Nebraska
1923,792,127,2,117.98,235.96,2025-03-13,Delivered,Lake Tyler,Colorado
1924,605,118,1,280.69,280.69,2025-06-17,Shipped,New Kenneth,Connecticut
1925,201,170,2,60.94,121.88,2024-07-24,Delivered,Port Kimberlyton,Minnesota
1926,48,25,2,71.4,142.8,2024-09-13,Delivered,North Michelle,Alaska
1927,7,106,2,1067.66,2135.32,2024-04-28,Delivered,Kylefort,Washington
1928,388,60,3,242.61,727.83,2025-09-23,Delivered,Mossstad,Texas
1929,447,69,2,96.69,193.38,2024-03-02,Delivered,South Joshuashire,Missouri
1930,250,20,1,57.57,57.57,2024-04-30,Delivered,Lake Ethanfort,Washington
1931,518,169,4,171.62,0.0,2025-05-07,Cancelled,Lake David,New York
1932,188,71,2,117.87,235.74,2025-11-11,Delivered,Michaelport,New Mexico
1933,229,169,1,171.62,171.62,2025-07-03,Delivered,Taylorfort,Oregon
1934,552,28,4,18.59,74.36,2025-08-06,Delivered,East Amandachester,Utah
1935,978,152,3,69.34,208.02,2025-01-05,Delivered,South Jennifer,Hawaii
1936,352,186,3,27.47,82.41,2024-05-17,Delivered,Maybury,Indiana
1937,94,65,2,7.18,14.36,2024-09-20,Processing,West Cindybury,New York
1938,912,54,4,66.84,267.36,2025-01-13,Shipped,Jordanstad,South Dakota
1939,455,183,6,5.03,30.18,2024-03-02,Shipped,Meganfort,Kentucky
1940,265,29,3,8.63,25.89,2024-05-23,Delivered,Owenschester,Rhode Island
1941,562,160,2,30.6,61.2,2024-03-03,Delivered,Brandyland,Pennsylvania
1942,117,166,2,12.95,0.0,2025-08-23,Cancelled,South Virginiaport,Nebraska
1943,448,106,2,1067.66,2135.32,2025-12-28,Delivered,Jamesborough,Idaho
1944,848,24,5,51.42,257.1,2024-02-12,Delivered,Port Maryside,Wyoming
1945,847,156,1,136.11,136.11,2024-12-22,Processing,Matthewfurt,New Jersey
1946,302,24,1,51.42,51.42,2025-07-03,Delivered,East Marciaside,Texas
1947,964,195,11,2.19,24.09,2024-05-23,Delivered,Lake Jesse,New Jersey
1948,518,124,2,253.0,506.0,2025-02-11,Returned,Lake David,New York
1949,720,82,1,102.58,102.58,2025-07-27,Delivered,Crawfordland,Indiana
1950,491,26,7,32.0,0.0,2024-07-20,Cancelled,Markport,Wyoming
1951,906,25,5,71.4,357.0,2024-07-25,Delivered,Woodston,Utah
1952,307,111,3,292.45,877.35,2025-03-27,Delivered,West Danielton,Vermont
1953,166,130,1,825.68,825.68,2025-10-13,Delivered,New Jacobland,Mississippi
1954,501,170,5,60.94,0.0,2024-11-14,Cancelled,North Gabrielabury,Minnesota
1955,304,10,5,6.76,33.8,2024-10-19,Delivered,North Jennifer,South Dakota
1956,489,28,4,18.59,74.36,2025-09-19,Delivered,South Katherineport,Mississippi
1957,468,142,1,469.45,469.45,2025-01-19,Delivered,West Juliachester,Idaho
1958,68,41,1,1133.32,1133.32,2025-04-27,Delivered,Brownville,Virginia
1959,526,196,2,211.17,0.0,2024-05-11,Cancelled,New Lori,New York
1960,130,148,1,293.38,293.38,2025-03-08,Returned,West Philip,Utah
1961,539,34,3,264.74,794.22,2025-01-18,Delivered,Port Bradley,Ohio
1962,856,102,3,16.02,48.06,2024-06-30,Delivered,West Joel,Kansas
1963,259,153,5,82.41,412.05,2025-11-18,Delivered,North Danielmouth,Louisiana
1964,264,156,2,136.11,272.22,2024-01-17,Delivered,North Georgetown,Washington
1965,824,170,1,60.94,60.94,2024-06-11,Delivered,New Normaton,Georgia
1966,482,152,5,69.34,346.7,2025-10-02,Delivered,West Scott,Georgia
1967,505,120,5,47.8,239.0,2025-05-10,Returned,South Ericfurt,Washington
1968,296,84,1,121.98,121.98,2024-04-23,Delivered,Henryborough,Kansas
1969,834,163,1,91.43,91.43,2025-03-30,Delivered,Port Rickytown,Connecticut
1970,404,34,3,264.74,794.22,2024-10-03,Delivered,Bakerland,Rhode Island
1971,79,60,1,242.61,242.61,2025-12-16,Delivered,Whitestad,Oregon
1972,13,47,2,72.54,145.08,2025-03-12,Delivered,Grayberg,California
1973,553,12,3,182.65,547.95,2024-09-10,Delivered,Jacobsmouth,New Jersey
1974,911,164,2,196.76,393.52,2024-10-29,Delivered,Audreyville,Georgia
1975,76,157,1,21.39,21.39,2025-08-14,Processing,Port Rebeccaland,New Hampshire
1976,586,35,1,486.1,486.1,2024-02-29,Delivered,Tiffanyberg,South Carolina
1977,334,125,3,192.15,576.45,2024-02-17,Delivered,Leeside,New Hampshire
1978,390,77,4,40.52,162.08,2025-10-21,Shipped,Port Ronald,California
1979,315,28,1,18.59,18.59,2024-06-10,Delivered,East Mary,Virginia
1980,122,44,2,180.6,361.2,2025-07-24,Delivered,Port Robert,Rhode Island
1981,752,82,3,102.58,307.74,2024-11-25,Delivered,New Emilytown,Georgia
1982,415,161,2,295.59,591.18,2025-04-14,Delivered,Kevinberg,Connecticut
1983,408,131,6,28.16,168.96,2025-02-16,Delivered,Christopherchester,Connecticut
1984,891,157,1,21.39,21.39,2025-03-18,Shipped,Allenburgh,Iowa
1985,731,90,1,780.14,780.14,2025-06-09,Delivered,North Sarahton,Alaska
1986,667,60,1,242.61,242.61,2025-04-19,Delivered,Fernandochester,Delaware
1987,315,43,2,377.86,755.72,2025-04-10,Delivered,East Mary,Virginia
1988,721,187,2,46.53,93.06,2024-10-23,Delivered,Moraport,Utah
1989,686,186,6,27.47,164.82,2024-09-14,Returned,Shermanville,New York
1990,804,128,3,89.87,269.61,2025-08-24,Delivered,Charlesville,Louisiana
1991,179,114,2,22.89,45.78,2025-08-17,Delivered,Laurafort,South Dakota
1992,841,126,2,24.66,49.32,2024-02-27,Delivered,Steveton,Ohio
1993,651,33,3,32.17,96.51,2025-08-21,Delivered,East Alexandra,Idaho
1994,267,55,1,136.93,136.93,2025-04-08,Shipped,South Cynthia,Illinois
1995,957,109,3,321.21,963.63,2024-07-23,Processing,Richardmouth,North Carolina
1996,608,146,2,6.95,13.9,2024-06-08,Delivered,Lake Amandaport,Florida
1997,622,52,3,95.66,286.98,2025-02-08,Delivered,Barbarastad,Wisconsin
1998,997,178,1,96.1,96.1,2024-02-15,Shipped,Myersstad,Tennessee
1999,763,76,2,1853.62,3707.24,2024-07-22,Shipped,Parrishmouth,Nebraska
2000,814,98,2,171.77,343.54,2025-12-31,Delivered,East Troyfurt,Washington
2001,325,15,2,213.82,427.64,2024-12-21,Delivered,Newtonshire,Wisconsin
2002,371,150,3,415.89,1247.67,2024-02-09,Delivered,South Evelynburgh,Alaska
2003,194,10,4,6.76,27.04,2025-12-20,Shipped,North Ryan,Minnesota
2004,224,66,1,100.8,100.8,2024-07-31,Delivered,Port Alyssa,Georgia
2005,745,112,5,72.13,360.65,2025-03-09,Delivered,Lake James,Arizona
2006,856,151,2,1843.3,3686.6,2025-08-09,Delivered,West Joel,Kansas
2007,882,75,3,408.35,1225.05,2025-12-11,Delivered,East Shannonton,Tennessee
2008,39,185,2,1128.38,2256.76,2025-11-20,Delivered,Lake Davidborough,Maine
2009,29,151,1,1843.3,1843.3,2024-11-23,Delivered,Joyceview,Minnesota
2010,102,182,1,19.79,19.79,2024-04-30,Delivered,Keithport,Oregon
2011,262,192,6,5.42,32.52,2024-12-22,Processing,Vanceborough,Pennsylvania
2012,483,137,1,109.87,109.87,2025-02-05,Delivered,Monicaburgh,Minnesota
2013,147,54,5,66.84,334.2,2024-03-03,Delivered,New Brittanymouth,Michigan
2014,57,140,4,93.97,375.88,2024-06-15,Shipped,Amyland,Kentucky
2015,984,117,5,23.92,119.6,2024-08-06,Shipped,Nathanside,Maryland
2016,270,46,3,39.3,117.9,2024-02-20,Returned,Tiffanyside,New Mexico
2017,248,132,2,21.5,43.0,2025-03-09,Delivered,Lake David,New York
2018,677,186,3,27.47,82.41,2024-10-18,Delivered,Matthewmouth,Nebraska
2019,63,19,2,205.94,411.88,2025-04-18,Delivered,Jaredborough,Washington
2020,624,178,1,96.1,96.1,2025-05-15,Returned,East Mary,Nebraska
2021,391,98,3,171.77,515.31,2025-05-25,Delivered,Morenofurt,Minnesota
2022,620,108,3,92.71,278.13,2025-07-07,Delivered,Port Angelaburgh,Iowa
2023,533,101,3,23.21,69.63,2025-04-04,Delivered,West Nicholaston,Alaska
2024,202,70,5,29.73,148.65,2025-07-05,Shipped,Lyonsbury,Alaska
2025,149,96,1,51.29,51.29,2025-06-12,Delivered,Lake Kellyberg,Indiana
2026,400,155,1,61.98,61.98,2025-12-02,Delivered,Jerryberg,Rhode Island
2027,552,140,3,93.97,281.91,2025-10-09,Delivered,East Amandachester,Utah
2028,476,5,3,225.2,675.6,2024-02-06,Processing,Josephmouth,Maine
2029,6,143,2,50.45,100.9,2024-01-01,Delivered,Lake Stephen,Nevada
2030,97,77,6,40.52,243.12,2024-12-26,Delivered,Campbellhaven,South Carolina
2031,145,81,1,221.79,221.79,2025-07-24,Delivered,West William,Michigan
2032,78,123,3,120.25,360.75,2024-08-19,Delivered,Adamsmouth,Arkansas
2033,190,61,3,83.9,251.7,2025-08-02,Delivered,Lake Dillon,North Dakota
2034,418,112,2,72.13,144.26,2024-05-05,Delivered,North Melodyville,Iowa
2035,373,157,1,21.39,21.39,2025-05-20,Delivered,Rayside,Kentucky
2036,188,40,5,13.32,66.6,2024-06-15,Processing,Michaelport,New Mexico
2037,200,137,3,109.87,329.61,2024-11-13,Delivered,North Judithland,Montana
2038,578,62,3,331.56,994.68,2024-05-31,Delivered,Wuview,Louisiana
2039,589,159,1,144.57,144.57,2025-01-04,Shipped,Sharonhaven,Ohio
2040,456,178,3,96.1,288.3,2024-07-07,Shipped,Reidhaven,Florida
2041,511,129,3,156.82,470.46,2024-10-19,Delivered,Jasonshire,Rhode Island
2042,857,15,2,213.82,427.64,2025-08-07,Shipped,Boydside,Nebraska
2043,350,55,3,136.93,410.79,2025-03-13,Delivered,Housechester,Massachusetts
2044,374,183,9,5.03,45.27,2024-09-22,Delivered,West Summer,Arizona
2045,517,101,1,23.21,23.21,2024-02-27,Delivered,New Johnview,Connecticut
2046,570,70,4,29.73,118.92,2025-12-08,Delivered,Jacobton,South Carolina
2047,405,181,3,187.56,562.68,2025-11-07,Delivered,Lake Amandashire,Utah
2048,733,137,1,109.87,109.87,2024-06-03,Shipped,Port Richardton,Maryland
2049,925,59,1,5.75,5.75,2024-04-05,Delivered,Christopherside,Florida
2050,271,60,2,242.61,485.22,2024-10-25,Delivered,New Dylanberg,New York
2051,140,49,2,53.93,107.86,2025-06-22,Shipped,Prattville,Alaska
2052,929,19,1,205.94,205.94,2024-09-21,Delivered,Sawyerview,West Virginia
2053,883,93,1,1518.29,1518.29,2024-05-22,Delivered,West Erinville,Vermont
2054,143,109,3,321.21,963.63,2025-11-05,Delivered,Jeremiahfurt,Kansas
2055,164,78,3,27.87,83.61,2025-06-07,Delivered,East Grant,Washington
2056,807,108,2,92.71,185.42,2025-07-26,Delivered,New Elizabethbury,West Virginia
2057,399,159,2,144.57,289.14,2025-03-01,Delivered,South Donnafurt,New Jersey
2058,214,19,2,205.94,411.88,2025-01-06,Delivered,North Anthonybury,Illinois
2059,332,101,1,23.21,23.21,2025-05-27,Returned,New Dominique,Oregon
2060,747,107,4,56.79,227.16,2025-01-03,Delivered,Bassville,Texas
2061,147,53,4,53.04,212.16,2024-11-17,Delivered,New Brittanymouth,Michigan
2062,455,164,3,196.76,590.28,2025-11-29,Shipped,Meganfort,Kentucky
2063,752,127,3,117.98,353.94,2024-01-08,Shipped,New Emilytown,Georgia
2064,868,37,3,27.38,82.14,2025-03-30,Delivered,Angelaton,Arizona
2065,421,182,1,19.79,0.0,2024-12-04,Cancelled,Jonesberg,Kansas
2066,794,84,3,121.98,365.94,2025-04-30,Delivered,Harperport,Iowa
2067,967,43,1,377.86,377.86,2024-10-20,Delivered,Lake Davidberg,Nevada
2068,851,196,3,211.17,633.51,2024-04-24,Delivered,Marcusstad,Wisconsin
2069,239,39,2,256.4,512.8,2025-07-15,Processing,East Patriciaborough,Delaware
2070,660,181,3,187.56,562.68,2024-07-27,Delivered,East Courtneyberg,Utah
2071,211,47,3,72.54,217.62,2025-03-05,Shipped,Wardmouth,Georgia
2072,728,13,2,67.98,135.96,2025-02-22,Delivered,Davidfurt,Pennsylvania
2073,999,12,3,182.65,547.95,2024-12-02,Delivered,Lake Zacharyborough,Arizona
2074,254,165,4,118.26,473.04,2024-10-05,Delivered,New Christine,Virginia
2075,187,95,5,90.16,450.8,2024-10-20,Delivered,East Susan,South Dakota
2076,412,21,4,21.74,86.96,2024-07-14,Processing,Annatown,New York
2077,935,2,3,97.3,291.9,2024-10-31,Delivered,South Tracyville,Washington
2078,884,34,3,264.74,0.0,2025-02-11,Cancelled,West Georgeborough,Rhode Island
2079,637,134,2,61.51,123.02,2024-11-11,Delivered,Stephaniemouth,New Hampshire
2080,4,187,1,46.53,46.53,2025-05-21,Delivered,Melissamouth,Mississippi
2081,957,119,2,299.58,599.16,2024-04-27,Shipped,Richardmouth,North Carolina
2082,785,74,3,417.08,1251.24,2024-12-17,Delivered,New Erin,Wyoming
2083,751,134,4,61.51,246.04,2025-02-15,Shipped,Bradleyfort,Michigan
2084,243,162,5,99.85,499.25,2025-06-20,Shipped,East Dean,New York
2085,109,112,1,72.13,0.0,2024-07-22,Cancelled,South Scott,Nevada
2086,734,185,1,1128.38,1128.38,2024-03-16,Delivered,Port Audreyport,Nebraska
2087,208,41,2,1133.32,2266.64,2025-09-12,Processing,East Michealfort,South Dakota
2088,9,4,1,263.55,263.55,2024-04-26,Delivered,East Samanthaborough,Kentucky
2089,804,189,1,1293.61,1293.61,2024-03-24,Delivered,Charlesville,Louisiana
2090,977,46,1,39.3,39.3,2025-10-02,Delivered,Lake Candace,West Virginia
2091,187,26,11,32.0,352.0,2024-08-06,Delivered,East Susan,South Dakota
2092,506,65,2,7.18,14.36,2024-06-29,Delivered,Connorfurt,Georgia
2093,744,95,2,90.16,180.32,2024-04-17,Delivered,Tuckerland,New Hampshire
2094,561,109,1,321.21,321.21,2024-09-27,Delivered,Lopezside,Oregon
2095,506,173,3,31.1,93.3,2024-10-16,Delivered,Connorfurt,Georgia
2096,428,118,2,280.69,561.38,2025-01-17,Processing,Harperfurt,Iowa
2097,407,25,3,71.4,214.2,2024-02-07,Processing,South Lindsaymouth,Wisconsin
2098,812,168,3,214.69,644.07,2025-07-22,Delivered,East Gabriel,Louisiana
2099,347,197,1,41.22,41.22,2024-12-12,Delivered,New Cynthia,Nebraska
2100,673,32,1,112.27,112.27,2024-01-12,Delivered,West Jennifermouth,California
2101,853,98,2,171.77,343.54,2025-08-12,Delivered,New Amber,Georgia
2102,148,171,4,41.02,164.08,2025-10-27,Delivered,Schroederfurt,Indiana
2103,671,9,2,94.81,189.62,2024-11-12,Delivered,Lake Ericchester,Washington
2104,722,5,2,225.2,450.4,2024-01-02,Delivered,East Jamesshire,Kansas
2105,574,165,3,118.26,354.78,2025-09-20,Delivered,North Craigtown,Montana
2106,409,184,1,151.44,151.44,2024-02-24,Delivered,New Matthew,New York
2107,208,20,3,57.57,172.71,2024-09-18,Delivered,East Michealfort,South Dakota
2108,109,181,1,187.56,187.56,2024-04-07,Delivered,South Scott,Nevada
2109,637,135,4,17.94,71.76,2025-07-18,Shipped,Stephaniemouth,New Hampshire
2110,469,152,5,69.34,346.7,2025-02-16,Delivered,West Beth,New Jersey
2111,889,109,1,321.21,321.21,2024-01-13,Shipped,Michaelshire,Florida
2112,622,189,1,1293.61,1293.61,2025-09-18,Delivered,Barbarastad,Wisconsin
2113,758,131,6,28.16,0.0,2024-04-03,Cancelled,New Davidmouth,Utah
2114,114,53,1,53.04,53.04,2024-04-04,Delivered,North Christopherstad,Georgia
2115,728,8,2,126.03,252.06,2025-09-12,Delivered,Davidfurt,Pennsylvania
2116,835,166,9,12.95,116.55,2024-08-30,Delivered,New Katrina,Arizona
2117,355,138,2,20.13,40.26,2025-09-29,Delivered,South Yvette,Indiana
2118,991,6,2,98.09,196.18,2024-07-21,Delivered,Davidshire,New Jersey
2119,595,145,2,238.69,477.38,2024-11-07,Delivered,Maciasside,Idaho
2120,883,87,5,19.31,96.55,2025-01-29,Delivered,West Erinville,Vermont
2121,333,16,3,48.77,146.31,2025-04-07,Delivered,West Steven,Colorado
2122,400,182,6,19.79,118.74,2024-09-04,Delivered,Jerryberg,Rhode Island
2123,924,185,2,1128.38,2256.76,2024-05-05,Delivered,Jeffreyville,Missouri
2124,739,153,4,82.41,329.64,2025-10-24,Delivered,Lake Jason,Arizona
2125,770,29,5,8.63,43.15,2024-08-07,Shipped,South Stephanie,California
2126,712,25,5,71.4,357.0,2025-01-02,Delivered,Hickmanview,Nevada
2127,955,167,4,133.62,534.48,2025-12-01,Delivered,Brockbury,Georgia
2128,490,195,1,2.19,2.19,2024-09-28,Delivered,Port Robertland,Idaho
2129,923,94,1,73.18,73.18,2024-09-11,Processing,South Dwaynehaven,Washington
2130,54,170,2,60.94,121.88,2025-02-26,Delivered,Lake Robert,Arkansas
2131,147,196,2,211.17,422.34,2024-06-23,Returned,New Brittanymouth,Michigan
2132,794,154,1,341.24,341.24,2024-04-21,Delivered,Harperport,Iowa
2133,935,181,1,187.56,187.56,2025-11-20,Delivered,South Tracyville,Washington
2134,722,8,2,126.03,252.06,2024-03-31,Delivered,East Jamesshire,Kansas
2135,820,30,3,58.18,0.0,2025-12-03,Cancelled,East Roberthaven,Maine
2136,350,36,8,24.13,193.04,2024-04-15,Delivered,Housechester,Massachusetts
2137,966,122,3,20.47,61.41,2025-06-08,Processing,Port Mark,North Carolina
2138,929,88,1,189.99,189.99,2025-02-03,Delivered,Sawyerview,West Virginia
2139,614,150,3,415.89,1247.67,2025-11-24,Shipped,Toddbury,Texas
2140,754,49,1,53.93,53.93,2024-06-20,Shipped,East Kyleport,Oregon
2141,13,51,2,20.77,41.54,2024-08-16,Shipped,Grayberg,California
2142,819,167,2,133.62,267.24,2025-03-21,Processing,New Tiffany,Virginia
2143,801,120,9,47.8,430.2,2024-11-30,Processing,East Matthewshire,New Hampshire
2144,77,174,1,39.88,39.88,2024-09-08,Delivered,Kerriborough,Maine
2145,376,148,3,293.38,880.14,2024-06-15,Delivered,Wellsmouth,Rhode Island
2146,470,13,1,67.98,67.98,2024-04-19,Delivered,Port Spencer,New York
2147,959,7,1,37.5,37.5,2025-08-15,Delivered,Port Michaelville,Rhode Island
2148,341,196,3,211.17,633.51,2024-02-15,Delivered,West Rachelbury,Vermont
2149,848,182,3,19.79,59.37,2025-10-17,Delivered,Port Maryside,Wyoming
2150,165,85,2,669.8,1339.6,2024-06-24,Delivered,West Paulburgh,Nevada
2151,45,120,6,47.8,286.8,2024-12-11,Delivered,Stevenberg,Utah
2152,424,40,2,13.32,26.64,2025-05-02,Delivered,Cantumouth,Wisconsin
2153,774,129,4,156.82,627.28,2024-11-03,Delivered,Bryanburgh,New Hampshire
2154,870,148,1,293.38,293.38,2024-09-29,Delivered,Parkerhaven,Indiana
2155,734,180,3,32.39,97.17,2025-01-19,Returned,Port Audreyport,Nebraska
2156,449,186,1,27.47,27.47,2025-10-25,Shipped,Millermouth,South Carolina
2157,644,136,1,52.07,52.07,2024-07-02,Delivered,Douglaschester,Rhode Island
2158,938,51,5,20.77,0.0,2024-01-11,Cancelled,Mccannmouth,Delaware
2159,953,148,2,293.38,586.76,2025-08-30,Delivered,Debbieberg,Connecticut
2160,448,151,1,1843.3,1843.3,2024-04-13,Delivered,Jamesborough,Idaho
2161,797,164,1,196.76,196.76,2025-06-28,Delivered,Lake Margaretchester,Alaska
2162,211,196,1,211.17,211.17,2024-03-14,Delivered,Wardmouth,Georgia
2163,748,192,11,5.42,59.62,2024-07-14,Delivered,Kathleenport,Delaware
2164,693,8,3,126.03,378.09,2024-02-28,Delivered,East Ann,South Dakota
2165,374,170,3,60.94,182.82,2025-01-10,Shipped,West Summer,Arizona
2166,328,46,3,39.3,117.9,2025-02-27,Returned,Daughertymouth,Washington
2167,1000,180,2,32.39,64.78,2024-05-23,Processing,East Jessica,New Mexico
2168,949,122,1,20.47,20.47,2025-11-25,Delivered,Oneillbury,Wyoming
2169,525,144,1,48.66,48.66,2024-05-29,Delivered,Jacksonmouth,Ohio
2170,67,2,5,97.3,0.0,2025-09-22,Cancelled,Charlesburgh,Tennessee
2171,385,116,1,146.15,146.15,2024-07-03,Delivered,Rebekahville,Nevada
2172,302,176,1,39.64,39.64,2024-04-12,Delivered,East Marciaside,Texas
2173,740,95,2,90.16,180.32,2025-05-09,Delivered,Port Patricia,North Carolina
2174,638,101,1,23.21,23.21,2024-07-01,Delivered,South Jeremyport,Arizona
2175,575,146,1,6.95,0.0,2024-02-20,Cancelled,Danielton,Idaho
2176,89,141,2,371.58,743.16,2025-07-02,Delivered,Port Timothyburgh,Alaska
2177,763,5,1,225.2,225.2,2025-10-22,Delivered,Parrishmouth,Nebraska
2178,989,3,5,7.36,36.8,2025-12-16,Delivered,Matthewshire,Arkansas
2179,982,137,1,109.87,109.87,2025-05-16,Delivered,Brownfort,Delaware
2180,438,133,4,57.39,229.56,2024-12-16,Shipped,Reedville,Virginia
2181,828,72,1,171.7,171.7,2024-06-24,Processing,Aliciamouth,Wyoming
2182,331,184,3,151.44,454.32,2025-08-08,Delivered,Lake Williamfort,Washington
2183,60,183,6,5.03,30.18,2024-01-01,Delivered,Lisatown,Missouri
2184,122,13,2,67.98,135.96,2025-04-20,Returned,Port Robert,Rhode Island
2185,770,13,1,67.98,67.98,2024-11-04,Delivered,South Stephanie,California
2186,185,132,5,21.5,107.5,2024-07-26,Delivered,Lake Amyport,New Mexico
2187,306,1,4,50.57,202.28,2024-02-29,Delivered,Port Kimberlyton,Indiana
2188,928,172,2,107.92,215.84,2025-08-11,Delivered,Lake Kathleen,South Carolina
2189,52,48,5,82.31,411.55,2025-07-01,Delivered,Tylerberg,Maryland
2190,469,79,3,35.4,106.2,2025-04-24,Delivered,West Beth,New Jersey
2191,904,78,11,27.87,306.57,2024-02-17,Delivered,Lake Joel,Minnesota
2192,580,69,5,96.69,483.45,2024-08-01,Delivered,Brownchester,Texas
2193,701,29,5,8.63,43.15,2025-12-30,Delivered,Port Melissa,Texas
2194,676,195,12,2.19,26.28,2025-09-05,Delivered,Georgeshire,Indiana
2195,116,114,5,22.89,114.45,2024-04-04,Delivered,Port Gwendolynshire,Delaware
2196,512,175,2,88.86,177.72,2024-07-06,Delivered,Rachelbury,Nebraska
2197,471,2,4,97.3,389.2,2025-08-01,Delivered,Suzannemouth,Massachusetts
2198,3,175,3,88.86,266.58,2025-03-13,Delivered,East Rubenview,Connecticut
2199,471,23,1,90.2,90.2,2024-05-09,Returned,Suzannemouth,Massachusetts
2200,779,68,2,115.79,231.58,2025-04-04,Processing,Josestad,South Carolina
2201,788,190,1,655.22,655.22,2025-02-09,Delivered,West Regina,Illinois
2202,419,138,1,20.13,20.13,2024-07-10,Delivered,West Sarah,New Hampshire
2203,933,148,3,293.38,880.14,2025-06-13,Returned,Benjaminstad,Massachusetts
2204,222,141,2,371.58,743.16,2024-01-14,Delivered,Marktown,Connecticut
2205,489,184,1,151.44,151.44,2025-03-25,Delivered,South Katherineport,Mississippi
2206,248,50,2,107.82,215.64,2025-03-18,Delivered,Lake David,New York
2207,157,111,2,292.45,584.9,2024-06-06,Delivered,Masseystad,Alaska
2208,900,154,2,341.24,682.48,2024-05-10,Delivered,Port Grantfurt,Ohio
2209,34,71,3,117.87,353.61,2025-11-22,Shipped,Vaughanmouth,Iowa
2210,475,112,3,72.13,216.39,2024-12-11,Delivered,New Ryan,Alaska
2211,661,30,2,58.18,116.36,2025-06-02,Processing,North Patricia,Idaho
2212,943,29,4,8.63,34.52,2024-01-27,Delivered,Port Amanda,Pennsylvania
2213,900,30,1,58.18,58.18,2024-12-02,Delivered,Port Grantfurt,Ohio
2214,253,96,2,51.29,102.58,2025-09-18,Returned,New Melodyland,West Virginia
2215,48,57,2,1165.65,2331.3,2025-12-08,Delivered,North Michelle,Alaska
2216,44,131,6,28.16,168.96,2024-08-09,Processing,Robertville,Indiana
2217,96,15,3,213.82,641.46,2025-12-08,Delivered,Amandaberg,Washington
2218,939,107,3,56.79,170.37,2025-03-10,Delivered,Leefort,Hawaii
2219,802,38,4,115.17,460.68,2024-07-13,Shipped,Smithside,Arkansas
2220,528,117,1,23.92,23.92,2025-09-25,Shipped,South Christopher,Pennsylvania
2221,523,82,3,102.58,0.0,2025-04-18,Cancelled,West Davidshire,Ohio
2222,884,166,1,12.95,12.95,2024-08-25,Delivered,West Georgeborough,Rhode Island
2223,199,185,2,1128.38,2256.76,2024-12-01,Delivered,Schmidtberg,Wisconsin
2224,915,66,4,100.8,403.2,2025-09-27,Processing,Calhounchester,Delaware
2225,135,98,2,171.77,343.54,2025-07-06,Delivered,East Ericshire,Nevada
2226,229,54,2,66.84,133.68,2025-11-29,Delivered,Taylorfort,Oregon
2227,88,178,3,96.1,288.3,2025-02-04,Delivered,Ryanberg,Oklahoma
2228,303,57,1,1165.65,1165.65,2024-09-19,Delivered,Raymondberg,West Virginia
2229,153,46,1,39.3,39.3,2025-01-06,Delivered,Russellton,Massachusetts
2230,914,199,2,91.79,183.58,2025-01-09,Delivered,West Anthony,Maine
2231,301,161,1,295.59,0.0,2025-11-11,Cancelled,Joshuachester,Michigan
2232,146,103,3,324.51,973.53,2024-09-28,Delivered,New Mitchell,Rhode Island
2233,860,168,1,214.69,214.69,2024-02-06,Delivered,Hessfurt,Colorado
2234,63,32,2,112.27,224.54,2024-07-07,Shipped,Jaredborough,Washington
2235,448,198,3,28.18,84.54,2024-11-07,Shipped,Jamesborough,Idaho
2236,673,184,2,151.44,302.88,2024-06-09,Delivered,West Jennifermouth,California
2237,421,109,3,321.21,963.63,2024-05-30,Delivered,Jonesberg,Kansas
2238,975,60,3,242.61,727.83,2025-08-31,Processing,Michelemouth,New Mexico
2239,602,120,4,47.8,191.2,2024-03-09,Delivered,Longville,North Carolina
2240,887,31,2,29.73,59.46,2024-05-14,Shipped,Ianside,Rhode Island
2241,765,142,2,469.45,938.9,2024-10-25,Delivered,North Christopher,Oklahoma
2242,817,31,2,29.73,59.46,2025-12-19,Shipped,West Dianestad,Iowa
2243,329,2,5,97.3,486.5,2025-09-08,Shipped,Port Russell,Michigan
2244,817,151,2,1843.3,3686.6,2025-09-25,Delivered,West Dianestad,Iowa
2245,451,100,3,272.84,818.52,2025-02-16,Processing,Ashleyside,Delaware
2246,35,105,2,31.98,63.96,2025-01-11,Processing,North Sara,South Carolina
2247,883,140,1,93.97,93.97,2024-06-15,Shipped,West Erinville,Vermont
2248,969,151,1,1843.3,1843.3,2025-03-25,Processing,Port Richard,New Jersey
2249,49,125,3,192.15,576.45,2025-04-27,Processing,South Matthewshire,Utah
2250,596,14,1,1392.16,1392.16,2025-11-05,Shipped,Port Melissamouth,Massachusetts
2251,52,55,2,136.93,273.86,2024-10-28,Delivered,Tylerberg,Maryland
2252,304,167,3,133.62,400.86,2024-12-18,Delivered,North Jennifer,South Dakota
2253,195,97,4,28.08,112.32,2025-09-11,Delivered,Ryanville,Alaska
2254,635,173,4,31.1,124.4,2024-08-16,Delivered,Port Emilyton,Missouri
2255,432,41,1,1133.32,1133.32,2024-02-23,Delivered,South Davidside,Wyoming
2256,472,138,4,20.13,80.52,2024-07-08,Delivered,Lake Paulaland,Texas
2257,628,158,1,1511.23,1511.23,2024-01-21,Delivered,Williamsberg,Florida
2258,281,110,3,149.46,448.38,2025-01-22,Delivered,Kathrynfort,Minnesota
2259,749,164,1,196.76,196.76,2025-03-11,Delivered,Tarachester,West Virginia
2260,148,162,3,99.85,299.55,2025-10-28,Delivered,Schroederfurt,Indiana
2261,680,164,1,196.76,196.76,2025-12-11,Delivered,New Julieland,Nevada
2262,822,44,3,180.6,541.8,2025-12-22,Delivered,Kentton,Maryland
2263,407,15,2,213.82,427.64,2025-10-15,Delivered,South Lindsaymouth,Wisconsin
2264,488,34,3,264.74,794.22,2024-09-04,Delivered,East Erikafort,Rhode Island
2265,539,141,3,371.58,1114.74,2025-05-28,Delivered,Port Bradley,Ohio
2266,323,30,3,58.18,174.54,2025-04-13,Delivered,Lake Nina,North Carolina
2267,849,52,1,95.66,95.66,2024-03-23,Delivered,Cookeville,New York
2268,649,17,4,22.46,89.84,2025-10-01,Shipped,South Alejandro,Maine
2269,120,75,1,408.35,408.35,2025-05-15,Delivered,Lewisberg,Arizona
2270,573,41,2,1133.32,2266.64,2025-07-10,Delivered,Craigton,Montana
2271,847,109,1,321.21,321.21,2024-10-15,Shipped,Matthewfurt,New Jersey
2272,964,13,3,67.98,203.94,2025-11-19,Delivered,Lake Jesse,New Jersey
2273,715,136,4,52.07,208.28,2025-09-28,Delivered,Andreabury,Minnesota
2274,389,174,8,39.88,319.04,2025-07-18,Delivered,New Aliciaberg,Florida
2275,385,103,1,324.51,0.0,2025-07-15,Cancelled,Rebekahville,Nevada
2276,853,7,5,37.5,187.5,2024-01-12,Delivered,New Amber,Georgia
2277,998,41,2,1133.32,2266.64,2024-02-22,Delivered,Samanthafurt,West Virginia
2278,425,200,3,35.55,106.65,2025-09-14,Returned,Port Christy,Michigan
2279,9,65,3,7.18,21.54,2025-12-04,Delivered,East Samanthaborough,Kentucky
2280,878,140,5,93.97,469.85,2025-04-14,Delivered,Port Christopher,Missouri
2281,155,14,1,1392.16,1392.16,2025-09-24,Delivered,West Michaelfurt,Idaho
2282,612,94,3,73.18,219.54,2025-03-03,Delivered,East Aaron,Tennessee
2283,455,81,2,221.79,443.58,2025-02-15,Shipped,Meganfort,Kentucky
2284,461,129,3,156.82,470.46,2024-05-07,Shipped,New Theresaberg,Indiana
2285,255,134,3,61.51,184.53,2024-04-26,Delivered,Lake Jason,Florida
2286,854,189,1,1293.61,1293.61,2024-06-23,Delivered,Port Christopher,New Mexico
2287,461,151,1,1843.3,1843.3,2024-01-04,Delivered,New Theresaberg,Indiana
2288,610,82,1,102.58,102.58,2025-03-24,Processing,South Davidborough,North Carolina
2289,724,171,5,41.02,205.1,2025-10-07,Delivered,Joseberg,Massachusetts
2290,567,138,5,20.13,100.65,2025-11-03,Delivered,Reneebury,Montana
2291,957,12,1,182.65,182.65,2025-10-20,Shipped,Richardmouth,North Carolina
2292,664,106,1,1067.66,1067.66,2024-01-08,Delivered,East Michaelborough,Connecticut
2293,438,6,2,98.09,0.0,2025-08-19,Cancelled,Reedville,Virginia
2294,837,173,4,31.1,124.4,2024-03-14,Shipped,South Rodney,Florida
2295,976,79,4,35.4,141.6,2025-02-14,Shipped,Meltonview,New York
2296,482,8,1,126.03,126.03,2025-02-11,Delivered,West Scott,Georgia
2297,733,47,2,72.54,145.08,2025-04-03,Shipped,Port Richardton,Maryland
2298,77,29,1,8.63,8.63,2025-08-29,Delivered,Kerriborough,Maine
2299,568,153,4,82.41,329.64,2025-03-09,Processing,Leebury,West Virginia
2300,696,86,2,86.29,172.58,2024-10-11,Delivered,West Brianshire,Idaho
2301,167,154,2,341.24,682.48,2024-06-24,Delivered,Smithview,Alaska
2302,311,132,1,21.5,0.0,2024-11-06,Cancelled,West Brian,North Dakota
2303,588,26,9,32.0,288.0,2024-11-05,Delivered,Christinamouth,Missouri
2304,828,171,3,41.02,123.06,2024-07-27,Delivered,Aliciamouth,Wyoming
2305,837,74,1,417.08,417.08,2025-02-03,Delivered,South Rodney,Florida
2306,679,101,2,23.21,46.42,2024-07-11,Delivered,Amystad,Nevada
2307,160,66,3,100.8,302.4,2025-07-15,Delivered,Lake Luis,Texas
2308,24,58,1,133.46,133.46,2024-02-12,Delivered,South Timothy,South Dakota
2309,944,130,2,825.68,0.0,2025-09-14,Cancelled,Martinezport,Mississippi
2310,138,159,2,144.57,289.14,2024-06-16,Shipped,Amandahaven,Nebraska
2311,156,5,1,225.2,225.2,2024-03-05,Delivered,Kellyport,Rhode Island
2312,582,28,3,18.59,55.77,2024-03-04,Processing,New Danielberg,New York
2313,994,131,2,28.16,56.32,2025-05-22,Shipped,New Andrechester,California
2314,808,18,3,12.0,36.0,2025-11-21,Returned,Lake Jessicatown,Rhode Island
2315,524,29,3,8.63,25.89,2024-01-19,Delivered,Quinnchester,Idaho
2316,184,90,2,780.14,1560.28,2025-03-11,Shipped,West Robert,Illinois
2317,176,127,3,117.98,353.94,2025-09-05,Delivered,Bowenport,West Virginia
2318,236,49,2,53.93,107.86,2024-10-14,Shipped,Hannahtown,Florida
2319,96,188,8,35.05,280.4,2024-06-09,Delivered,Amandaberg,Washington
2320,832,53,3,53.04,159.12,2025-10-29,Delivered,Fosterbury,Arkansas
2321,833,64,2,701.02,1402.04,2025-11-04,Processing,Ryanbury,Hawaii
2322,491,23,4,90.2,360.8,2025-02-04,Delivered,Markport,Wyoming
2323,971,39,3,256.4,769.2,2024-09-29,Shipped,North Barbarashire,Delaware
2324,897,5,2,225.2,450.4,2024-04-09,Delivered,Port Bradshire,Maine
2325,675,176,2,39.64,79.28,2024-07-04,Delivered,East Edwardside,Wyoming
2326,126,74,1,417.08,417.08,2024-07-23,Delivered,Seanview,Iowa
2327,311,123,1,120.25,120.25,2025-04-13,Delivered,West Brian,North Dakota
2328,3,180,5,32.39,161.95,2025-03-12,Delivered,East Rubenview,Connecticut
2329,48,1,5,50.57,252.85,2025-04-04,Delivered,North Michelle,Alaska
2330,829,151,2,1843.3,3686.6,2025-12-12,Delivered,East Julie,Texas
2331,403,90,2,780.14,1560.28,2025-09-19,Delivered,Abigailfurt,Arkansas
2332,426,12,1,182.65,182.65,2024-09-25,Delivered,Andrewberg,California
2333,949,95,1,90.16,90.16,2025-07-26,Delivered,Oneillbury,Wyoming
2334,601,5,1,225.2,225.2,2025-10-20,Delivered,Lake Courtneyfort,North Carolina
2335,2,154,1,341.24,341.24,2024-06-12,Delivered,Port Lawrence,Nebraska
2336,23,137,2,109.87,219.74,2025-07-22,Delivered,Danielfort,Missouri
2337,472,153,4,82.41,329.64,2024-08-14,Delivered,Lake Paulaland,Texas
2338,201,97,4,28.08,112.32,2025-04-17,Delivered,Port Kimberlyton,Minnesota
2339,109,104,5,43.38,0.0,2024-10-07,Cancelled,South Scott,Nevada
2340,64,146,3,6.95,20.85,2024-07-20,Shipped,East Sharon,California
2341,981,199,1,91.79,91.79,2024-05-05,Delivered,Christinemouth,Georgia
2342,4,147,2,202.08,404.16,2024-09-27,Delivered,Melissamouth,Mississippi
2343,335,35,1,486.1,486.1,2025-01-12,Delivered,Whitebury,Illinois
2344,841,159,1,144.57,144.57,2025-04-25,Delivered,Steveton,Ohio
2345,324,29,1,8.63,8.63,2024-09-28,Delivered,Wagnerville,North Dakota
2346,803,142,3,469.45,1408.35,2025-06-12,Shipped,East Matthewtown,Ohio
2347,572,26,5,32.0,160.0,2025-06-29,Delivered,Jamesstad,Nebraska
2348,302,130,2,825.68,1651.36,2024-04-22,Delivered,East Marciaside,Texas
2349,927,75,2,408.35,816.7,2024-08-27,Delivered,Mirandachester,Nebraska
2350,878,7,5,37.5,187.5,2025-12-03,Delivered,Port Christopher,Missouri
2351,660,58,5,133.46,667.3,2025-12-15,Delivered,East Courtneyberg,Utah
2352,671,141,1,371.58,371.58,2025-01-26,Shipped,Lake Ericchester,Washington
2353,753,7,4,37.5,150.0,2024-07-13,Delivered,Ashleyside,New York
2354,365,23,4,90.2,360.8,2024-08-06,Delivered,Matthewview,Tennessee
2355,611,188,11,35.05,385.55,2024-12-20,Delivered,New Johnfurt,Ohio
2356,173,159,2,144.57,289.14,2025-01-15,Shipped,East Katelyn,Massachusetts
2357,840,191,2,92.98,185.96,2024-10-28,Shipped,East Brandon,Montana
2358,505,176,1,39.64,39.64,2024-01-09,Delivered,South Ericfurt,Washington
2359,726,137,3,109.87,329.61,2025-03-12,Delivered,Margaretmouth,Connecticut
2360,1000,27,6,33.99,203.94,2024-08-16,Returned,East Jessica,New Mexico
2361,556,44,3,180.6,0.0,2024-09-30,Cancelled,Kristinafort,Georgia
2362,534,130,1,825.68,0.0,2024-08-27,Cancelled,Tinabury,New Hampshire
2363,221,164,1,196.76,196.76,2024-08-27,Delivered,Lake Samanthaport,Nebraska
2364,997,195,10,2.19,21.9,2024-05-19,Delivered,Myersstad,Tennessee
2365,78,156,3,136.11,408.33,2024-11-07,Delivered,Adamsmouth,Arkansas
2366,781,35,3,486.1,1458.3,2024-01-12,Delivered,North Adam,Alabama
2367,851,55,2,136.93,273.86,2024-11-15,Delivered,Marcusstad,Wisconsin
2368,670,116,1,146.15,146.15,2024-01-19,Delivered,Smithmouth,New Mexico
2369,973,60,1,242.61,242.61,2024-09-25,Returned,Tracymouth,New Jersey
2370,422,55,3,136.93,410.79,2024-09-05,Delivered,Williambury,Wyoming
2371,54,51,3,20.77,62.31,2024-12-21,Processing,Lake Robert,Arkansas
2372,873,119,2,299.58,599.16,2025-12-14,Delivered,Port Kennethville,Vermont
2373,332,95,4,90.16,360.64,2025-07-27,Delivered,New Dominique,Oregon
2374,239,129,2,156.82,313.64,2024-11-16,Delivered,East Patriciaborough,Delaware
2375,649,85,2,669.8,1339.6,2025-07-07,Processing,South Alejandro,Maine
2376,677,121,2,114.49,228.98,2025-09-11,Delivered,Matthewmouth,Nebraska
2377,48,19,2,205.94,411.88,2025-02-01,Delivered,North Michelle,Alaska
2378,176,72,4,171.7,686.8,2024-11-11,Delivered,Bowenport,West Virginia
2379,787,169,4,171.62,686.48,2024-02-13,Returned,New Robertton,Maryland
2380,5,158,2,1511.23,3022.46,2024-05-16,Delivered,Rodrigueztown,Minnesota
2381,163,105,1,31.98,31.98,2025-11-05,Delivered,Lake Josephhaven,California
2382,693,38,2,115.17,230.34,2024-06-29,Delivered,East Ann,South Dakota
2383,873,105,3,31.98,95.94,2025-01-07,Processing,Port Kennethville,Vermont
2384,283,90,2,780.14,1560.28,2024-05-04,Delivered,New James,North Carolina
2385,824,162,4,99.85,399.4,2024-07-04,Returned,New Normaton,Georgia
2386,208,122,4,20.47,81.88,2025-06-24,Delivered,East Michealfort,South Dakota
2387,626,189,1,1293.61,1293.61,2025-06-20,Delivered,Randyhaven,Illinois
2388,1000,42,3,289.31,867.93,2025-01-07,Delivered,East Jessica,New Mexico
2389,291,133,2,57.39,114.78,2025-05-08,Delivered,Gonzalezfurt,Colorado
2390,177,164,1,196.76,196.76,2024-04-06,Delivered,North Hannahland,Virginia
2391,68,129,3,156.82,470.46,2024-06-03,Delivered,Brownville,Virginia
2392,225,72,4,171.7,686.8,2024-04-14,Processing,West Timothy,Minnesota
2393,894,18,4,12.0,48.0,2024-08-16,Delivered,Lake Johnny,Michigan
2394,96,83,2,129.45,0.0,2025-01-01,Cancelled,Amandaberg,Washington
2395,801,124,3,253.0,759.0,2024-09-06,Delivered,East Matthewshire,New Hampshire
2396,725,168,3,214.69,644.07,2025-02-08,Delivered,Whiteland,West Virginia
2397,596,163,3,91.43,274.29,2024-03-18,Delivered,Port Melissamouth,Massachusetts
2398,578,78,9,27.87,250.83,2024-03-04,Delivered,Wuview,Louisiana
2399,773,137,2,109.87,0.0,2024-03-16,Cancelled,West Cherylmouth,New Hampshire
2400,194,12,1,182.65,182.65,2025-05-21,Delivered,North Ryan,Minnesota
2401,204,79,3,35.4,106.2,2025-09-06,Delivered,West Ryanmouth,Kentucky
2402,205,68,4,115.79,463.16,2024-01-30,Shipped,Kristenfurt,Florida
2403,349,96,2,51.29,102.58,2024-08-28,Delivered,Lake Theresa,Pennsylvania
2404,903,171,3,41.02,0.0,2025-08-09,Cancelled,North Raymondton,Wyoming
2405,876,178,1,96.1,96.1,2024-09-05,Delivered,East Alicia,Arizona
2406,280,69,5,96.69,483.45,2024-03-27,Returned,Lake Ashley,Iowa
2407,540,110,3,149.46,448.38,2025-02-04,Processing,Simmonsmouth,Wyoming
2408,923,34,1,264.74,264.74,2024-07-01,Delivered,South Dwaynehaven,Washington
2409,307,83,3,129.45,388.35,2024-05-15,Returned,West Danielton,Vermont
2410,777,132,4,21.5,86.0,2025-09-12,Shipped,Lake Daniellestad,Iowa
2411,8,18,3,12.0,36.0,2024-03-17,Delivered,Port Christopherville,New Mexico
2412,628,129,2,156.82,313.64,2025-07-10,Returned,Williamsberg,Florida
2413,359,156,4,136.11,544.44,2025-01-13,Delivered,Townsendtown,Oregon
2414,95,32,2,112.27,224.54,2024-02-17,Delivered,East Mathewland,Massachusetts
2415,412,122,1,20.47,20.47,2025-10-10,Delivered,Annatown,New York
2416,104,24,4,51.42,205.68,2024-01-05,Shipped,South Henry,West Virginia
2417,771,153,5,82.41,412.05,2025-10-17,Delivered,Lake Gregory,Texas
2418,258,110,3,149.46,448.38,2025-04-07,Shipped,Christianburgh,North Carolina
2419,26,142,1,469.45,469.45,2024-02-23,Delivered,Port Corey,Maine
2420,556,86,3,86.29,258.87,2024-06-19,Delivered,Kristinafort,Georgia
2421,412,42,1,289.31,289.31,2025-06-23,Delivered,Annatown,New York
2422,263,141,1,371.58,371.58,2025-09-24,Shipped,Michaelbury,Maryland
2423,208,155,4,61.98,247.92,2025-03-10,Shipped,East Michealfort,South Dakota
2424,791,20,2,57.57,115.14,2025-03-28,Returned,Gailtown,Connecticut
2425,28,79,4,35.4,141.6,2024-07-10,Shipped,Lake Roberthaven,Delaware
2426,398,86,2,86.29,172.58,2025-11-04,Shipped,Walkerhaven,Maine
2427,504,93,1,1518.29,1518.29,2024-11-30,Processing,Bettyton,Maryland
2428,691,164,3,196.76,590.28,2024-10-14,Delivered,Martinezville,Nebraska
2429,325,39,2,256.4,512.8,2024-11-21,Delivered,Newtonshire,Wisconsin
2430,434,13,1,67.98,67.98,2024-06-02,Delivered,South Jasonfort,Michigan
2431,905,32,3,112.27,336.81,2024-10-02,Delivered,Snyderchester,Illinois
2432,783,2,2,97.3,0.0,2025-01-02,Cancelled,Allenhaven,Georgia
2433,245,136,5,52.07,260.35,2024-07-22,Returned,West Robertton,Kentucky
2434,492,134,3,61.51,184.53,2025-09-20,Delivered,Davidhaven,Wisconsin
2435,571,152,3,69.34,208.02,2024-07-25,Delivered,West Megan,Idaho
2436,14,182,6,19.79,118.74,2025-05-20,Shipped,Saraside,Connecticut
2437,199,193,5,99.73,498.65,2024-08-11,Delivered,Schmidtberg,Wisconsin
2438,137,149,3,86.32,258.96,2025-03-16,Delivered,Sandraland,Oklahoma
2439,138,149,1,86.32,86.32,2025-08-02,Shipped,Amandahaven,Nebraska
2440,384,138,4,20.13,80.52,2025-07-03,Delivered,Port Tanya,Michigan
2441,234,38,3,115.17,345.51,2024-09-30,Shipped,Clarkhaven,Massachusetts
2442,836,180,1,32.39,32.39,2025-02-11,Delivered,South Sarah,North Dakota
2443,888,6,1,98.09,98.09,2025-01-21,Delivered,Williamville,Wisconsin
2444,137,152,4,69.34,277.36,2025-07-05,Returned,Sandraland,Oklahoma
2445,28,83,3,129.45,0.0,2025-03-14,Cancelled,Lake Roberthaven,Delaware
2446,443,143,1,50.45,50.45,2024-08-30,Shipped,Port Nathaniel,Florida
2447,315,175,5,88.86,444.3,2024-12-18,Delivered,East Mary,Virginia
2448,659,82,2,102.58,205.16,2025-01-14,Delivered,East Josemouth,Alaska
2449,648,80,3,206.74,620.22,2024-02-26,Shipped,Port Andrew,Indiana
2450,261,57,1,1165.65,1165.65,2025-03-31,Delivered,South Christopherstad,North Carolina
2451,592,125,4,192.15,768.6,2025-10-12,Delivered,East Ian,Connecticut
2452,18,111,3,292.45,877.35,2024-08-20,Delivered,Harrisport,Kentucky
2453,682,58,5,133.46,667.3,2025-10-07,Delivered,Christopherview,Connecticut
2454,983,170,1,60.94,60.94,2025-11-11,Processing,Friedmanmouth,South Carolina
2455,219,72,2,171.7,343.4,2025-12-08,Delivered,South Kevin,New Hampshire
2456,202,169,1,171.62,171.62,2024-02-29,Processing,Lyonsbury,Alaska
2457,92,7,1,37.5,37.5,2025-07-23,Processing,East Lisa,Minnesota
2458,671,68,3,115.79,347.37,2025-12-10,Delivered,Lake Ericchester,Washington
2459,227,116,1,146.15,146.15,2025-02-05,Delivered,Lake Donald,Oregon
2460,170,24,5,51.42,257.1,2024-01-10,Delivered,New Charles,Alabama
2461,40,14,1,1392.16,1392.16,2025-09-12,Shipped,Lopezland,Minnesota
2462,504,66,3,100.8,302.4,2025-12-28,Shipped,Bettyton,Maryland
2463,393,115,1,115.19,115.19,2025-11-16,Delivered,Martinport,Massachusetts
2464,294,68,3,115.79,347.37,2025-04-23,Delivered,East Matthewtown,Pennsylvania
2465,86,193,5,99.73,498.65,2024-08-17,Delivered,New Juan,Kentucky
2466,589,71,3,117.87,353.61,2024-03-22,Delivered,Sharonhaven,Ohio
2467,536,168,3,214.69,644.07,2024-07-27,Delivered,Smithhaven,Mississippi
2468,637,85,1,669.8,669.8,2025-05-31,Shipped,Stephaniemouth,New Hampshire
2469,311,141,2,371.58,0.0,2025-02-08,Cancelled,West Brian,North Dakota
2470,806,71,2,117.87,235.74,2024-02-08,Delivered,Billyton,South Carolina
2471,584,176,2,39.64,79.28,2024-06-29,Delivered,Sanchezberg,New Hampshire
2472,90,10,5,6.76,33.8,2024-03-20,Processing,North Teresaport,Georgia
2473,981,53,1,53.04,53.04,2024-05-19,Delivered,Christinemouth,Georgia
2474,674,29,4,8.63,34.52,2024-01-17,Delivered,Melissafurt,Illinois
2475,185,4,2,263.55,527.1,2025-06-01,Delivered,Lake Amyport,New Mexico
2476,316,145,2,238.69,477.38,2024-10-24,Shipped,Masseyville,Maine
2477,888,170,1,60.94,60.94,2024-07-12,Delivered,Williamville,Wisconsin
2478,439,40,5,13.32,66.6,2024-08-09,Delivered,Haleview,Indiana
2479,390,12,3,182.65,547.95,2025-08-06,Delivered,Port Ronald,California
2480,129,92,6,31.83,190.98,2025-11-06,Shipped,East Melissaton,Nevada
2481,63,143,1,50.45,50.45,2024-06-13,Shipped,Jaredborough,Washington
2482,308,43,2,377.86,755.72,2025-03-18,Processing,Rickyberg,Wisconsin
2483,615,107,5,56.79,283.95,2025-04-16,Delivered,Jefferyville,Wyoming
2484,353,100,2,272.84,545.68,2025-10-05,Delivered,South Virginia,Rhode Island
2485,793,124,1,253.0,0.0,2024-07-23,Cancelled,Clarencefurt,Maryland
2486,278,75,1,408.35,408.35,2025-08-12,Delivered,West Raven,West Virginia
2487,344,152,2,69.34,138.68,2024-11-07,Delivered,Lindsayburgh,Utah
2488,485,36,2,24.13,48.26,2025-04-26,Delivered,Travisville,Connecticut
2489,357,112,3,72.13,216.39,2024-07-19,Shipped,Donnaland,Arkansas
2490,89,178,2,96.1,192.2,2025-11-17,Delivered,Port Timothyburgh,Alaska
2491,876,8,3,126.03,378.09,2024-04-17,Returned,East Alicia,Arizona
2492,501,11,4,20.71,82.84,2024-02-24,Delivered,North Gabrielabury,Minnesota
2493,231,157,5,21.39,106.95,2024-06-10,Delivered,Lake Susan,Vermont
2494,733,173,6,31.1,186.6,2025-10-12,Delivered,Port Richardton,Maryland
2495,212,96,1,51.29,0.0,2024-01-24,Cancelled,Alexanderfort,Delaware
2496,470,19,2,205.94,411.88,2024-01-07,Returned,Port Spencer,New York
2497,186,9,4,94.81,379.24,2024-09-05,Delivered,Wintersfort,Texas
2498,83,98,1,171.77,171.77,2024-04-05,Delivered,Bergbury,Idaho
2499,72,60,2,242.61,485.22,2024-03-29,Delivered,North Christopherhaven,North Carolina
2500,241,27,5,33.99,169.95,2025-09-10,Delivered,Millshaven,Massachusetts
2501,462,137,1,109.87,109.87,2024-09-24,Delivered,Edwardsborough,Kentucky
2502,360,74,2,417.08,834.16,2025-11-12,Delivered,Alvarezfurt,Kentucky
2503,636,131,4,28.16,112.64,2024-02-05,Delivered,Lisaton,Michigan
2504,640,178,3,96.1,288.3,2024-04-02,Delivered,Williamsburgh,California
2505,48,102,1,16.02,16.02,2024-03-04,Delivered,North Michelle,Alaska
2506,57,191,2,92.98,185.96,2024-08-01,Delivered,Amyland,Kentucky
2507,871,90,2,780.14,1560.28,2025-04-12,Shipped,Kirkton,Nevada
2508,603,141,2,371.58,743.16,2024-03-19,Processing,Lake Gilbert,Illinois
2509,107,103,1,324.51,324.51,2024-08-26,Delivered,Patriciaville,Colorado
2510,294,168,3,214.69,644.07,2024-06-02,Delivered,East Matthewtown,Pennsylvania
2511,668,59,4,5.75,23.0,2024-01-29,Processing,Lake Jim,California
2512,343,12,3,182.65,547.95,2025-07-31,Delivered,West Shawn,California
2513,891,158,1,1511.23,1511.23,2025-01-28,Delivered,Allenburgh,Iowa
2514,323,163,4,91.43,365.72,2025-12-01,Delivered,Lake Nina,North Carolina
2515,878,34,3,264.74,794.22,2025-08-27,Processing,Port Christopher,Missouri
2516,576,95,5,90.16,450.8,2024-08-13,Delivered,East Michael,Louisiana
2517,358,141,3,371.58,1114.74,2024-02-17,Delivered,Matthewview,West Virginia
2518,572,108,1,92.71,92.71,2025-05-19,Delivered,Jamesstad,Nebraska
2519,573,67,2,109.42,218.84,2024-03-22,Shipped,Craigton,Montana
2520,643,8,3,126.03,378.09,2025-12-15,Shipped,North Josephhaven,New Hampshire
2521,631,45,1,25.64,25.64,2024-01-05,Shipped,East Deborahview,West Virginia
2522,662,163,1,91.43,91.43,2024-09-30,Delivered,East Casey,Alaska
2523,762,178,3,96.1,288.3,2024-10-28,Shipped,West Tarachester,South Carolina
2524,827,128,5,89.87,449.35,2024-05-04,Delivered,Trevorborough,Idaho
2525,974,47,3,72.54,217.62,2025-06-19,Delivered,Morsehaven,Nevada
2526,5,150,1,415.89,415.89,2024-03-02,Delivered,Rodrigueztown,Minnesota
2527,354,33,5,32.17,160.85,2024-07-14,Delivered,Deanview,Alabama
2528,428,156,1,136.11,136.11,2025-09-17,Shipped,Harperfurt,Iowa
2529,771,95,3,90.16,270.48,2025-03-03,Delivered,Lake Gregory,Texas
2530,720,41,2,1133.32,0.0,2025-01-01,Cancelled,Crawfordland,Indiana
2531,357,97,4,28.08,112.32,2025-08-19,Delivered,Donnaland,Arkansas
2532,525,40,4,13.32,53.28,2025-04-17,Delivered,Jacksonmouth,Ohio
2533,870,179,2,76.57,153.14,2025-06-14,Delivered,Parkerhaven,Indiana
2534,988,105,1,31.98,31.98,2025-10-31,Returned,Natalieberg,Washington
2535,644,15,3,213.82,641.46,2024-03-23,Delivered,Douglaschester,Rhode Island
2536,276,28,4,18.59,74.36,2025-12-12,Delivered,East Hollystad,Maryland
2537,488,42,1,289.31,0.0,2024-09-04,Cancelled,East Erikafort,Rhode Island
2538,669,117,4,23.92,95.68,2024-02-26,Delivered,Lake Robert,Idaho
2539,555,24,3,51.42,154.26,2025-06-10,Delivered,Lake Annborough,Mississippi
2540,385,183,6,5.03,30.18,2024-10-13,Delivered,Rebekahville,Nevada
2541,747,62,2,331.56,663.12,2025-12-06,Delivered,Bassville,Texas
2542,992,141,3,371.58,1114.74,2025-01-28,Delivered,New Jacqueline,Connecticut
2543,98,120,10,47.8,478.0,2025-03-26,Delivered,Port Aaron,Virginia
2544,986,63,2,155.85,311.7,2025-11-29,Returned,West Daniel,Rhode Island
2545,671,162,5,99.85,499.25,2024-12-14,Shipped,Lake Ericchester,Washington
2546,203,25,4,71.4,285.6,2025-12-30,Delivered,Jasmineville,South Carolina
2547,137,9,2,94.81,189.62,2024-07-22,Delivered,Sandraland,Oklahoma
2548,630,172,1,107.92,0.0,2025-06-12,Cancelled,West Robertview,Massachusetts
2549,68,87,2,19.31,38.62,2024-07-13,Delivered,Brownville,Virginia
2550,182,19,1,205.94,205.94,2025-06-07,Returned,Jarvisland,North Dakota
2551,449,25,4,71.4,285.6,2025-07-12,Delivered,Millermouth,South Carolina
2552,45,108,3,92.71,278.13,2025-01-23,Delivered,Stevenberg,Utah
2553,395,170,2,60.94,121.88,2024-09-04,Delivered,South Theresa,Maryland
2554,459,21,1,21.74,21.74,2024-02-06,Delivered,Ramosshire,Kentucky
2555,800,109,2,321.21,642.42,2024-01-02,Delivered,Perkinsport,Alabama
2556,238,108,1,92.71,92.71,2025-05-03,Delivered,Russellton,Minnesota
2557,834,195,7,2.19,15.33,2025-01-15,Shipped,Port Rickytown,Connecticut
2558,264,105,3,31.98,95.94,2025-08-30,Returned,North Georgetown,Washington
2559,943,93,1,1518.29,1518.29,2024-04-18,Delivered,Port Amanda,Pennsylvania
2560,10,49,2,53.93,107.86,2024-07-15,Shipped,Juliemouth,Wisconsin
2561,384,38,1,115.17,115.17,2025-01-20,Shipped,Port Tanya,Michigan
2562,197,49,3,53.93,161.79,2024-07-14,Returned,Rodriguezhaven,Wisconsin
2563,529,138,5,20.13,100.65,2025-07-27,Delivered,Wheelerfort,New York
2564,685,190,1,655.22,655.22,2025-02-23,Delivered,South Cynthiafurt,Rhode Island
2565,702,13,2,67.98,135.96,2024-03-06,Shipped,Port Sandramouth,Oklahoma
2566,985,130,1,825.68,825.68,2024-05-25,Delivered,West Sheliaton,Maryland
2567,136,17,4,22.46,89.84,2024-05-26,Delivered,Lake Sandra,Washington
2568,251,1,1,50.57,50.57,2025-05-01,Shipped,Williamton,New Hampshire
2569,658,159,1,144.57,144.57,2025-09-06,Delivered,Michaeltown,Texas
2570,603,27,5,33.99,169.95,2024-04-11,Delivered,Lake Gilbert,Illinois
2571,68,41,1,1133.32,1133.32,2025-10-18,Shipped,Brownville,Virginia
2572,163,142,2,469.45,938.9,2024-12-04,Delivered,Lake Josephhaven,California
2573,63,113,3,158.59,475.77,2024-06-15,Delivered,Jaredborough,Washington
2574,346,97,2,28.08,56.16,2024-12-27,Delivered,Lake Jennifermouth,Maryland
2575,906,118,3,280.69,842.07,2025-10-22,Delivered,Woodston,Utah
2576,532,200,3,35.55,106.65,2025-04-03,Delivered,Hansonfort,Missouri
2577,700,192,3,5.42,16.26,2024-07-19,Shipped,Singhtown,Georgia
2578,344,62,3,331.56,994.68,2025-08-15,Delivered,Lindsayburgh,Utah
2579,986,14,1,1392.16,1392.16,2025-01-31,Delivered,West Daniel,Rhode Island
2580,231,33,4,32.17,128.68,2025-03-05,Delivered,Lake Susan,Vermont
2581,847,190,2,655.22,1310.44,2024-01-30,Returned,Matthewfurt,New Jersey
2582,851,172,1,107.92,0.0,2025-10-15,Cancelled,Marcusstad,Wisconsin
2583,69,91,6,16.92,0.0,2025-05-09,Cancelled,Elizabethberg,Washington
2584,419,93,1,1518.29,1518.29,2025-11-14,Delivered,West Sarah,New Hampshire
2585,213,101,3,23.21,69.63,2025-11-08,Delivered,New Eugene,Missouri
2586,579,38,1,115.17,115.17,2024-08-15,Delivered,Hortonfurt,Montana
2587,407,151,1,1843.3,0.0,2025-12-30,Cancelled,South Lindsaymouth,Wisconsin
2588,29,107,1,56.79,56.79,2024-07-02,Delivered,Joyceview,Minnesota
2589,418,99,12,23.4,280.8,2025-03-08,Delivered,North Melodyville,Iowa
2590,947,197,1,41.22,41.22,2024-01-14,Delivered,Hensonland,Arkansas
2591,254,1,3,50.57,151.71,2025-02-05,Delivered,New Christine,Virginia
2592,364,103,1,324.51,324.51,2024-03-05,Shipped,Harrisport,Idaho
2593,700,28,1,18.59,18.59,2024-03-19,Delivered,Singhtown,Georgia
2594,380,173,2,31.1,62.2,2024-11-14,Delivered,Lake Sergio,Oregon
2595,883,137,2,109.87,219.74,2024-12-06,Processing,West Erinville,Vermont
2596,148,163,2,91.43,182.86,2024-03-27,Processing,Schroederfurt,Indiana
2597,834,85,2,669.8,1339.6,2025-07-31,Delivered,Port Rickytown,Connecticut
2598,610,3,2,7.36,14.72,2025-12-02,Delivered,South Davidborough,North Carolina
2599,559,104,3,43.38,130.14,2025-06-07,Delivered,West Tina,North Carolina
2600,931,157,3,21.39,64.17,2024-03-23,Shipped,North Adammouth,New Hampshire
2601,621,118,2,280.69,561.38,2024-01-23,Delivered,Christophermouth,Connecticut
2602,344,9,2,94.81,189.62,2025-01-03,Delivered,Lindsayburgh,Utah
2603,858,28,4,18.59,74.36,2024-03-06,Shipped,North Maria,Arkansas
2604,824,33,1,32.17,32.17,2024-10-05,Delivered,New Normaton,Georgia
2605,997,25,5,71.4,357.0,2024-04-11,Shipped,Myersstad,Tennessee
2606,654,86,4,86.29,345.16,2025-08-18,Delivered,New Breanna,Michigan
2607,387,60,1,242.61,242.61,2025-01-09,Delivered,Curtiston,Rhode Island
2608,14,135,1,17.94,17.94,2025-10-20,Returned,Saraside,Connecticut
2609,599,188,8,35.05,280.4,2025-12-31,Delivered,Jamieland,Ohio
2610,58,83,2,129.45,0.0,2025-08-14,Cancelled,Christopherbury,Wisconsin
2611,233,182,1,19.79,19.79,2025-09-19,Delivered,Port Brian,Idaho
2612,349,84,1,121.98,121.98,2024-03-23,Delivered,Lake Theresa,Pennsylvania
2613,61,153,2,82.41,164.82,2025-12-11,Delivered,Port Tammytown,Tennessee
2614,25,33,1,32.17,32.17,2025-05-22,Delivered,Port Tracy,Alaska
2615,809,51,4,20.77,0.0,2025-02-04,Cancelled,New William,Oklahoma
2616,663,192,9,5.42,48.78,2025-12-06,Delivered,West Dianeport,Alabama
2617,438,122,2,20.47,40.94,2024-04-29,Delivered,Reedville,Virginia
2618,318,87,6,19.31,115.86,2024-10-07,Processing,Lake Adam,Washington
2619,714,29,1,8.63,8.63,2025-03-03,Delivered,Lisashire,Illinois
2620,635,94,2,73.18,146.36,2025-12-03,Returned,Port Emilyton,Missouri
2621,326,122,4,20.47,81.88,2024-02-17,Delivered,Port Angela,Virginia
2622,981,155,1,61.98,61.98,2024-10-11,Delivered,Christinemouth,Georgia
2623,582,124,3,253.0,0.0,2025-02-10,Cancelled,New Danielberg,New York
2624,955,78,5,27.87,0.0,2024-01-15,Cancelled,Brockbury,Georgia
2625,403,75,2,408.35,816.7,2024-11-27,Returned,Abigailfurt,Arkansas
2626,224,127,3,117.98,353.94,2024-02-10,Processing,Port Alyssa,Georgia
2627,395,49,2,53.93,107.86,2024-01-14,Delivered,South Theresa,Maryland
2628,102,113,1,158.59,0.0,2025-12-02,Cancelled,Keithport,Oregon
2629,977,148,3,293.38,0.0,2025-04-13,Cancelled,Lake Candace,West Virginia
2630,963,87,3,19.31,57.93,2025-08-20,Delivered,Port Michaelshire,Wyoming
2631,728,178,2,96.1,192.2,2025-09-26,Delivered,Davidfurt,Pennsylvania
2632,935,108,1,92.71,92.71,2025-08-02,Delivered,South Tracyville,Washington
2633,633,35,2,486.1,972.2,2025-08-12,Delivered,Sarahmouth,South Carolina
2634,364,67,2,109.42,218.84,2024-08-08,Delivered,Harrisport,Idaho
2635,487,91,11,16.92,186.12,2025-11-12,Processing,Hammondhaven,West Virginia
2636,920,121,3,114.49,0.0,2024-10-25,Cancelled,Jennaport,Nebraska
2637,648,149,2,86.32,172.64,2024-07-29,Delivered,Port Andrew,Indiana
2638,801,111,1,292.45,292.45,2024-02-15,Delivered,East Matthewshire,New Hampshire
2639,634,28,1,18.59,18.59,2025-10-17,Delivered,Whitemouth,Vermont
2640,885,29,1,8.63,8.63,2024-03-23,Delivered,Antonioland,Maine
2641,490,38,3,115.17,345.51,2024-12-30,Delivered,Port Robertland,Idaho
2642,61,171,2,41.02,82.04,2025-06-14,Delivered,Port Tammytown,Tennessee
2643,160,42,3,289.31,867.93,2024-11-18,Delivered,Lake Luis,Texas
2644,624,156,4,136.11,544.44,2025-04-19,Delivered,East Mary,Nebraska
2645,347,185,2,1128.38,2256.76,2025-08-23,Delivered,New Cynthia,Nebraska
2646,618,167,2,133.62,267.24,2025-06-06,Delivered,Fisherbury,Wisconsin
2647,873,142,3,469.45,1408.35,2025-07-05,Delivered,Port Kennethville,Vermont
2648,423,77,4,40.52,162.08,2024-12-24,Shipped,South Glendafurt,Maryland
2649,887,45,4,25.64,102.56,2025-02-03,Delivered,Ianside,Rhode Island
2650,138,180,6,32.39,194.34,2024-03-17,Delivered,Amandahaven,Nebraska
2651,417,109,2,321.21,642.42,2024-08-18,Delivered,Nicholasside,Alaska
2652,600,65,1,7.18,7.18,2025-12-10,Returned,Grantshire,Montana
2653,887,58,2,133.46,266.92,2025-05-23,Delivered,Ianside,Rhode Island
2654,50,37,2,27.38,54.76,2025-07-15,Delivered,Daughertyfort,Virginia
2655,548,185,2,1128.38,2256.76,2024-07-04,Delivered,East Jacqueline,New Hampshire
2656,473,46,3,39.3,117.9,2025-01-05,Delivered,Frederickstad,Kansas
2657,261,177,3,135.85,407.55,2024-06-22,Delivered,South Christopherstad,North Carolina
2658,683,98,1,171.77,171.77,2024-06-23,Delivered,New Jennifer,Wisconsin
2659,102,37,3,27.38,82.14,2025-12-07,Delivered,Keithport,Oregon
2660,683,32,1,112.27,112.27,2025-08-20,Delivered,New Jennifer,Wisconsin
2661,402,21,5,21.74,108.7,2025-11-27,Delivered,West Jameston,Indiana
2662,67,148,3,293.38,880.14,2025-08-07,Delivered,Charlesburgh,Tennessee
2663,60,54,4,66.84,267.36,2024-07-20,Delivered,Lisatown,Missouri
2664,59,116,2,146.15,292.3,2024-06-28,Delivered,Sandovalshire,Iowa
2665,530,74,1,417.08,417.08,2025-10-25,Delivered,Hollyfurt,Wisconsin
2666,254,85,2,669.8,0.0,2025-01-10,Cancelled,New Christine,Virginia
2667,466,77,1,40.52,40.52,2025-12-17,Returned,Hollowayfort,Colorado
2668,27,165,2,118.26,236.52,2025-06-10,Delivered,Codymouth,Alabama
2669,605,53,4,53.04,212.16,2025-01-23,Shipped,New Kenneth,Connecticut
2670,382,83,2,129.45,258.9,2024-06-06,Delivered,Sandyborough,Arkansas
2671,43,63,2,155.85,311.7,2025-10-02,Delivered,Phillipsstad,Oregon
2672,150,152,4,69.34,277.36,2025-07-05,Delivered,Owensview,Florida
2673,663,137,1,109.87,109.87,2025-06-21,Shipped,West Dianeport,Alabama
2674,148,59,6,5.75,34.5,2025-11-30,Delivered,Schroederfurt,Indiana
2675,207,23,1,90.2,90.2,2024-09-27,Shipped,Valerieview,Idaho
2676,338,6,2,98.09,196.18,2025-11-18,Delivered,Kellyberg,South Dakota
2677,639,155,3,61.98,185.94,2025-12-20,Delivered,Ronaldborough,North Carolina
2678,316,63,1,155.85,155.85,2025-11-03,Delivered,Masseyville,Maine
2679,984,16,2,48.77,97.54,2025-02-05,Delivered,Nathanside,Maryland
2680,370,175,1,88.86,88.86,2025-06-28,Delivered,Jonesmouth,Washington
2681,358,126,3,24.66,73.98,2025-07-16,Delivered,Matthewview,West Virginia
2682,678,158,1,1511.23,1511.23,2025-11-13,Delivered,Karenborough,Missouri
2683,525,138,4,20.13,80.52,2024-07-28,Shipped,Jacksonmouth,Ohio
2684,219,118,3,280.69,842.07,2024-01-21,Delivered,South Kevin,New Hampshire
2685,366,177,3,135.85,407.55,2025-10-26,Delivered,Lake Mark,New Hampshire
2686,265,61,1,83.9,83.9,2025-09-19,Delivered,Owenschester,Rhode Island
2687,159,143,4,50.45,201.8,2025-05-21,Delivered,Brownfort,Georgia
2688,611,13,4,67.98,271.92,2024-07-22,Shipped,New Johnfurt,Ohio
2689,524,84,1,121.98,121.98,2025-05-20,Shipped,Quinnchester,Idaho
2690,896,169,1,171.62,171.62,2024-12-26,Delivered,West Timothystad,Michigan
2691,813,159,1,144.57,0.0,2024-12-25,Cancelled,West Michaelville,Virginia
2692,711,91,6,16.92,101.52,2025-06-28,Delivered,North Henry,Kansas
2693,301,127,2,117.98,235.96,2024-06-23,Delivered,Joshuachester,Michigan
2694,497,183,2,5.03,10.06,2024-03-20,Delivered,West Sara,Georgia
2695,411,118,3,280.69,842.07,2025-01-01,Delivered,Carolineton,Maine
2696,654,155,1,61.98,61.98,2025-11-28,Delivered,New Breanna,Michigan
2697,595,189,1,1293.61,1293.61,2024-05-31,Delivered,Maciasside,Idaho
2698,965,144,2,48.66,97.32,2024-09-16,Delivered,East Mary,Mississippi
2699,58,102,3,16.02,48.06,2025-10-25,Delivered,Christopherbury,Wisconsin
2700,900,134,4,61.51,246.04,2024-05-23,Shipped,Port Grantfurt,Ohio
2701,242,98,1,171.77,171.77,2025-02-27,Delivered,Port Melissa,Florida
2702,209,81,2,221.79,443.58,2025-12-29,Delivered,Port Joel,Vermont
2703,236,5,1,225.2,225.2,2025-10-31,Delivered,Hannahtown,Florida
2704,687,136,5,52.07,260.35,2025-05-27,Delivered,South Jordan,North Carolina
2705,813,152,4,69.34,277.36,2024-09-07,Delivered,West Michaelville,Virginia
2706,634,91,1,16.92,16.92,2024-12-10,Delivered,Whitemouth,Vermont
2707,900,67,3,109.42,328.26,2024-04-30,Delivered,Port Grantfurt,Ohio
2708,314,49,2,53.93,107.86,2024-06-17,Delivered,South Jamie,Wyoming
2709,603,90,1,780.14,780.14,2025-12-21,Delivered,Lake Gilbert,Illinois
2710,275,30,5,58.18,290.9,2025-04-05,Processing,Robbinsville,Delaware
2711,886,193,1,99.73,99.73,2025-02-11,Delivered,East Kayleetown,Wyoming
2712,641,185,1,1128.38,1128.38,2025-03-29,Delivered,Priceland,Rhode Island
2713,418,156,3,136.11,408.33,2024-06-17,Shipped,North Melodyville,Iowa
2714,848,149,3,86.32,258.96,2024-12-10,Delivered,Port Maryside,Wyoming
2715,778,159,4,144.57,578.28,2024-06-20,Delivered,Lake Alyssaville,Alaska
2716,304,186,4,27.47,109.88,2025-04-21,Delivered,North Jennifer,South Dakota
2717,773,47,4,72.54,290.16,2024-01-25,Delivered,West Cherylmouth,New Hampshire
2718,889,129,3,156.82,0.0,2025-03-17,Cancelled,Michaelshire,Florida
2719,765,143,1,50.45,50.45,2024-05-21,Delivered,North Christopher,Oklahoma
2720,209,68,1,115.79,115.79,2024-08-03,Delivered,Port Joel,Vermont
2721,781,170,5,60.94,304.7,2025-02-14,Delivered,North Adam,Alabama
2722,538,123,2,120.25,240.5,2025-10-29,Delivered,Port Tiffany,Ohio
2723,642,145,1,238.69,238.69,2024-08-10,Delivered,Aaronton,Tennessee
2724,655,91,2,16.92,0.0,2024-07-05,Cancelled,Hubbardport,North Dakota
2725,236,34,2,264.74,529.48,2025-09-19,Delivered,Hannahtown,Florida
2726,659,11,1,20.71,20.71,2024-05-17,Delivered,East Josemouth,Alaska
2727,664,143,2,50.45,100.9,2024-05-22,Delivered,East Michaelborough,Connecticut
2728,395,124,1,253.0,253.0,2025-09-05,Shipped,South Theresa,Maryland
2729,677,114,1,22.89,0.0,2025-05-26,Cancelled,Matthewmouth,Nebraska
2730,134,35,1,486.1,486.1,2025-04-12,Delivered,New Joshua,Texas
2731,101,98,1,171.77,171.77,2025-01-26,Processing,Kathleenburgh,South Dakota
2732,174,113,3,158.59,475.77,2025-09-01,Delivered,Port Michaelville,Arkansas
2733,503,86,4,86.29,345.16,2024-08-31,Delivered,Mitchellbury,Vermont
2734,543,106,2,1067.66,2135.32,2024-09-23,Delivered,East Pamela,North Dakota
2735,748,49,3,53.93,161.79,2025-03-13,Shipped,Kathleenport,Delaware
2736,575,121,3,114.49,343.47,2025-03-18,Delivered,Danielton,Idaho
2737,546,9,2,94.81,189.62,2025-07-05,Delivered,Jasontown,Hawaii
2738,925,198,1,28.18,28.18,2025-03-25,Shipped,Christopherside,Florida
2739,560,158,2,1511.23,3022.46,2025-07-08,Delivered,New Mary,Louisiana
2740,407,4,2,263.55,527.1,2024-09-13,Shipped,South Lindsaymouth,Wisconsin
2741,535,91,2,16.92,0.0,2025-02-13,Cancelled,East Paulstad,Wisconsin
2742,70,145,1,238.69,238.69,2025-06-10,Delivered,Mclaughlinside,Washington
2743,402,155,2,61.98,123.96,2024-07-29,Delivered,West Jameston,Indiana
2744,453,11,1,20.71,20.71,2024-08-21,Delivered,Rachelberg,Alabama
2745,9,3,2,7.36,14.72,2024-05-05,Returned,East Samanthaborough,Kentucky
2746,210,71,2,117.87,235.74,2025-07-17,Shipped,Port Jonathanshire,Utah
2747,749,57,2,1165.65,0.0,2024-11-08,Cancelled,Tarachester,West Virginia
2748,924,134,3,61.51,184.53,2024-07-24,Delivered,Jeffreyville,Missouri
2749,771,84,2,121.98,243.96,2025-04-23,Returned,Lake Gregory,Texas
2750,69,50,1,107.82,107.82,2024-06-21,Delivered,Elizabethberg,Washington
2751,696,41,2,1133.32,2266.64,2025-07-09,Delivered,West Brianshire,Idaho
2752,12,37,2,27.38,54.76,2025-09-07,Delivered,Port Johnmouth,North Dakota
2753,955,140,1,93.97,93.97,2025-06-06,Shipped,Brockbury,Georgia
2754,520,165,3,118.26,354.78,2024-10-25,Delivered,South Michaeltown,Connecticut
2755,647,23,4,90.2,360.8,2025-09-16,Shipped,North Jessica,Nevada
2756,943,50,3,107.82,0.0,2024-05-02,Cancelled,Port Amanda,Pennsylvania
2757,165,132,1,21.5,21.5,2024-04-20,Delivered,West Paulburgh,Nevada
2758,385,33,1,32.17,32.17,2025-05-19,Delivered,Rebekahville,Nevada
2759,1000,134,3,61.51,184.53,2025-02-06,Delivered,East Jessica,New Mexico
2760,550,61,3,83.9,251.7,2024-01-14,Delivered,South Anthonystad,South Dakota
2761,209,56,2,738.0,1476.0,2024-02-01,Shipped,Port Joel,Vermont
2762,988,192,2,5.42,10.84,2024-08-29,Processing,Natalieberg,Washington
2763,549,105,3,31.98,95.94,2025-04-07,Processing,North Rachelberg,South Carolina
2764,357,125,2,192.15,384.3,2025-06-27,Delivered,Donnaland,Arkansas
2765,20,94,1,73.18,73.18,2025-10-27,Delivered,Lake Lisa,Michigan
2766,539,125,4,192.15,768.6,2024-01-22,Shipped,Port Bradley,Ohio
2767,967,23,2,90.2,0.0,2024-08-22,Cancelled,Lake Davidberg,Nevada
2768,275,8,1,126.03,126.03,2024-02-07,Delivered,Robbinsville,Delaware
2769,316,37,4,27.38,109.52,2025-04-20,Delivered,Masseyville,Maine
2770,488,180,1,32.39,32.39,2025-06-20,Delivered,East Erikafort,Rhode Island
2771,115,69,5,96.69,483.45,2024-04-26,Delivered,Carlaton,Hawaii
2772,520,10,4,6.76,0.0,2025-03-14,Cancelled,South Michaeltown,Connecticut
2773,802,192,11,5.42,59.62,2024-12-13,Delivered,Smithside,Arkansas
2774,468,74,2,417.08,834.16,2024-02-03,Delivered,West Juliachester,Idaho
2775,430,28,3,18.59,55.77,2025-03-18,Returned,New Ralph,Wisconsin
2776,633,93,2,1518.29,3036.58,2025-09-30,Delivered,Sarahmouth,South Carolina
2777,81,179,2,76.57,153.14,2025-10-07,Delivered,Rileymouth,West Virginia
2778,819,50,3,107.82,0.0,2024-11-23,Cancelled,New Tiffany,Virginia
2779,71,47,2,72.54,145.08,2024-09-28,Shipped,Patriciaside,Maine
2780,889,78,1,27.87,27.87,2025-08-10,Delivered,Michaelshire,Florida
2781,664,116,1,146.15,0.0,2024-07-31,Cancelled,East Michaelborough,Connecticut
2782,359,146,5,6.95,34.75,2025-04-19,Delivered,Townsendtown,Oregon
2783,147,188,9,35.05,315.45,2025-05-26,Delivered,New Brittanymouth,Michigan
2784,914,143,2,50.45,100.9,2024-10-09,Delivered,West Anthony,Maine
2785,190,168,2,214.69,429.38,2024-01-02,Delivered,Lake Dillon,North Dakota
2786,843,98,1,171.77,171.77,2024-09-27,Delivered,East Joshua,Virginia
2787,731,154,2,341.24,682.48,2025-02-15,Delivered,North Sarahton,Alaska
2788,554,146,5,6.95,34.75,2024-05-01,Delivered,Haaschester,Arkansas
2789,738,48,1,82.31,82.31,2024-12-22,Shipped,Shawnmouth,Florida
2790,549,22,4,192.65,0.0,2025-03-27,Cancelled,North Rachelberg,South Carolina
2791,467,173,6,31.1,186.6,2024-01-18,Delivered,North Feliciashire,Wisconsin
2792,210,10,1,6.76,6.76,2025-01-23,Delivered,Port Jonathanshire,Utah
2793,545,185,2,1128.38,2256.76,2024-03-24,Delivered,Port Anthonyfurt,Georgia
2794,426,54,3,66.84,200.52,2025-09-12,Processing,Andrewberg,California
2795,811,181,1,187.56,187.56,2024-01-13,Delivered,North Matthew,Mississippi
2796,387,8,3,126.03,378.09,2025-06-22,Delivered,Curtiston,Rhode Island
2797,244,107,3,56.79,170.37,2025-08-25,Delivered,South Oliviatown,Tennessee
2798,808,59,2,5.75,11.5,2025-01-03,Processing,Lake Jessicatown,Rhode Island
2799,238,124,3,253.0,759.0,2025-06-14,Delivered,Russellton,Minnesota
2800,758,179,3,76.57,229.71,2025-11-26,Delivered,New Davidmouth,Utah
2801,243,145,2,238.69,477.38,2025-12-24,Delivered,East Dean,New York
2802,584,43,2,377.86,755.72,2025-06-22,Delivered,Sanchezberg,New Hampshire
2803,897,2,3,97.3,291.9,2024-10-08,Delivered,Port Bradshire,Maine
2804,275,102,3,16.02,48.06,2025-11-28,Shipped,Robbinsville,Delaware
2805,12,195,12,2.19,26.28,2024-11-30,Delivered,Port Johnmouth,North Dakota
2806,237,156,2,136.11,0.0,2025-12-20,Cancelled,New Lauraton,Georgia
2807,740,18,5,12.0,60.0,2024-10-15,Delivered,Port Patricia,North Carolina
2808,306,167,2,133.62,267.24,2025-03-20,Delivered,Port Kimberlyton,Indiana
2809,2,2,5,97.3,486.5,2024-11-13,Shipped,Port Lawrence,Nebraska
2810,747,2,2,97.3,194.6,2025-09-01,Shipped,Bassville,Texas
2811,484,186,6,27.47,164.82,2025-01-26,Delivered,Loganport,Wyoming
2812,402,164,4,196.76,787.04,2024-04-23,Delivered,West Jameston,Indiana
2813,882,117,1,23.92,23.92,2024-03-16,Delivered,East Shannonton,Tennessee
2814,745,181,1,187.56,187.56,2025-08-02,Delivered,Lake James,Arizona
2815,477,8,1,126.03,126.03,2025-07-09,Delivered,Hortonmouth,Texas
2816,656,177,2,135.85,271.7,2025-12-22,Delivered,Lake Alan,Georgia
2817,967,137,2,109.87,219.74,2024-08-19,Delivered,Lake Davidberg,Nevada
2818,694,102,1,16.02,16.02,2025-09-22,Shipped,Brownmouth,Kansas
2819,969,190,2,655.22,1310.44,2025-06-13,Delivered,Port Richard,New Jersey
2820,700,100,3,272.84,818.52,2024-06-12,Delivered,Singhtown,Georgia
2821,415,45,3,25.64,76.92,2024-05-20,Returned,Kevinberg,Connecticut
2822,51,18,4,12.0,48.0,2024-09-27,Delivered,Dunnmouth,Georgia
2823,421,143,1,50.45,50.45,2024-05-10,Delivered,Jonesberg,Kansas
2824,357,57,2,1165.65,2331.3,2025-02-06,Processing,Donnaland,Arkansas
2825,737,128,3,89.87,269.61,2024-09-30,Delivered,Lake Christopherfort,New Mexico
2826,401,131,6,28.16,168.96,2025-02-24,Delivered,New Erik,New York
2827,831,138,5,20.13,100.65,2025-05-23,Delivered,Davidchester,Iowa
2828,3,26,2,32.0,64.0,2024-04-11,Delivered,East Rubenview,Connecticut
2829,822,131,5,28.16,140.8,2024-11-05,Delivered,Kentton,Maryland
2830,183,98,2,171.77,343.54,2025-06-22,Delivered,West Lisaburgh,New Jersey
2831,207,155,2,61.98,123.96,2025-07-13,Processing,Valerieview,Idaho
2832,462,130,1,825.68,825.68,2025-03-09,Delivered,Edwardsborough,Kentucky
2833,911,49,3,53.93,161.79,2025-12-14,Delivered,Audreyville,Georgia
2834,423,23,1,90.2,90.2,2025-01-09,Delivered,South Glendafurt,Maryland
2835,538,125,3,192.15,576.45,2024-07-03,Delivered,Port Tiffany,Ohio
2836,245,31,9,29.73,267.57,2025-08-18,Delivered,West Robertton,Kentucky
2837,508,159,1,144.57,144.57,2024-07-03,Delivered,Bushchester,Arizona
2838,992,184,1,151.44,151.44,2025-05-29,Delivered,New Jacqueline,Connecticut
2839,79,187,3,46.53,139.59,2025-04-12,Delivered,Whitestad,Oregon
2840,851,135,2,17.94,35.88,2024-07-14,Shipped,Marcusstad,Wisconsin
2841,411,141,2,371.58,743.16,2025-06-27,Delivered,Carolineton,Maine
2842,710,71,3,117.87,353.61,2025-08-12,Delivered,West Kelseytown,Nevada
2843,516,78,1,27.87,0.0,2024-10-15,Cancelled,Stewartside,Wisconsin
2844,899,55,1,136.93,136.93,2025-06-29,Delivered,North Tina,Idaho
2845,846,104,3,43.38,130.14,2024-11-15,Delivered,Lovemouth,Kansas
2846,947,141,3,371.58,1114.74,2024-05-18,Delivered,Hensonland,Arkansas
2847,520,38,1,115.17,0.0,2024-09-08,Cancelled,South Michaeltown,Connecticut
2848,516,72,4,171.7,686.8,2025-06-30,Returned,Stewartside,Wisconsin
2849,360,6,1,98.09,0.0,2024-06-30,Cancelled,Alvarezfurt,Kentucky
2850,65,91,1,16.92,16.92,2025-08-03,Delivered,West Jasonview,West Virginia
2851,534,103,2,324.51,649.02,2024-03-04,Delivered,Tinabury,New Hampshire
2852,10,180,3,32.39,97.17,2025-06-16,Delivered,Juliemouth,Wisconsin
2853,179,153,5,82.41,412.05,2024-03-09,Delivered,Laurafort,South Dakota
2854,88,82,2,102.58,205.16,2025-05-12,Delivered,Ryanberg,Oklahoma
2855,335,168,1,214.69,214.69,2025-01-29,Delivered,Whitebury,Illinois
2856,946,116,1,146.15,146.15,2025-12-17,Delivered,East Kelly,Maryland
2857,802,145,2,238.69,477.38,2025-06-08,Shipped,Smithside,Arkansas
2858,319,160,4,30.6,122.4,2024-07-30,Delivered,East Michael,Nebraska
2859,748,124,1,253.0,253.0,2024-06-08,Delivered,Kathleenport,Delaware
2860,454,125,4,192.15,768.6,2024-06-04,Delivered,Port Joshua,Indiana
2861,37,66,1,100.8,100.8,2025-10-02,Returned,Lake Justinview,Alabama
2862,673,114,4,22.89,91.56,2024-01-27,Shipped,West Jennifermouth,California
2863,479,74,3,417.08,1251.24,2024-05-13,Shipped,Moranside,Mississippi
2864,48,128,2,89.87,179.74,2025-12-11,Shipped,North Michelle,Alaska
2865,145,14,1,1392.16,1392.16,2025-12-10,Processing,West William,Michigan
2866,984,149,3,86.32,258.96,2025-12-06,Shipped,Nathanside,Maryland
2867,483,82,3,102.58,307.74,2024-01-02,Delivered,Monicaburgh,Minnesota
2868,344,92,1,31.83,31.83,2024-03-11,Delivered,Lindsayburgh,Utah
2869,399,169,1,171.62,171.62,2025-03-06,Delivered,South Donnafurt,New Jersey
2870,723,45,5,25.64,128.2,2025-01-16,Delivered,Alexanderview,Texas
2871,691,121,2,114.49,0.0,2024-12-03,Cancelled,Martinezville,Nebraska
2872,571,61,4,83.9,335.6,2025-05-19,Delivered,West Megan,Idaho
2873,6,113,2,158.59,317.18,2024-05-25,Delivered,Lake Stephen,Nevada
2874,981,119,2,299.58,599.16,2025-12-23,Delivered,Christinemouth,Georgia
2875,822,2,2,97.3,194.6,2024-05-19,Delivered,Kentton,Maryland
2876,597,189,1,1293.61,1293.61,2025-05-12,Delivered,South Robert,Colorado
2877,631,10,3,6.76,20.28,2025-11-07,Delivered,East Deborahview,West Virginia
2878,619,95,3,90.16,270.48,2024-01-27,Delivered,Austinville,South Dakota
2879,389,71,2,117.87,235.74,2024-04-08,Shipped,New Aliciaberg,Florida
2880,34,161,1,295.59,295.59,2025-02-04,Delivered,Vaughanmouth,Iowa
2881,540,55,1,136.93,136.93,2024-03-05,Delivered,Simmonsmouth,Wyoming
2882,293,100,3,272.84,818.52,2024-03-26,Shipped,Antoniobury,New Hampshire
2883,97,131,4,28.16,112.64,2025-02-21,Delivered,Campbellhaven,South Carolina
2884,417,2,1,97.3,97.3,2025-01-21,Delivered,Nicholasside,Alaska
2885,847,170,5,60.94,0.0,2024-03-21,Cancelled,Matthewfurt,New Jersey
2886,63,59,3,5.75,0.0,2025-09-09,Cancelled,Jaredborough,Washington
2887,297,136,2,52.07,104.14,2024-11-29,Delivered,Nguyenmouth,Minnesota
2888,314,143,3,50.45,151.35,2025-06-01,Delivered,South Jamie,Wyoming
2889,249,77,6,40.52,243.12,2025-08-06,Delivered,West Rebeccaburgh,Oregon
2890,822,168,2,214.69,0.0,2025-01-17,Cancelled,Kentton,Maryland
2891,897,200,3,35.55,106.65,2024-09-05,Returned,Port Bradshire,Maine
2892,661,143,4,50.45,201.8,2025-09-06,Delivered,North Patricia,Idaho
2893,279,116,1,146.15,146.15,2025-08-09,Delivered,Brandonside,Oklahoma
2894,163,179,4,76.57,306.28,2024-12-14,Delivered,Lake Josephhaven,California
2895,67,103,2,324.51,649.02,2025-11-05,Delivered,Charlesburgh,Tennessee
2896,935,56,1,738.0,738.0,2024-06-19,Returned,South Tracyville,Washington
2897,846,33,1,32.17,32.17,2025-05-26,Delivered,Lovemouth,Kansas
2898,978,125,1,192.15,192.15,2024-10-29,Shipped,South Jennifer,Hawaii
2899,481,169,4,171.62,686.48,2024-06-27,Delivered,South Phillipville,West Virginia
2900,723,60,3,242.61,727.83,2025-04-25,Returned,Alexanderview,Texas
2901,65,24,4,51.42,205.68,2025-07-21,Delivered,West Jasonview,West Virginia
2902,413,129,4,156.82,0.0,2025-05-18,Cancelled,Seanchester,Connecticut
2903,130,27,2,33.99,67.98,2024-09-20,Delivered,West Philip,Utah
2904,436,168,2,214.69,429.38,2024-03-19,Delivered,Port Jessicaport,Kansas
2905,346,92,3,31.83,95.49,2025-01-27,Delivered,Lake Jennifermouth,Maryland
2906,27,184,3,151.44,454.32,2024-05-09,Delivered,Codymouth,Alabama
2907,119,182,6,19.79,118.74,2024-12-02,Delivered,Isabelport,Ohio
2908,886,71,2,117.87,235.74,2025-03-22,Delivered,East Kayleetown,Wyoming
2909,616,32,3,112.27,336.81,2024-12-17,Delivered,Kennethton,Wyoming
2910,516,65,1,7.18,7.18,2025-07-28,Delivered,Stewartside,Wisconsin
2911,491,109,3,321.21,963.63,2025-04-22,Shipped,Markport,Wyoming
2912,161,71,1,117.87,117.87,2025-02-25,Shipped,Ashleehaven,Vermont
2913,118,151,1,1843.3,1843.3,2025-09-12,Delivered,South Cassidy,Louisiana
2914,154,174,4,39.88,159.52,2025-01-01,Delivered,Ortegafort,Virginia
2915,652,11,5,20.71,103.55,2025-06-09,Delivered,West Tracyberg,Georgia
2916,856,181,3,187.56,562.68,2024-06-24,Delivered,West Joel,Kansas
2917,575,136,4,52.07,208.28,2025-12-06,Delivered,Danielton,Idaho
2918,593,33,3,32.17,96.51,2025-03-02,Delivered,Lake Michael,Nebraska
2919,177,44,1,180.6,180.6,2024-09-04,Delivered,North Hannahland,Virginia
2920,977,54,1,66.84,66.84,2025-06-12,Delivered,Lake Candace,West Virginia
2921,551,84,1,121.98,121.98,2025-09-03,Delivered,Joseview,Arkansas
2922,538,91,3,16.92,50.76,2025-02-17,Shipped,Port Tiffany,Ohio
2923,376,106,2,1067.66,2135.32,2025-12-16,Delivered,Wellsmouth,Rhode Island
2924,696,133,3,57.39,172.17,2025-06-27,Delivered,West Brianshire,Idaho
2925,800,88,3,189.99,569.97,2025-04-06,Shipped,Perkinsport,Alabama
2926,273,122,2,20.47,40.94,2025-07-06,Processing,Lake Anthonyfort,Kansas
2927,225,108,1,92.71,92.71,2024-09-18,Delivered,West Timothy,Minnesota
2928,46,1,3,50.57,151.71,2025-06-25,Delivered,Joshuaside,Maine
2929,171,194,2,384.6,769.2,2025-09-01,Delivered,Chelseamouth,North Carolina
2930,944,84,2,121.98,243.96,2024-01-20,Processing,Martinezport,Mississippi
2931,490,31,4,29.73,118.92,2025-06-13,Shipped,Port Robertland,Idaho
2932,938,58,1,133.46,133.46,2024-06-06,Shipped,Mccannmouth,Delaware
2933,292,34,2,264.74,529.48,2025-12-24,Delivered,East Amanda,Rhode Island
2934,408,68,2,115.79,231.58,2025-06-11,Delivered,Christopherchester,Connecticut
2935,8,80,2,206.74,413.48,2024-11-28,Delivered,Port Christopherville,New Mexico
2936,797,34,1,264.74,264.74,2024-02-09,Delivered,Lake Margaretchester,Alaska
2937,234,189,1,1293.61,1293.61,2025-11-02,Delivered,Clarkhaven,Massachusetts
2938,785,54,4,66.84,267.36,2025-05-20,Delivered,New Erin,Wyoming
2939,934,5,1,225.2,225.2,2025-07-11,Delivered,Ballport,Nevada
2940,34,172,3,107.92,323.76,2024-04-12,Shipped,Vaughanmouth,Iowa
2941,809,65,4,7.18,28.72,2025-03-18,Shipped,New William,Oklahoma
2942,461,180,1,32.39,32.39,2025-09-27,Processing,New Theresaberg,Indiana
2943,23,34,3,264.74,794.22,2025-09-07,Shipped,Danielfort,Missouri
2944,467,162,5,99.85,499.25,2025-12-01,Shipped,North Feliciashire,Wisconsin
2945,671,142,3,469.45,1408.35,2025-07-04,Processing,Lake Ericchester,Washington
2946,823,157,2,21.39,42.78,2024-03-25,Delivered,Turnerbury,Pennsylvania
2947,826,183,3,5.03,15.09,2025-06-03,Delivered,Bryantport,North Dakota
2948,594,154,1,341.24,341.24,2024-12-14,Delivered,Garciaville,Pennsylvania
2949,608,118,2,280.69,561.38,2025-10-04,Shipped,Lake Amandaport,Florida
2950,523,47,1,72.54,72.54,2025-05-31,Delivered,West Davidshire,Ohio
2951,641,191,3,92.98,278.94,2025-01-16,Delivered,Priceland,Rhode Island
2952,561,34,3,264.74,794.22,2025-06-26,Processing,Lopezside,Oregon
2953,910,157,3,21.39,64.17,2024-12-23,Returned,Andrewside,Colorado
2954,328,101,2,23.21,46.42,2025-01-30,Delivered,Daughertymouth,Washington
2955,960,7,3,37.5,112.5,2024-05-16,Delivered,New Melissa,Delaware
2956,410,3,2,7.36,14.72,2025-06-14,Delivered,Nataliebury,Minnesota
2957,266,75,2,408.35,816.7,2025-08-05,Delivered,New Joseport,Virginia
2958,819,134,4,61.51,0.0,2025-06-26,Cancelled,New Tiffany,Virginia
2959,184,61,2,83.9,167.8,2024-02-04,Processing,West Robert,Illinois
2960,197,59,5,5.75,28.75,2024-03-03,Delivered,Rodriguezhaven,Wisconsin
2961,263,172,1,107.92,107.92,2025-12-18,Shipped,Michaelbury,Maryland
2962,14,80,1,206.74,206.74,2025-04-07,Shipped,Saraside,Connecticut
2963,56,28,1,18.59,18.59,2025-05-15,Processing,Matthewfort,Arizona
2964,574,78,5,27.87,0.0,2025-04-08,Cancelled,North Craigtown,Montana
2965,570,102,1,16.02,16.02,2024-10-10,Delivered,Jacobton,South Carolina
2966,159,52,1,95.66,95.66,2025-07-06,Shipped,Brownfort,Georgia
2967,198,10,4,6.76,27.04,2024-07-19,Delivered,East Wandaburgh,Maine
2968,826,163,1,91.43,0.0,2025-10-14,Cancelled,Bryantport,North Dakota
2969,210,190,2,655.22,1310.44,2025-04-16,Delivered,Port Jonathanshire,Utah
2970,482,185,1,1128.38,1128.38,2024-11-11,Delivered,West Scott,Georgia
2971,906,86,4,86.29,345.16,2025-03-26,Delivered,Woodston,Utah
2972,591,15,1,213.82,213.82,2025-04-03,Delivered,Richardtown,Alaska
2973,630,87,4,19.31,77.24,2025-09-27,Delivered,West Robertview,Massachusetts
2974,222,19,1,205.94,205.94,2025-06-11,Delivered,Marktown,Connecticut
2975,277,150,1,415.89,415.89,2024-11-16,Delivered,Fisherburgh,New Jersey
2976,388,153,5,82.41,412.05,2024-05-02,Delivered,Mossstad,Texas
2977,163,151,2,1843.3,3686.6,2025-12-11,Delivered,Lake Josephhaven,California
2978,104,46,2,39.3,78.6,2025-06-12,Delivered,South Henry,West Virginia
2979,760,189,2,1293.61,2587.22,2025-10-23,Delivered,New Manuel,Colorado
2980,760,9,4,94.81,379.24,2024-02-05,Shipped,New Manuel,Colorado
2981,157,97,2,28.08,56.16,2024-01-24,Delivered,Masseystad,Alaska
2982,467,170,5,60.94,304.7,2025-10-20,Delivered,North Feliciashire,Wisconsin
2983,562,95,5,90.16,450.8,2024-12-18,Delivered,Brandyland,Pennsylvania
2984,941,127,2,117.98,235.96,2024-04-17,Delivered,Audreyburgh,Massachusetts
2985,314,102,3,16.02,48.06,2025-05-14,Delivered,South Jamie,Wyoming
2986,888,28,2,18.59,37.18,2024-07-16,Delivered,Williamville,Wisconsin
2987,702,13,5,67.98,339.9,2025-04-01,Delivered,Port Sandramouth,Oklahoma
2988,275,33,5,32.17,160.85,2025-06-13,Shipped,Robbinsville,Delaware
2989,331,180,2,32.39,64.78,2025-03-24,Delivered,Lake Williamfort,Washington
2990,398,113,1,158.59,0.0,2024-05-01,Cancelled,Walkerhaven,Maine
2991,893,197,1,41.22,41.22,2025-09-07,Delivered,Rachelhaven,South Carolina
2992,104,199,5,91.79,458.95,2025-05-16,Shipped,South Henry,West Virginia
2993,500,154,2,341.24,682.48,2024-07-07,Shipped,Batesmouth,Indiana
2994,338,19,2,205.94,411.88,2025-10-30,Shipped,Kellyberg,South Dakota
2995,974,90,1,780.14,780.14,2024-07-20,Delivered,Morsehaven,Nevada
2996,357,71,3,117.87,353.61,2025-08-27,Delivered,Donnaland,Arkansas
2997,907,101,1,23.21,23.21,2024-08-18,Returned,Karatown,South Carolina
2998,977,55,1,136.93,136.93,2024-08-01,Delivered,Lake Candace,West Virginia
2999,92,85,1,669.8,0.0,2024-10-01,Cancelled,East Lisa,Minnesota
3000,768,107,4,56.79,227.16,2024-07-13,Delivered,West Joseph,Indiana
3001,735,187,1,46.53,46.53,2024-12-20,Shipped,Garciahaven,Idaho
3002,893,78,4,27.87,111.48,2025-04-03,Delivered,Rachelhaven,South Carolina
3003,569,123,1,120.25,120.25,2025-11-27,Shipped,Jonesport,Florida
3004,99,56,1,738.0,738.0,2024-04-10,Shipped,Port Dwayneborough,South Carolina
3005,963,47,3,72.54,217.62,2025-05-19,Delivered,Port Michaelshire,Wyoming
3006,63,79,3,35.4,106.2,2025-08-06,Delivered,Jaredborough,Washington
3007,12,9,4,94.81,379.24,2024-03-15,Delivered,Port Johnmouth,North Dakota
3008,90,125,3,192.15,576.45,2025-01-08,Delivered,North Teresaport,Georgia
3009,136,49,3,53.93,161.79,2024-12-30,Delivered,Lake Sandra,Washington
3010,590,66,2,100.8,201.6,2024-11-08,Delivered,Michelleland,North Dakota
3011,442,194,2,384.6,769.2,2024-12-02,Shipped,Keithside,New Hampshire
3012,568,97,3,28.08,84.24,2025-11-28,Delivered,Leebury,West Virginia
3013,984,176,2,39.64,79.28,2025-09-26,Delivered,Nathanside,Maryland
3014,219,135,5,17.94,89.7,2024-03-25,Delivered,South Kevin,New Hampshire
3015,246,12,2,182.65,365.3,2025-05-16,Delivered,Abigailstad,South Dakota
3016,391,193,5,99.73,498.65,2024-07-28,Delivered,Morenofurt,Minnesota
3017,617,181,3,187.56,562.68,2025-02-10,Delivered,Larsonbury,Georgia
3018,897,99,7,23.4,163.8,2024-12-10,Delivered,Port Bradshire,Maine
3019,621,84,3,121.98,0.0,2025-01-13,Cancelled,Christophermouth,Connecticut
3020,518,175,5,88.86,444.3,2025-10-17,Delivered,Lake David,New York
3021,446,185,1,1128.38,1128.38,2024-08-10,Delivered,Steventown,South Carolina
3022,503,168,2,214.69,429.38,2024-09-14,Shipped,Mitchellbury,Vermont
3023,610,61,3,83.9,251.7,2024-02-21,Delivered,South Davidborough,North Carolina
3024,671,153,4,82.41,329.64,2025-02-20,Delivered,Lake Ericchester,Washington
3025,455,107,1,56.79,56.79,2024-10-04,Delivered,Meganfort,Kentucky
3026,632,182,4,19.79,79.16,2024-11-17,Processing,Amandabury,Idaho
3027,776,185,1,1128.38,1128.38,2024-07-15,Delivered,West Gerald,Colorado
3028,715,56,2,738.0,1476.0,2025-03-21,Delivered,Andreabury,Minnesota
3029,326,114,5,22.89,114.45,2024-09-27,Delivered,Port Angela,Virginia
3030,895,27,4,33.99,135.96,2025-07-24,Delivered,Danashire,Minnesota
3031,651,144,6,48.66,291.96,2025-08-16,Delivered,East Alexandra,Idaho
3032,144,157,2,21.39,42.78,2025-12-03,Delivered,Tonytown,Maryland
3033,913,87,1,19.31,19.31,2024-03-19,Delivered,East Joseph,New Jersey
3034,563,5,2,225.2,0.0,2025-02-09,Cancelled,West Jennifer,Florida
3035,878,53,3,53.04,159.12,2025-02-26,Delivered,Port Christopher,Missouri
3036,29,179,2,76.57,153.14,2024-12-08,Delivered,Joyceview,Minnesota
3037,662,51,4,20.77,83.08,2025-05-02,Delivered,East Casey,Alaska
3038,596,133,1,57.39,57.39,2024-02-19,Shipped,Port Melissamouth,Massachusetts
3039,150,43,1,377.86,377.86,2025-05-31,Delivered,Owensview,Florida
3040,194,163,2,91.43,182.86,2025-12-22,Shipped,North Ryan,Minnesota
3041,545,4,1,263.55,0.0,2024-01-20,Cancelled,Port Anthonyfurt,Georgia
3042,838,43,1,377.86,377.86,2025-01-18,Shipped,East Kelly,Colorado
3043,14,169,2,171.62,343.24,2024-02-29,Delivered,Saraside,Connecticut
3044,760,48,4,82.31,329.24,2025-05-09,Delivered,New Manuel,Colorado
3045,193,143,2,50.45,100.9,2024-05-05,Delivered,East Barbara,North Dakota
3046,520,61,4,83.9,335.6,2025-07-16,Delivered,South Michaeltown,Connecticut
3047,825,4,3,263.55,790.65,2024-02-08,Processing,Karenville,Texas
3048,469,91,5,16.92,84.6,2024-03-18,Processing,West Beth,New Jersey
3049,455,185,1,1128.38,1128.38,2025-05-04,Delivered,Meganfort,Kentucky
3050,926,74,3,417.08,1251.24,2024-04-29,Shipped,Alejandroville,Mississippi
3051,115,111,3,292.45,877.35,2024-07-26,Shipped,Carlaton,Hawaii
3052,70,106,1,1067.66,1067.66,2025-06-07,Shipped,Mclaughlinside,Washington
3053,422,6,1,98.09,98.09,2025-06-02,Delivered,Williambury,Wyoming
3054,427,118,2,280.69,561.38,2024-12-22,Delivered,South Brianview,Wyoming
3055,920,54,5,66.84,334.2,2024-07-16,Delivered,Jennaport,Nebraska
3056,750,195,6,2.19,13.14,2024-12-19,Delivered,Port Thomasmouth,New Mexico
3057,401,85,2,669.8,1339.6,2025-03-19,Delivered,New Erik,New York
3058,164,53,6,53.04,318.24,2025-11-01,Delivered,East Grant,Washington
3059,623,112,5,72.13,360.65,2024-05-17,Delivered,East Anthony,Oklahoma
3060,403,33,4,32.17,128.68,2025-07-22,Delivered,Abigailfurt,Arkansas
3061,639,26,9,32.0,288.0,2025-12-04,Delivered,Ronaldborough,North Carolina
3062,201,14,1,1392.16,1392.16,2024-07-04,Delivered,Port Kimberlyton,Minnesota
3063,417,168,2,214.69,429.38,2025-09-19,Delivered,Nicholasside,Alaska
3064,301,84,3,121.98,365.94,2024-06-28,Shipped,Joshuachester,Michigan
3065,379,185,2,1128.38,2256.76,2025-07-25,Delivered,West Adam,Alaska
3066,573,150,1,415.89,415.89,2024-03-29,Delivered,Craigton,Montana
3067,146,40,3,13.32,39.96,2025-11-21,Delivered,New Mitchell,Rhode Island
3068,600,151,2,1843.3,3686.6,2025-06-22,Delivered,Grantshire,Montana
3069,321,176,1,39.64,39.64,2025-09-03,Delivered,Port Nicholestad,Hawaii
3070,736,149,1,86.32,86.32,2025-11-24,Delivered,Steventown,Florida
3071,21,171,3,41.02,123.06,2025-12-30,Shipped,Heidimouth,Kentucky
3072,381,77,2,40.52,81.04,2024-04-26,Processing,Johnsontown,North Carolina
3073,469,11,6,20.71,124.26,2025-05-08,Shipped,West Beth,New Jersey
3074,657,147,3,202.08,606.24,2024-04-25,Delivered,Josephfort,Hawaii
3075,478,83,2,129.45,258.9,2024-03-14,Delivered,West Chasestad,California
3076,205,101,3,23.21,69.63,2024-04-21,Shipped,Kristenfurt,Florida
3077,766,169,1,171.62,171.62,2025-08-20,Delivered,Jenniferfort,Kentucky
3078,232,91,12,16.92,203.04,2025-03-21,Returned,Ericshire,West Virginia
3079,399,162,5,99.85,499.25,2025-11-02,Delivered,South Donnafurt,New Jersey
3080,228,100,2,272.84,0.0,2025-06-09,Cancelled,Amberbury,Arizona
3081,243,36,1,24.13,24.13,2024-03-25,Shipped,East Dean,New York
3082,392,99,5,23.4,117.0,2025-08-24,Delivered,Mariafort,Alabama
3083,676,27,1,33.99,33.99,2024-03-10,Shipped,Georgeshire,Indiana
3084,142,31,1,29.73,29.73,2024-02-15,Shipped,Markchester,Idaho
3085,426,149,3,86.32,258.96,2024-03-15,Delivered,Andrewberg,California
3086,724,75,1,408.35,408.35,2024-08-07,Delivered,Joseberg,Massachusetts
3087,601,164,3,196.76,590.28,2024-04-10,Processing,Lake Courtneyfort,North Carolina
3088,873,132,1,21.5,21.5,2025-07-30,Delivered,Port Kennethville,Vermont
3089,608,24,4,51.42,205.68,2024-08-29,Returned,Lake Amandaport,Florida
3090,615,44,3,180.6,541.8,2024-12-04,Delivered,Jefferyville,Wyoming
3091,649,104,4,43.38,173.52,2024-06-19,Delivered,South Alejandro,Maine
3092,1000,88,1,189.99,189.99,2024-10-02,Returned,East Jessica,New Mexico
3093,887,60,1,242.61,242.61,2025-10-03,Delivered,Ianside,Rhode Island
3094,26,181,2,187.56,375.12,2025-11-29,Delivered,Port Corey,Maine
3095,515,192,2,5.42,10.84,2025-11-20,Delivered,Lake Larrymouth,Ohio
3096,988,52,3,95.66,286.98,2025-12-21,Processing,Natalieberg,Washington
3097,765,65,5,7.18,35.9,2025-03-23,Delivered,North Christopher,Oklahoma
3098,518,157,5,21.39,106.95,2024-05-28,Delivered,Lake David,New York
3099,933,99,1,23.4,23.4,2025-01-19,Delivered,Benjaminstad,Massachusetts
3100,680,187,3,46.53,139.59,2024-04-30,Delivered,New Julieland,Nevada
3101,383,151,1,1843.3,1843.3,2024-06-04,Delivered,New Amandaport,Georgia
3102,107,37,4,27.38,109.52,2025-01-23,Delivered,Patriciaville,Colorado
3103,135,143,1,50.45,50.45,2024-06-03,Delivered,East Ericshire,Nevada
3104,669,178,3,96.1,288.3,2024-07-04,Shipped,Lake Robert,Idaho
3105,107,151,2,1843.3,3686.6,2024-05-11,Delivered,Patriciaville,Colorado
3106,261,175,2,88.86,177.72,2025-07-29,Delivered,South Christopherstad,North Carolina
3107,3,45,5,25.64,128.2,2025-05-23,Delivered,East Rubenview,Connecticut
3108,390,78,12,27.87,334.44,2024-05-01,Delivered,Port Ronald,California
3109,48,87,3,19.31,57.93,2025-07-13,Delivered,North Michelle,Alaska
3110,271,87,2,19.31,0.0,2024-05-06,Cancelled,New Dylanberg,New York
3111,336,145,1,238.69,238.69,2024-06-30,Shipped,Romeroport,Georgia
3112,485,94,3,73.18,219.54,2025-04-29,Shipped,Travisville,Connecticut
3113,444,46,2,39.3,78.6,2025-03-22,Delivered,Edwardsview,South Dakota
3114,248,132,4,21.5,86.0,2024-12-30,Shipped,Lake David,New York
3115,149,111,1,292.45,292.45,2025-12-05,Delivered,Lake Kellyberg,Indiana
3116,142,43,2,377.86,755.72,2024-05-19,Delivered,Markchester,Idaho
3117,187,123,3,120.25,360.75,2025-11-24,Delivered,East Susan,South Dakota
3118,630,192,3,5.42,16.26,2024-10-15,Delivered,West Robertview,Massachusetts
3119,610,143,4,50.45,201.8,2024-07-01,Delivered,South Davidborough,North Carolina
3120,850,151,2,1843.3,3686.6,2024-01-13,Shipped,Lake Kiara,Oklahoma
3121,968,45,5,25.64,0.0,2024-02-24,Cancelled,North Spencer,North Carolina
3122,397,177,1,135.85,135.85,2024-11-18,Shipped,East Dennisland,Wyoming
3123,908,93,2,1518.29,3036.58,2025-06-27,Delivered,East Christopher,Colorado
3124,420,44,1,180.6,180.6,2025-07-16,Delivered,Barnettbury,Wisconsin
3125,534,54,3,66.84,200.52,2024-06-30,Delivered,Tinabury,New Hampshire
3126,498,27,1,33.99,33.99,2025-12-25,Delivered,East Evanshire,Alaska
3127,841,124,3,253.0,759.0,2025-05-05,Delivered,Steveton,Ohio
3128,393,183,8,5.03,40.24,2024-02-03,Delivered,Martinport,Massachusetts
3129,26,156,1,136.11,136.11,2024-07-15,Shipped,Port Corey,Maine
3130,695,25,2,71.4,142.8,2024-06-21,Processing,East Chadmouth,Virginia
3131,139,198,3,28.18,0.0,2024-08-04,Cancelled,Alimouth,Iowa
3132,590,16,3,48.77,146.31,2025-11-14,Delivered,Michelleland,North Dakota
3133,852,120,2,47.8,95.6,2025-02-15,Delivered,Pearsonmouth,Idaho
3134,798,183,12,5.03,60.36,2024-08-26,Delivered,South Cory,Nebraska
3135,678,50,1,107.82,107.82,2024-05-24,Shipped,Karenborough,Missouri
3136,129,14,2,1392.16,2784.32,2025-06-17,Delivered,East Melissaton,Nevada
3137,644,110,5,149.46,747.3,2024-06-21,Delivered,Douglaschester,Rhode Island
3138,563,185,1,1128.38,1128.38,2024-12-29,Delivered,West Jennifer,Florida
3139,478,160,4,30.6,122.4,2025-07-28,Delivered,West Chasestad,California
3140,748,126,1,24.66,24.66,2024-06-15,Delivered,Kathleenport,Delaware
3141,680,10,4,6.76,27.04,2025-01-23,Delivered,New Julieland,Nevada
3142,852,182,4,19.79,79.16,2024-07-15,Delivered,Pearsonmouth,Idaho
3143,660,172,1,107.92,107.92,2025-08-25,Delivered,East Courtneyberg,Utah
3144,642,159,3,144.57,0.0,2025-07-24,Cancelled,Aaronton,Tennessee
3145,312,127,4,117.98,0.0,2025-12-23,Cancelled,North Jonathanshire,Alabama
3146,377,8,2,126.03,252.06,2024-12-03,Delivered,Port Richard,Wyoming
3147,79,10,1,6.76,6.76,2025-11-17,Delivered,Whitestad,Oregon
3148,389,161,3,295.59,886.77,2024-03-07,Processing,New Aliciaberg,Florida
3149,417,90,2,780.14,1560.28,2024-05-09,Delivered,Nicholasside,Alaska
3150,125,2,2,97.3,194.6,2025-08-15,Processing,West Daniellemouth,New Mexico
3151,104,15,3,213.82,0.0,2025-12-28,Cancelled,South Henry,West Virginia
3152,361,47,1,72.54,72.54,2024-07-14,Delivered,Mccoyton,Michigan
3153,493,67,4,109.42,437.68,2025-03-19,Delivered,Kellybury,Nebraska
3154,567,176,3,39.64,118.92,2024-11-18,Delivered,Reneebury,Montana
3155,393,193,4,99.73,398.92,2025-06-26,Delivered,Martinport,Massachusetts
3156,885,3,3,7.36,22.08,2024-08-21,Delivered,Antonioland,Maine
3157,709,40,3,13.32,39.96,2024-06-01,Delivered,Martinezshire,Nevada
3158,988,114,3,22.89,68.67,2024-02-29,Delivered,Natalieberg,Washington
3159,114,163,2,91.43,182.86,2025-08-14,Delivered,North Christopherstad,Georgia
3160,597,71,3,117.87,353.61,2024-02-06,Processing,South Robert,Colorado
3161,207,18,3,12.0,36.0,2025-06-09,Delivered,Valerieview,Idaho
3162,130,15,1,213.82,213.82,2025-12-29,Shipped,West Philip,Utah
3163,997,64,1,701.02,0.0,2025-09-20,Cancelled,Myersstad,Tennessee
3164,525,13,2,67.98,135.96,2024-11-19,Delivered,Jacksonmouth,Ohio
3165,932,14,2,1392.16,2784.32,2025-09-29,Shipped,Lake Cassandra,Indiana
3166,105,1,1,50.57,50.57,2025-10-21,Returned,East Jenniferborough,Texas
3167,31,164,4,196.76,0.0,2024-10-20,Cancelled,East Cherylfurt,New Hampshire
3168,711,130,1,825.68,825.68,2024-07-10,Delivered,North Henry,Kansas
3169,7,144,7,48.66,340.62,2025-12-24,Delivered,Kylefort,Washington
3170,900,133,1,57.39,57.39,2025-11-28,Delivered,Port Grantfurt,Ohio
3171,830,103,1,324.51,324.51,2024-04-24,Delivered,Jasonberg,Hawaii
3172,46,176,1,39.64,39.64,2025-11-28,Processing,Joshuaside,Maine
3173,168,167,2,133.62,267.24,2025-10-12,Processing,Oconnorstad,Oregon
3174,576,61,4,83.9,335.6,2025-02-22,Returned,East Michael,Louisiana
3175,903,35,2,486.1,972.2,2024-01-23,Shipped,North Raymondton,Wyoming
3176,456,184,3,151.44,454.32,2025-08-05,Delivered,Reidhaven,Florida
3177,79,111,1,292.45,292.45,2025-12-07,Delivered,Whitestad,Oregon
3178,883,36,3,24.13,0.0,2024-05-07,Cancelled,West Erinville,Vermont
3179,47,117,3,23.92,71.76,2024-10-30,Delivered,West Matthewburgh,South Dakota
3180,664,142,1,469.45,469.45,2025-03-08,Returned,East Michaelborough,Connecticut
3181,126,122,1,20.47,20.47,2025-09-12,Delivered,Seanview,Iowa
3182,59,49,2,53.93,107.86,2025-11-10,Delivered,Sandovalshire,Iowa
3183,719,140,5,93.97,469.85,2024-03-06,Delivered,New Ravenmouth,Missouri
3184,901,109,1,321.21,321.21,2025-03-11,Delivered,West Lori,New Mexico
3185,160,7,4,37.5,0.0,2024-11-06,Cancelled,Lake Luis,Texas
3186,706,103,3,324.51,973.53,2025-04-20,Shipped,North Yvonne,Arizona
3187,256,135,5,17.94,89.7,2025-01-10,Delivered,Erikview,Vermont
3188,804,11,3,20.71,62.13,2025-07-25,Delivered,Charlesville,Louisiana
3189,528,155,4,61.98,247.92,2025-11-28,Delivered,South Christopher,Pennsylvania
3190,996,101,3,23.21,69.63,2025-01-06,Delivered,Buckhaven,Ohio
3191,932,163,2,91.43,182.86,2025-08-17,Delivered,Lake Cassandra,Indiana
3192,226,98,2,171.77,343.54,2025-11-03,Shipped,Michellemouth,Virginia
3193,324,99,9,23.4,210.6,2024-02-04,Delivered,Wagnerville,North Dakota
3194,180,148,1,293.38,293.38,2024-07-17,Returned,East Kimberly,Alabama
3195,299,126,2,24.66,49.32,2024-02-09,Delivered,Taylorbury,California
3196,915,192,3,5.42,16.26,2025-12-07,Delivered,Calhounchester,Delaware
3197,19,167,1,133.62,133.62,2025-06-04,Processing,East Whitneyborough,Connecticut
3198,502,33,1,32.17,32.17,2025-09-17,Delivered,Lake Andrewland,Wyoming
3199,599,40,4,13.32,53.28,2024-06-11,Delivered,Jamieland,Ohio
3200,326,16,3,48.77,146.31,2024-10-13,Processing,Port Angela,Virginia
3201,302,139,1,48.17,48.17,2024-10-27,Shipped,East Marciaside,Texas
3202,893,77,6,40.52,243.12,2025-08-19,Delivered,Rachelhaven,South Carolina
3203,855,103,1,324.51,324.51,2025-01-25,Delivered,Reyeshaven,Pennsylvania
3204,564,182,6,19.79,118.74,2024-04-23,Delivered,Stokeschester,Minnesota
3205,16,131,6,28.16,168.96,2025-03-19,Delivered,Stokesfort,Montana
3206,925,31,1,29.73,29.73,2025-09-04,Shipped,Christopherside,Florida
3207,682,92,5,31.83,0.0,2024-10-21,Cancelled,Christopherview,Connecticut
3208,972,65,2,7.18,14.36,2024-06-17,Delivered,Charlesbury,Massachusetts
3209,511,198,1,28.18,28.18,2024-09-15,Delivered,Jasonshire,Rhode Island
3210,967,92,6,31.83,190.98,2024-12-03,Delivered,Lake Davidberg,Nevada
3211,28,77,2,40.52,81.04,2024-06-16,Delivered,Lake Roberthaven,Delaware
3212,48,46,2,39.3,78.6,2025-02-22,Returned,North Michelle,Alaska
3213,90,183,6,5.03,30.18,2024-10-05,Delivered,North Teresaport,Georgia
3214,158,187,3,46.53,139.59,2025-05-16,Delivered,Brettbury,South Dakota
3215,983,16,4,48.77,0.0,2024-01-06,Cancelled,Friedmanmouth,South Carolina
3216,97,132,5,21.5,107.5,2025-11-26,Delivered,Campbellhaven,South Carolina
3217,100,100,2,272.84,545.68,2025-04-22,Shipped,New Steven,Alaska
3218,264,17,2,22.46,44.92,2024-01-22,Returned,North Georgetown,Washington
3219,85,62,1,331.56,331.56,2025-04-16,Delivered,Lake Charles,Missouri
3220,577,22,2,192.65,385.3,2025-08-20,Delivered,North Angelaland,California
3221,986,81,3,221.79,665.37,2024-07-25,Delivered,West Daniel,Rhode Island
3222,715,86,3,86.29,258.87,2024-07-02,Delivered,Andreabury,Minnesota
3223,858,14,2,1392.16,2784.32,2025-10-06,Delivered,North Maria,Arkansas
3224,951,129,1,156.82,156.82,2025-12-30,Delivered,Port Michelle,Missouri
3225,471,141,3,371.58,1114.74,2024-01-16,Delivered,Suzannemouth,Massachusetts
3226,82,122,3,20.47,61.41,2025-10-17,Delivered,Port Beth,Tennessee
3227,367,183,1,5.03,5.03,2024-12-15,Delivered,Lisaborough,South Dakota
3228,913,103,2,324.51,649.02,2024-12-27,Delivered,East Joseph,New Jersey
3229,28,79,2,35.4,70.8,2024-01-14,Processing,Lake Roberthaven,Delaware
3230,3,83,1,129.45,129.45,2025-12-26,Delivered,East Rubenview,Connecticut
3231,999,176,1,39.64,39.64,2024-01-04,Delivered,Lake Zacharyborough,Arizona
3232,174,178,3,96.1,288.3,2024-08-07,Delivered,Port Michaelville,Arkansas
3233,298,109,1,321.21,321.21,2025-11-30,Delivered,Garciatown,Texas
3234,808,109,2,321.21,642.42,2024-09-15,Delivered,Lake Jessicatown,Rhode Island
3235,357,138,3,20.13,60.39,2025-07-12,Delivered,Donnaland,Arkansas
3236,462,146,1,6.95,6.95,2024-01-11,Delivered,Edwardsborough,Kentucky
3237,985,14,2,1392.16,2784.32,2025-05-09,Delivered,West Sheliaton,Maryland
3238,28,11,6,20.71,124.26,2025-01-01,Processing,Lake Roberthaven,Delaware
3239,483,19,2,205.94,411.88,2025-02-12,Delivered,Monicaburgh,Minnesota
3240,554,124,1,253.0,253.0,2025-10-22,Delivered,Haaschester,Arkansas
3241,619,108,2,92.71,185.42,2024-11-19,Processing,Austinville,South Dakota
3242,390,176,2,39.64,79.28,2025-06-13,Delivered,Port Ronald,California
3243,778,194,2,384.6,769.2,2024-08-03,Shipped,Lake Alyssaville,Alaska
3244,67,55,2,136.93,273.86,2024-05-30,Delivered,Charlesburgh,Tennessee
3245,69,150,1,415.89,415.89,2024-12-29,Returned,Elizabethberg,Washington
3246,773,127,3,117.98,353.94,2024-11-03,Delivered,West Cherylmouth,New Hampshire
3247,232,31,4,29.73,118.92,2024-04-24,Shipped,Ericshire,West Virginia
3248,511,27,4,33.99,135.96,2024-07-02,Delivered,Jasonshire,Rhode Island
3249,737,180,1,32.39,32.39,2024-08-07,Delivered,Lake Christopherfort,New Mexico
3250,309,179,5,76.57,382.85,2025-07-10,Processing,Burkemouth,Tennessee
3251,588,30,2,58.18,116.36,2024-06-27,Shipped,Christinamouth,Missouri
3252,700,33,2,32.17,64.34,2024-05-06,Delivered,Singhtown,Georgia
3253,750,34,2,264.74,529.48,2025-02-26,Delivered,Port Thomasmouth,New Mexico
3254,349,1,2,50.57,101.14,2024-01-16,Delivered,Lake Theresa,Pennsylvania
3255,63,13,2,67.98,135.96,2024-06-01,Delivered,Jaredborough,Washington
3256,301,112,2,72.13,144.26,2024-03-31,Shipped,Joshuachester,Michigan
3257,279,2,5,97.3,486.5,2024-02-26,Delivered,Brandonside,Oklahoma
3258,933,77,2,40.52,81.04,2024-04-21,Delivered,Benjaminstad,Massachusetts
3259,585,34,2,264.74,529.48,2024-01-22,Delivered,West Kaylafort,Ohio
3260,281,24,3,51.42,154.26,2024-07-13,Processing,Kathrynfort,Minnesota
3261,170,30,3,58.18,174.54,2025-04-27,Delivered,New Charles,Alabama
3262,561,44,1,180.6,180.6,2025-03-30,Processing,Lopezside,Oregon
3263,61,17,4,22.46,89.84,2024-04-27,Delivered,Port Tammytown,Tennessee
3264,463,168,3,214.69,644.07,2025-08-08,Delivered,New Cheryl,New Hampshire
3265,173,150,3,415.89,1247.67,2025-08-21,Delivered,East Katelyn,Massachusetts
3266,719,125,4,192.15,768.6,2025-04-01,Shipped,New Ravenmouth,Missouri
3267,532,158,2,1511.23,3022.46,2025-12-04,Delivered,Hansonfort,Missouri
3268,147,5,2,225.2,450.4,2025-03-14,Delivered,New Brittanymouth,Michigan
3269,154,23,3,90.2,270.6,2024-09-15,Delivered,Ortegafort,Virginia
3270,745,73,2,82.71,165.42,2025-04-03,Delivered,Lake James,Arizona
3271,87,84,1,121.98,121.98,2024-09-05,Delivered,New Tiffanyshire,Rhode Island
3272,68,103,3,324.51,973.53,2025-10-05,Delivered,Brownville,Virginia
3273,433,192,12,5.42,0.0,2025-09-18,Cancelled,New Todd,Rhode Island
3274,582,99,12,23.4,280.8,2024-12-03,Delivered,New Danielberg,New York
3275,550,178,3,96.1,288.3,2025-02-28,Delivered,South Anthonystad,South Dakota
3276,797,173,3,31.1,93.3,2025-04-27,Delivered,Lake Margaretchester,Alaska
3277,849,15,3,213.82,0.0,2024-06-04,Cancelled,Cookeville,New York
3278,304,14,2,1392.16,2784.32,2024-09-01,Delivered,North Jennifer,South Dakota
3279,380,6,1,98.09,98.09,2024-12-11,Delivered,Lake Sergio,Oregon
3280,179,45,4,25.64,102.56,2024-08-27,Delivered,Laurafort,South Dakota
3281,326,53,3,53.04,159.12,2025-07-02,Delivered,Port Angela,Virginia
3282,770,160,5,30.6,153.0,2024-11-14,Delivered,South Stephanie,California
3283,799,143,2,50.45,100.9,2024-01-02,Delivered,Johnsonmouth,New Jersey
3284,992,3,4,7.36,29.44,2024-03-17,Delivered,New Jacqueline,Connecticut
3285,48,89,1,101.92,101.92,2025-04-27,Delivered,North Michelle,Alaska
3286,776,184,1,151.44,151.44,2025-08-29,Delivered,West Gerald,Colorado
3287,907,40,5,13.32,66.6,2024-04-23,Delivered,Karatown,South Carolina
3288,953,16,2,48.77,97.54,2025-08-21,Shipped,Debbieberg,Connecticut
3289,132,84,3,121.98,365.94,2024-05-22,Delivered,Lake Robertshire,Florida
3290,424,173,2,31.1,0.0,2024-04-26,Cancelled,Cantumouth,Wisconsin
3291,994,62,2,331.56,663.12,2025-03-12,Delivered,New Andrechester,California
3292,795,128,3,89.87,269.61,2024-09-14,Delivered,Leahland,Michigan
3293,187,146,5,6.95,34.75,2024-11-29,Delivered,East Susan,South Dakota
3294,474,53,3,53.04,159.12,2025-02-18,Shipped,South Aaronstad,Delaware
3295,877,140,3,93.97,281.91,2024-09-10,Processing,Karenfurt,Wyoming
3296,367,131,3,28.16,84.48,2024-09-19,Processing,Lisaborough,South Dakota
3297,683,70,2,29.73,59.46,2025-12-23,Shipped,New Jennifer,Wisconsin
3298,670,193,5,99.73,498.65,2024-11-19,Shipped,Smithmouth,New Mexico
3299,535,30,4,58.18,232.72,2024-10-15,Delivered,East Paulstad,Wisconsin
3300,699,61,1,83.9,83.9,2024-02-06,Returned,Port Darlenemouth,Mississippi
3301,746,152,2,69.34,138.68,2024-02-01,Delivered,Rogerfort,Michigan
3302,461,40,2,13.32,26.64,2024-08-06,Delivered,New Theresaberg,Indiana
3303,572,64,1,701.02,0.0,2025-01-26,Cancelled,Jamesstad,Nebraska
3304,792,22,1,192.65,192.65,2025-06-22,Delivered,Lake Tyler,Colorado
3305,117,31,7,29.73,0.0,2025-08-16,Cancelled,South Virginiaport,Nebraska
3306,66,57,2,1165.65,2331.3,2025-12-11,Delivered,Joshuaborough,Virginia
3307,661,49,1,53.93,53.93,2024-11-25,Delivered,North Patricia,Idaho
3308,150,31,11,29.73,327.03,2025-05-05,Delivered,Owensview,Florida
3309,723,54,4,66.84,267.36,2025-12-04,Processing,Alexanderview,Texas
3310,410,158,1,1511.23,0.0,2024-10-11,Cancelled,Nataliebury,Minnesota
3311,884,128,4,89.87,359.48,2024-11-14,Delivered,West Georgeborough,Rhode Island
3312,293,143,3,50.45,151.35,2025-01-08,Delivered,Antoniobury,New Hampshire
3313,716,182,3,19.79,59.37,2025-04-12,Shipped,East Conniemouth,New Mexico
3314,693,108,2,92.71,185.42,2025-02-27,Processing,East Ann,South Dakota
3315,285,94,1,73.18,73.18,2024-05-17,Delivered,North Bobburgh,South Dakota
3316,979,168,3,214.69,644.07,2025-01-12,Delivered,Reyesside,Rhode Island
3317,904,124,2,253.0,506.0,2024-09-11,Shipped,Lake Joel,Minnesota
3318,370,107,1,56.79,56.79,2025-07-09,Delivered,Jonesmouth,Washington
3319,916,114,5,22.89,114.45,2025-06-26,Shipped,East Tarabury,Alabama
3320,417,55,2,136.93,273.86,2024-03-24,Delivered,Nicholasside,Alaska
3321,392,71,3,117.87,353.61,2025-04-03,Returned,Mariafort,Alabama
3322,168,95,5,90.16,450.8,2025-06-20,Delivered,Oconnorstad,Oregon
3323,559,57,2,1165.65,2331.3,2024-09-17,Delivered,West Tina,North Carolina
3324,206,26,1,32.0,32.0,2025-09-14,Delivered,West Javierborough,South Carolina
3325,128,195,6,2.19,13.14,2024-09-02,Delivered,West Megan,Tennessee
3326,495,160,2,30.6,61.2,2024-02-26,Delivered,West Kyle,Vermont
3327,56,2,1,97.3,97.3,2025-02-11,Delivered,Matthewfort,Arizona
3328,681,22,4,192.65,0.0,2024-05-26,Cancelled,Wileybury,Alaska
3329,102,118,3,280.69,842.07,2025-09-22,Delivered,Keithport,Oregon
3330,469,116,1,146.15,146.15,2024-04-01,Processing,West Beth,New Jersey
3331,598,192,5,5.42,27.1,2024-07-27,Delivered,Lisaville,Illinois
3332,841,141,2,371.58,743.16,2025-03-29,Delivered,Steveton,Ohio
3333,640,54,1,66.84,0.0,2025-08-21,Cancelled,Williamsburgh,California
3334,917,87,4,19.31,77.24,2024-04-25,Delivered,Geoffreybury,Nevada
3335,108,19,3,205.94,617.82,2025-06-09,Delivered,Port Devon,Oregon
3336,287,67,3,109.42,328.26,2025-01-19,Delivered,South Philipshire,Arkansas
3337,159,25,4,71.4,285.6,2024-02-08,Returned,Brownfort,Georgia
3338,405,31,12,29.73,356.76,2025-04-18,Returned,Lake Amandashire,Utah
3339,927,99,6,23.4,140.4,2025-08-17,Delivered,Mirandachester,Nebraska
3340,661,122,2,20.47,40.94,2025-10-01,Delivered,North Patricia,Idaho
3341,125,31,6,29.73,178.38,2025-12-13,Delivered,West Daniellemouth,New Mexico
3342,693,86,3,86.29,258.87,2024-07-06,Delivered,East Ann,South Dakota
3343,607,50,3,107.82,323.46,2024-02-23,Delivered,Bellport,Kentucky
3344,504,195,2,2.19,4.38,2025-11-06,Processing,Bettyton,Maryland
3345,98,23,4,90.2,360.8,2024-09-27,Delivered,Port Aaron,Virginia
3346,5,158,2,1511.23,3022.46,2025-09-19,Delivered,Rodrigueztown,Minnesota
3347,51,106,2,1067.66,2135.32,2025-11-22,Delivered,Dunnmouth,Georgia
3348,976,20,1,57.57,57.57,2025-04-12,Delivered,Meltonview,New York
3349,508,130,1,825.68,825.68,2025-08-22,Shipped,Bushchester,Arizona
3350,857,198,1,28.18,28.18,2025-06-26,Returned,Boydside,Nebraska
3351,110,160,4,30.6,122.4,2025-06-01,Delivered,Welchhaven,New Hampshire
3352,492,123,3,120.25,360.75,2024-05-09,Delivered,Davidhaven,Wisconsin
3353,876,29,2,8.63,17.26,2024-10-02,Delivered,East Alicia,Arizona
3354,455,117,2,23.92,47.84,2024-10-12,Shipped,Meganfort,Kentucky
3355,920,192,5,5.42,27.1,2025-12-28,Shipped,Jennaport,Nebraska
3356,214,48,4,82.31,329.24,2024-03-18,Delivered,North Anthonybury,Illinois
3357,232,30,3,58.18,174.54,2025-07-16,Processing,Ericshire,West Virginia
3358,308,175,4,88.86,0.0,2024-02-28,Cancelled,Rickyberg,Wisconsin
3359,426,137,1,109.87,109.87,2024-04-17,Delivered,Andrewberg,California
3360,731,176,3,39.64,118.92,2025-12-22,Shipped,North Sarahton,Alaska
3361,664,48,5,82.31,411.55,2025-04-09,Delivered,East Michaelborough,Connecticut
3362,566,189,2,1293.61,2587.22,2025-05-27,Shipped,Masonbury,Alabama
3363,326,86,1,86.29,86.29,2024-11-04,Delivered,Port Angela,Virginia
3364,925,77,1,40.52,40.52,2025-10-10,Shipped,Christopherside,Florida
3365,335,152,4,69.34,277.36,2024-11-27,Delivered,Whitebury,Illinois
3366,836,179,2,76.57,153.14,2025-01-31,Delivered,South Sarah,North Dakota
3367,709,100,2,272.84,545.68,2025-09-09,Delivered,Martinezshire,Nevada
3368,729,129,4,156.82,627.28,2025-12-25,Delivered,North Steven,Texas
3369,279,59,3,5.75,17.25,2024-08-04,Delivered,Brandonside,Oklahoma
3370,766,97,5,28.08,0.0,2024-06-29,Cancelled,Jenniferfort,Kentucky
3371,128,132,2,21.5,43.0,2024-03-25,Delivered,West Megan,Tennessee
3372,503,85,2,669.8,1339.6,2025-09-14,Processing,Mitchellbury,Vermont
3373,648,4,1,263.55,263.55,2025-11-11,Delivered,Port Andrew,Indiana
3374,894,29,5,8.63,43.15,2024-01-11,Processing,Lake Johnny,Michigan
3375,229,187,1,46.53,46.53,2025-08-21,Delivered,Taylorfort,Oregon
3376,877,191,2,92.98,185.96,2024-01-04,Delivered,Karenfurt,Wyoming
3377,834,32,5,112.27,561.35,2025-06-15,Delivered,Port Rickytown,Connecticut
3378,619,53,2,53.04,0.0,2024-05-22,Cancelled,Austinville,South Dakota
3379,562,150,2,415.89,831.78,2024-11-25,Delivered,Brandyland,Pennsylvania
3380,517,7,4,37.5,150.0,2025-07-01,Delivered,New Johnview,Connecticut
3381,504,57,1,1165.65,1165.65,2024-06-23,Returned,Bettyton,Maryland
3382,176,131,1,28.16,28.16,2025-02-04,Delivered,Bowenport,West Virginia
3383,974,32,1,112.27,112.27,2025-03-01,Delivered,Morsehaven,Nevada
3384,437,199,1,91.79,91.79,2025-07-12,Delivered,Jesustown,West Virginia
3385,566,79,1,35.4,0.0,2024-10-19,Cancelled,Masonbury,Alabama
3386,922,141,3,371.58,1114.74,2024-02-17,Processing,West Sharonland,Idaho
3387,101,50,3,107.82,323.46,2025-09-20,Delivered,Kathleenburgh,South Dakota
3388,677,99,4,23.4,93.6,2024-06-07,Shipped,Matthewmouth,Nebraska
3389,268,68,1,115.79,115.79,2024-12-04,Shipped,Stephanieton,South Carolina
3390,718,119,1,299.58,299.58,2024-08-04,Delivered,North Kevinside,North Dakota
3391,972,90,1,780.14,0.0,2024-12-10,Cancelled,Charlesbury,Massachusetts
3392,554,191,3,92.98,278.94,2024-06-25,Delivered,Haaschester,Arkansas
3393,905,93,2,1518.29,3036.58,2025-11-29,Shipped,Snyderchester,Illinois
3394,453,117,5,23.92,119.6,2024-06-22,Delivered,Rachelberg,Alabama
3395,205,42,2,289.31,578.62,2025-03-03,Processing,Kristenfurt,Florida
3396,249,32,1,112.27,112.27,2025-10-28,Processing,West Rebeccaburgh,Oregon
3397,635,23,5,90.2,451.0,2025-01-10,Delivered,Port Emilyton,Missouri
3398,190,51,3,20.77,62.31,2024-09-17,Delivered,Lake Dillon,North Dakota
3399,127,142,3,469.45,0.0,2025-11-02,Cancelled,Morganmouth,Hawaii
3400,83,29,1,8.63,8.63,2024-02-19,Delivered,Bergbury,Idaho
3401,25,76,1,1853.62,1853.62,2024-08-15,Delivered,Port Tracy,Alaska
3402,185,33,2,32.17,64.34,2025-08-06,Delivered,Lake Amyport,New Mexico
3403,882,16,3,48.77,146.31,2025-08-22,Delivered,East Shannonton,Tennessee
3404,198,38,2,115.17,230.34,2024-10-14,Delivered,East Wandaburgh,Maine
3405,718,172,2,107.92,215.84,2024-12-30,Delivered,North Kevinside,North Dakota
3406,129,42,3,289.31,867.93,2024-08-21,Delivered,East Melissaton,Nevada
3407,404,120,9,47.8,430.2,2025-04-02,Delivered,Bakerland,Rhode Island
3408,202,10,1,6.76,6.76,2024-07-19,Delivered,Lyonsbury,Alaska
3409,963,49,2,53.93,107.86,2024-02-03,Processing,Port Michaelshire,Wyoming
3410,327,171,5,41.02,205.1,2024-12-01,Delivered,Webbborough,Nebraska
3411,67,168,2,214.69,429.38,2025-02-11,Delivered,Charlesburgh,Tennessee
3412,425,62,1,331.56,331.56,2024-06-17,Processing,Port Christy,Michigan
3413,591,91,4,16.92,67.68,2024-12-12,Processing,Richardtown,Alaska
3414,517,71,2,117.87,235.74,2025-03-19,Shipped,New Johnview,Connecticut
3415,782,89,3,101.92,305.76,2024-11-24,Delivered,Michaelmouth,Massachusetts
3416,480,195,4,2.19,8.76,2024-10-11,Delivered,South Colleenchester,West Virginia
3417,126,31,7,29.73,208.11,2025-08-16,Delivered,Seanview,Iowa
3418,396,163,3,91.43,274.29,2024-10-31,Delivered,Carpenterchester,Connecticut
3419,542,145,3,238.69,716.07,2025-07-27,Delivered,Yangview,Washington
3420,601,150,1,415.89,415.89,2025-12-08,Shipped,Lake Courtneyfort,North Carolina
3421,692,164,1,196.76,196.76,2024-12-07,Delivered,Sparksview,New Jersey
3422,693,17,5,22.46,112.3,2025-08-02,Shipped,East Ann,South Dakota
3423,354,176,3,39.64,118.92,2025-10-31,Delivered,Deanview,Alabama
3424,588,79,3,35.4,0.0,2024-03-26,Cancelled,Christinamouth,Missouri
3425,918,69,4,96.69,386.76,2025-09-15,Delivered,New Brad,Indiana
3426,996,7,3,37.5,112.5,2025-04-09,Processing,Buckhaven,Ohio
3427,308,61,1,83.9,83.9,2024-09-04,Delivered,Rickyberg,Wisconsin
3428,946,35,1,486.1,486.1,2024-05-03,Delivered,East Kelly,Maryland
3429,578,199,3,91.79,275.37,2025-03-27,Delivered,Wuview,Louisiana
3430,587,55,1,136.93,136.93,2025-09-08,Delivered,South Donnabury,Maine
3431,382,11,2,20.71,41.42,2025-08-29,Shipped,Sandyborough,Arkansas
3432,885,94,1,73.18,73.18,2025-10-11,Delivered,Antonioland,Maine
3433,38,137,1,109.87,109.87,2025-10-15,Delivered,Riceland,Georgia
3434,112,77,6,40.52,243.12,2024-09-01,Processing,Matthewhaven,Hawaii
3435,434,196,2,211.17,422.34,2024-04-18,Processing,South Jasonfort,Michigan
3436,45,153,1,82.41,82.41,2024-06-14,Shipped,Stevenberg,Utah
3437,597,160,2,30.6,61.2,2024-01-21,Delivered,South Robert,Colorado
3438,231,109,2,321.21,642.42,2024-07-23,Processing,Lake Susan,Vermont
3439,394,153,3,82.41,247.23,2025-09-29,Delivered,Bradleyview,Rhode Island
3440,392,47,1,72.54,72.54,2024-12-30,Delivered,Mariafort,Alabama
3441,974,38,4,115.17,460.68,2024-07-15,Delivered,Morsehaven,Nevada
3442,500,48,4,82.31,329.24,2025-05-22,Delivered,Batesmouth,Indiana
3443,941,58,3,133.46,400.38,2025-03-28,Delivered,Audreyburgh,Massachusetts
3444,540,159,2,144.57,289.14,2024-05-04,Delivered,Simmonsmouth,Wyoming
3445,517,40,4,13.32,53.28,2024-06-29,Delivered,New Johnview,Connecticut
3446,185,87,1,19.31,19.31,2025-10-21,Delivered,Lake Amyport,New Mexico
3447,990,146,4,6.95,27.8,2024-07-28,Delivered,Ryanbury,South Dakota
3448,448,175,1,88.86,88.86,2025-01-24,Delivered,Jamesborough,Idaho
3449,731,30,5,58.18,290.9,2025-09-21,Shipped,North Sarahton,Alaska
3450,858,22,2,192.65,385.3,2025-01-20,Processing,North Maria,Arkansas
3451,505,17,4,22.46,89.84,2025-04-30,Delivered,South Ericfurt,Washington
3452,661,28,3,18.59,55.77,2025-05-13,Delivered,North Patricia,Idaho
3453,469,37,2,27.38,54.76,2024-07-31,Shipped,West Beth,New Jersey
3454,679,1,5,50.57,252.85,2024-03-01,Delivered,Amystad,Nevada
3455,946,170,2,60.94,121.88,2024-04-22,Shipped,East Kelly,Maryland
3456,563,159,1,144.57,144.57,2024-04-13,Delivered,West Jennifer,Florida
3457,693,44,3,180.6,541.8,2025-11-14,Delivered,East Ann,South Dakota
3458,297,95,1,90.16,90.16,2025-01-16,Delivered,Nguyenmouth,Minnesota
3459,647,136,5,52.07,260.35,2024-06-25,Delivered,North Jessica,Nevada
3460,866,200,1,35.55,35.55,2024-05-20,Delivered,Jameston,California
3461,771,165,4,118.26,473.04,2024-05-05,Delivered,Lake Gregory,Texas
3462,248,74,3,417.08,1251.24,2025-02-02,Delivered,Lake David,New York
3463,54,97,1,28.08,28.08,2025-11-06,Returned,Lake Robert,Arkansas
3464,776,56,2,738.0,1476.0,2024-04-28,Delivered,West Gerald,Colorado
3465,341,151,1,1843.3,1843.3,2024-02-24,Delivered,West Rachelbury,Vermont
3466,640,23,4,90.2,0.0,2025-08-05,Cancelled,Williamsburgh,California
3467,712,152,4,69.34,277.36,2024-08-12,Processing,Hickmanview,Nevada
3468,579,18,1,12.0,12.0,2025-03-06,Delivered,Hortonfurt,Montana
3469,414,74,2,417.08,834.16,2024-10-12,Delivered,Jameshaven,Louisiana
3470,322,167,1,133.62,133.62,2024-09-21,Delivered,Torreston,Georgia
3471,635,117,5,23.92,119.6,2024-05-01,Delivered,Port Emilyton,Missouri
3472,895,33,2,32.17,64.34,2025-11-19,Delivered,Danashire,Minnesota
3473,452,34,3,264.74,794.22,2024-10-17,Delivered,Morenoberg,West Virginia
3474,628,109,1,321.21,321.21,2025-02-24,Delivered,Williamsberg,Florida
3475,217,34,2,264.74,0.0,2024-12-28,Cancelled,Port Samanthatown,Florida
3476,108,72,2,171.7,343.4,2024-01-17,Shipped,Port Devon,Oregon
3477,602,157,2,21.39,42.78,2024-11-20,Delivered,Longville,North Carolina
3478,765,153,2,82.41,164.82,2024-11-07,Shipped,North Christopher,Oklahoma
3479,339,26,3,32.0,96.0,2024-10-25,Shipped,Goodland,Texas
3480,277,67,2,109.42,218.84,2025-02-12,Delivered,Fisherburgh,New Jersey
3481,128,156,1,136.11,136.11,2025-11-16,Delivered,West Megan,Tennessee
3482,697,145,3,238.69,716.07,2025-04-24,Delivered,Lindatown,Oklahoma
3483,962,33,3,32.17,96.51,2025-09-23,Delivered,North Lorettaport,Rhode Island
3484,32,125,4,192.15,768.6,2025-12-27,Delivered,New Kristen,Nebraska
3485,12,14,2,1392.16,2784.32,2024-03-09,Delivered,Port Johnmouth,North Dakota
3486,339,83,2,129.45,258.9,2024-11-30,Delivered,Goodland,Texas
3487,784,200,4,35.55,142.2,2024-03-11,Delivered,East Laurenburgh,Arkansas
3488,105,195,5,2.19,10.95,2024-10-27,Delivered,East Jenniferborough,Texas
3489,756,79,2,35.4,70.8,2024-10-08,Delivered,West Lori,Virginia
3490,925,112,1,72.13,72.13,2025-12-08,Delivered,Christopherside,Florida
3491,715,13,4,67.98,271.92,2024-02-07,Delivered,Andreabury,Minnesota
3492,705,141,1,371.58,371.58,2024-10-21,Delivered,Paulside,Hawaii
3493,895,95,4,90.16,360.64,2025-10-19,Delivered,Danashire,Minnesota
3494,80,108,2,92.71,185.42,2025-08-17,Delivered,West Shannon,Arizona
3495,615,24,5,51.42,0.0,2024-07-02,Cancelled,Jefferyville,Wyoming
3496,660,21,1,21.74,21.74,2024-04-05,Delivered,East Courtneyberg,Utah
3497,872,107,1,56.79,56.79,2024-03-11,Shipped,Romantown,Minnesota
3498,847,154,1,341.24,341.24,2025-09-05,Shipped,Matthewfurt,New Jersey
3499,941,94,3,73.18,219.54,2024-03-30,Delivered,Audreyburgh,Massachusetts
3500,20,91,11,16.92,186.12,2024-12-19,Delivered,Lake Lisa,Michigan
3501,975,14,2,1392.16,2784.32,2024-03-09,Delivered,Michelemouth,New Mexico
3502,412,178,3,96.1,288.3,2024-06-24,Shipped,Annatown,New York
3503,682,119,1,299.58,299.58,2025-09-27,Delivered,Christopherview,Connecticut
3504,451,63,1,155.85,155.85,2025-04-06,Delivered,Ashleyside,Delaware
3505,604,31,7,29.73,208.11,2024-08-30,Shipped,East Josephville,Louisiana
3506,396,164,3,196.76,590.28,2025-01-25,Processing,Carpenterchester,Connecticut
3507,269,16,1,48.77,48.77,2024-12-25,Delivered,South Lisa,Missouri
3508,515,43,1,377.86,377.86,2024-06-07,Delivered,Lake Larrymouth,Ohio
3509,189,156,3,136.11,408.33,2025-06-20,Delivered,New Ryanfort,California
3510,29,54,4,66.84,267.36,2025-11-12,Delivered,Joyceview,Minnesota
3511,512,44,1,180.6,180.6,2024-04-26,Processing,Rachelbury,Nebraska
3512,237,35,3,486.1,1458.3,2025-10-21,Delivered,New Lauraton,Georgia
3513,15,8,3,126.03,378.09,2025-07-27,Delivered,North Justin,Oregon
3514,464,37,2,27.38,54.76,2025-07-23,Shipped,North Tara,Texas
3515,99,71,3,117.87,353.61,2025-08-17,Delivered,Port Dwayneborough,South Carolina
3516,792,3,2,7.36,14.72,2024-08-10,Delivered,Lake Tyler,Colorado
3517,266,88,3,189.99,569.97,2025-02-05,Delivered,New Joseport,Virginia
3518,585,92,4,31.83,0.0,2024-06-13,Cancelled,West Kaylafort,Ohio
3519,93,93,2,1518.29,3036.58,2025-10-15,Delivered,Richardfurt,Washington
3520,863,173,5,31.1,155.5,2025-12-27,Delivered,Leslieborough,New York
3521,748,148,3,293.38,880.14,2025-12-18,Delivered,Kathleenport,Delaware
3522,72,71,3,117.87,353.61,2025-06-14,Delivered,North Christopherhaven,North Carolina
3523,475,4,1,263.55,263.55,2025-12-29,Processing,New Ryan,Alaska
3524,902,6,1,98.09,98.09,2025-05-27,Delivered,West Kathrynport,Alaska
3525,183,141,3,371.58,1114.74,2025-11-13,Shipped,West Lisaburgh,New Jersey
3526,34,132,4,21.5,86.0,2025-07-05,Delivered,Vaughanmouth,Iowa
3527,661,57,1,1165.65,1165.65,2024-11-04,Delivered,North Patricia,Idaho
3528,24,76,2,1853.62,3707.24,2024-01-21,Delivered,South Timothy,South Dakota
3529,764,146,4,6.95,27.8,2025-05-30,Delivered,Christopherberg,Kansas
3530,165,42,1,289.31,289.31,2024-03-19,Delivered,West Paulburgh,Nevada
3531,768,90,1,780.14,780.14,2025-11-04,Returned,West Joseph,Indiana
3532,835,103,3,324.51,973.53,2024-08-14,Shipped,New Katrina,Arizona
3533,899,169,1,171.62,171.62,2024-05-24,Delivered,North Tina,Idaho
3534,187,4,3,263.55,790.65,2024-07-02,Delivered,East Susan,South Dakota
3535,947,155,3,61.98,185.94,2025-04-15,Delivered,Hensonland,Arkansas
3536,880,107,4,56.79,227.16,2025-09-14,Delivered,Port Joshuafurt,Hawaii
3537,446,61,3,83.9,251.7,2025-06-23,Delivered,Steventown,South Carolina
3538,288,27,1,33.99,33.99,2024-05-03,Processing,Geraldland,Connecticut
3539,463,163,3,91.43,274.29,2025-05-01,Delivered,New Cheryl,New Hampshire
3540,964,156,3,136.11,408.33,2024-06-27,Delivered,Lake Jesse,New Jersey
3541,709,114,1,22.89,22.89,2025-07-28,Delivered,Martinezshire,Nevada
3542,382,196,2,211.17,422.34,2025-05-21,Delivered,Sandyborough,Arkansas
3543,132,15,3,213.82,641.46,2025-12-04,Delivered,Lake Robertshire,Florida
3544,407,6,1,98.09,98.09,2024-01-04,Delivered,South Lindsaymouth,Wisconsin
3545,991,197,5,41.22,206.1,2024-01-22,Delivered,Davidshire,New Jersey
3546,103,133,2,57.39,114.78,2025-11-11,Delivered,South Ronaldfurt,Ohio
3547,840,119,1,299.58,299.58,2024-01-28,Shipped,East Brandon,Montana
3548,25,165,2,118.26,236.52,2024-12-02,Delivered,Port Tracy,Alaska
3549,437,1,2,50.57,101.14,2025-11-27,Delivered,Jesustown,West Virginia
3550,984,173,1,31.1,31.1,2025-06-27,Delivered,Nathanside,Maryland
3551,459,80,2,206.74,413.48,2024-07-26,Processing,Ramosshire,Kentucky
3552,787,114,5,22.89,114.45,2025-10-10,Delivered,New Robertton,Maryland
3553,183,146,1,6.95,6.95,2025-10-12,Delivered,West Lisaburgh,New Jersey
3554,667,169,1,171.62,171.62,2025-11-12,Delivered,Fernandochester,Delaware
3555,839,14,2,1392.16,0.0,2024-04-02,Cancelled,Michaelstad,Alabama
3556,958,45,4,25.64,102.56,2025-11-14,Processing,Judithborough,New Mexico
3557,604,40,5,13.32,66.6,2025-06-07,Processing,East Josephville,Louisiana
3558,90,3,5,7.36,36.8,2025-11-16,Delivered,North Teresaport,Georgia
3559,1000,126,2,24.66,49.32,2025-04-17,Delivered,East Jessica,New Mexico
3560,703,178,1,96.1,96.1,2025-12-08,Delivered,East Alex,Washington
3561,139,190,1,655.22,655.22,2025-05-24,Shipped,Alimouth,Iowa
3562,2,59,1,5.75,5.75,2025-05-15,Delivered,Port Lawrence,Nebraska
3563,394,152,4,69.34,277.36,2024-05-13,Processing,Bradleyview,Rhode Island
3564,857,75,3,408.35,0.0,2024-06-24,Cancelled,Boydside,Nebraska
3565,379,186,3,27.47,82.41,2024-09-14,Delivered,West Adam,Alaska
3566,63,185,1,1128.38,1128.38,2025-04-20,Delivered,Jaredborough,Washington
3567,876,94,1,73.18,73.18,2025-03-10,Delivered,East Alicia,Arizona
3568,572,123,3,120.25,360.75,2024-02-24,Delivered,Jamesstad,Nebraska
3569,204,73,4,82.71,330.84,2025-08-06,Delivered,West Ryanmouth,Kentucky
3570,997,192,12,5.42,65.04,2025-12-13,Delivered,Myersstad,Tennessee
3571,991,13,1,67.98,67.98,2024-12-06,Delivered,Davidshire,New Jersey
3572,526,119,1,299.58,299.58,2024-04-22,Delivered,New Lori,New York
3573,495,77,1,40.52,40.52,2025-12-12,Delivered,West Kyle,Vermont
3574,630,20,3,57.57,172.71,2024-11-27,Delivered,West Robertview,Massachusetts
3575,314,92,3,31.83,95.49,2024-01-06,Delivered,South Jamie,Wyoming
3576,588,75,1,408.35,408.35,2025-04-10,Processing,Christinamouth,Missouri
3577,105,134,2,61.51,123.02,2024-07-20,Processing,East Jenniferborough,Texas
3578,113,176,1,39.64,39.64,2024-06-10,Delivered,Lake Adam,Idaho
3579,546,99,10,23.4,234.0,2024-01-12,Delivered,Jasontown,Hawaii
3580,600,87,3,19.31,0.0,2025-10-23,Cancelled,Grantshire,Montana
3581,800,13,4,67.98,271.92,2024-10-30,Delivered,Perkinsport,Alabama
3582,886,118,2,280.69,561.38,2024-04-25,Shipped,East Kayleetown,Wyoming
3583,891,91,4,16.92,67.68,2024-05-20,Delivered,Allenburgh,Iowa
3584,331,50,1,107.82,107.82,2025-07-25,Delivered,Lake Williamfort,Washington
3585,770,14,1,1392.16,1392.16,2024-01-25,Delivered,South Stephanie,California
3586,856,40,4,13.32,53.28,2024-03-09,Delivered,West Joel,Kansas
3587,908,138,1,20.13,20.13,2024-12-05,Delivered,East Christopher,Colorado
3588,866,12,4,182.65,730.6,2025-10-21,Delivered,Jameston,California
3589,794,170,5,60.94,304.7,2025-12-28,Delivered,Harperport,Iowa
3590,596,24,4,51.42,0.0,2025-03-05,Cancelled,Port Melissamouth,Massachusetts
3591,101,45,5,25.64,128.2,2024-09-26,Delivered,Kathleenburgh,South Dakota
3592,227,49,2,53.93,107.86,2025-04-06,Delivered,Lake Donald,Oregon
3593,529,125,4,192.15,768.6,2025-11-14,Delivered,Wheelerfort,New York
3594,624,178,1,96.1,96.1,2024-02-25,Delivered,East Mary,Nebraska
3595,770,94,2,73.18,146.36,2024-11-14,Delivered,South Stephanie,California
3596,375,64,2,701.02,1402.04,2025-04-15,Delivered,Jessicaside,Montana
3597,583,111,3,292.45,877.35,2024-06-07,Delivered,Henryfort,Wisconsin
3598,81,62,3,331.56,994.68,2025-11-02,Delivered,Rileymouth,West Virginia
3599,979,160,1,30.6,30.6,2024-07-04,Delivered,Reyesside,Rhode Island
3600,516,183,1,5.03,5.03,2025-03-14,Delivered,Stewartside,Wisconsin
3601,860,86,4,86.29,345.16,2025-08-10,Delivered,Hessfurt,Colorado
3602,994,180,1,32.39,32.39,2024-10-25,Delivered,New Andrechester,California
3603,271,8,3,126.03,378.09,2025-07-03,Delivered,New Dylanberg,New York
3604,776,146,5,6.95,34.75,2025-11-12,Delivered,West Gerald,Colorado
3605,220,83,1,129.45,129.45,2024-08-03,Returned,New Jasonport,Oregon
3606,678,115,2,115.19,230.38,2025-08-16,Shipped,Karenborough,Missouri
3607,468,83,3,129.45,388.35,2024-10-12,Delivered,West Juliachester,Idaho
3608,387,1,5,50.57,252.85,2024-06-01,Delivered,Curtiston,Rhode Island
3609,397,126,3,24.66,73.98,2024-08-06,Delivered,East Dennisland,Wyoming
3610,894,135,5,17.94,0.0,2025-01-10,Cancelled,Lake Johnny,Michigan
3611,153,193,1,99.73,99.73,2024-01-17,Delivered,Russellton,Massachusetts
3612,742,9,4,94.81,379.24,2024-11-04,Delivered,Port Michaelberg,Missouri
3613,481,84,2,121.98,243.96,2025-07-01,Delivered,South Phillipville,West Virginia
3614,651,54,2,66.84,133.68,2025-06-29,Shipped,East Alexandra,Idaho
3615,628,30,5,58.18,290.9,2025-03-06,Delivered,Williamsberg,Florida
3616,814,165,2,118.26,236.52,2025-01-27,Delivered,East Troyfurt,Washington
3617,534,167,4,133.62,534.48,2025-12-29,Delivered,Tinabury,New Hampshire
3618,864,112,1,72.13,72.13,2024-04-15,Processing,Matthewberg,Utah
3619,368,15,3,213.82,641.46,2024-11-04,Delivered,Andrewland,Mississippi
3620,645,130,2,825.68,1651.36,2024-11-23,Delivered,New Lisa,Missouri
3621,771,195,5,2.19,0.0,2025-12-17,Cancelled,Lake Gregory,Texas
3622,434,161,1,295.59,295.59,2024-08-04,Delivered,South Jasonfort,Michigan
3623,603,81,2,221.79,0.0,2025-07-21,Cancelled,Lake Gilbert,Illinois
3624,228,60,2,242.61,485.22,2024-02-29,Delivered,Amberbury,Arizona
3625,676,41,1,1133.32,1133.32,2024-06-14,Delivered,Georgeshire,Indiana
3626,988,104,5,43.38,216.9,2024-08-02,Delivered,Natalieberg,Washington
3627,425,162,3,99.85,299.55,2025-05-28,Delivered,Port Christy,Michigan
3628,410,104,5,43.38,216.9,2025-05-15,Delivered,Nataliebury,Minnesota
3629,22,50,3,107.82,0.0,2024-08-11,Cancelled,Jacobsmouth,New Jersey
3630,992,109,3,321.21,963.63,2025-09-08,Delivered,New Jacqueline,Connecticut
3631,749,23,3,90.2,270.6,2024-01-28,Delivered,Tarachester,West Virginia
3632,426,54,3,66.84,200.52,2025-12-05,Processing,Andrewberg,California
3633,671,128,5,89.87,449.35,2025-03-19,Delivered,Lake Ericchester,Washington
3634,405,166,4,12.95,0.0,2025-07-24,Cancelled,Lake Amandashire,Utah
3635,306,100,3,272.84,818.52,2025-01-22,Delivered,Port Kimberlyton,Indiana
3636,27,31,8,29.73,237.84,2024-01-03,Delivered,Codymouth,Alabama
3637,331,124,2,253.0,506.0,2025-03-15,Returned,Lake Williamfort,Washington
3638,364,193,5,99.73,498.65,2025-07-25,Processing,Harrisport,Idaho
3639,348,112,4,72.13,288.52,2025-04-03,Delivered,Port Jessicaview,Arizona
3640,643,181,1,187.56,187.56,2025-02-04,Returned,North Josephhaven,New Hampshire
3641,198,25,5,71.4,357.0,2024-03-30,Delivered,East Wandaburgh,Maine
3642,58,42,1,289.31,289.31,2025-12-25,Delivered,Christopherbury,Wisconsin
3643,528,49,1,53.93,53.93,2024-01-05,Delivered,South Christopher,Pennsylvania
3644,230,165,4,118.26,473.04,2024-10-07,Delivered,Perezfort,Massachusetts
3645,637,149,2,86.32,172.64,2025-01-14,Delivered,Stephaniemouth,New Hampshire
3646,781,50,3,107.82,323.46,2025-12-22,Returned,North Adam,Alabama
3647,70,178,3,96.1,288.3,2024-09-21,Processing,Mclaughlinside,Washington
3648,2,149,2,86.32,172.64,2025-02-03,Delivered,Port Lawrence,Nebraska
3649,107,161,1,295.59,295.59,2025-05-12,Delivered,Patriciaville,Colorado
3650,909,139,2,48.17,96.34,2024-06-21,Delivered,Amyhaven,Connecticut
3651,392,105,1,31.98,31.98,2025-03-04,Delivered,Mariafort,Alabama
3652,115,29,5,8.63,43.15,2024-01-21,Delivered,Carlaton,Hawaii
3653,26,147,3,202.08,606.24,2024-02-17,Processing,Port Corey,Maine
3654,988,189,1,1293.61,1293.61,2025-12-02,Delivered,Natalieberg,Washington
3655,69,47,4,72.54,290.16,2025-02-28,Delivered,Elizabethberg,Washington
3656,373,128,4,89.87,359.48,2025-06-09,Delivered,Rayside,Kentucky
3657,690,82,3,102.58,307.74,2024-10-27,Shipped,Campbellchester,Wisconsin
3658,334,172,1,107.92,107.92,2024-06-20,Delivered,Leeside,New Hampshire
3659,498,156,2,136.11,272.22,2024-12-07,Shipped,East Evanshire,Alaska
3660,755,105,2,31.98,63.96,2025-11-05,Delivered,Ginaburgh,New Jersey
3661,756,2,2,97.3,194.6,2025-03-01,Delivered,West Lori,Virginia
3662,137,173,1,31.1,31.1,2025-10-26,Delivered,Sandraland,Oklahoma
3663,150,101,2,23.21,46.42,2024-03-08,Delivered,Owensview,Florida
3664,960,153,1,82.41,82.41,2025-04-18,Delivered,New Melissa,Delaware
3665,373,31,8,29.73,237.84,2024-01-24,Delivered,Rayside,Kentucky
3666,751,77,3,40.52,121.56,2025-06-20,Delivered,Bradleyfort,Michigan
3667,243,176,1,39.64,39.64,2024-07-22,Delivered,East Dean,New York
3668,298,111,2,292.45,584.9,2024-07-31,Delivered,Garciatown,Texas
3669,538,22,3,192.65,577.95,2025-04-22,Processing,Port Tiffany,Ohio
3670,733,132,3,21.5,64.5,2025-06-18,Processing,Port Richardton,Maryland
3671,294,99,8,23.4,187.2,2024-07-18,Shipped,East Matthewtown,Pennsylvania
3672,269,36,5,24.13,120.65,2024-05-16,Processing,South Lisa,Missouri
3673,195,139,1,48.17,48.17,2025-07-16,Processing,Ryanville,Alaska
3674,7,74,1,417.08,417.08,2024-03-19,Delivered,Kylefort,Washington
3675,718,172,3,107.92,323.76,2024-03-24,Delivered,North Kevinside,North Dakota
3676,743,185,2,1128.38,2256.76,2025-11-16,Delivered,Danielborough,California
3677,334,32,5,112.27,561.35,2025-07-23,Delivered,Leeside,New Hampshire
3678,59,126,1,24.66,24.66,2025-08-16,Returned,Sandovalshire,Iowa
3679,693,32,5,112.27,561.35,2024-10-04,Delivered,East Ann,South Dakota
3680,862,132,5,21.5,107.5,2024-07-22,Delivered,East Henry,North Dakota
3681,967,170,4,60.94,243.76,2024-04-08,Delivered,Lake Davidberg,Nevada
3682,189,192,7,5.42,37.94,2024-07-01,Delivered,New Ryanfort,California
3683,155,194,1,384.6,384.6,2024-10-09,Delivered,West Michaelfurt,Idaho
3684,756,133,3,57.39,172.17,2025-04-08,Delivered,West Lori,Virginia
3685,300,87,5,19.31,96.55,2024-03-24,Returned,Schneiderbury,Minnesota
3686,86,56,2,738.0,1476.0,2024-09-16,Delivered,New Juan,Kentucky
3687,500,134,4,61.51,246.04,2025-08-16,Delivered,Batesmouth,Indiana
3688,848,149,2,86.32,172.64,2025-07-17,Delivered,Port Maryside,Wyoming
3689,613,113,2,158.59,0.0,2025-08-10,Cancelled,Rodriguezport,Indiana
3690,621,144,3,48.66,145.98,2024-05-19,Delivered,Christophermouth,Connecticut
3691,14,167,3,133.62,400.86,2025-11-19,Processing,Saraside,Connecticut
3692,269,25,4,71.4,285.6,2025-09-03,Delivered,South Lisa,Missouri
3693,426,182,5,19.79,98.95,2025-09-04,Processing,Andrewberg,California
3694,368,111,1,292.45,292.45,2024-10-18,Processing,Andrewland,Mississippi
3695,689,140,2,93.97,187.94,2024-01-09,Shipped,Sarahland,Utah
3696,466,70,12,29.73,356.76,2025-04-11,Processing,Hollowayfort,Colorado
3697,350,60,3,242.61,727.83,2024-11-04,Delivered,Housechester,Massachusetts
3698,674,100,3,272.84,818.52,2025-08-07,Delivered,Melissafurt,Illinois
3699,444,78,9,27.87,250.83,2025-07-08,Shipped,Edwardsview,South Dakota
3700,546,27,1,33.99,33.99,2024-12-11,Delivered,Jasontown,Hawaii
3701,940,81,3,221.79,665.37,2025-01-21,Delivered,Angelastad,Kansas
3702,547,103,3,324.51,973.53,2025-03-26,Delivered,Johnbury,Oklahoma
3703,439,20,1,57.57,57.57,2025-05-24,Delivered,Haleview,Indiana
3704,35,195,10,2.19,21.9,2025-01-18,Delivered,North Sara,South Carolina
3705,608,180,2,32.39,0.0,2025-11-21,Cancelled,Lake Amandaport,Florida
3706,886,177,1,135.85,135.85,2025-02-26,Delivered,East Kayleetown,Wyoming
3707,935,33,1,32.17,32.17,2024-03-26,Shipped,South Tracyville,Washington
3708,777,50,2,107.82,215.64,2025-06-30,Delivered,Lake Daniellestad,Iowa
3709,596,68,1,115.79,115.79,2025-03-10,Delivered,Port Melissamouth,Massachusetts
3710,873,199,5,91.79,458.95,2024-08-11,Delivered,Port Kennethville,Vermont
3711,524,115,1,115.19,115.19,2025-07-09,Delivered,Quinnchester,Idaho
3712,36,105,2,31.98,63.96,2025-05-08,Delivered,South Michaelville,Colorado
3713,81,113,3,158.59,475.77,2024-06-21,Processing,Rileymouth,West Virginia
3714,679,152,5,69.34,346.7,2024-05-26,Delivered,Amystad,Nevada
3715,392,35,1,486.1,486.1,2024-06-02,Delivered,Mariafort,Alabama
3716,655,168,2,214.69,429.38,2025-01-09,Delivered,Hubbardport,North Dakota
3717,74,47,1,72.54,72.54,2024-07-07,Delivered,South Terri,Hawaii
3718,68,109,3,321.21,0.0,2024-01-22,Cancelled,Brownville,Virginia
3719,250,62,2,331.56,663.12,2025-07-11,Delivered,Lake Ethanfort,Washington
3720,137,89,2,101.92,203.84,2025-10-21,Delivered,Sandraland,Oklahoma
3721,710,165,4,118.26,473.04,2024-01-05,Delivered,West Kelseytown,Nevada
3722,532,20,2,57.57,115.14,2025-01-20,Shipped,Hansonfort,Missouri
3723,666,150,1,415.89,415.89,2025-07-25,Processing,Riversside,Tennessee
3724,561,190,2,655.22,1310.44,2025-09-16,Delivered,Lopezside,Oregon
3725,139,69,3,96.69,290.07,2024-08-25,Delivered,Alimouth,Iowa
3726,501,112,3,72.13,216.39,2024-02-29,Delivered,North Gabrielabury,Minnesota
3727,376,21,1,21.74,21.74,2025-03-07,Delivered,Wellsmouth,Rhode Island
3728,548,47,4,72.54,290.16,2024-03-16,Shipped,East Jacqueline,New Hampshire
3729,485,111,1,292.45,292.45,2025-09-30,Processing,Travisville,Connecticut
3730,164,41,1,1133.32,1133.32,2025-01-08,Delivered,East Grant,Washington
3731,471,137,1,109.87,109.87,2024-06-03,Processing,Suzannemouth,Massachusetts
3732,335,152,2,69.34,138.68,2025-11-11,Delivered,Whitebury,Illinois
3733,839,123,3,120.25,360.75,2024-06-03,Delivered,Michaelstad,Alabama
3734,134,199,5,91.79,458.95,2025-02-25,Delivered,New Joshua,Texas
3735,6,175,1,88.86,88.86,2025-02-01,Shipped,Lake Stephen,Nevada
3736,591,162,1,99.85,99.85,2025-09-24,Delivered,Richardtown,Alaska
3737,877,167,2,133.62,267.24,2024-05-04,Delivered,Karenfurt,Wyoming
3738,635,173,3,31.1,93.3,2025-11-23,Processing,Port Emilyton,Missouri
3739,45,61,3,83.9,251.7,2024-12-22,Delivered,Stevenberg,Utah
3740,486,166,2,12.95,25.9,2025-05-05,Delivered,Port Jason,Washington
3741,843,2,4,97.3,389.2,2024-06-27,Delivered,East Joshua,Virginia
3742,824,175,4,88.86,355.44,2025-10-15,Delivered,New Normaton,Georgia
3743,33,51,5,20.77,103.85,2024-05-18,Shipped,South Rebecca,Utah
3744,437,158,1,1511.23,1511.23,2024-08-30,Shipped,Jesustown,West Virginia
3745,844,91,6,16.92,101.52,2024-04-24,Delivered,Port Thomasfurt,New York
3746,890,52,4,95.66,382.64,2024-02-09,Delivered,Port Austinchester,Kansas
3747,378,62,3,331.56,994.68,2025-06-21,Delivered,Bestfort,New York
3748,628,123,3,120.25,360.75,2024-12-27,Shipped,Williamsberg,Florida
3749,747,89,3,101.92,305.76,2025-05-17,Delivered,Bassville,Texas
3750,957,167,3,133.62,400.86,2024-08-03,Delivered,Richardmouth,North Carolina
3751,83,94,1,73.18,73.18,2025-12-09,Delivered,Bergbury,Idaho
3752,122,44,1,180.6,180.6,2025-12-15,Delivered,Port Robert,Rhode Island
3753,566,52,4,95.66,382.64,2024-09-04,Delivered,Masonbury,Alabama
3754,531,117,1,23.92,23.92,2025-06-14,Delivered,South Royhaven,New Mexico
3755,750,98,3,171.77,515.31,2024-04-21,Delivered,Port Thomasmouth,New Mexico
3756,896,168,3,214.69,644.07,2024-06-12,Delivered,West Timothystad,Michigan
3757,80,182,3,19.79,59.37,2025-11-22,Delivered,West Shannon,Arizona
3758,211,9,1,94.81,94.81,2025-07-26,Delivered,Wardmouth,Georgia
3759,701,107,3,56.79,170.37,2024-06-12,Delivered,Port Melissa,Texas
3760,661,21,5,21.74,108.7,2024-08-01,Delivered,North Patricia,Idaho
3761,303,76,2,1853.62,0.0,2024-06-24,Cancelled,Raymondberg,West Virginia
3762,442,145,1,238.69,238.69,2025-04-10,Returned,Keithside,New Hampshire
3763,174,80,1,206.74,206.74,2025-08-26,Delivered,Port Michaelville,Arkansas
3764,872,89,2,101.92,203.84,2025-03-12,Delivered,Romantown,Minnesota
3765,103,63,1,155.85,155.85,2024-01-13,Delivered,South Ronaldfurt,Ohio
3766,360,49,3,53.93,161.79,2025-11-14,Returned,Alvarezfurt,Kentucky
3767,328,164,2,196.76,393.52,2025-09-07,Delivered,Daughertymouth,Washington
3768,461,4,3,263.55,790.65,2025-10-26,Processing,New Theresaberg,Indiana
3769,423,180,1,32.39,32.39,2025-05-13,Delivered,South Glendafurt,Maryland
3770,221,177,2,135.85,271.7,2025-05-08,Delivered,Lake Samanthaport,Nebraska
3771,3,20,2,57.57,115.14,2024-05-18,Delivered,East Rubenview,Connecticut
3772,91,167,1,133.62,133.62,2025-02-25,Shipped,Lake Jennifer,Montana
3773,179,188,1,35.05,0.0,2025-10-13,Cancelled,Laurafort,South Dakota
3774,118,61,2,83.9,167.8,2024-06-02,Delivered,South Cassidy,Louisiana
3775,763,46,1,39.3,39.3,2025-05-03,Returned,Parrishmouth,Nebraska
3776,860,102,1,16.02,16.02,2025-01-01,Delivered,Hessfurt,Colorado
3777,389,164,3,196.76,590.28,2025-09-08,Delivered,New Aliciaberg,Florida
3778,359,91,11,16.92,0.0,2024-04-29,Cancelled,Townsendtown,Oregon
3779,70,123,1,120.25,120.25,2025-10-06,Delivered,Mclaughlinside,Washington
3780,475,29,4,8.63,34.52,2024-01-31,Delivered,New Ryan,Alaska
3781,70,160,1,30.6,30.6,2025-06-03,Delivered,Mclaughlinside,Washington
3782,995,100,3,272.84,818.52,2024-08-10,Delivered,Lake Deborahbury,Massachusetts
3783,630,175,1,88.86,88.86,2024-03-10,Shipped,West Robertview,Massachusetts
3784,711,105,3,31.98,95.94,2025-06-11,Delivered,North Henry,Kansas
3785,359,72,4,171.7,686.8,2024-01-28,Delivered,Townsendtown,Oregon
3786,346,61,3,83.9,251.7,2024-12-26,Shipped,Lake Jennifermouth,Maryland
3787,410,91,9,16.92,152.28,2025-03-15,Delivered,Nataliebury,Minnesota
3788,969,15,3,213.82,641.46,2025-10-02,Shipped,Port Richard,New Jersey
3789,779,50,1,107.82,107.82,2025-07-02,Delivered,Josestad,South Carolina
3790,924,189,2,1293.61,2587.22,2025-10-23,Delivered,Jeffreyville,Missouri
3791,521,80,2,206.74,413.48,2025-02-04,Shipped,Hannahtown,Kentucky
3792,399,110,1,149.46,149.46,2024-09-05,Delivered,South Donnafurt,New Jersey
3793,593,151,1,1843.3,1843.3,2024-10-07,Delivered,Lake Michael,Nebraska
3794,699,104,2,43.38,86.76,2024-04-05,Delivered,Port Darlenemouth,Mississippi
3795,339,94,2,73.18,146.36,2024-07-20,Delivered,Goodland,Texas
3796,548,3,2,7.36,14.72,2025-04-11,Delivered,East Jacqueline,New Hampshire
3797,675,186,3,27.47,82.41,2024-12-21,Delivered,East Edwardside,Wyoming
3798,44,8,3,126.03,378.09,2024-04-28,Shipped,Robertville,Indiana
3799,865,103,3,324.51,973.53,2025-01-27,Shipped,Leonchester,Oklahoma
3800,691,190,2,655.22,1310.44,2024-11-18,Delivered,Martinezville,Nebraska
3801,402,133,2,57.39,114.78,2024-10-01,Delivered,West Jameston,Indiana
3802,244,161,2,295.59,591.18,2025-04-21,Delivered,South Oliviatown,Tennessee
3803,662,52,3,95.66,286.98,2024-09-21,Delivered,East Casey,Alaska
3804,65,103,3,324.51,973.53,2025-08-25,Returned,West Jasonview,West Virginia
3805,279,50,1,107.82,107.82,2024-10-05,Delivered,Brandonside,Oklahoma
3806,12,7,2,37.5,75.0,2024-03-21,Processing,Port Johnmouth,North Dakota
3807,656,75,3,408.35,1225.05,2024-03-05,Shipped,Lake Alan,Georgia
3808,314,85,2,669.8,1339.6,2025-12-18,Delivered,South Jamie,Wyoming
3809,600,87,5,19.31,96.55,2025-03-06,Delivered,Grantshire,Montana
3810,355,118,2,280.69,0.0,2024-02-20,Cancelled,South Yvette,Indiana
3811,924,143,2,50.45,0.0,2025-11-23,Cancelled,Jeffreyville,Missouri
3812,877,137,2,109.87,219.74,2025-02-13,Delivered,Karenfurt,Wyoming
3813,259,72,3,171.7,515.1,2025-11-16,Delivered,North Danielmouth,Louisiana
3814,491,196,3,211.17,633.51,2025-03-17,Delivered,Markport,Wyoming
3815,677,186,6,27.47,164.82,2024-06-16,Delivered,Matthewmouth,Nebraska
3816,114,10,1,6.76,6.76,2025-01-12,Delivered,North Christopherstad,Georgia
3817,272,67,3,109.42,328.26,2025-03-13,Delivered,East Barbara,South Carolina
3818,730,163,3,91.43,274.29,2025-06-29,Delivered,Timfort,New York
3819,350,68,3,115.79,347.37,2024-08-28,Delivered,Housechester,Massachusetts
3820,11,106,1,1067.66,1067.66,2024-11-23,Delivered,Michaelburgh,Florida
3821,664,161,1,295.59,295.59,2024-12-22,Delivered,East Michaelborough,Connecticut
3822,281,5,3,225.2,675.6,2025-05-01,Shipped,Kathrynfort,Minnesota
3823,364,156,4,136.11,544.44,2024-12-07,Delivered,Harrisport,Idaho
3824,468,84,3,121.98,365.94,2024-10-08,Delivered,West Juliachester,Idaho
3825,801,169,3,171.62,514.86,2024-06-08,Delivered,East Matthewshire,New Hampshire
3826,679,45,5,25.64,128.2,2025-04-29,Delivered,Amystad,Nevada
3827,455,60,3,242.61,727.83,2024-03-23,Shipped,Meganfort,Kentucky
3828,175,200,5,35.55,177.75,2025-10-08,Delivered,Amyborough,South Dakota
3829,935,81,3,221.79,665.37,2024-11-01,Delivered,South Tracyville,Washington
3830,46,132,2,21.5,43.0,2024-07-26,Delivered,Joshuaside,Maine
3831,425,198,1,28.18,28.18,2025-01-03,Delivered,Port Christy,Michigan
3832,26,178,1,96.1,96.1,2024-01-11,Processing,Port Corey,Maine
3833,402,101,3,23.21,69.63,2024-05-25,Delivered,West Jameston,Indiana
3834,844,27,3,33.99,101.97,2024-03-14,Processing,Port Thomasfurt,New York
3835,769,41,1,1133.32,1133.32,2024-05-10,Delivered,Nolanfurt,California
3836,550,159,2,144.57,289.14,2024-04-29,Delivered,South Anthonystad,South Dakota
3837,703,123,1,120.25,120.25,2024-02-01,Returned,East Alex,Washington
3838,141,187,3,46.53,0.0,2025-06-17,Cancelled,Robertberg,Florida
3839,101,56,2,738.0,1476.0,2024-12-18,Delivered,Kathleenburgh,South Dakota
3840,277,3,1,7.36,7.36,2025-03-05,Delivered,Fisherburgh,New Jersey
3841,406,81,2,221.79,443.58,2025-01-15,Delivered,Lake Jennifershire,Alaska
3842,543,117,3,23.92,71.76,2025-02-25,Delivered,East Pamela,North Dakota
3843,356,18,2,12.0,24.0,2024-10-31,Delivered,Lake Jonathon,Tennessee
3844,770,100,1,272.84,272.84,2025-06-09,Delivered,South Stephanie,California
3845,226,57,2,1165.65,2331.3,2024-10-07,Delivered,Michellemouth,Virginia
3846,827,167,3,133.62,400.86,2024-12-18,Processing,Trevorborough,Idaho
3847,448,101,3,23.21,69.63,2025-05-19,Shipped,Jamesborough,Idaho
3848,689,186,4,27.47,109.88,2025-03-06,Returned,Sarahland,Utah
3849,860,154,3,341.24,1023.72,2025-05-09,Delivered,Hessfurt,Colorado
3850,79,79,2,35.4,70.8,2025-11-24,Returned,Whitestad,Oregon
3851,331,35,3,486.1,1458.3,2024-01-29,Delivered,Lake Williamfort,Washington
3852,795,43,1,377.86,377.86,2024-12-04,Delivered,Leahland,Michigan
3853,422,44,3,180.6,541.8,2024-07-15,Delivered,Williambury,Wyoming
3854,141,151,2,1843.3,3686.6,2025-03-28,Delivered,Robertberg,Florida
3855,13,191,3,92.98,278.94,2024-07-03,Delivered,Grayberg,California
3856,717,37,4,27.38,109.52,2025-06-23,Delivered,New Sharon,Massachusetts
3857,68,128,4,89.87,359.48,2025-01-30,Processing,Brownville,Virginia
3858,204,27,6,33.99,203.94,2024-07-15,Delivered,West Ryanmouth,Kentucky
3859,897,129,3,156.82,470.46,2024-03-13,Delivered,Port Bradshire,Maine
3860,433,97,3,28.08,84.24,2024-12-19,Shipped,New Todd,Rhode Island
3861,745,51,4,20.77,83.08,2024-03-20,Delivered,Lake James,Arizona
3862,25,197,5,41.22,206.1,2025-06-20,Delivered,Port Tracy,Alaska
3863,169,80,1,206.74,206.74,2025-03-29,Delivered,Heatherville,Florida
3864,673,63,2,155.85,311.7,2025-06-02,Shipped,West Jennifermouth,California
3865,560,98,2,171.77,343.54,2024-09-17,Processing,New Mary,Louisiana
3866,472,103,2,324.51,649.02,2025-04-07,Processing,Lake Paulaland,Texas
3867,189,126,3,24.66,73.98,2025-04-13,Shipped,New Ryanfort,California
3868,566,32,5,112.27,561.35,2024-03-10,Delivered,Masonbury,Alabama
3869,68,106,2,1067.66,0.0,2025-06-18,Cancelled,Brownville,Virginia
3870,389,54,2,66.84,133.68,2025-10-22,Delivered,New Aliciaberg,Florida
3871,193,79,4,35.4,141.6,2025-01-24,Delivered,East Barbara,North Dakota
3872,138,63,2,155.85,311.7,2025-08-12,Delivered,Amandahaven,Nebraska
3873,923,100,1,272.84,272.84,2024-12-25,Delivered,South Dwaynehaven,Washington
3874,301,86,3,86.29,258.87,2025-12-02,Delivered,Joshuachester,Michigan
3875,661,112,4,72.13,288.52,2024-07-28,Delivered,North Patricia,Idaho
3876,444,119,1,299.58,299.58,2025-06-20,Delivered,Edwardsview,South Dakota
3877,514,106,2,1067.66,0.0,2024-09-20,Cancelled,Erikaport,Washington
3878,963,165,2,118.26,236.52,2024-11-17,Delivered,Port Michaelshire,Wyoming
3879,862,32,1,112.27,112.27,2025-11-21,Delivered,East Henry,North Dakota
3880,437,143,1,50.45,50.45,2024-04-11,Delivered,Jesustown,West Virginia
3881,493,107,1,56.79,56.79,2024-04-09,Delivered,Kellybury,Nebraska
3882,17,192,10,5.42,54.2,2024-11-19,Delivered,Keithburgh,West Virginia
3883,273,71,1,117.87,117.87,2025-12-26,Delivered,Lake Anthonyfort,Kansas
3884,227,157,2,21.39,42.78,2025-09-13,Delivered,Lake Donald,Oregon
3885,796,5,1,225.2,225.2,2024-04-04,Delivered,New Johnfurt,Iowa
3886,709,59,3,5.75,17.25,2025-04-14,Processing,Martinezshire,Nevada
3887,607,80,2,206.74,413.48,2024-04-20,Delivered,Bellport,Kentucky
3888,122,79,1,35.4,35.4,2024-11-15,Delivered,Port Robert,Rhode Island
3889,642,76,1,1853.62,0.0,2025-08-26,Cancelled,Aaronton,Tennessee
3890,678,13,4,67.98,271.92,2024-03-19,Shipped,Karenborough,Missouri
3891,908,24,2,51.42,102.84,2025-03-28,Delivered,East Christopher,Colorado
3892,814,1,5,50.57,252.85,2025-01-02,Delivered,East Troyfurt,Washington
3893,871,58,3,133.46,400.38,2024-02-04,Delivered,Kirkton,Nevada
3894,231,169,4,171.62,686.48,2025-02-22,Delivered,Lake Susan,Vermont
3895,178,1,2,50.57,101.14,2025-11-08,Delivered,Michelleport,Kentucky
3896,405,35,3,486.1,1458.3,2025-07-26,Delivered,Lake Amandashire,Utah
3897,566,64,2,701.02,1402.04,2024-07-26,Returned,Masonbury,Alabama
3898,125,123,1,120.25,120.25,2025-02-07,Delivered,West Daniellemouth,New Mexico
3899,669,12,1,182.65,182.65,2025-01-31,Delivered,Lake Robert,Idaho
3900,828,100,3,272.84,0.0,2025-05-07,Cancelled,Aliciamouth,Wyoming
3901,558,148,1,293.38,293.38,2025-06-19,Delivered,Stanleychester,Nebraska
3902,199,131,4,28.16,112.64,2024-01-22,Delivered,Schmidtberg,Wisconsin
3903,351,49,3,53.93,161.79,2024-05-28,Delivered,Foxside,Wisconsin
3904,750,46,1,39.3,39.3,2024-04-01,Processing,Port Thomasmouth,New Mexico
3905,473,143,3,50.45,151.35,2024-09-29,Shipped,Frederickstad,Kansas
3906,242,90,2,780.14,1560.28,2025-05-24,Delivered,Port Melissa,Florida
3907,484,123,1,120.25,120.25,2024-05-05,Delivered,Loganport,Wyoming
3908,6,51,1,20.77,20.77,2025-04-29,Delivered,Lake Stephen,Nevada
3909,399,174,8,39.88,319.04,2024-07-23,Processing,South Donnafurt,New Jersey
3910,799,178,2,96.1,0.0,2024-04-21,Cancelled,Johnsonmouth,New Jersey
3911,103,110,4,149.46,597.84,2024-11-17,Delivered,South Ronaldfurt,Ohio
3912,850,24,3,51.42,154.26,2024-06-30,Shipped,Lake Kiara,Oklahoma
3913,11,36,8,24.13,0.0,2025-07-26,Cancelled,Michaelburgh,Florida
3914,534,174,6,39.88,239.28,2025-09-29,Delivered,Tinabury,New Hampshire
3915,442,91,5,16.92,84.6,2024-02-28,Delivered,Keithside,New Hampshire
3916,845,37,3,27.38,82.14,2024-01-15,Delivered,Mccormicktown,Arizona
3917,453,16,5,48.77,243.85,2025-10-23,Delivered,Rachelberg,Alabama
3918,736,133,3,57.39,172.17,2024-01-02,Delivered,Steventown,Florida
3919,65,124,3,253.0,759.0,2024-01-28,Delivered,West Jasonview,West Virginia
3920,236,180,2,32.39,64.78,2025-06-08,Shipped,Hannahtown,Florida
3921,439,84,3,121.98,365.94,2025-11-24,Delivered,Haleview,Indiana
3922,144,126,1,24.66,24.66,2024-10-16,Delivered,Tonytown,Maryland
3923,571,138,3,20.13,60.39,2025-03-03,Delivered,West Megan,Idaho
3924,215,94,1,73.18,73.18,2025-10-07,Delivered,North Suzannefurt,Wisconsin
3925,575,172,2,107.92,215.84,2024-08-12,Delivered,Danielton,Idaho
3926,914,77,6,40.52,243.12,2025-06-12,Delivered,West Anthony,Maine
3927,629,9,4,94.81,379.24,2024-08-21,Delivered,New Vickihaven,Connecticut
3928,210,97,3,28.08,84.24,2024-09-02,Delivered,Port Jonathanshire,Utah
3929,85,173,6,31.1,0.0,2024-11-05,Cancelled,Lake Charles,Missouri
3930,386,21,2,21.74,43.48,2025-04-23,Shipped,Jamestown,Vermont
3931,489,70,4,29.73,118.92,2024-12-10,Processing,South Katherineport,Mississippi
3932,608,51,2,20.77,41.54,2024-09-14,Delivered,Lake Amandaport,Florida
3933,159,5,1,225.2,225.2,2025-07-18,Delivered,Brownfort,Georgia
3934,356,174,9,39.88,358.92,2025-01-14,Delivered,Lake Jonathon,Tennessee
3935,49,106,1,1067.66,1067.66,2024-12-23,Delivered,South Matthewshire,Utah
3936,432,99,6,23.4,140.4,2024-01-20,Shipped,South Davidside,Wyoming
3937,590,94,3,73.18,219.54,2025-01-09,Delivered,Michelleland,North Dakota
3938,394,16,5,48.77,243.85,2025-02-14,Delivered,Bradleyview,Rhode Island
3939,651,191,3,92.98,278.94,2025-05-10,Shipped,East Alexandra,Idaho
3940,105,138,4,20.13,80.52,2024-10-18,Delivered,East Jenniferborough,Texas
3941,769,73,4,82.71,330.84,2024-04-02,Delivered,Nolanfurt,California
3942,24,94,1,73.18,73.18,2024-06-17,Delivered,South Timothy,South Dakota
3943,263,144,8,48.66,389.28,2024-08-27,Delivered,Michaelbury,Maryland
3944,817,145,3,238.69,716.07,2025-08-06,Delivered,West Dianestad,Iowa
3945,359,124,3,253.0,759.0,2024-08-22,Delivered,Townsendtown,Oregon
3946,664,142,2,469.45,938.9,2025-09-29,Processing,East Michaelborough,Connecticut
3947,907,112,2,72.13,144.26,2025-07-28,Processing,Karatown,South Carolina
3948,4,75,3,408.35,1225.05,2025-08-21,Delivered,Melissamouth,Mississippi
3949,494,58,4,133.46,533.84,2024-10-05,Delivered,Amandamouth,Pennsylvania
3950,734,105,3,31.98,95.94,2025-09-04,Delivered,Port Audreyport,Nebraska
3951,263,173,6,31.1,0.0,2025-10-21,Cancelled,Michaelbury,Maryland
3952,888,153,5,82.41,412.05,2025-09-19,Delivered,Williamville,Wisconsin
3953,249,145,2,238.69,477.38,2024-11-16,Delivered,West Rebeccaburgh,Oregon
3954,496,99,8,23.4,187.2,2025-10-04,Delivered,Codyville,Colorado
3955,7,119,2,299.58,599.16,2025-12-25,Delivered,Kylefort,Washington
3956,961,131,1,28.16,28.16,2025-07-18,Delivered,Port Anthony,North Dakota
3957,511,55,1,136.93,136.93,2024-03-04,Shipped,Jasonshire,Rhode Island
3958,795,174,1,39.88,39.88,2025-04-15,Delivered,Leahland,Michigan
3959,145,7,1,37.5,37.5,2024-09-02,Returned,West William,Michigan
3960,174,194,1,384.6,384.6,2025-06-08,Delivered,Port Michaelville,Arkansas
3961,378,110,3,149.46,448.38,2025-04-25,Delivered,Bestfort,New York
3962,744,63,1,155.85,155.85,2025-01-27,Delivered,Tuckerland,New Hampshire
3963,561,87,5,19.31,96.55,2025-08-31,Shipped,Lopezside,Oregon
3964,236,18,5,12.0,60.0,2024-03-17,Shipped,Hannahtown,Florida
3965,342,184,2,151.44,302.88,2024-07-01,Delivered,West Jeffrey,Connecticut
3966,539,149,4,86.32,345.28,2024-10-11,Delivered,Port Bradley,Ohio
3967,267,1,3,50.57,151.71,2025-05-19,Delivered,South Cynthia,Illinois
3968,726,129,4,156.82,627.28,2025-11-19,Delivered,Margaretmouth,Connecticut
3969,939,84,3,121.98,365.94,2025-07-04,Shipped,Leefort,Hawaii
3970,804,186,3,27.47,82.41,2024-11-03,Delivered,Charlesville,Louisiana
3971,806,137,2,109.87,219.74,2025-06-17,Delivered,Billyton,South Carolina
3972,934,80,2,206.74,413.48,2024-02-18,Delivered,Ballport,Nevada
3973,20,178,2,96.1,192.2,2025-04-23,Delivered,Lake Lisa,Michigan
3974,20,65,1,7.18,7.18,2025-03-20,Delivered,Lake Lisa,Michigan
3975,781,80,2,206.74,413.48,2024-08-17,Delivered,North Adam,Alabama
3976,396,28,3,18.59,55.77,2024-06-16,Delivered,Carpenterchester,Connecticut
3977,901,4,2,263.55,527.1,2025-04-08,Delivered,West Lori,New Mexico
3978,441,189,2,1293.61,2587.22,2024-07-16,Delivered,Smithchester,Georgia
3979,55,173,3,31.1,93.3,2025-06-15,Delivered,North Ebonyport,Iowa
3980,761,9,3,94.81,284.43,2025-07-22,Delivered,North Meganmouth,Vermont
3981,534,41,1,1133.32,1133.32,2025-08-11,Delivered,Tinabury,New Hampshire
3982,221,81,2,221.79,443.58,2024-01-22,Shipped,Lake Samanthaport,Nebraska
3983,141,200,2,35.55,71.1,2024-10-15,Delivered,Robertberg,Florida
3984,147,44,2,180.6,0.0,2024-10-18,Cancelled,New Brittanymouth,Michigan
3985,689,110,1,149.46,149.46,2025-05-06,Processing,Sarahland,Utah
3986,737,197,5,41.22,206.1,2025-02-21,Returned,Lake Christopherfort,New Mexico
3987,541,131,4,28.16,112.64,2025-01-27,Processing,East Ashleyton,Wyoming
3988,353,153,3,82.41,247.23,2024-04-06,Shipped,South Virginia,Rhode Island
3989,353,127,1,117.98,117.98,2025-06-22,Delivered,South Virginia,Rhode Island
3990,306,175,2,88.86,177.72,2025-10-17,Returned,Port Kimberlyton,Indiana
3991,382,44,2,180.6,361.2,2025-11-13,Delivered,Sandyborough,Arkansas
3992,186,79,4,35.4,141.6,2024-03-23,Shipped,Wintersfort,Texas
3993,378,187,2,46.53,93.06,2024-02-02,Delivered,Bestfort,New York
3994,166,87,2,19.31,38.62,2024-09-09,Delivered,New Jacobland,Mississippi
3995,57,187,1,46.53,46.53,2024-01-09,Delivered,Amyland,Kentucky
3996,858,18,1,12.0,12.0,2025-06-10,Delivered,North Maria,Arkansas
3997,405,132,2,21.5,43.0,2025-02-09,Delivered,Lake Amandashire,Utah
3998,170,115,3,115.19,345.57,2025-04-15,Delivered,New Charles,Alabama
3999,110,145,2,238.69,477.38,2025-03-24,Delivered,Welchhaven,New Hampshire
4000,836,122,4,20.47,81.88,2025-10-16,Delivered,South Sarah,North Dakota
4001,811,88,2,189.99,379.98,2025-06-09,Delivered,North Matthew,Mississippi
4002,159,58,1,133.46,133.46,2025-05-08,Delivered,Brownfort,Georgia
4003,580,83,2,129.45,0.0,2024-12-24,Cancelled,Brownchester,Texas
4004,602,83,2,129.45,258.9,2024-01-19,Shipped,Longville,North Carolina
4005,826,53,6,53.04,318.24,2025-09-28,Delivered,Bryantport,North Dakota
4006,942,36,7,24.13,168.91,2024-02-20,Delivered,Ginastad,South Dakota
4007,712,198,3,28.18,84.54,2024-05-25,Delivered,Hickmanview,Nevada
4008,664,55,1,136.93,136.93,2025-05-21,Shipped,East Michaelborough,Connecticut
4009,297,7,1,37.5,37.5,2024-03-07,Shipped,Nguyenmouth,Minnesota
4010,218,142,3,469.45,1408.35,2024-01-09,Delivered,Lisachester,Louisiana
4011,678,14,2,1392.16,2784.32,2024-04-20,Delivered,Karenborough,Missouri
4012,670,191,2,92.98,0.0,2024-02-21,Cancelled,Smithmouth,New Mexico
4013,574,132,3,21.5,0.0,2024-08-07,Cancelled,North Craigtown,Montana
4014,138,14,2,1392.16,2784.32,2024-08-29,Delivered,Amandahaven,Nebraska
4015,199,167,1,133.62,133.62,2025-09-19,Delivered,Schmidtberg,Wisconsin
4016,992,98,2,171.77,0.0,2025-08-04,Cancelled,New Jacqueline,Connecticut
4017,250,122,2,20.47,40.94,2024-04-18,Delivered,Lake Ethanfort,Washington
4018,338,184,3,151.44,454.32,2025-03-24,Delivered,Kellyberg,South Dakota
4019,610,109,2,321.21,642.42,2024-10-21,Delivered,South Davidborough,North Carolina
4020,817,100,3,272.84,818.52,2024-07-04,Delivered,West Dianestad,Iowa
4021,316,178,3,96.1,288.3,2024-10-23,Shipped,Masseyville,Maine
4022,688,175,5,88.86,444.3,2025-09-16,Processing,Rossland,Tennessee
4023,457,144,12,48.66,583.92,2024-10-01,Delivered,East Adammouth,Iowa
4024,950,130,1,825.68,825.68,2024-10-04,Returned,Teresahaven,Arizona
4025,300,163,3,91.43,274.29,2024-03-04,Delivered,Schneiderbury,Minnesota
4026,193,150,3,415.89,1247.67,2025-10-03,Delivered,East Barbara,North Dakota
4027,702,160,5,30.6,153.0,2024-12-03,Delivered,Port Sandramouth,Oklahoma
4028,616,3,5,7.36,36.8,2024-12-28,Delivered,Kennethton,Wyoming
4029,212,187,3,46.53,139.59,2025-03-02,Delivered,Alexanderfort,Delaware
4030,246,87,4,19.31,77.24,2024-11-04,Processing,Abigailstad,South Dakota
4031,333,47,1,72.54,72.54,2025-08-16,Delivered,West Steven,Colorado
4032,13,129,1,156.82,156.82,2025-10-28,Delivered,Grayberg,California
4033,837,198,1,28.18,28.18,2024-04-25,Delivered,South Rodney,Florida
4034,464,26,7,32.0,224.0,2024-03-20,Delivered,North Tara,Texas
4035,593,108,2,92.71,185.42,2025-04-30,Shipped,Lake Michael,Nebraska
4036,2,120,12,47.8,573.6,2024-09-24,Delivered,Port Lawrence,Nebraska
4037,462,8,3,126.03,378.09,2025-02-02,Delivered,Edwardsborough,Kentucky
4038,968,180,1,32.39,32.39,2024-11-05,Delivered,North Spencer,North Carolina
4039,105,78,12,27.87,334.44,2025-07-13,Delivered,East Jenniferborough,Texas
4040,107,144,5,48.66,0.0,2025-11-09,Cancelled,Patriciaville,Colorado
4041,97,142,3,469.45,1408.35,2025-04-15,Delivered,Campbellhaven,South Carolina
4042,388,139,2,48.17,96.34,2025-07-04,Delivered,Mossstad,Texas
4043,122,188,10,35.05,350.5,2025-05-30,Delivered,Port Robert,Rhode Island
4044,326,138,2,20.13,40.26,2025-10-19,Shipped,Port Angela,Virginia
4045,682,56,1,738.0,738.0,2025-01-27,Delivered,Christopherview,Connecticut
4046,968,135,1,17.94,17.94,2024-03-04,Delivered,North Spencer,North Carolina
4047,882,34,3,264.74,794.22,2024-08-30,Delivered,East Shannonton,Tennessee
4048,8,77,5,40.52,0.0,2025-02-26,Cancelled,Port Christopherville,New Mexico
4049,341,85,1,669.8,669.8,2025-09-04,Returned,West Rachelbury,Vermont
4050,317,77,2,40.52,81.04,2024-10-21,Delivered,Hooperburgh,Massachusetts
4051,807,175,4,88.86,355.44,2025-05-14,Shipped,New Elizabethbury,West Virginia
4052,860,196,3,211.17,633.51,2024-08-09,Delivered,Hessfurt,Colorado
4053,742,176,2,39.64,79.28,2025-10-01,Delivered,Port Michaelberg,Missouri
4054,343,22,3,192.65,0.0,2024-06-30,Cancelled,West Shawn,California
4055,157,180,4,32.39,0.0,2024-02-10,Cancelled,Masseystad,Alaska
4056,391,189,2,1293.61,2587.22,2025-10-11,Delivered,Morenofurt,Minnesota
4057,697,147,2,202.08,404.16,2024-05-07,Delivered,Lindatown,Oklahoma
4058,210,14,1,1392.16,1392.16,2025-02-27,Delivered,Port Jonathanshire,Utah
4059,198,115,1,115.19,115.19,2024-10-22,Delivered,East Wandaburgh,Maine
4060,699,13,1,67.98,67.98,2024-09-21,Delivered,Port Darlenemouth,Mississippi
4061,487,34,1,264.74,264.74,2025-03-07,Delivered,Hammondhaven,West Virginia
4062,478,57,1,1165.65,1165.65,2025-12-22,Processing,West Chasestad,California
4063,18,99,7,23.4,163.8,2024-10-31,Delivered,Harrisport,Kentucky
4064,402,74,2,417.08,834.16,2025-12-30,Delivered,West Jameston,Indiana
4065,980,78,8,27.87,222.96,2024-07-08,Delivered,Lake Katherine,North Carolina
4066,114,144,8,48.66,389.28,2024-07-12,Processing,North Christopherstad,Georgia
4067,213,94,3,73.18,219.54,2025-08-20,Shipped,New Eugene,Missouri
4068,630,159,2,144.57,0.0,2025-07-24,Cancelled,West Robertview,Massachusetts
4069,890,113,3,158.59,475.77,2025-11-22,Delivered,Port Austinchester,Kansas
4070,611,37,2,27.38,54.76,2024-02-14,Delivered,New Johnfurt,Ohio
4071,42,186,4,27.47,109.88,2025-10-13,Delivered,Draketon,Vermont
4072,429,99,5,23.4,117.0,2024-01-27,Shipped,Scottland,Maryland
4073,321,4,2,263.55,527.1,2024-02-07,Delivered,Port Nicholestad,Hawaii
4074,141,30,3,58.18,174.54,2025-07-17,Delivered,Robertberg,Florida
4075,66,156,2,136.11,272.22,2024-12-27,Delivered,Joshuaborough,Virginia
4076,423,50,1,107.82,107.82,2024-01-29,Shipped,South Glendafurt,Maryland
4077,445,149,3,86.32,258.96,2024-10-07,Delivered,Santiagoton,Oregon
4078,432,111,2,292.45,584.9,2025-10-26,Processing,South Davidside,Wyoming
4079,799,3,4,7.36,29.44,2025-11-14,Processing,Johnsonmouth,New Jersey
4080,462,59,4,5.75,23.0,2024-07-27,Delivered,Edwardsborough,Kentucky
4081,160,89,1,101.92,101.92,2025-10-07,Delivered,Lake Luis,Texas
4082,476,151,1,1843.3,1843.3,2025-09-24,Delivered,Josephmouth,Maine
4083,499,182,6,19.79,118.74,2025-06-29,Delivered,Sharonton,Nebraska
4084,577,17,4,22.46,89.84,2024-07-23,Delivered,North Angelaland,California
4085,394,64,2,701.02,1402.04,2024-01-09,Shipped,Bradleyview,Rhode Island
4086,783,63,1,155.85,155.85,2024-07-23,Delivered,Allenhaven,Georgia
4087,336,51,1,20.77,20.77,2024-09-04,Processing,Romeroport,Georgia
4088,626,193,3,99.73,299.19,2025-12-16,Shipped,Randyhaven,Illinois
4089,557,153,5,82.41,412.05,2025-04-08,Shipped,Robinsonfort,Alabama
4090,397,46,3,39.3,117.9,2024-11-09,Delivered,East Dennisland,Wyoming
4091,383,144,8,48.66,389.28,2025-02-02,Shipped,New Amandaport,Georgia
4092,108,140,5,93.97,469.85,2024-05-27,Delivered,Port Devon,Oregon
4093,277,186,2,27.47,54.94,2024-12-24,Delivered,Fisherburgh,New Jersey
4094,658,184,3,151.44,454.32,2024-08-31,Delivered,Michaeltown,Texas
4095,480,164,4,196.76,787.04,2024-09-19,Shipped,South Colleenchester,West Virginia
4096,181,51,1,20.77,20.77,2025-01-01,Shipped,Roberttown,Minnesota
4097,176,147,1,202.08,202.08,2025-03-25,Delivered,Bowenport,West Virginia
4098,675,193,3,99.73,299.19,2024-04-11,Delivered,East Edwardside,Wyoming
4099,894,24,5,51.42,257.1,2024-01-26,Delivered,Lake Johnny,Michigan
4100,138,159,3,144.57,433.71,2025-10-28,Delivered,Amandahaven,Nebraska
4101,587,94,2,73.18,146.36,2024-12-14,Delivered,South Donnabury,Maine
4102,266,17,5,22.46,112.3,2024-09-11,Delivered,New Joseport,Virginia
4103,261,40,1,13.32,13.32,2025-08-25,Delivered,South Christopherstad,North Carolina
4104,437,14,1,1392.16,1392.16,2024-02-02,Delivered,Jesustown,West Virginia
4105,20,81,2,221.79,443.58,2024-06-23,Delivered,Lake Lisa,Michigan
4106,324,11,5,20.71,103.55,2025-04-27,Delivered,Wagnerville,North Dakota
4107,76,101,3,23.21,69.63,2024-09-03,Delivered,Port Rebeccaland,New Hampshire
4108,897,73,1,82.71,82.71,2025-09-12,Delivered,Port Bradshire,Maine
4109,548,103,2,324.51,649.02,2024-04-11,Delivered,East Jacqueline,New Hampshire
4110,321,168,2,214.69,429.38,2024-10-31,Delivered,Port Nicholestad,Hawaii
4111,890,118,2,280.69,561.38,2024-02-21,Delivered,Port Austinchester,Kansas
4112,710,70,8,29.73,237.84,2025-05-28,Delivered,West Kelseytown,Nevada
4113,65,144,3,48.66,145.98,2024-05-11,Delivered,West Jasonview,West Virginia
4114,680,137,2,109.87,219.74,2025-12-02,Processing,New Julieland,Nevada
4115,256,144,10,48.66,486.6,2024-03-15,Processing,Erikview,Vermont
4116,963,126,1,24.66,24.66,2024-08-28,Delivered,Port Michaelshire,Wyoming
4117,664,34,2,264.74,529.48,2025-10-23,Delivered,East Michaelborough,Connecticut
4118,873,5,3,225.2,675.6,2025-08-12,Delivered,Port Kennethville,Vermont
4119,224,154,2,341.24,0.0,2025-09-04,Cancelled,Port Alyssa,Georgia
4120,644,96,2,51.29,102.58,2025-10-12,Delivered,Douglaschester,Rhode Island
4121,815,74,1,417.08,417.08,2025-02-25,Delivered,Port Kellymouth,Utah
4122,399,49,2,53.93,107.86,2024-05-25,Delivered,South Donnafurt,New Jersey
4123,56,51,3,20.77,62.31,2025-12-09,Delivered,Matthewfort,Arizona
4124,464,44,1,180.6,180.6,2025-11-16,Returned,North Tara,Texas
4125,829,55,2,136.93,273.86,2024-09-16,Delivered,East Julie,Texas
4126,75,67,4,109.42,437.68,2025-04-29,Delivered,Gabrielbury,Iowa
4127,906,37,1,27.38,27.38,2024-05-19,Delivered,Woodston,Utah
4128,709,167,4,133.62,534.48,2025-12-23,Delivered,Martinezshire,Nevada
4129,682,114,3,22.89,68.67,2024-12-30,Delivered,Christopherview,Connecticut
4130,755,176,3,39.64,118.92,2024-07-23,Processing,Ginaburgh,New Jersey
4131,893,155,4,61.98,247.92,2025-11-20,Delivered,Rachelhaven,South Carolina
4132,390,126,2,24.66,49.32,2025-11-21,Returned,Port Ronald,California
4133,774,37,2,27.38,54.76,2024-07-12,Delivered,Bryanburgh,New Hampshire
4134,316,52,4,95.66,382.64,2024-04-29,Delivered,Masseyville,Maine
4135,994,195,8,2.19,17.52,2025-12-24,Returned,New Andrechester,California
4136,566,181,3,187.56,562.68,2025-05-10,Delivered,Masonbury,Alabama
4137,739,6,2,98.09,196.18,2024-03-20,Returned,Lake Jason,Arizona
4138,877,138,3,20.13,60.39,2025-01-05,Delivered,Karenfurt,Wyoming
4139,977,115,3,115.19,345.57,2024-11-14,Delivered,Lake Candace,West Virginia
4140,753,147,1,202.08,202.08,2025-08-18,Shipped,Ashleyside,New York
4141,673,160,5,30.6,153.0,2025-07-31,Delivered,West Jennifermouth,California
4142,250,180,3,32.39,97.17,2025-11-07,Delivered,Lake Ethanfort,Washington
4143,787,166,10,12.95,129.5,2025-11-01,Delivered,New Robertton,Maryland
4144,299,199,4,91.79,367.16,2024-06-24,Shipped,Taylorbury,California
4145,616,85,2,669.8,1339.6,2024-06-11,Delivered,Kennethton,Wyoming
4146,128,182,6,19.79,118.74,2024-11-07,Delivered,West Megan,Tennessee
4147,776,64,1,701.02,701.02,2025-08-30,Delivered,West Gerald,Colorado
4148,997,41,1,1133.32,1133.32,2024-07-01,Delivered,Myersstad,Tennessee
4149,854,149,4,86.32,345.28,2024-02-22,Delivered,Port Christopher,New Mexico
4150,683,125,2,192.15,384.3,2024-06-09,Shipped,New Jennifer,Wisconsin
4151,98,84,3,121.98,365.94,2024-01-28,Delivered,Port Aaron,Virginia
4152,603,118,2,280.69,561.38,2024-09-05,Delivered,Lake Gilbert,Illinois
4153,185,88,2,189.99,379.98,2025-07-17,Delivered,Lake Amyport,New Mexico
4154,627,57,2,1165.65,2331.3,2025-12-21,Delivered,West Ellen,Alaska
4155,753,156,3,136.11,408.33,2025-07-13,Delivered,Ashleyside,New York
4156,288,94,2,73.18,146.36,2024-07-07,Shipped,Geraldland,Connecticut
4157,101,54,1,66.84,66.84,2025-09-02,Delivered,Kathleenburgh,South Dakota
4158,162,33,4,32.17,128.68,2025-11-20,Delivered,Greenfurt,Ohio
4159,280,63,2,155.85,311.7,2025-08-05,Delivered,Lake Ashley,Iowa
4160,95,157,1,21.39,21.39,2024-01-27,Delivered,East Mathewland,Massachusetts
4161,809,198,1,28.18,28.18,2024-07-19,Delivered,New William,Oklahoma
4162,910,10,3,6.76,0.0,2025-11-06,Cancelled,Andrewside,Colorado
4163,975,186,2,27.47,54.94,2025-01-18,Delivered,Michelemouth,New Mexico
4164,236,59,3,5.75,17.25,2025-06-30,Shipped,Hannahtown,Florida
4165,451,192,3,5.42,16.26,2025-12-10,Returned,Ashleyside,Delaware
4166,186,48,4,82.31,329.24,2025-09-16,Delivered,Wintersfort,Texas
4167,562,77,5,40.52,202.6,2025-11-05,Processing,Brandyland,Pennsylvania
4168,987,122,4,20.47,81.88,2024-08-04,Delivered,Bryantborough,Connecticut
4169,676,170,5,60.94,304.7,2024-06-30,Delivered,Georgeshire,Indiana
4170,254,132,2,21.5,43.0,2024-02-02,Delivered,New Christine,Virginia
4171,148,200,2,35.55,71.1,2024-08-31,Delivered,Schroederfurt,Indiana
4172,25,58,4,133.46,533.84,2025-09-18,Shipped,Port Tracy,Alaska
4173,926,125,2,192.15,384.3,2024-12-19,Delivered,Alejandroville,Mississippi
4174,471,134,3,61.51,184.53,2025-05-10,Delivered,Suzannemouth,Massachusetts
4175,604,134,3,61.51,184.53,2025-02-27,Delivered,East Josephville,Louisiana
4176,1,194,2,384.6,769.2,2024-09-08,Delivered,South James,South Carolina
4177,655,169,4,171.62,686.48,2024-01-26,Delivered,Hubbardport,North Dakota
4178,501,84,3,121.98,365.94,2025-04-12,Delivered,North Gabrielabury,Minnesota
4179,623,43,1,377.86,377.86,2024-03-14,Processing,East Anthony,Oklahoma
4180,355,119,2,299.58,599.16,2024-01-05,Delivered,South Yvette,Indiana
4181,940,46,3,39.3,117.9,2025-10-16,Delivered,Angelastad,Kansas
4182,818,22,3,192.65,577.95,2025-04-20,Shipped,East Misty,North Dakota
4183,88,126,2,24.66,49.32,2025-11-08,Shipped,Ryanberg,Oklahoma
4184,786,85,2,669.8,1339.6,2024-07-28,Delivered,Loweton,Oklahoma
4185,704,115,3,115.19,345.57,2024-02-05,Delivered,Autumnport,New Hampshire
4186,26,137,3,109.87,329.61,2024-10-17,Delivered,Port Corey,Maine
4187,700,141,3,371.58,1114.74,2024-06-09,Delivered,Singhtown,Georgia
4188,416,27,5,33.99,169.95,2024-12-07,Processing,Port Todd,Washington
4189,296,28,4,18.59,74.36,2025-08-18,Delivered,Henryborough,Kansas
4190,995,70,2,29.73,59.46,2024-11-09,Delivered,Lake Deborahbury,Massachusetts
4191,873,136,4,52.07,208.28,2024-07-13,Delivered,Port Kennethville,Vermont
4192,337,178,2,96.1,192.2,2025-03-13,Delivered,Lake Victoriastad,New York
4193,83,139,4,48.17,192.68,2024-02-26,Delivered,Bergbury,Idaho
4194,990,97,4,28.08,112.32,2025-11-06,Delivered,Ryanbury,South Dakota
4195,755,64,1,701.02,701.02,2024-08-16,Delivered,Ginaburgh,New Jersey
4196,58,41,1,1133.32,1133.32,2025-03-03,Delivered,Christopherbury,Wisconsin
4197,73,119,1,299.58,299.58,2025-12-10,Processing,Gallagherton,Arkansas
4198,270,33,1,32.17,32.17,2025-11-29,Delivered,Tiffanyside,New Mexico
4199,100,109,2,321.21,642.42,2024-09-02,Shipped,New Steven,Alaska
4200,752,85,2,669.8,1339.6,2025-11-12,Delivered,New Emilytown,Georgia
4201,668,24,3,51.42,154.26,2024-05-24,Delivered,Lake Jim,California
4202,412,58,2,133.46,266.92,2025-07-10,Delivered,Annatown,New York
4203,177,56,2,738.0,1476.0,2024-09-29,Processing,North Hannahland,Virginia
4204,884,82,1,102.58,102.58,2024-10-01,Delivered,West Georgeborough,Rhode Island
4205,965,7,2,37.5,75.0,2025-09-19,Processing,East Mary,Mississippi
4206,540,123,1,120.25,120.25,2025-06-24,Delivered,Simmonsmouth,Wyoming
4207,445,180,6,32.39,194.34,2025-06-21,Delivered,Santiagoton,Oregon
4208,839,84,1,121.98,121.98,2024-04-06,Delivered,Michaelstad,Alabama
4209,133,187,2,46.53,93.06,2024-11-29,Returned,Samanthastad,Mississippi
4210,853,131,2,28.16,56.32,2024-09-06,Delivered,New Amber,Georgia
4211,219,54,4,66.84,267.36,2025-09-26,Shipped,South Kevin,New Hampshire
4212,192,172,3,107.92,323.76,2025-12-18,Delivered,Shepherdton,Kansas
4213,18,126,2,24.66,49.32,2024-01-06,Delivered,Harrisport,Kentucky
4214,295,193,1,99.73,99.73,2024-11-12,Delivered,Angelahaven,Michigan
4215,480,135,2,17.94,35.88,2024-07-14,Delivered,South Colleenchester,West Virginia
4216,774,106,1,1067.66,1067.66,2024-04-21,Delivered,Bryanburgh,New Hampshire
4217,695,18,3,12.0,36.0,2025-09-28,Processing,East Chadmouth,Virginia
4218,746,168,2,214.69,429.38,2024-12-01,Delivered,Rogerfort,Michigan
4219,807,61,2,83.9,167.8,2024-11-25,Delivered,New Elizabethbury,West Virginia
4220,510,17,4,22.46,89.84,2025-04-05,Delivered,Whitemouth,Mississippi
4221,306,144,2,48.66,97.32,2024-08-29,Delivered,Port Kimberlyton,Indiana
4222,453,64,1,701.02,701.02,2024-12-26,Delivered,Rachelberg,Alabama
4223,898,74,1,417.08,417.08,2025-09-06,Shipped,South Nancy,Pennsylvania
4224,469,102,2,16.02,32.04,2025-07-02,Delivered,West Beth,New Jersey
4225,354,56,2,738.0,1476.0,2024-11-08,Delivered,Deanview,Alabama
4226,925,121,3,114.49,343.47,2025-10-01,Delivered,Christopherside,Florida
4227,537,132,4,21.5,86.0,2025-01-28,Delivered,North Sara,Mississippi
4228,425,77,4,40.52,162.08,2025-09-05,Shipped,Port Christy,Michigan
4229,216,153,5,82.41,412.05,2025-07-24,Delivered,New Mary,Louisiana
4230,834,107,5,56.79,283.95,2025-08-31,Returned,Port Rickytown,Connecticut
4231,659,25,3,71.4,214.2,2024-07-27,Delivered,East Josemouth,Alaska
4232,778,71,2,117.87,235.74,2025-12-01,Delivered,Lake Alyssaville,Alaska
4233,529,11,4,20.71,0.0,2025-09-19,Cancelled,Wheelerfort,New York
4234,189,97,3,28.08,84.24,2024-04-06,Delivered,New Ryanfort,California
4235,302,163,5,91.43,457.15,2025-02-01,Delivered,East Marciaside,Texas
4236,112,51,3,20.77,62.31,2024-12-25,Processing,Matthewhaven,Hawaii
4237,406,157,1,21.39,21.39,2024-09-08,Delivered,Lake Jennifershire,Alaska
4238,375,157,5,21.39,106.95,2024-05-05,Delivered,Jessicaside,Montana
4239,671,150,3,415.89,1247.67,2025-01-28,Processing,Lake Ericchester,Washington
4240,374,141,3,371.58,1114.74,2025-05-31,Delivered,West Summer,Arizona
4241,90,47,4,72.54,290.16,2025-01-28,Delivered,North Teresaport,Georgia
4242,71,41,2,1133.32,2266.64,2024-10-18,Delivered,Patriciaside,Maine
4243,230,161,2,295.59,0.0,2024-05-02,Cancelled,Perezfort,Massachusetts
4244,55,36,7,24.13,168.91,2024-12-23,Shipped,North Ebonyport,Iowa
4245,392,193,2,99.73,0.0,2024-10-21,Cancelled,Mariafort,Alabama
4246,410,51,5,20.77,103.85,2025-04-24,Delivered,Nataliebury,Minnesota
4247,721,143,3,50.45,151.35,2024-01-13,Processing,Moraport,Utah
4248,344,151,1,1843.3,1843.3,2025-08-27,Delivered,Lindsayburgh,Utah
4249,178,33,5,32.17,160.85,2024-05-15,Delivered,Michelleport,Kentucky
4250,758,195,9,2.19,19.71,2024-12-21,Delivered,New Davidmouth,Utah
4251,705,168,3,214.69,0.0,2024-09-04,Cancelled,Paulside,Hawaii
4252,803,111,3,292.45,877.35,2024-10-09,Delivered,East Matthewtown,Ohio
4253,302,46,2,39.3,0.0,2025-02-25,Cancelled,East Marciaside,Texas
4254,745,83,2,129.45,258.9,2024-07-11,Delivered,Lake James,Arizona
4255,651,88,1,189.99,189.99,2025-07-04,Delivered,East Alexandra,Idaho
4256,280,200,4,35.55,142.2,2024-03-27,Delivered,Lake Ashley,Iowa
4257,730,155,2,61.98,123.96,2024-01-31,Delivered,Timfort,New York
4258,447,96,2,51.29,102.58,2024-10-24,Delivered,South Joshuashire,Missouri
4259,915,74,3,417.08,1251.24,2025-08-31,Delivered,Calhounchester,Delaware
4260,51,189,2,1293.61,2587.22,2024-11-18,Delivered,Dunnmouth,Georgia
4261,615,165,3,118.26,354.78,2025-06-13,Delivered,Jefferyville,Wyoming
4262,257,159,4,144.57,578.28,2024-08-24,Delivered,Lake Bobby,Virginia
4263,732,21,5,21.74,108.7,2024-11-04,Delivered,Stephaniechester,Nevada
4264,747,56,1,738.0,738.0,2024-08-29,Delivered,Bassville,Texas
4265,174,90,2,780.14,1560.28,2025-06-02,Processing,Port Michaelville,Arkansas
4266,796,61,3,83.9,0.0,2025-12-17,Cancelled,New Johnfurt,Iowa
4267,348,60,2,242.61,485.22,2025-11-29,Delivered,Port Jessicaview,Arizona
4268,418,115,3,115.19,345.57,2025-05-26,Delivered,North Melodyville,Iowa
4269,492,8,1,126.03,126.03,2025-12-01,Delivered,Davidhaven,Wisconsin
4270,328,1,3,50.57,151.71,2024-06-28,Shipped,Daughertymouth,Washington
4271,187,12,3,182.65,547.95,2025-08-27,Delivered,East Susan,South Dakota
4272,333,106,2,1067.66,2135.32,2025-12-19,Delivered,West Steven,Colorado
4273,708,181,2,187.56,375.12,2025-02-19,Delivered,New Jennifer,North Carolina
4274,808,17,3,22.46,67.38,2024-09-09,Delivered,Lake Jessicatown,Rhode Island
4275,467,136,1,52.07,52.07,2024-03-19,Delivered,North Feliciashire,Wisconsin
4276,326,64,1,701.02,701.02,2025-05-20,Delivered,Port Angela,Virginia
4277,547,173,6,31.1,186.6,2025-10-07,Delivered,Johnbury,Oklahoma
4278,901,191,1,92.98,0.0,2025-02-19,Cancelled,West Lori,New Mexico
4279,272,100,2,272.84,545.68,2024-05-13,Delivered,East Barbara,South Carolina
4280,780,170,1,60.94,60.94,2024-06-25,Delivered,Jessicaberg,Utah
4281,836,45,1,25.64,25.64,2025-08-29,Delivered,South Sarah,North Dakota
4282,744,92,5,31.83,159.15,2024-01-12,Processing,Tuckerland,New Hampshire
4283,116,88,2,189.99,379.98,2025-05-05,Shipped,Port Gwendolynshire,Delaware
4284,90,116,1,146.15,146.15,2025-03-11,Delivered,North Teresaport,Georgia
4285,186,29,5,8.63,43.15,2025-08-12,Delivered,Wintersfort,Texas
4286,611,34,3,264.74,0.0,2024-03-16,Cancelled,New Johnfurt,Ohio
4287,75,185,2,1128.38,2256.76,2024-01-25,Delivered,Gabrielbury,Iowa
4288,469,79,2,35.4,70.8,2024-05-30,Delivered,West Beth,New Jersey
4289,150,111,1,292.45,292.45,2025-12-19,Delivered,Owensview,Florida
4290,923,38,2,115.17,230.34,2024-12-24,Delivered,South Dwaynehaven,Washington
4291,123,189,2,1293.61,2587.22,2024-03-14,Delivered,Alexanderton,Oregon
4292,526,167,4,133.62,534.48,2024-05-09,Delivered,New Lori,New York
4293,978,88,3,189.99,569.97,2024-03-03,Delivered,South Jennifer,Hawaii
4294,443,175,2,88.86,177.72,2024-08-30,Shipped,Port Nathaniel,Florida
4295,716,11,4,20.71,82.84,2025-06-26,Delivered,East Conniemouth,New Mexico
4296,453,40,4,13.32,53.28,2025-11-13,Delivered,Rachelberg,Alabama
4297,342,157,2,21.39,42.78,2024-08-31,Delivered,West Jeffrey,Connecticut
4298,181,147,2,202.08,404.16,2024-04-27,Delivered,Roberttown,Minnesota
4299,304,20,1,57.57,57.57,2024-12-30,Delivered,North Jennifer,South Dakota
4300,332,30,3,58.18,174.54,2025-02-05,Delivered,New Dominique,Oregon
4301,370,72,1,171.7,0.0,2024-03-21,Cancelled,Jonesmouth,Washington
4302,140,128,4,89.87,359.48,2024-08-24,Delivered,Prattville,Alaska
4303,768,70,9,29.73,0.0,2024-02-14,Cancelled,West Joseph,Indiana
4304,477,182,1,19.79,19.79,2024-03-05,Shipped,Hortonmouth,Texas
4305,295,98,1,171.77,171.77,2025-02-26,Delivered,Angelahaven,Michigan
4306,651,62,3,331.56,994.68,2025-01-06,Delivered,East Alexandra,Idaho
4307,544,101,2,23.21,46.42,2024-08-12,Delivered,Cranehaven,Montana
4308,349,45,5,25.64,128.2,2024-09-01,Delivered,Lake Theresa,Pennsylvania
4309,880,177,3,135.85,407.55,2024-07-14,Delivered,Port Joshuafurt,Hawaii
4310,679,12,1,182.65,182.65,2024-03-10,Delivered,Amystad,Nevada
4311,574,67,4,109.42,437.68,2025-01-21,Delivered,North Craigtown,Montana
4312,518,123,1,120.25,120.25,2024-10-22,Delivered,Lake David,New York
4313,360,190,2,655.22,1310.44,2024-07-01,Delivered,Alvarezfurt,Kentucky
4314,119,5,2,225.2,450.4,2024-07-31,Delivered,Isabelport,Ohio
4315,100,71,2,117.87,235.74,2025-09-01,Delivered,New Steven,Alaska
4316,290,127,1,117.98,117.98,2024-11-27,Processing,Larryland,Maine
4317,816,84,3,121.98,365.94,2025-03-08,Delivered,Kingstad,Arkansas
4318,255,141,2,371.58,743.16,2025-02-18,Delivered,Lake Jason,Florida
4319,307,179,2,76.57,153.14,2025-09-01,Shipped,West Danielton,Vermont
4320,234,80,3,206.74,620.22,2025-12-26,Delivered,Clarkhaven,Massachusetts
4321,8,193,3,99.73,299.19,2025-11-28,Delivered,Port Christopherville,New Mexico
4322,709,197,2,41.22,82.44,2024-02-11,Delivered,Martinezshire,Nevada
4323,43,174,12,39.88,478.56,2025-11-21,Processing,Phillipsstad,Oregon
4324,926,21,2,21.74,43.48,2025-06-02,Delivered,Alejandroville,Mississippi
4325,3,27,5,33.99,169.95,2025-04-17,Delivered,East Rubenview,Connecticut
4326,485,133,1,57.39,57.39,2025-07-04,Delivered,Travisville,Connecticut
4327,159,69,5,96.69,483.45,2024-05-31,Shipped,Brownfort,Georgia
4328,838,132,2,21.5,43.0,2024-04-24,Shipped,East Kelly,Colorado
4329,500,32,4,112.27,449.08,2025-05-12,Delivered,Batesmouth,Indiana
4330,577,198,2,28.18,56.36,2025-11-05,Delivered,North Angelaland,California
4331,749,74,3,417.08,1251.24,2024-01-10,Delivered,Tarachester,West Virginia
4332,632,68,3,115.79,347.37,2025-12-30,Delivered,Amandabury,Idaho
4333,373,159,2,144.57,289.14,2024-11-13,Delivered,Rayside,Kentucky
4334,522,11,3,20.71,62.13,2025-03-09,Delivered,Holmesstad,California
4335,243,45,5,25.64,128.2,2025-08-01,Delivered,East Dean,New York
4336,16,165,1,118.26,118.26,2025-06-08,Delivered,Stokesfort,Montana
4337,878,109,1,321.21,321.21,2024-11-12,Delivered,Port Christopher,Missouri
4338,314,184,3,151.44,454.32,2025-03-04,Processing,South Jamie,Wyoming
4339,140,87,3,19.31,57.93,2024-07-16,Delivered,Prattville,Alaska
4340,211,47,1,72.54,72.54,2025-07-12,Delivered,Wardmouth,Georgia
4341,571,69,2,96.69,193.38,2025-12-13,Delivered,West Megan,Idaho
4342,983,92,4,31.83,127.32,2025-03-02,Delivered,Friedmanmouth,South Carolina
4343,190,193,3,99.73,0.0,2025-06-30,Cancelled,Lake Dillon,North Dakota
4344,217,151,1,1843.3,1843.3,2025-06-11,Delivered,Port Samanthatown,Florida
4345,465,17,5,22.46,0.0,2025-04-17,Cancelled,Williamsview,Washington
4346,337,92,1,31.83,31.83,2024-02-23,Delivered,Lake Victoriastad,New York
4347,467,43,1,377.86,377.86,2024-11-22,Processing,North Feliciashire,Wisconsin
4348,592,142,3,469.45,1408.35,2024-07-18,Delivered,East Ian,Connecticut
4349,881,117,5,23.92,119.6,2025-02-03,Delivered,Kerrbury,West Virginia
4350,625,190,2,655.22,1310.44,2025-08-05,Delivered,Schmittside,Louisiana
4351,8,140,4,93.97,375.88,2025-11-06,Delivered,Port Christopherville,New Mexico
4352,427,72,4,171.7,686.8,2024-08-10,Delivered,South Brianview,Wyoming
4353,588,173,5,31.1,0.0,2025-07-16,Cancelled,Christinamouth,Missouri
4354,182,72,1,171.7,171.7,2025-05-07,Delivered,Jarvisland,North Dakota
4355,833,28,3,18.59,55.77,2025-12-14,Processing,Ryanbury,Hawaii
4356,154,10,3,6.76,20.28,2024-08-18,Delivered,Ortegafort,Virginia
4357,205,36,8,24.13,193.04,2024-02-02,Processing,Kristenfurt,Florida
4358,189,45,1,25.64,25.64,2024-08-22,Delivered,New Ryanfort,California
4359,78,72,3,171.7,515.1,2024-08-29,Shipped,Adamsmouth,Arkansas
4360,82,84,1,121.98,121.98,2025-03-13,Delivered,Port Beth,Tennessee
4361,592,55,1,136.93,136.93,2025-12-25,Processing,East Ian,Connecticut
4362,320,185,1,1128.38,1128.38,2025-10-12,Delivered,New Daniel,Minnesota
4363,252,2,1,97.3,97.3,2025-12-03,Delivered,Hubbardfort,Kansas
4364,900,120,10,47.8,478.0,2024-01-31,Delivered,Port Grantfurt,Ohio
4365,246,189,2,1293.61,2587.22,2025-02-05,Shipped,Abigailstad,South Dakota
4366,882,152,3,69.34,208.02,2025-10-14,Processing,East Shannonton,Tennessee
4367,700,128,5,89.87,449.35,2025-05-16,Delivered,Singhtown,Georgia
4368,108,61,2,83.9,167.8,2025-05-27,Delivered,Port Devon,Oregon
4369,484,184,1,151.44,151.44,2025-12-05,Delivered,Loganport,Wyoming
4370,7,72,1,171.7,171.7,2024-08-13,Delivered,Kylefort,Washington
4371,906,55,1,136.93,136.93,2025-10-28,Processing,Woodston,Utah
4372,86,152,1,69.34,69.34,2025-11-04,Delivered,New Juan,Kentucky
4373,842,2,2,97.3,194.6,2025-10-03,Delivered,Thomasside,Illinois
4374,264,19,3,205.94,617.82,2024-10-09,Delivered,North Georgetown,Washington
4375,92,108,3,92.71,278.13,2025-06-08,Shipped,East Lisa,Minnesota
4376,950,81,2,221.79,0.0,2025-10-14,Cancelled,Teresahaven,Arizona
4377,643,181,3,187.56,562.68,2025-04-12,Returned,North Josephhaven,New Hampshire
4378,944,6,1,98.09,98.09,2025-12-29,Shipped,Martinezport,Mississippi
4379,650,181,2,187.56,375.12,2025-10-02,Delivered,Leonardburgh,Missouri
4380,395,69,3,96.69,290.07,2025-09-12,Delivered,South Theresa,Maryland
4381,289,60,2,242.61,485.22,2025-04-06,Delivered,South Robertoburgh,Nevada
4382,281,33,3,32.17,96.51,2025-04-30,Delivered,Kathrynfort,Minnesota
4383,292,74,3,417.08,1251.24,2024-07-06,Shipped,East Amanda,Rhode Island
4384,523,24,1,51.42,0.0,2024-12-22,Cancelled,West Davidshire,Ohio
4385,930,7,5,37.5,187.5,2024-08-23,Delivered,North Denise,New Hampshire
4386,174,44,2,180.6,0.0,2024-08-30,Cancelled,Port Michaelville,Arkansas
4387,835,61,3,83.9,251.7,2024-10-08,Delivered,New Katrina,Arizona
4388,233,112,3,72.13,216.39,2025-11-23,Delivered,Port Brian,Idaho
4389,31,41,1,1133.32,1133.32,2024-07-02,Delivered,East Cherylfurt,New Hampshire
4390,641,58,5,133.46,667.3,2025-01-17,Shipped,Priceland,Rhode Island
4391,523,48,2,82.31,164.62,2025-05-29,Returned,West Davidshire,Ohio
4392,65,159,3,144.57,433.71,2024-04-01,Delivered,West Jasonview,West Virginia
4393,454,2,5,97.3,486.5,2024-01-09,Delivered,Port Joshua,Indiana
4394,431,91,6,16.92,101.52,2025-07-16,Shipped,Port Rachelburgh,Washington
4395,474,139,4,48.17,192.68,2025-03-14,Processing,South Aaronstad,Delaware
4396,979,198,2,28.18,56.36,2024-03-10,Shipped,Reyesside,Rhode Island
4397,884,10,4,6.76,27.04,2025-02-01,Delivered,West Georgeborough,Rhode Island
4398,939,179,4,76.57,306.28,2024-03-28,Delivered,Leefort,Hawaii
4399,368,110,5,149.46,747.3,2024-02-05,Delivered,Andrewland,Mississippi
4400,794,73,5,82.71,413.55,2025-02-08,Delivered,Harperport,Iowa
4401,210,21,5,21.74,108.7,2024-04-19,Delivered,Port Jonathanshire,Utah
4402,841,56,2,738.0,1476.0,2025-05-24,Delivered,Steveton,Ohio
4403,215,117,1,23.92,23.92,2025-01-20,Delivered,North Suzannefurt,Wisconsin
4404,1000,134,3,61.51,184.53,2025-08-18,Delivered,East Jessica,New Mexico
4405,985,35,1,486.1,486.1,2024-10-08,Returned,West Sheliaton,Maryland
4406,220,86,1,86.29,86.29,2024-10-31,Shipped,New Jasonport,Oregon
4407,995,98,3,171.77,515.31,2025-05-03,Delivered,Lake Deborahbury,Massachusetts
4408,962,36,10,24.13,241.3,2025-01-17,Delivered,North Lorettaport,Rhode Island
4409,128,8,3,126.03,378.09,2024-08-30,Delivered,West Megan,Tennessee
4410,907,168,3,214.69,644.07,2025-04-25,Processing,Karatown,South Carolina
4411,98,69,2,96.69,193.38,2025-06-09,Delivered,Port Aaron,Virginia
4412,935,180,2,32.39,0.0,2024-07-13,Cancelled,South Tracyville,Washington
4413,32,190,2,655.22,1310.44,2024-04-13,Shipped,New Kristen,Nebraska
4414,516,64,2,701.02,1402.04,2025-03-23,Shipped,Stewartside,Wisconsin
4415,870,126,3,24.66,0.0,2024-11-24,Cancelled,Parkerhaven,Indiana
4416,889,34,2,264.74,529.48,2024-03-25,Shipped,Michaelshire,Florida
4417,464,196,1,211.17,211.17,2024-07-23,Delivered,North Tara,Texas
4418,371,78,12,27.87,334.44,2024-12-23,Returned,South Evelynburgh,Alaska
4419,867,56,1,738.0,738.0,2025-07-09,Delivered,Lukeland,Maryland
4420,977,76,1,1853.62,1853.62,2024-01-13,Delivered,Lake Candace,West Virginia
4421,32,169,3,171.62,514.86,2025-01-17,Delivered,New Kristen,Nebraska
4422,517,60,3,242.61,727.83,2025-10-30,Shipped,New Johnview,Connecticut
4423,132,122,1,20.47,20.47,2025-08-02,Delivered,Lake Robertshire,Florida
4424,530,119,3,299.58,898.74,2025-05-10,Shipped,Hollyfurt,Wisconsin
4425,232,150,2,415.89,831.78,2024-10-12,Delivered,Ericshire,West Virginia
4426,71,5,2,225.2,450.4,2025-04-23,Delivered,Patriciaside,Maine
4427,847,120,12,47.8,573.6,2025-12-24,Processing,Matthewfurt,New Jersey
4428,12,95,1,90.16,90.16,2025-05-23,Delivered,Port Johnmouth,North Dakota
4429,799,107,4,56.79,227.16,2025-06-03,Delivered,Johnsonmouth,New Jersey
4430,737,50,3,107.82,323.46,2025-01-08,Returned,Lake Christopherfort,New Mexico
4431,100,121,4,114.49,457.96,2025-10-30,Shipped,New Steven,Alaska
4432,403,167,2,133.62,267.24,2025-10-24,Delivered,Abigailfurt,Arkansas
4433,767,165,1,118.26,118.26,2025-12-11,Processing,Hudsonburgh,Mississippi
4434,589,103,1,324.51,324.51,2024-09-06,Delivered,Sharonhaven,Ohio
4435,851,72,3,171.7,515.1,2024-07-14,Delivered,Marcusstad,Wisconsin
4436,495,37,3,27.38,82.14,2025-03-28,Delivered,West Kyle,Vermont
4437,929,42,1,289.31,0.0,2025-01-03,Cancelled,Sawyerview,West Virginia
4438,87,176,1,39.64,39.64,2025-12-19,Delivered,New Tiffanyshire,Rhode Island
4439,633,51,2,20.77,41.54,2025-10-31,Delivered,Sarahmouth,South Carolina
4440,650,125,1,192.15,192.15,2025-06-04,Delivered,Leonardburgh,Missouri
4441,495,34,2,264.74,529.48,2024-04-03,Processing,West Kyle,Vermont
4442,155,125,4,192.15,768.6,2025-05-19,Delivered,West Michaelfurt,Idaho
4443,312,177,1,135.85,135.85,2025-01-19,Delivered,North Jonathanshire,Alabama
4444,872,102,1,16.02,16.02,2024-08-09,Delivered,Romantown,Minnesota
4445,822,159,2,144.57,0.0,2024-10-10,Cancelled,Kentton,Maryland
4446,721,58,5,133.46,667.3,2024-03-06,Delivered,Moraport,Utah
4447,879,171,5,41.02,205.1,2024-01-21,Delivered,Clarkfort,Kansas
4448,441,88,1,189.99,189.99,2025-12-31,Delivered,Smithchester,Georgia
4449,884,176,1,39.64,39.64,2025-08-06,Returned,West Georgeborough,Rhode Island
4450,297,94,1,73.18,73.18,2025-05-30,Delivered,Nguyenmouth,Minnesota
4451,35,68,4,115.79,463.16,2025-03-24,Delivered,North Sara,South Carolina
4452,137,3,5,7.36,36.8,2024-09-27,Shipped,Sandraland,Oklahoma
4453,213,51,1,20.77,20.77,2024-08-03,Shipped,New Eugene,Missouri
4454,612,109,1,321.21,321.21,2024-10-11,Delivered,East Aaron,Tennessee
4455,109,27,3,33.99,101.97,2025-03-15,Shipped,South Scott,Nevada
4456,971,112,4,72.13,288.52,2024-07-22,Shipped,North Barbarashire,Delaware
4457,797,86,5,86.29,431.45,2024-11-21,Processing,Lake Margaretchester,Alaska
4458,761,16,4,48.77,195.08,2024-11-24,Shipped,North Meganmouth,Vermont
4459,40,83,2,129.45,258.9,2025-09-03,Delivered,Lopezland,Minnesota
4460,830,95,1,90.16,90.16,2024-12-05,Shipped,Jasonberg,Hawaii
4461,892,163,5,91.43,457.15,2024-05-09,Processing,Ryanmouth,Georgia
4462,601,17,2,22.46,44.92,2024-03-18,Delivered,Lake Courtneyfort,North Carolina
4463,613,142,2,469.45,938.9,2025-06-09,Delivered,Rodriguezport,Indiana
4464,840,140,4,93.97,375.88,2024-10-20,Delivered,East Brandon,Montana
4465,1,9,4,94.81,379.24,2025-05-06,Shipped,South James,South Carolina
4466,832,85,2,669.8,1339.6,2025-11-01,Delivered,Fosterbury,Arkansas
4467,26,192,11,5.42,59.62,2024-10-21,Delivered,Port Corey,Maine
4468,798,93,2,1518.29,3036.58,2025-09-30,Delivered,South Cory,Nebraska
4469,225,18,3,12.0,36.0,2025-09-06,Returned,West Timothy,Minnesota
4470,991,34,2,264.74,529.48,2025-01-09,Returned,Davidshire,New Jersey
4471,455,171,2,41.02,82.04,2024-06-16,Processing,Meganfort,Kentucky
4472,598,104,3,43.38,130.14,2025-01-16,Delivered,Lisaville,Illinois
4473,566,11,5,20.71,103.55,2025-10-13,Delivered,Masonbury,Alabama
4474,918,152,2,69.34,138.68,2024-12-09,Processing,New Brad,Indiana
4475,214,197,2,41.22,82.44,2024-11-13,Processing,North Anthonybury,Illinois
4476,396,44,3,180.6,541.8,2025-11-22,Delivered,Carpenterchester,Connecticut
4477,841,183,9,5.03,45.27,2025-05-12,Delivered,Steveton,Ohio
4478,89,124,3,253.0,759.0,2025-03-12,Delivered,Port Timothyburgh,Alaska
4479,190,144,12,48.66,583.92,2024-09-21,Delivered,Lake Dillon,North Dakota
4480,624,78,4,27.87,111.48,2024-01-15,Returned,East Mary,Nebraska
4481,505,171,3,41.02,123.06,2024-12-05,Delivered,South Ericfurt,Washington
4482,332,23,3,90.2,270.6,2024-04-17,Delivered,New Dominique,Oregon
4483,728,127,3,117.98,353.94,2024-12-21,Processing,Davidfurt,Pennsylvania
4484,773,45,2,25.64,51.28,2025-11-05,Delivered,West Cherylmouth,New Hampshire
4485,879,10,3,6.76,20.28,2024-12-21,Delivered,Clarkfort,Kansas
4486,281,61,1,83.9,83.9,2024-03-20,Processing,Kathrynfort,Minnesota
4487,259,169,4,171.62,686.48,2025-06-09,Delivered,North Danielmouth,Louisiana
4488,389,51,2,20.77,41.54,2025-12-27,Delivered,New Aliciaberg,Florida
4489,532,175,5,88.86,444.3,2025-04-01,Delivered,Hansonfort,Missouri
4490,341,124,1,253.0,253.0,2024-12-24,Processing,West Rachelbury,Vermont
4491,934,178,2,96.1,192.2,2024-05-25,Delivered,Ballport,Nevada
4492,197,103,2,324.51,649.02,2025-06-29,Processing,Rodriguezhaven,Wisconsin
4493,347,175,5,88.86,444.3,2025-04-27,Delivered,New Cynthia,Nebraska
4494,316,147,2,202.08,404.16,2025-10-22,Shipped,Masseyville,Maine
4495,535,59,3,5.75,17.25,2024-09-28,Delivered,East Paulstad,Wisconsin
4496,627,124,2,253.0,0.0,2025-11-08,Cancelled,West Ellen,Alaska
4497,131,68,1,115.79,115.79,2025-11-06,Delivered,Hendersonfurt,Oklahoma
4498,732,165,2,118.26,236.52,2024-11-01,Returned,Stephaniechester,Nevada
4499,865,71,2,117.87,235.74,2024-12-23,Delivered,Leonchester,Oklahoma
4500,678,114,2,22.89,45.78,2024-03-21,Returned,Karenborough,Missouri
4501,294,187,2,46.53,93.06,2025-05-29,Delivered,East Matthewtown,Pennsylvania
4502,510,130,2,825.68,1651.36,2024-09-16,Delivered,Whitemouth,Mississippi
4503,736,2,3,97.3,291.9,2024-03-12,Processing,Steventown,Florida
4504,371,72,3,171.7,515.1,2024-02-28,Delivered,South Evelynburgh,Alaska
4505,465,168,3,214.69,644.07,2024-08-24,Delivered,Williamsview,Washington
4506,856,14,1,1392.16,1392.16,2025-12-03,Delivered,West Joel,Kansas
4507,275,126,1,24.66,24.66,2024-04-18,Delivered,Robbinsville,Delaware
4508,739,174,3,39.88,119.64,2025-10-15,Shipped,Lake Jason,Arizona
4509,762,199,3,91.79,0.0,2024-08-07,Cancelled,West Tarachester,South Carolina
4510,999,137,2,109.87,219.74,2024-11-16,Delivered,Lake Zacharyborough,Arizona
4511,503,103,2,324.51,649.02,2025-08-10,Shipped,Mitchellbury,Vermont
4512,270,149,4,86.32,345.28,2025-12-07,Delivered,Tiffanyside,New Mexico
4513,580,154,2,341.24,682.48,2025-12-29,Delivered,Brownchester,Texas
4514,778,133,3,57.39,172.17,2025-10-29,Returned,Lake Alyssaville,Alaska
4515,174,107,5,56.79,283.95,2024-04-04,Delivered,Port Michaelville,Arkansas
4516,311,105,1,31.98,31.98,2024-07-14,Delivered,West Brian,North Dakota
4517,321,123,3,120.25,0.0,2025-07-05,Cancelled,Port Nicholestad,Hawaii
4518,909,146,1,6.95,0.0,2025-08-06,Cancelled,Amyhaven,Connecticut
4519,102,80,1,206.74,206.74,2025-09-09,Delivered,Keithport,Oregon
4520,446,36,2,24.13,48.26,2025-06-27,Returned,Steventown,South Carolina
4521,116,119,2,299.58,599.16,2024-04-20,Returned,Port Gwendolynshire,Delaware
4522,299,69,5,96.69,483.45,2024-03-23,Delivered,Taylorbury,California
4523,671,39,2,256.4,0.0,2025-12-26,Cancelled,Lake Ericchester,Washington
4524,385,21,1,21.74,21.74,2024-05-06,Delivered,Rebekahville,Nevada
4525,804,151,2,1843.3,3686.6,2024-06-06,Delivered,Charlesville,Louisiana
4526,654,74,3,417.08,1251.24,2024-03-21,Delivered,New Breanna,Michigan
4527,18,82,2,102.58,205.16,2025-06-09,Delivered,Harrisport,Kentucky
4528,428,102,3,16.02,48.06,2025-09-24,Shipped,Harperfurt,Iowa
4529,73,195,10,2.19,21.9,2025-04-28,Delivered,Gallagherton,Arkansas
4530,155,9,2,94.81,189.62,2024-05-14,Delivered,West Michaelfurt,Idaho
4531,854,16,5,48.77,243.85,2024-01-11,Processing,Port Christopher,New Mexico
4532,473,68,2,115.79,231.58,2024-07-18,Delivered,Frederickstad,Kansas
4533,556,174,2,39.88,79.76,2024-09-27,Delivered,Kristinafort,Georgia
4534,310,46,3,39.3,117.9,2025-11-24,Delivered,Martinezberg,Arkansas
4535,298,30,1,58.18,58.18,2024-02-21,Delivered,Garciatown,Texas
4536,336,110,2,149.46,298.92,2025-12-04,Delivered,Romeroport,Georgia
4537,352,20,1,57.57,57.57,2025-10-01,Processing,Maybury,Indiana
4538,766,196,2,211.17,422.34,2024-01-16,Delivered,Jenniferfort,Kentucky
4539,689,103,3,324.51,973.53,2024-03-06,Shipped,Sarahland,Utah
4540,422,75,2,408.35,816.7,2024-09-04,Delivered,Williambury,Wyoming
4541,999,68,2,115.79,231.58,2024-02-13,Delivered,Lake Zacharyborough,Arizona
4542,868,53,3,53.04,159.12,2025-09-09,Delivered,Angelaton,Arizona
4543,186,100,1,272.84,272.84,2024-11-04,Processing,Wintersfort,Texas
4544,213,192,10,5.42,54.2,2024-07-23,Delivered,New Eugene,Missouri
4545,486,113,1,158.59,158.59,2025-08-31,Delivered,Port Jason,Washington
4546,925,22,4,192.65,770.6,2024-06-03,Delivered,Christopherside,Florida
4547,364,149,4,86.32,345.28,2025-06-15,Shipped,Harrisport,Idaho
4548,318,183,1,5.03,5.03,2024-07-08,Delivered,Lake Adam,Washington
4549,570,71,1,117.87,117.87,2024-03-02,Delivered,Jacobton,South Carolina
4550,337,17,5,22.46,112.3,2024-10-21,Returned,Lake Victoriastad,New York
4551,496,107,2,56.79,113.58,2024-01-15,Delivered,Codyville,Colorado
4552,315,144,4,48.66,194.64,2025-02-02,Delivered,East Mary,Virginia
4553,224,104,1,43.38,43.38,2024-05-20,Delivered,Port Alyssa,Georgia
4554,70,76,1,1853.62,1853.62,2025-01-11,Shipped,Mclaughlinside,Washington
4555,324,185,2,1128.38,2256.76,2025-09-11,Shipped,Wagnerville,North Dakota
4556,101,67,2,109.42,218.84,2025-12-07,Delivered,Kathleenburgh,South Dakota
4557,173,124,1,253.0,253.0,2025-01-31,Delivered,East Katelyn,Massachusetts
4558,209,184,3,151.44,454.32,2024-09-19,Delivered,Port Joel,Vermont
4559,295,30,2,58.18,116.36,2024-09-23,Shipped,Angelahaven,Michigan
4560,815,87,2,19.31,38.62,2024-12-30,Delivered,Port Kellymouth,Utah
4561,848,149,1,86.32,86.32,2024-12-21,Delivered,Port Maryside,Wyoming
4562,980,66,1,100.8,100.8,2024-12-20,Shipped,Lake Katherine,North Carolina
4563,632,30,2,58.18,116.36,2025-10-24,Delivered,Amandabury,Idaho
4564,957,139,3,48.17,144.51,2024-10-26,Delivered,Richardmouth,North Carolina
4565,351,189,1,1293.61,1293.61,2025-07-27,Delivered,Foxside,Wisconsin
4566,120,49,3,53.93,161.79,2024-06-21,Delivered,Lewisberg,Arizona
4567,598,146,1,6.95,6.95,2025-10-05,Delivered,Lisaville,Illinois
4568,964,10,5,6.76,33.8,2025-06-12,Delivered,Lake Jesse,New Jersey
4569,872,1,1,50.57,50.57,2025-02-04,Delivered,Romantown,Minnesota
4570,589,153,3,82.41,247.23,2025-11-08,Delivered,Sharonhaven,Ohio
4571,934,37,4,27.38,109.52,2025-03-01,Delivered,Ballport,Nevada
4572,472,109,2,321.21,642.42,2024-04-23,Delivered,Lake Paulaland,Texas
4573,540,47,4,72.54,290.16,2024-07-25,Shipped,Simmonsmouth,Wyoming
4574,898,83,3,129.45,388.35,2024-07-01,Delivered,South Nancy,Pennsylvania
4575,957,48,5,82.31,411.55,2025-12-08,Delivered,Richardmouth,North Carolina
4576,507,186,4,27.47,109.88,2024-07-09,Delivered,North Sarah,New York
4577,29,52,3,95.66,286.98,2024-08-23,Delivered,Joyceview,Minnesota
4578,179,28,4,18.59,74.36,2024-09-08,Delivered,Laurafort,South Dakota
4579,895,66,1,100.8,100.8,2025-11-16,Processing,Danashire,Minnesota
4580,74,123,3,120.25,360.75,2025-03-22,Shipped,South Terri,Hawaii
4581,737,167,1,133.62,133.62,2024-04-06,Delivered,Lake Christopherfort,New Mexico
4582,19,101,3,23.21,69.63,2024-01-20,Delivered,East Whitneyborough,Connecticut
4583,851,74,3,417.08,1251.24,2024-06-20,Shipped,Marcusstad,Wisconsin
4584,331,130,1,825.68,825.68,2024-04-08,Shipped,Lake Williamfort,Washington
4585,295,149,3,86.32,258.96,2025-04-03,Delivered,Angelahaven,Michigan
4586,339,17,2,22.46,44.92,2024-05-12,Delivered,Goodland,Texas
4587,983,170,4,60.94,243.76,2024-10-13,Delivered,Friedmanmouth,South Carolina
4588,115,83,2,129.45,0.0,2024-09-14,Cancelled,Carlaton,Hawaii
4589,412,151,1,1843.3,1843.3,2025-06-07,Shipped,Annatown,New York
4590,618,152,4,69.34,277.36,2024-12-25,Delivered,Fisherbury,Wisconsin
4591,344,89,1,101.92,0.0,2025-07-17,Cancelled,Lindsayburgh,Utah
4592,251,108,5,92.71,463.55,2025-12-29,Delivered,Williamton,New Hampshire
4593,697,39,3,256.4,769.2,2024-12-01,Delivered,Lindatown,Oklahoma
4594,75,36,9,24.13,217.17,2024-07-15,Delivered,Gabrielbury,Iowa
4595,395,76,2,1853.62,3707.24,2024-07-03,Processing,South Theresa,Maryland
4596,740,18,3,12.0,36.0,2024-04-01,Delivered,Port Patricia,North Carolina
4597,991,67,1,109.42,109.42,2025-09-16,Processing,Davidshire,New Jersey
4598,705,70,6,29.73,0.0,2025-07-29,Cancelled,Paulside,Hawaii
4599,254,98,3,171.77,0.0,2024-03-17,Cancelled,New Christine,Virginia
4600,571,29,5,8.63,43.15,2025-08-06,Shipped,West Megan,Idaho
4601,51,78,6,27.87,0.0,2025-09-11,Cancelled,Dunnmouth,Georgia
4602,652,183,6,5.03,30.18,2025-07-14,Delivered,West Tracyberg,Georgia
4603,871,71,2,117.87,0.0,2024-01-29,Cancelled,Kirkton,Nevada
4604,870,138,2,20.13,40.26,2024-10-22,Processing,Parkerhaven,Indiana
4605,861,11,3,20.71,62.13,2025-12-28,Delivered,West Aaronshire,Hawaii
4606,103,177,3,135.85,407.55,2024-08-01,Delivered,South Ronaldfurt,Ohio
4607,158,62,3,331.56,994.68,2025-10-16,Delivered,Brettbury,South Dakota
4608,891,100,2,272.84,545.68,2024-11-03,Delivered,Allenburgh,Iowa
4609,172,145,3,238.69,716.07,2025-03-08,Delivered,Lindaton,New Hampshire
4610,796,187,3,46.53,139.59,2025-06-21,Shipped,New Johnfurt,Iowa
4611,52,163,1,91.43,91.43,2025-11-05,Delivered,Tylerberg,Maryland
4612,585,189,1,1293.61,0.0,2024-10-25,Cancelled,West Kaylafort,Ohio
4613,519,102,1,16.02,16.02,2024-02-20,Processing,Charleschester,Oklahoma
4614,839,121,2,114.49,228.98,2024-08-10,Delivered,Michaelstad,Alabama
4615,279,8,3,126.03,378.09,2025-11-10,Delivered,Brandonside,Oklahoma
4616,965,85,2,669.8,1339.6,2025-11-24,Delivered,East Mary,Mississippi
4617,512,48,3,82.31,0.0,2024-07-01,Cancelled,Rachelbury,Nebraska
4618,603,32,1,112.27,112.27,2025-08-05,Delivered,Lake Gilbert,Illinois
4619,694,97,1,28.08,28.08,2024-02-02,Delivered,Brownmouth,Kansas
4620,97,58,2,133.46,266.92,2025-04-28,Delivered,Campbellhaven,South Carolina
4621,884,195,11,2.19,24.09,2025-08-20,Processing,West Georgeborough,Rhode Island
4622,367,105,1,31.98,31.98,2025-01-07,Delivered,Lisaborough,South Dakota
4623,775,68,1,115.79,115.79,2024-10-20,Delivered,Chrisburgh,Hawaii
4624,337,187,3,46.53,139.59,2025-02-21,Delivered,Lake Victoriastad,New York
4625,370,30,1,58.18,58.18,2024-05-12,Delivered,Jonesmouth,Washington
4626,144,91,5,16.92,84.6,2025-02-04,Delivered,Tonytown,Maryland
4627,174,42,2,289.31,578.62,2025-03-05,Delivered,Port Michaelville,Arkansas
4628,571,37,4,27.38,109.52,2024-10-17,Delivered,West Megan,Idaho
4629,207,119,3,299.58,898.74,2025-01-23,Delivered,Valerieview,Idaho
4630,143,177,2,135.85,0.0,2025-10-10,Cancelled,Jeremiahfurt,Kansas
4631,699,48,5,82.31,411.55,2025-06-15,Delivered,Port Darlenemouth,Mississippi
4632,743,110,4,149.46,597.84,2025-10-01,Delivered,Danielborough,California
4633,305,140,2,93.97,187.94,2025-07-18,Delivered,Marychester,Georgia
4634,639,42,3,289.31,867.93,2024-04-22,Delivered,Ronaldborough,North Carolina
4635,296,36,2,24.13,48.26,2024-02-19,Delivered,Henryborough,Kansas
4636,661,71,1,117.87,0.0,2024-09-06,Cancelled,North Patricia,Idaho
4637,522,43,2,377.86,755.72,2024-07-07,Delivered,Holmesstad,California
4638,614,188,2,35.05,70.1,2024-12-29,Delivered,Toddbury,Texas
4639,612,75,3,408.35,1225.05,2025-08-01,Delivered,East Aaron,Tennessee
4640,543,85,2,669.8,1339.6,2025-11-25,Delivered,East Pamela,North Dakota
4641,99,193,3,99.73,299.19,2024-12-15,Shipped,Port Dwayneborough,South Carolina
4642,531,9,3,94.81,284.43,2024-06-23,Delivered,South Royhaven,New Mexico
4643,202,63,2,155.85,311.7,2025-02-02,Returned,Lyonsbury,Alaska
4644,807,12,4,182.65,730.6,2024-11-28,Delivered,New Elizabethbury,West Virginia
4645,81,29,2,8.63,17.26,2024-07-07,Delivered,Rileymouth,West Virginia
4646,454,151,2,1843.3,3686.6,2024-01-06,Shipped,Port Joshua,Indiana
4647,488,48,2,82.31,0.0,2024-09-07,Cancelled,East Erikafort,Rhode Island
4648,477,54,2,66.84,133.68,2024-07-25,Delivered,Hortonmouth,Texas
4649,793,195,5,2.19,10.95,2025-12-06,Shipped,Clarencefurt,Maryland
4650,162,128,3,89.87,269.61,2024-06-16,Delivered,Greenfurt,Ohio
4651,451,53,2,53.04,106.08,2024-11-13,Delivered,Ashleyside,Delaware
4652,774,116,2,146.15,292.3,2025-10-14,Shipped,Bryanburgh,New Hampshire
4653,783,125,3,192.15,576.45,2025-07-30,Delivered,Allenhaven,Georgia
4654,779,114,2,22.89,45.78,2024-05-26,Delivered,Josestad,South Carolina
4655,552,136,1,52.07,52.07,2025-12-11,Delivered,East Amandachester,Utah
4656,122,49,1,53.93,53.93,2025-01-10,Shipped,Port Robert,Rhode Island
4657,853,162,1,99.85,0.0,2024-03-08,Cancelled,New Amber,Georgia
4658,324,11,4,20.71,82.84,2025-03-19,Shipped,Wagnerville,North Dakota
4659,56,102,3,16.02,48.06,2025-06-21,Delivered,Matthewfort,Arizona
4660,505,140,2,93.97,187.94,2025-10-09,Shipped,South Ericfurt,Washington
4661,282,145,1,238.69,238.69,2025-09-09,Delivered,Vincenttown,Michigan
4662,494,46,2,39.3,78.6,2025-02-10,Delivered,Amandamouth,Pennsylvania
4663,903,24,5,51.42,257.1,2024-01-24,Delivered,North Raymondton,Wyoming
4664,681,78,10,27.87,278.7,2025-04-09,Shipped,Wileybury,Alaska
4665,767,186,1,27.47,27.47,2025-10-01,Shipped,Hudsonburgh,Mississippi
4666,404,177,1,135.85,0.0,2024-06-02,Cancelled,Bakerland,Rhode Island
4667,424,35,1,486.1,486.1,2024-10-21,Delivered,Cantumouth,Wisconsin
4668,530,172,1,107.92,107.92,2025-01-07,Delivered,Hollyfurt,Wisconsin
4669,541,1,4,50.57,0.0,2025-10-03,Cancelled,East Ashleyton,Wyoming
4670,370,43,1,377.86,377.86,2025-03-10,Delivered,Jonesmouth,Washington
4671,919,198,1,28.18,28.18,2025-04-24,Delivered,New Arielview,Massachusetts
4672,150,48,5,82.31,411.55,2024-03-06,Delivered,Owensview,Florida
4673,793,7,1,37.5,37.5,2025-08-22,Delivered,Clarencefurt,Maryland
4674,786,43,2,377.86,0.0,2025-03-04,Cancelled,Loweton,Oklahoma
4675,69,150,3,415.89,1247.67,2025-05-08,Delivered,Elizabethberg,Washington
4676,933,10,2,6.76,13.52,2024-11-02,Delivered,Benjaminstad,Massachusetts
4677,608,71,2,117.87,235.74,2025-01-27,Delivered,Lake Amandaport,Florida
4678,798,156,2,136.11,272.22,2024-11-12,Shipped,South Cory,Nebraska
4679,522,155,4,61.98,247.92,2025-06-09,Delivered,Holmesstad,California
4680,126,127,1,117.98,117.98,2025-09-10,Delivered,Seanview,Iowa
4681,233,56,2,738.0,1476.0,2024-12-26,Delivered,Port Brian,Idaho
4682,399,36,11,24.13,265.43,2025-10-30,Delivered,South Donnafurt,New Jersey
4683,334,122,3,20.47,61.41,2024-01-14,Returned,Leeside,New Hampshire
4684,514,170,5,60.94,304.7,2025-07-19,Delivered,Erikaport,Washington
4685,712,93,2,1518.29,3036.58,2025-09-26,Delivered,Hickmanview,Nevada
4686,979,15,1,213.82,213.82,2024-06-01,Delivered,Reyesside,Rhode Island
4687,131,54,1,66.84,0.0,2025-02-14,Cancelled,Hendersonfurt,Oklahoma
4688,79,32,4,112.27,449.08,2025-05-01,Delivered,Whitestad,Oregon
4689,581,16,3,48.77,146.31,2024-01-31,Delivered,Port David,New Hampshire
4690,730,90,2,780.14,1560.28,2025-03-23,Delivered,Timfort,New York
4691,578,99,9,23.4,210.6,2024-06-25,Delivered,Wuview,Louisiana
4692,430,130,2,825.68,1651.36,2024-01-02,Shipped,New Ralph,Wisconsin
4693,38,151,1,1843.3,1843.3,2025-11-20,Delivered,Riceland,Georgia
4694,297,68,3,115.79,347.37,2024-11-20,Delivered,Nguyenmouth,Minnesota
4695,636,196,3,211.17,633.51,2025-01-20,Delivered,Lisaton,Michigan
4696,992,188,9,35.05,315.45,2025-01-23,Delivered,New Jacqueline,Connecticut
4697,116,97,5,28.08,140.4,2025-03-02,Delivered,Port Gwendolynshire,Delaware
4698,531,75,2,408.35,0.0,2025-02-09,Cancelled,South Royhaven,New Mexico
4699,19,146,5,6.95,34.75,2024-01-17,Returned,East Whitneyborough,Connecticut
4700,230,120,10,47.8,478.0,2024-04-24,Delivered,Perezfort,Massachusetts
4701,386,193,1,99.73,99.73,2024-03-15,Delivered,Jamestown,Vermont
4702,913,82,3,102.58,307.74,2025-03-04,Processing,East Joseph,New Jersey
4703,270,199,1,91.79,91.79,2024-06-30,Delivered,Tiffanyside,New Mexico
4704,227,34,1,264.74,264.74,2024-12-06,Delivered,Lake Donald,Oregon
4705,848,39,2,256.4,512.8,2025-06-26,Shipped,Port Maryside,Wyoming
4706,227,175,5,88.86,444.3,2024-02-10,Delivered,Lake Donald,Oregon
4707,600,7,5,37.5,187.5,2025-07-18,Shipped,Grantshire,Montana
4708,771,137,1,109.87,109.87,2024-11-05,Delivered,Lake Gregory,Texas
4709,900,105,1,31.98,31.98,2025-08-13,Delivered,Port Grantfurt,Ohio
4710,844,109,3,321.21,963.63,2024-06-28,Delivered,Port Thomasfurt,New York
4711,889,12,3,182.65,547.95,2025-02-11,Processing,Michaelshire,Florida
4712,376,40,4,13.32,53.28,2024-08-31,Delivered,Wellsmouth,Rhode Island
4713,484,148,3,293.38,880.14,2024-04-05,Delivered,Loganport,Wyoming
4714,523,171,1,41.02,41.02,2024-01-08,Shipped,West Davidshire,Ohio
4715,365,114,2,22.89,45.78,2024-04-22,Delivered,Matthewview,Tennessee
4716,496,29,5,8.63,43.15,2024-12-28,Shipped,Codyville,Colorado
4717,728,163,1,91.43,91.43,2025-04-19,Shipped,Davidfurt,Pennsylvania
4718,491,116,1,146.15,146.15,2025-05-01,Delivered,Markport,Wyoming
4719,262,132,1,21.5,21.5,2025-03-14,Delivered,Vanceborough,Pennsylvania
4720,283,59,4,5.75,23.0,2024-10-26,Shipped,New James,North Carolina
4721,285,32,3,112.27,336.81,2024-01-11,Delivered,North Bobburgh,South Dakota
4722,830,90,1,780.14,780.14,2025-08-10,Delivered,Jasonberg,Hawaii
4723,294,98,1,171.77,171.77,2024-04-15,Delivered,East Matthewtown,Pennsylvania
4724,564,42,2,289.31,0.0,2024-03-14,Cancelled,Stokeschester,Minnesota
4725,770,187,1,46.53,46.53,2024-10-26,Delivered,South Stephanie,California
4726,438,170,5,60.94,304.7,2024-05-24,Delivered,Reedville,Virginia
4727,719,120,9,47.8,430.2,2024-01-01,Returned,New Ravenmouth,Missouri
4728,424,161,2,295.59,591.18,2025-02-01,Delivered,Cantumouth,Wisconsin
4729,438,73,4,82.71,330.84,2024-07-07,Processing,Reedville,Virginia
4730,197,164,4,196.76,0.0,2025-04-26,Cancelled,Rodriguezhaven,Wisconsin
4731,761,172,3,107.92,323.76,2024-08-14,Delivered,North Meganmouth,Vermont
4732,13,175,5,88.86,0.0,2025-10-02,Cancelled,Grayberg,California
4733,389,49,1,53.93,53.93,2024-07-16,Delivered,New Aliciaberg,Florida
4734,94,29,1,8.63,8.63,2025-02-12,Delivered,West Cindybury,New York
4735,142,181,3,187.56,562.68,2024-10-13,Delivered,Markchester,Idaho
4736,173,87,5,19.31,96.55,2025-06-24,Delivered,East Katelyn,Massachusetts
4737,276,141,2,371.58,743.16,2025-11-22,Delivered,East Hollystad,Maryland
4738,584,10,2,6.76,13.52,2025-10-31,Delivered,Sanchezberg,New Hampshire
4739,722,143,1,50.45,50.45,2025-01-24,Processing,East Jamesshire,Kansas
4740,498,192,5,5.42,27.1,2024-07-12,Delivered,East Evanshire,Alaska
4741,704,173,1,31.1,31.1,2025-08-19,Delivered,Autumnport,New Hampshire
4742,187,165,4,118.26,473.04,2025-04-03,Delivered,East Susan,South Dakota
4743,970,152,2,69.34,138.68,2025-03-04,Delivered,Allenmouth,West Virginia
4744,385,180,4,32.39,129.56,2025-09-15,Delivered,Rebekahville,Nevada
4745,469,84,1,121.98,121.98,2024-11-04,Delivered,West Beth,New Jersey
4746,989,15,3,213.82,641.46,2024-05-23,Delivered,Matthewshire,Arkansas
4747,799,155,3,61.98,185.94,2024-12-05,Delivered,Johnsonmouth,New Jersey
4748,502,188,8,35.05,280.4,2025-04-06,Delivered,Lake Andrewland,Wyoming
4749,104,107,1,56.79,0.0,2024-08-13,Cancelled,South Henry,West Virginia
4750,425,152,5,69.34,346.7,2024-06-25,Delivered,Port Christy,Michigan
4751,743,15,1,213.82,213.82,2025-12-05,Delivered,Danielborough,California
4752,765,15,1,213.82,213.82,2024-12-05,Shipped,North Christopher,Oklahoma
4753,951,97,1,28.08,28.08,2025-01-28,Delivered,Port Michelle,Missouri
4754,136,109,2,321.21,642.42,2024-02-05,Delivered,Lake Sandra,Washington
4755,742,187,2,46.53,93.06,2024-06-22,Delivered,Port Michaelberg,Missouri
4756,471,199,2,91.79,183.58,2024-10-15,Delivered,Suzannemouth,Massachusetts
4757,729,2,3,97.3,291.9,2025-04-10,Delivered,North Steven,Texas
4758,893,162,4,99.85,399.4,2024-09-21,Delivered,Rachelhaven,South Carolina
4759,605,91,10,16.92,169.2,2024-04-02,Delivered,New Kenneth,Connecticut
4760,75,67,2,109.42,218.84,2025-07-19,Shipped,Gabrielbury,Iowa
4761,638,195,8,2.19,17.52,2025-08-02,Shipped,South Jeremyport,Arizona
4762,793,132,3,21.5,64.5,2025-05-02,Delivered,Clarencefurt,Maryland
4763,715,182,3,19.79,59.37,2024-03-02,Processing,Andreabury,Minnesota
4764,815,154,3,341.24,1023.72,2025-11-22,Delivered,Port Kellymouth,Utah
4765,934,107,5,56.79,283.95,2025-11-24,Delivered,Ballport,Nevada
4766,499,200,2,35.55,71.1,2025-11-12,Processing,Sharonton,Nebraska
4767,634,117,4,23.92,95.68,2024-01-12,Delivered,Whitemouth,Vermont
4768,324,93,2,1518.29,3036.58,2024-10-26,Shipped,Wagnerville,North Dakota
4769,783,167,2,133.62,267.24,2025-12-07,Delivered,Allenhaven,Georgia
4770,612,75,3,408.35,1225.05,2025-07-19,Shipped,East Aaron,Tennessee
4771,220,13,4,67.98,0.0,2024-11-07,Cancelled,New Jasonport,Oregon
4772,316,112,3,72.13,0.0,2024-12-09,Cancelled,Masseyville,Maine
4773,454,69,1,96.69,96.69,2025-04-01,Processing,Port Joshua,Indiana
4774,925,159,3,144.57,0.0,2024-01-09,Cancelled,Christopherside,Florida
4775,44,127,4,117.98,471.92,2024-01-20,Returned,Robertville,Indiana
4776,439,141,1,371.58,371.58,2025-08-30,Delivered,Haleview,Indiana
4777,969,109,2,321.21,642.42,2025-03-20,Delivered,Port Richard,New Jersey
4778,936,94,1,73.18,73.18,2025-11-06,Delivered,Gibsontown,Alabama
4779,941,146,4,6.95,27.8,2025-09-05,Delivered,Audreyburgh,Massachusetts
4780,764,185,1,1128.38,1128.38,2025-06-10,Delivered,Christopherberg,Kansas
4781,752,9,2,94.81,189.62,2024-08-21,Delivered,New Emilytown,Georgia
4782,379,175,4,88.86,355.44,2024-07-27,Delivered,West Adam,Alaska
4783,654,118,1,280.69,280.69,2024-10-31,Shipped,New Breanna,Michigan
4784,202,128,3,89.87,269.61,2025-04-09,Delivered,Lyonsbury,Alaska
4785,333,37,3,27.38,82.14,2024-12-27,Delivered,West Steven,Colorado
4786,817,134,4,61.51,246.04,2024-12-08,Delivered,West Dianestad,Iowa
4787,148,44,2,180.6,361.2,2025-10-03,Delivered,Schroederfurt,Indiana
4788,594,102,1,16.02,16.02,2024-04-30,Returned,Garciaville,Pennsylvania
4789,310,163,4,91.43,0.0,2024-05-18,Cancelled,Martinezberg,Arkansas
4790,72,113,2,158.59,317.18,2025-09-13,Delivered,North Christopherhaven,North Carolina
4791,161,16,1,48.77,48.77,2025-04-18,Delivered,Ashleehaven,Vermont
4792,559,101,1,23.21,23.21,2025-07-25,Delivered,West Tina,North Carolina
4793,974,62,2,331.56,663.12,2024-01-26,Delivered,Morsehaven,Nevada
4794,554,155,2,61.98,123.96,2025-02-08,Shipped,Haaschester,Arkansas
4795,880,72,4,171.7,686.8,2024-08-26,Delivered,Port Joshuafurt,Hawaii
4796,929,77,4,40.52,162.08,2025-06-14,Delivered,Sawyerview,West Virginia
4797,890,30,1,58.18,58.18,2025-11-30,Delivered,Port Austinchester,Kansas
4798,607,195,12,2.19,26.28,2024-04-02,Returned,Bellport,Kentucky
4799,751,71,1,117.87,117.87,2024-05-24,Delivered,Bradleyfort,Michigan
4800,34,162,4,99.85,399.4,2025-02-02,Delivered,Vaughanmouth,Iowa
4801,43,66,4,100.8,403.2,2024-02-03,Delivered,Phillipsstad,Oregon
4802,222,143,1,50.45,50.45,2024-11-17,Delivered,Marktown,Connecticut
4803,262,17,5,22.46,112.3,2025-04-06,Delivered,Vanceborough,Pennsylvania
4804,346,42,1,289.31,289.31,2025-06-03,Delivered,Lake Jennifermouth,Maryland
4805,236,152,1,69.34,69.34,2024-08-16,Delivered,Hannahtown,Florida
4806,78,2,4,97.3,0.0,2024-04-09,Cancelled,Adamsmouth,Arkansas
4807,742,109,2,321.21,642.42,2025-03-01,Delivered,Port Michaelberg,Missouri
4808,604,188,12,35.05,420.6,2024-10-11,Processing,East Josephville,Louisiana
4809,768,102,3,16.02,48.06,2024-12-12,Delivered,West Joseph,Indiana
4810,698,149,1,86.32,86.32,2024-04-17,Processing,Dawnfurt,Utah
4811,909,109,2,321.21,642.42,2024-02-03,Delivered,Amyhaven,Connecticut
4812,338,59,4,5.75,23.0,2024-03-25,Delivered,Kellyberg,South Dakota
4813,459,72,4,171.7,686.8,2024-11-05,Delivered,Ramosshire,Kentucky
4814,595,54,4,66.84,267.36,2024-09-18,Delivered,Maciasside,Idaho
4815,492,30,4,58.18,232.72,2024-04-14,Delivered,Davidhaven,Wisconsin
4816,793,174,12,39.88,0.0,2024-12-07,Cancelled,Clarencefurt,Maryland
4817,634,90,2,780.14,1560.28,2025-05-29,Delivered,Whitemouth,Vermont
4818,928,181,1,187.56,187.56,2024-09-02,Delivered,Lake Kathleen,South Carolina
4819,118,37,2,27.38,54.76,2024-08-13,Delivered,South Cassidy,Louisiana
4820,725,57,1,1165.65,1165.65,2024-09-22,Delivered,Whiteland,West Virginia
4821,213,198,2,28.18,56.36,2024-06-19,Delivered,New Eugene,Missouri
4822,855,78,4,27.87,111.48,2025-04-18,Delivered,Reyeshaven,Pennsylvania
4823,200,181,2,187.56,375.12,2024-05-09,Delivered,North Judithland,Montana
4824,487,115,1,115.19,115.19,2024-10-15,Delivered,Hammondhaven,West Virginia
4825,620,1,2,50.57,101.14,2025-06-16,Delivered,Port Angelaburgh,Iowa
4826,204,150,2,415.89,831.78,2024-08-03,Delivered,West Ryanmouth,Kentucky
4827,509,105,1,31.98,31.98,2024-02-28,Delivered,East Ryanchester,Georgia
4828,332,57,1,1165.65,1165.65,2024-11-26,Delivered,New Dominique,Oregon
4829,930,24,1,51.42,0.0,2025-05-17,Cancelled,North Denise,New Hampshire
4830,875,101,2,23.21,46.42,2025-01-05,Delivered,Kevinside,Vermont
4831,961,110,2,149.46,298.92,2025-12-05,Delivered,Port Anthony,North Dakota
4832,795,140,4,93.97,375.88,2025-05-25,Delivered,Leahland,Michigan
4833,542,118,2,280.69,561.38,2024-05-09,Shipped,Yangview,Washington
4834,705,192,8,5.42,43.36,2025-11-11,Delivered,Paulside,Hawaii
4835,173,133,3,57.39,172.17,2024-05-16,Shipped,East Katelyn,Massachusetts
4836,424,47,2,72.54,145.08,2024-09-22,Shipped,Cantumouth,Wisconsin
4837,730,64,2,701.02,1402.04,2024-11-28,Delivered,Timfort,New York
4838,146,59,5,5.75,28.75,2025-12-18,Shipped,New Mitchell,Rhode Island
4839,966,174,7,39.88,279.16,2024-11-10,Delivered,Port Mark,North Carolina
4840,807,144,4,48.66,194.64,2025-05-17,Delivered,New Elizabethbury,West Virginia
4841,581,139,2,48.17,96.34,2025-11-27,Delivered,Port David,New Hampshire
4842,560,5,1,225.2,225.2,2025-05-09,Delivered,New Mary,Louisiana
4843,702,28,2,18.59,37.18,2025-03-09,Delivered,Port Sandramouth,Oklahoma
4844,863,126,1,24.66,24.66,2025-10-16,Delivered,Leslieborough,New York
4845,360,40,5,13.32,66.6,2025-11-25,Delivered,Alvarezfurt,Kentucky
4846,367,176,1,39.64,39.64,2024-10-23,Processing,Lisaborough,South Dakota
4847,331,56,2,738.0,1476.0,2025-11-15,Delivered,Lake Williamfort,Washington
4848,233,61,3,83.9,251.7,2025-03-12,Returned,Port Brian,Idaho
4849,344,102,2,16.02,32.04,2024-11-07,Delivered,Lindsayburgh,Utah
4850,988,35,1,486.1,486.1,2025-11-25,Delivered,Natalieberg,Washington
4851,117,104,2,43.38,0.0,2024-03-16,Cancelled,South Virginiaport,Nebraska
4852,968,158,2,1511.23,3022.46,2025-02-13,Delivered,North Spencer,North Carolina
4853,306,70,3,29.73,89.19,2024-07-21,Shipped,Port Kimberlyton,Indiana
4854,316,11,5,20.71,103.55,2025-12-05,Delivered,Masseyville,Maine
4855,404,159,4,144.57,578.28,2024-05-28,Shipped,Bakerland,Rhode Island
4856,182,81,2,221.79,443.58,2024-07-09,Delivered,Jarvisland,North Dakota
4857,268,132,1,21.5,21.5,2025-07-02,Delivered,Stephanieton,South Carolina
4858,37,8,1,126.03,126.03,2025-11-21,Delivered,Lake Justinview,Alabama
4859,958,128,3,89.87,269.61,2024-05-04,Delivered,Judithborough,New Mexico
4860,136,100,3,272.84,818.52,2025-10-15,Shipped,Lake Sandra,Washington
4861,993,156,4,136.11,544.44,2025-12-04,Returned,South Michaelfort,Nevada
4862,850,145,1,238.69,238.69,2025-05-28,Delivered,Lake Kiara,Oklahoma
4863,73,118,2,280.69,561.38,2024-02-19,Delivered,Gallagherton,Arkansas
4864,51,121,2,114.49,228.98,2025-06-11,Delivered,Dunnmouth,Georgia
4865,452,15,2,213.82,427.64,2025-02-13,Delivered,Morenoberg,West Virginia
4866,835,69,2,96.69,193.38,2024-05-03,Delivered,New Katrina,Arizona
4867,74,139,3,48.17,144.51,2025-06-28,Delivered,South Terri,Hawaii
4868,50,87,3,19.31,57.93,2024-07-27,Processing,Daughertyfort,Virginia
4869,926,42,3,289.31,867.93,2024-11-27,Returned,Alejandroville,Mississippi
4870,798,99,11,23.4,257.4,2025-09-07,Processing,South Cory,Nebraska
4871,353,112,1,72.13,72.13,2024-10-18,Delivered,South Virginia,Rhode Island
4872,75,155,4,61.98,247.92,2024-03-20,Delivered,Gabrielbury,Iowa
4873,901,156,1,136.11,136.11,2025-05-16,Delivered,West Lori,New Mexico
4874,808,58,3,133.46,400.38,2025-07-17,Delivered,Lake Jessicatown,Rhode Island
4875,138,147,1,202.08,202.08,2025-08-07,Delivered,Amandahaven,Nebraska
4876,154,92,6,31.83,190.98,2024-09-25,Shipped,Ortegafort,Virginia
4877,164,46,2,39.3,78.6,2024-04-30,Returned,East Grant,Washington
4878,967,129,2,156.82,313.64,2025-05-04,Delivered,Lake Davidberg,Nevada
4879,890,95,3,90.16,270.48,2025-05-30,Delivered,Port Austinchester,Kansas
4880,32,141,1,371.58,371.58,2025-08-07,Delivered,New Kristen,Nebraska
4881,810,70,11,29.73,327.03,2024-10-29,Delivered,Lake Michaelport,New Hampshire
4882,89,162,5,99.85,499.25,2025-01-01,Delivered,Port Timothyburgh,Alaska
4883,376,198,1,28.18,28.18,2024-11-19,Shipped,Wellsmouth,Rhode Island
4884,911,82,3,102.58,307.74,2024-09-10,Shipped,Audreyville,Georgia
4885,996,146,5,6.95,34.75,2024-10-17,Delivered,Buckhaven,Ohio
4886,314,157,2,21.39,42.78,2024-05-09,Delivered,South Jamie,Wyoming
4887,765,163,1,91.43,91.43,2024-02-12,Delivered,North Christopher,Oklahoma
4888,62,178,1,96.1,96.1,2025-03-28,Delivered,Port Emilyville,Vermont
4889,811,12,2,182.65,365.3,2025-05-14,Delivered,North Matthew,Mississippi
4890,700,70,6,29.73,178.38,2024-05-14,Delivered,Singhtown,Georgia
4891,805,126,2,24.66,49.32,2024-07-01,Processing,East Kayla,New Mexico
4892,697,119,3,299.58,898.74,2025-12-17,Delivered,Lindatown,Oklahoma
4893,185,45,3,25.64,0.0,2025-02-23,Cancelled,Lake Amyport,New Mexico
4894,310,127,4,117.98,471.92,2025-07-13,Delivered,Martinezberg,Arkansas
4895,597,66,2,100.8,201.6,2024-11-11,Delivered,South Robert,Colorado
4896,55,197,4,41.22,164.88,2024-10-23,Delivered,North Ebonyport,Iowa
4897,769,123,3,120.25,360.75,2025-05-28,Delivered,Nolanfurt,California
4898,483,53,1,53.04,53.04,2024-01-30,Delivered,Monicaburgh,Minnesota
4899,616,96,2,51.29,102.58,2025-03-18,Delivered,Kennethton,Wyoming
4900,748,31,8,29.73,237.84,2024-05-17,Delivered,Kathleenport,Delaware
4901,343,77,2,40.52,81.04,2024-12-19,Delivered,West Shawn,California
4902,248,11,6,20.71,124.26,2024-07-04,Delivered,Lake David,New York
4903,564,186,3,27.47,82.41,2025-04-26,Processing,Stokeschester,Minnesota
4904,419,19,1,205.94,205.94,2024-03-04,Delivered,West Sarah,New Hampshire
4905,765,16,5,48.77,243.85,2024-05-03,Delivered,North Christopher,Oklahoma
4906,419,95,5,90.16,450.8,2025-10-21,Delivered,West Sarah,New Hampshire
4907,85,9,4,94.81,379.24,2025-12-31,Delivered,Lake Charles,Missouri
4908,882,150,2,415.89,831.78,2024-04-25,Delivered,East Shannonton,Tennessee
4909,556,29,4,8.63,34.52,2024-03-06,Delivered,Kristinafort,Georgia
4910,731,142,2,469.45,938.9,2025-02-16,Delivered,North Sarahton,Alaska
4911,99,110,1,149.46,149.46,2024-05-28,Delivered,Port Dwayneborough,South Carolina
4912,201,106,2,1067.66,2135.32,2024-02-10,Delivered,Port Kimberlyton,Minnesota
4913,443,157,5,21.39,106.95,2025-09-06,Shipped,Port Nathaniel,Florida
4914,896,143,1,50.45,50.45,2024-08-23,Delivered,West Timothystad,Michigan
4915,843,123,2,120.25,240.5,2025-08-30,Processing,East Joshua,Virginia
4916,559,102,3,16.02,48.06,2025-02-14,Delivered,West Tina,North Carolina
4917,729,189,1,1293.61,1293.61,2024-06-16,Delivered,North Steven,Texas
4918,775,64,2,701.02,1402.04,2024-06-03,Processing,Chrisburgh,Hawaii
4919,321,162,1,99.85,99.85,2025-07-26,Delivered,Port Nicholestad,Hawaii
4920,431,169,1,171.62,171.62,2025-11-02,Delivered,Port Rachelburgh,Washington
4921,389,12,1,182.65,182.65,2025-01-07,Delivered,New Aliciaberg,Florida
4922,162,77,4,40.52,162.08,2025-11-05,Delivered,Greenfurt,Ohio
4923,161,56,2,738.0,1476.0,2025-07-09,Shipped,Ashleehaven,Vermont
4924,988,134,1,61.51,61.51,2024-05-11,Delivered,Natalieberg,Washington
4925,988,87,5,19.31,96.55,2025-01-04,Processing,Natalieberg,Washington
4926,496,196,2,211.17,422.34,2024-01-09,Delivered,Codyville,Colorado
4927,25,194,1,384.6,384.6,2025-06-28,Delivered,Port Tracy,Alaska
4928,728,28,3,18.59,55.77,2024-06-30,Delivered,Davidfurt,Pennsylvania
4929,778,179,1,76.57,76.57,2024-10-16,Shipped,Lake Alyssaville,Alaska
4930,608,54,5,66.84,334.2,2024-11-06,Delivered,Lake Amandaport,Florida
4931,325,182,2,19.79,39.58,2024-03-30,Returned,Newtonshire,Wisconsin
4932,205,157,1,21.39,21.39,2025-05-09,Delivered,Kristenfurt,Florida
4933,199,186,2,27.47,54.94,2025-09-20,Delivered,Schmidtberg,Wisconsin
4934,513,105,3,31.98,95.94,2024-11-17,Delivered,North Jacquelineshire,Wisconsin
4935,985,106,2,1067.66,0.0,2024-07-23,Cancelled,West Sheliaton,Maryland
4936,674,180,5,32.39,161.95,2025-07-15,Delivered,Melissafurt,Illinois
4937,68,193,4,99.73,398.92,2024-11-27,Delivered,Brownville,Virginia
4938,280,27,4,33.99,135.96,2024-03-20,Shipped,Lake Ashley,Iowa
4939,640,191,2,92.98,185.96,2025-03-13,Delivered,Williamsburgh,California
4940,388,5,3,225.2,675.6,2024-12-27,Processing,Mossstad,Texas
4941,352,100,1,272.84,272.84,2025-12-21,Delivered,Maybury,Indiana
4942,471,92,6,31.83,190.98,2024-03-23,Delivered,Suzannemouth,Massachusetts
4943,457,46,1,39.3,39.3,2024-11-15,Delivered,East Adammouth,Iowa
4944,215,128,2,89.87,179.74,2024-09-25,Delivered,North Suzannefurt,Wisconsin
4945,700,26,11,32.0,352.0,2024-11-06,Delivered,Singhtown,Georgia
4946,153,172,3,107.92,323.76,2025-08-09,Delivered,Russellton,Massachusetts
4947,144,182,4,19.79,79.16,2024-05-06,Delivered,Tonytown,Maryland
4948,30,6,3,98.09,294.27,2024-02-15,Processing,Millerland,New Jersey
4949,787,200,4,35.55,142.2,2024-06-03,Delivered,New Robertton,Maryland
4950,431,47,1,72.54,72.54,2025-12-08,Delivered,Port Rachelburgh,Washington
4951,902,121,4,114.49,457.96,2024-11-14,Shipped,West Kathrynport,Alaska
4952,329,179,4,76.57,306.28,2025-01-11,Delivered,Port Russell,Michigan
4953,264,21,2,21.74,43.48,2024-06-24,Delivered,North Georgetown,Washington
4954,162,106,2,1067.66,2135.32,2025-10-01,Delivered,Greenfurt,Ohio
4955,415,3,4,7.36,29.44,2024-09-09,Delivered,Kevinberg,Connecticut
4956,383,200,4,35.55,142.2,2024-07-22,Processing,New Amandaport,Georgia
4957,955,148,3,293.38,880.14,2024-11-15,Shipped,Brockbury,Georgia
4958,736,81,3,221.79,665.37,2025-10-09,Delivered,Steventown,Florida
4959,534,67,2,109.42,218.84,2024-06-14,Delivered,Tinabury,New Hampshire
4960,104,45,1,25.64,25.64,2024-07-06,Processing,South Henry,West Virginia
4961,715,165,4,118.26,473.04,2025-03-21,Delivered,Andreabury,Minnesota
4962,653,192,10,5.42,54.2,2025-11-02,Shipped,East Williamborough,Kentucky
4963,553,130,1,825.68,825.68,2024-11-27,Processing,Jacobsmouth,New Jersey
4964,530,27,3,33.99,101.97,2024-09-30,Delivered,Hollyfurt,Wisconsin
4965,526,179,4,76.57,306.28,2024-09-28,Delivered,New Lori,New York
4966,499,146,4,6.95,27.8,2025-06-18,Shipped,Sharonton,Nebraska
4967,915,82,2,102.58,205.16,2025-09-30,Processing,Calhounchester,Delaware
4968,724,91,4,16.92,67.68,2025-07-27,Shipped,Joseberg,Massachusetts
4969,141,194,1,384.6,384.6,2025-12-15,Returned,Robertberg,Florida
4970,848,192,6,5.42,32.52,2024-12-09,Delivered,Port Maryside,Wyoming
4971,7,153,2,82.41,164.82,2025-11-04,Delivered,Kylefort,Washington
4972,101,82,2,102.58,205.16,2025-05-24,Delivered,Kathleenburgh,South Dakota
4973,745,185,1,1128.38,1128.38,2025-04-25,Delivered,Lake James,Arizona
4974,532,178,3,96.1,288.3,2024-10-02,Delivered,Hansonfort,Missouri
4975,12,73,3,82.71,248.13,2025-08-14,Shipped,Port Johnmouth,North Dakota
4976,546,36,10,24.13,241.3,2025-08-15,Delivered,Jasontown,Hawaii
4977,256,75,3,408.35,1225.05,2024-08-10,Delivered,Erikview,Vermont
4978,408,182,1,19.79,0.0,2024-09-04,Cancelled,Christopherchester,Connecticut
4979,732,52,1,95.66,95.66,2025-06-03,Delivered,Stephaniechester,Nevada
4980,910,81,2,221.79,443.58,2024-09-25,Processing,Andrewside,Colorado
4981,991,55,3,136.93,410.79,2025-05-06,Delivered,Davidshire,New Jersey
4982,907,132,5,21.5,107.5,2024-09-13,Delivered,Karatown,South Carolina
4983,988,55,2,136.93,273.86,2024-09-01,Delivered,Natalieberg,Washington
4984,155,24,1,51.42,51.42,2025-05-04,Delivered,West Michaelfurt,Idaho
4985,817,42,2,289.31,578.62,2025-03-24,Shipped,West Dianestad,Iowa
4986,479,74,2,417.08,834.16,2025-05-09,Delivered,Moranside,Mississippi
4987,69,34,2,264.74,529.48,2025-02-04,Delivered,Elizabethberg,Washington
4988,889,111,1,292.45,292.45,2024-05-17,Returned,Michaelshire,Florida
4989,904,138,5,20.13,100.65,2024-08-21,Shipped,Lake Joel,Minnesota
4990,195,71,2,117.87,235.74,2024-01-22,Delivered,Ryanville,Alaska
4991,803,166,1,12.95,12.95,2025-03-23,Delivered,East Matthewtown,Ohio
4992,223,74,2,417.08,834.16,2025-12-13,Shipped,Amandatown,Illinois
4993,219,82,1,102.58,102.58,2025-10-31,Processing,South Kevin,New Hampshire
4994,205,83,1,129.45,129.45,2024-12-31,Delivered,Kristenfurt,Florida
4995,437,183,10,5.03,50.3,2025-06-12,Returned,Jesustown,West Virginia
4996,940,164,2,196.76,393.52,2024-03-22,Delivered,Angelastad,Kansas
4997,415,198,1,28.18,28.18,2024-03-13,Delivered,Kevinberg,Connecticut
4998,214,110,1,149.46,149.46,2024-04-07,Delivered,North Anthonybury,Illinois
4999,911,20,1,57.57,57.57,2025-09-27,Delivered,Audreyville,Georgia
5000,421,142,3,469.45,1408.35,2025-07-30,Delivered,Jonesberg,Kansas
5001,3,39,3,256.4,769.2,2024-03-11,Delivered,East Rubenview,Connecticut
5002,563,3,5,7.36,36.8,2025-01-15,Delivered,West Jennifer,Florida
5003,541,196,1,211.17,211.17,2025-07-19,Delivered,East Ashleyton,Wyoming
5004,371,86,3,86.29,258.87,2025-06-16,Delivered,South Evelynburgh,Alaska
5005,965,65,1,7.18,7.18,2024-05-23,Delivered,East Mary,Mississippi
5006,137,75,2,408.35,816.7,2024-05-16,Delivered,Sandraland,Oklahoma
5007,726,163,3,91.43,274.29,2024-06-13,Delivered,Margaretmouth,Connecticut
5008,192,53,1,53.04,53.04,2024-03-02,Processing,Shepherdton,Kansas
5009,640,113,2,158.59,317.18,2025-08-12,Delivered,Williamsburgh,California
5010,674,186,1,27.47,27.47,2024-07-29,Shipped,Melissafurt,Illinois
5011,621,121,1,114.49,114.49,2024-01-26,Delivered,Christophermouth,Connecticut
5012,711,195,4,2.19,8.76,2025-09-10,Processing,North Henry,Kansas
5013,685,35,3,486.1,1458.3,2024-05-17,Shipped,South Cynthiafurt,Rhode Island
5014,864,122,3,20.47,61.41,2025-02-24,Delivered,Matthewberg,Utah
5015,467,145,3,238.69,716.07,2025-04-23,Shipped,North Feliciashire,Wisconsin
5016,574,116,2,146.15,292.3,2025-12-05,Delivered,North Craigtown,Montana
5017,392,24,5,51.42,257.1,2025-12-10,Shipped,Mariafort,Alabama
5018,689,7,4,37.5,150.0,2024-03-12,Delivered,Sarahland,Utah
5019,406,51,1,20.77,20.77,2025-11-19,Delivered,Lake Jennifershire,Alaska
5020,786,161,3,295.59,886.77,2025-03-29,Delivered,Loweton,Oklahoma
5021,427,164,3,196.76,590.28,2024-05-29,Delivered,South Brianview,Wyoming
5022,49,144,7,48.66,340.62,2024-02-27,Delivered,South Matthewshire,Utah
5023,606,23,5,90.2,451.0,2025-06-12,Delivered,New Michael,Idaho
5024,554,129,2,156.82,313.64,2025-10-27,Delivered,Haaschester,Arkansas
5025,765,59,1,5.75,5.75,2024-07-15,Delivered,North Christopher,Oklahoma
5026,134,24,2,51.42,102.84,2025-11-11,Delivered,New Joshua,Texas
5027,690,112,3,72.13,216.39,2024-06-12,Returned,Campbellchester,Wisconsin
5028,846,119,1,299.58,299.58,2025-06-18,Delivered,Lovemouth,Kansas
5029,62,95,2,90.16,180.32,2024-07-28,Shipped,Port Emilyville,Vermont
5030,720,59,1,5.75,5.75,2024-06-04,Delivered,Crawfordland,Indiana
5031,230,46,3,39.3,117.9,2024-01-13,Delivered,Perezfort,Massachusetts
5032,220,171,1,41.02,41.02,2024-09-21,Delivered,New Jasonport,Oregon
5033,413,106,1,1067.66,1067.66,2024-12-03,Delivered,Seanchester,Connecticut
5034,321,34,3,264.74,794.22,2025-07-04,Delivered,Port Nicholestad,Hawaii
5035,551,161,3,295.59,886.77,2024-08-12,Delivered,Joseview,Arkansas
5036,270,76,2,1853.62,3707.24,2025-05-30,Delivered,Tiffanyside,New Mexico
5037,248,42,3,289.31,867.93,2025-03-09,Processing,Lake David,New York
5038,596,164,1,196.76,196.76,2025-05-14,Delivered,Port Melissamouth,Massachusetts
5039,28,84,1,121.98,121.98,2025-07-30,Delivered,Lake Roberthaven,Delaware
5040,924,26,7,32.0,224.0,2025-04-28,Delivered,Jeffreyville,Missouri
5041,584,185,2,1128.38,2256.76,2024-08-07,Delivered,Sanchezberg,New Hampshire
5042,639,119,3,299.58,898.74,2025-06-29,Shipped,Ronaldborough,North Carolina
5043,487,72,2,171.7,343.4,2025-07-20,Shipped,Hammondhaven,West Virginia
5044,712,120,5,47.8,239.0,2024-01-22,Delivered,Hickmanview,Nevada
5045,189,162,5,99.85,499.25,2024-09-21,Delivered,New Ryanfort,California
5046,870,115,1,115.19,115.19,2025-05-02,Delivered,Parkerhaven,Indiana
5047,757,33,1,32.17,32.17,2024-11-24,Delivered,North Andrea,Alabama
5048,408,13,4,67.98,271.92,2024-07-05,Delivered,Christopherchester,Connecticut
5049,750,4,2,263.55,527.1,2024-01-09,Delivered,Port Thomasmouth,New Mexico
5050,935,120,2,47.8,95.6,2025-02-16,Delivered,South Tracyville,Washington
5051,783,19,2,205.94,411.88,2025-10-10,Delivered,Allenhaven,Georgia
5052,420,49,3,53.93,161.79,2024-09-20,Delivered,Barnettbury,Wisconsin
5053,452,118,1,280.69,280.69,2024-12-07,Delivered,Morenoberg,West Virginia
5054,106,18,4,12.0,48.0,2025-08-05,Delivered,Lake Todd,Colorado
5055,982,172,3,107.92,0.0,2024-02-21,Cancelled,Brownfort,Delaware
5056,868,40,4,13.32,53.28,2025-11-15,Delivered,Angelaton,Arizona
5057,764,142,2,469.45,938.9,2024-09-04,Delivered,Christopherberg,Kansas
5058,659,14,1,1392.16,1392.16,2024-07-07,Shipped,East Josemouth,Alaska
5059,24,137,2,109.87,219.74,2024-01-14,Delivered,South Timothy,South Dakota
5060,620,28,2,18.59,37.18,2024-04-15,Delivered,Port Angelaburgh,Iowa
5061,681,112,5,72.13,360.65,2024-05-12,Delivered,Wileybury,Alaska
5062,6,67,3,109.42,328.26,2025-06-18,Delivered,Lake Stephen,Nevada
5063,368,184,3,151.44,454.32,2025-11-10,Delivered,Andrewland,Mississippi
5064,258,35,1,486.1,486.1,2024-01-21,Shipped,Christianburgh,North Carolina
5065,243,146,1,6.95,6.95,2025-04-19,Delivered,East Dean,New York
5066,763,65,3,7.18,21.54,2025-05-02,Delivered,Parrishmouth,Nebraska
5067,531,56,1,738.0,738.0,2025-09-19,Returned,South Royhaven,New Mexico
5068,205,118,2,280.69,561.38,2025-04-05,Shipped,Kristenfurt,Florida
5069,672,12,3,182.65,547.95,2024-06-15,Delivered,Lake Ricardo,Washington
5070,637,193,2,99.73,199.46,2025-09-09,Delivered,Stephaniemouth,New Hampshire
5071,804,70,8,29.73,237.84,2024-06-22,Delivered,Charlesville,Louisiana
5072,711,188,10,35.05,350.5,2025-04-23,Delivered,North Henry,Kansas
5073,342,2,3,97.3,291.9,2024-10-28,Delivered,West Jeffrey,Connecticut
5074,188,137,2,109.87,219.74,2025-07-23,Shipped,Michaelport,New Mexico
5075,752,63,1,155.85,155.85,2024-05-21,Delivered,New Emilytown,Georgia
5076,786,105,1,31.98,31.98,2024-09-19,Delivered,Loweton,Oklahoma
5077,487,48,2,82.31,164.62,2024-11-09,Delivered,Hammondhaven,West Virginia
5078,600,125,4,192.15,768.6,2024-07-23,Delivered,Grantshire,Montana
5079,881,117,3,23.92,71.76,2025-10-15,Delivered,Kerrbury,West Virginia
5080,667,77,1,40.52,40.52,2024-04-25,Delivered,Fernandochester,Delaware
5081,609,66,4,100.8,403.2,2024-07-23,Delivered,South Gina,New York
5082,464,30,3,58.18,174.54,2025-08-04,Delivered,North Tara,Texas
5083,546,104,4,43.38,173.52,2025-05-30,Shipped,Jasontown,Hawaii
5084,435,156,1,136.11,136.11,2025-10-09,Delivered,West Melissafurt,Connecticut
5085,385,60,1,242.61,242.61,2024-03-08,Delivered,Rebekahville,Nevada
5086,174,145,1,238.69,238.69,2025-12-29,Delivered,Port Michaelville,Arkansas
5087,557,75,1,408.35,408.35,2025-12-17,Delivered,Robinsonfort,Alabama
5088,964,67,3,109.42,328.26,2024-05-14,Delivered,Lake Jesse,New Jersey
5089,787,62,1,331.56,331.56,2024-11-20,Delivered,New Robertton,Maryland
5090,389,62,2,331.56,663.12,2024-04-04,Delivered,New Aliciaberg,Florida
5091,467,199,2,91.79,183.58,2024-08-09,Delivered,North Feliciashire,Wisconsin
5092,146,96,2,51.29,102.58,2024-01-18,Delivered,New Mitchell,Rhode Island
5093,318,27,1,33.99,0.0,2024-07-03,Cancelled,Lake Adam,Washington
5094,292,4,1,263.55,263.55,2024-02-25,Delivered,East Amanda,Rhode Island
5095,614,14,2,1392.16,2784.32,2025-01-28,Processing,Toddbury,Texas
5096,674,197,3,41.22,123.66,2024-08-20,Delivered,Melissafurt,Illinois
5097,985,88,2,189.99,379.98,2025-10-04,Delivered,West Sheliaton,Maryland
5098,416,136,3,52.07,156.21,2025-11-02,Delivered,Port Todd,Washington
5099,557,15,3,213.82,0.0,2024-04-21,Cancelled,Robinsonfort,Alabama
5100,991,122,1,20.47,20.47,2025-11-01,Delivered,Davidshire,New Jersey
5101,380,38,3,115.17,345.51,2024-01-01,Delivered,Lake Sergio,Oregon
5102,386,138,3,20.13,60.39,2025-12-29,Delivered,Jamestown,Vermont
5103,480,135,3,17.94,53.82,2024-11-21,Processing,South Colleenchester,West Virginia
5104,583,73,5,82.71,413.55,2025-09-12,Shipped,Henryfort,Wisconsin
5105,765,60,1,242.61,242.61,2025-09-27,Delivered,North Christopher,Oklahoma
5106,834,198,1,28.18,28.18,2025-07-24,Shipped,Port Rickytown,Connecticut
5107,983,81,2,221.79,443.58,2024-12-22,Delivered,Friedmanmouth,South Carolina
5108,331,164,2,196.76,393.52,2024-07-05,Delivered,Lake Williamfort,Washington
5109,787,23,4,90.2,360.8,2024-07-17,Delivered,New Robertton,Maryland
5110,292,32,4,112.27,449.08,2025-02-28,Delivered,East Amanda,Rhode Island
5111,421,84,3,121.98,365.94,2025-09-28,Delivered,Jonesberg,Kansas
5112,1000,50,3,107.82,323.46,2024-07-02,Delivered,East Jessica,New Mexico
5113,220,123,2,120.25,240.5,2024-11-23,Processing,New Jasonport,Oregon
5114,726,181,2,187.56,375.12,2025-01-03,Delivered,Margaretmouth,Connecticut
5115,39,76,2,1853.62,3707.24,2024-01-16,Delivered,Lake Davidborough,Maine
5116,208,158,1,1511.23,1511.23,2025-08-04,Delivered,East Michealfort,South Dakota
5117,769,45,3,25.64,76.92,2024-06-02,Processing,Nolanfurt,California
5118,659,108,2,92.71,185.42,2024-09-08,Delivered,East Josemouth,Alaska
5119,530,142,1,469.45,469.45,2025-11-04,Delivered,Hollyfurt,Wisconsin
5120,952,3,5,7.36,36.8,2025-10-23,Delivered,South Kimbury,Arizona
5121,128,27,2,33.99,67.98,2025-07-12,Processing,West Megan,Tennessee
5122,191,57,1,1165.65,0.0,2024-10-02,Cancelled,New Brittneyhaven,Maryland
5123,873,15,1,213.82,213.82,2024-10-03,Returned,Port Kennethville,Vermont
5124,569,75,1,408.35,408.35,2025-09-22,Returned,Jonesport,Florida
5125,454,132,1,21.5,21.5,2024-06-30,Delivered,Port Joshua,Indiana
5126,623,41,1,1133.32,1133.32,2024-12-15,Delivered,East Anthony,Oklahoma
5127,804,196,1,211.17,211.17,2025-03-14,Delivered,Charlesville,Louisiana
5128,959,174,10,39.88,398.8,2024-08-11,Processing,Port Michaelville,Rhode Island
5129,207,73,5,82.71,413.55,2025-08-05,Shipped,Valerieview,Idaho
5130,260,97,1,28.08,28.08,2025-10-09,Processing,Timothyshire,New York
5131,93,140,5,93.97,0.0,2024-09-02,Cancelled,Richardfurt,Washington
5132,246,86,5,86.29,431.45,2024-06-07,Delivered,Abigailstad,South Dakota
5133,214,113,2,158.59,317.18,2024-07-12,Shipped,North Anthonybury,Illinois
5134,140,153,3,82.41,247.23,2025-01-15,Delivered,Prattville,Alaska
5135,956,138,1,20.13,20.13,2025-03-27,Delivered,Calebview,Massachusetts
5136,630,81,3,221.79,0.0,2025-08-08,Cancelled,West Robertview,Massachusetts
5137,942,4,1,263.55,0.0,2024-04-11,Cancelled,Ginastad,South Dakota
5138,242,106,1,1067.66,1067.66,2024-06-23,Delivered,Port Melissa,Florida
5139,763,58,4,133.46,533.84,2025-12-24,Delivered,Parrishmouth,Nebraska
5140,831,148,1,293.38,293.38,2024-03-24,Shipped,Davidchester,Iowa
5141,50,53,4,53.04,212.16,2024-01-24,Delivered,Daughertyfort,Virginia
5142,388,77,4,40.52,162.08,2024-11-04,Shipped,Mossstad,Texas
5143,873,42,3,289.31,867.93,2024-10-14,Delivered,Port Kennethville,Vermont
5144,145,172,1,107.92,107.92,2025-07-15,Delivered,West William,Michigan
5145,145,179,5,76.57,382.85,2025-09-06,Delivered,West William,Michigan
5146,163,148,2,293.38,586.76,2024-12-04,Delivered,Lake Josephhaven,California
5147,192,26,2,32.0,64.0,2024-08-19,Delivered,Shepherdton,Kansas
5148,105,162,1,99.85,99.85,2025-10-05,Delivered,East Jenniferborough,Texas
5149,283,106,2,1067.66,2135.32,2025-07-26,Delivered,New James,North Carolina
5150,494,94,3,73.18,219.54,2025-09-12,Delivered,Amandamouth,Pennsylvania
5151,282,78,9,27.87,250.83,2024-02-07,Delivered,Vincenttown,Michigan
5152,234,3,1,7.36,7.36,2024-04-18,Shipped,Clarkhaven,Massachusetts
5153,899,190,2,655.22,1310.44,2025-09-13,Returned,North Tina,Idaho
5154,691,91,5,16.92,84.6,2025-09-20,Delivered,Martinezville,Nebraska
5155,922,160,3,30.6,91.8,2025-10-28,Delivered,West Sharonland,Idaho
5156,747,88,1,189.99,189.99,2025-05-16,Delivered,Bassville,Texas
5157,923,10,3,6.76,20.28,2025-05-31,Delivered,South Dwaynehaven,Washington
5158,700,171,4,41.02,164.08,2025-11-25,Delivered,Singhtown,Georgia
5159,201,65,6,7.18,43.08,2024-11-05,Delivered,Port Kimberlyton,Minnesota
5160,288,156,2,136.11,272.22,2025-08-28,Delivered,Geraldland,Connecticut
5161,637,84,2,121.98,0.0,2024-10-03,Cancelled,Stephaniemouth,New Hampshire
5162,926,53,5,53.04,265.2,2024-11-03,Delivered,Alejandroville,Mississippi
5163,862,172,1,107.92,107.92,2025-06-09,Delivered,East Henry,North Dakota
5164,289,124,1,253.0,253.0,2025-04-24,Processing,South Robertoburgh,Nevada
5165,150,76,1,1853.62,1853.62,2025-09-06,Delivered,Owensview,Florida
5166,617,92,5,31.83,159.15,2024-07-31,Delivered,Larsonbury,Georgia
5167,179,182,2,19.79,39.58,2024-04-23,Delivered,Laurafort,South Dakota
5168,689,130,1,825.68,825.68,2025-12-15,Shipped,Sarahland,Utah
5169,425,96,1,51.29,51.29,2024-11-24,Delivered,Port Christy,Michigan
5170,784,31,12,29.73,356.76,2024-09-24,Delivered,East Laurenburgh,Arkansas
5171,680,154,1,341.24,341.24,2024-06-21,Processing,New Julieland,Nevada
5172,457,173,6,31.1,186.6,2024-04-19,Delivered,East Adammouth,Iowa
5173,302,188,7,35.05,245.35,2025-05-05,Delivered,East Marciaside,Texas
5174,335,100,2,272.84,545.68,2025-10-23,Returned,Whitebury,Illinois
5175,949,63,2,155.85,311.7,2025-08-07,Delivered,Oneillbury,Wyoming
5176,703,147,2,202.08,404.16,2024-12-08,Shipped,East Alex,Washington
5177,345,112,2,72.13,144.26,2024-08-22,Delivered,Lesliemouth,Arkansas
5178,348,124,3,253.0,759.0,2025-07-28,Delivered,Port Jessicaview,Arizona
5179,61,136,2,52.07,104.14,2025-01-16,Delivered,Port Tammytown,Tennessee
5180,664,154,3,341.24,1023.72,2024-11-24,Delivered,East Michaelborough,Connecticut
5181,537,26,1,32.0,32.0,2025-04-19,Delivered,North Sara,Mississippi
5182,788,19,1,205.94,205.94,2025-01-01,Delivered,West Regina,Illinois
5183,628,57,2,1165.65,0.0,2024-09-15,Cancelled,Williamsberg,Florida
5184,569,110,4,149.46,597.84,2024-11-23,Delivered,Jonesport,Florida
5185,96,114,5,22.89,114.45,2025-04-07,Processing,Amandaberg,Washington
5186,644,22,2,192.65,385.3,2024-10-22,Delivered,Douglaschester,Rhode Island
5187,696,121,1,114.49,114.49,2025-05-25,Delivered,West Brianshire,Idaho
5188,266,179,3,76.57,229.71,2024-10-03,Delivered,New Joseport,Virginia
5189,398,116,2,146.15,292.3,2024-12-17,Delivered,Walkerhaven,Maine
5190,602,46,2,39.3,78.6,2024-05-20,Delivered,Longville,North Carolina
5191,788,155,4,61.98,247.92,2025-06-03,Delivered,West Regina,Illinois
5192,223,112,3,72.13,216.39,2025-05-25,Delivered,Amandatown,Illinois
5193,862,19,2,205.94,411.88,2025-12-07,Delivered,East Henry,North Dakota
5194,202,152,1,69.34,69.34,2024-01-03,Returned,Lyonsbury,Alaska
5195,983,136,4,52.07,208.28,2025-01-22,Delivered,Friedmanmouth,South Carolina
5196,368,167,2,133.62,267.24,2024-03-09,Returned,Andrewland,Mississippi
5197,563,63,2,155.85,311.7,2024-10-16,Shipped,West Jennifer,Florida
5198,713,184,3,151.44,454.32,2024-02-25,Delivered,West Harold,Alaska
5199,480,136,6,52.07,312.42,2024-05-31,Delivered,South Colleenchester,West Virginia
5200,619,10,2,6.76,13.52,2025-06-20,Delivered,Austinville,South Dakota
5201,721,118,3,280.69,842.07,2024-11-17,Delivered,Moraport,Utah
5202,947,38,2,115.17,230.34,2025-12-03,Delivered,Hensonland,Arkansas
5203,534,89,1,101.92,101.92,2025-05-20,Delivered,Tinabury,New Hampshire
5204,417,38,2,115.17,230.34,2024-09-18,Delivered,Nicholasside,Alaska
5205,302,182,1,19.79,19.79,2025-10-22,Delivered,East Marciaside,Texas
5206,694,21,4,21.74,86.96,2025-02-18,Delivered,Brownmouth,Kansas
5207,656,123,2,120.25,240.5,2025-07-03,Delivered,Lake Alan,Georgia
5208,347,101,1,23.21,23.21,2024-06-06,Delivered,New Cynthia,Nebraska
5209,527,28,1,18.59,18.59,2024-02-12,Delivered,Robinsonside,Iowa
5210,294,186,1,27.47,27.47,2025-07-13,Returned,East Matthewtown,Pennsylvania
5211,959,48,4,82.31,329.24,2025-03-17,Delivered,Port Michaelville,Rhode Island
5212,108,43,2,377.86,755.72,2025-04-25,Delivered,Port Devon,Oregon
5213,686,59,2,5.75,11.5,2024-03-23,Shipped,Shermanville,New York
5214,806,104,1,43.38,43.38,2024-04-05,Processing,Billyton,South Carolina
5215,882,29,1,8.63,8.63,2025-02-09,Shipped,East Shannonton,Tennessee
5216,770,40,2,13.32,26.64,2024-09-12,Shipped,South Stephanie,California
5217,432,79,1,35.4,35.4,2025-02-09,Delivered,South Davidside,Wyoming
5218,509,27,6,33.99,203.94,2024-10-24,Shipped,East Ryanchester,Georgia
5219,20,199,4,91.79,367.16,2024-03-09,Returned,Lake Lisa,Michigan
5220,649,158,1,1511.23,1511.23,2025-06-25,Delivered,South Alejandro,Maine
5221,84,170,3,60.94,182.82,2025-09-25,Delivered,Smithhaven,Illinois
5222,652,167,2,133.62,267.24,2025-11-07,Delivered,West Tracyberg,Georgia
5223,530,7,2,37.5,75.0,2024-08-30,Delivered,Hollyfurt,Wisconsin
5224,854,73,5,82.71,413.55,2024-08-09,Shipped,Port Christopher,New Mexico
5225,993,193,5,99.73,498.65,2025-08-08,Delivered,South Michaelfort,Nevada
5226,479,52,3,95.66,286.98,2025-03-14,Delivered,Moranside,Mississippi
5227,956,7,2,37.5,75.0,2024-06-01,Delivered,Calebview,Massachusetts
5228,106,4,1,263.55,263.55,2024-01-21,Delivered,Lake Todd,Colorado
5229,157,197,1,41.22,41.22,2025-12-22,Delivered,Masseystad,Alaska
5230,448,175,2,88.86,177.72,2025-10-06,Delivered,Jamesborough,Idaho
5231,111,24,5,51.42,257.1,2025-08-17,Processing,East Markberg,Hawaii
5232,113,132,5,21.5,107.5,2024-12-10,Processing,Lake Adam,Idaho
5233,952,119,1,299.58,299.58,2024-09-18,Delivered,South Kimbury,Arizona
5234,56,22,3,192.65,577.95,2024-09-30,Delivered,Matthewfort,Arizona
5235,281,198,2,28.18,0.0,2025-06-27,Cancelled,Kathrynfort,Minnesota
5236,714,138,4,20.13,80.52,2024-11-30,Processing,Lisashire,Illinois
5237,69,149,3,86.32,258.96,2025-09-30,Delivered,Elizabethberg,Washington
5238,563,11,4,20.71,82.84,2024-09-14,Delivered,West Jennifer,Florida
5239,383,52,2,95.66,191.32,2024-12-04,Delivered,New Amandaport,Georgia
5240,533,29,3,8.63,25.89,2024-09-23,Delivered,West Nicholaston,Alaska
5241,466,176,1,39.64,39.64,2025-10-05,Delivered,Hollowayfort,Colorado
5242,405,107,4,56.79,227.16,2024-03-04,Delivered,Lake Amandashire,Utah
5243,196,7,1,37.5,37.5,2024-03-21,Delivered,Port Joshuachester,Maine
5244,126,168,1,214.69,214.69,2025-12-05,Delivered,Seanview,Iowa
5245,911,131,4,28.16,0.0,2024-11-07,Cancelled,Audreyville,Georgia
5246,312,106,2,1067.66,2135.32,2025-05-20,Delivered,North Jonathanshire,Alabama
5247,157,47,2,72.54,145.08,2025-04-01,Delivered,Masseystad,Alaska
5248,736,113,1,158.59,158.59,2025-01-03,Delivered,Steventown,Florida
5249,227,182,6,19.79,118.74,2024-11-21,Processing,Lake Donald,Oregon
5250,875,62,1,331.56,331.56,2025-02-14,Delivered,Kevinside,Vermont
5251,431,168,3,214.69,644.07,2025-05-22,Delivered,Port Rachelburgh,Washington
5252,622,21,1,21.74,21.74,2024-02-12,Delivered,Barbarastad,Wisconsin
5253,682,64,2,701.02,1402.04,2025-05-08,Delivered,Christopherview,Connecticut
5254,692,170,3,60.94,182.82,2025-06-20,Processing,Sparksview,New Jersey
5255,708,30,2,58.18,116.36,2024-09-12,Processing,New Jennifer,North Carolina
5256,758,84,1,121.98,121.98,2024-05-28,Shipped,New Davidmouth,Utah
5257,94,58,4,133.46,533.84,2025-10-23,Shipped,West Cindybury,New York
5258,224,40,3,13.32,39.96,2025-04-20,Delivered,Port Alyssa,Georgia
5259,2,138,3,20.13,0.0,2025-01-05,Cancelled,Port Lawrence,Nebraska
5260,782,19,1,205.94,205.94,2024-04-06,Shipped,Michaelmouth,Massachusetts
5261,352,114,1,22.89,22.89,2024-08-21,Delivered,Maybury,Indiana
5262,570,89,3,101.92,305.76,2024-02-24,Processing,Jacobton,South Carolina
5263,357,163,5,91.43,0.0,2024-04-24,Cancelled,Donnaland,Arkansas
5264,39,135,4,17.94,71.76,2024-03-28,Processing,Lake Davidborough,Maine
5265,346,192,3,5.42,16.26,2025-11-26,Delivered,Lake Jennifermouth,Maryland
5266,813,161,2,295.59,591.18,2024-03-12,Delivered,West Michaelville,Virginia
5267,328,82,1,102.58,102.58,2024-09-05,Delivered,Daughertymouth,Washington
5268,114,16,2,48.77,97.54,2025-08-29,Delivered,North Christopherstad,Georgia
5269,706,36,12,24.13,289.56,2025-06-05,Delivered,North Yvonne,Arizona
5270,987,193,3,99.73,299.19,2025-09-14,Delivered,Bryantborough,Connecticut
5271,162,150,1,415.89,415.89,2024-03-06,Delivered,Greenfurt,Ohio
5272,118,62,2,331.56,663.12,2024-11-03,Delivered,South Cassidy,Louisiana
5273,222,101,1,23.21,23.21,2024-05-25,Shipped,Marktown,Connecticut
5274,285,147,1,202.08,202.08,2025-03-04,Delivered,North Bobburgh,South Dakota
5275,322,156,4,136.11,544.44,2025-11-03,Delivered,Torreston,Georgia
5276,288,122,3,20.47,61.41,2024-01-25,Delivered,Geraldland,Connecticut
5277,376,153,5,82.41,412.05,2025-09-28,Shipped,Wellsmouth,Rhode Island
5278,367,155,4,61.98,247.92,2025-12-16,Delivered,Lisaborough,South Dakota
5279,395,5,1,225.2,225.2,2024-11-10,Delivered,South Theresa,Maryland
5280,225,163,2,91.43,0.0,2024-07-22,Cancelled,West Timothy,Minnesota
5281,676,182,5,19.79,98.95,2024-12-31,Delivered,Georgeshire,Indiana
5282,523,148,1,293.38,293.38,2024-05-26,Delivered,West Davidshire,Ohio
5283,987,196,2,211.17,422.34,2024-02-12,Delivered,Bryantborough,Connecticut
5284,189,31,2,29.73,59.46,2024-11-16,Delivered,New Ryanfort,California
5285,532,31,9,29.73,267.57,2024-04-12,Delivered,Hansonfort,Missouri
5286,852,53,1,53.04,53.04,2024-10-29,Delivered,Pearsonmouth,Idaho
5287,674,29,1,8.63,8.63,2024-11-18,Delivered,Melissafurt,Illinois
5288,69,131,1,28.16,28.16,2025-08-27,Delivered,Elizabethberg,Washington
5289,415,138,3,20.13,60.39,2024-05-18,Delivered,Kevinberg,Connecticut
5290,180,158,2,1511.23,0.0,2025-12-19,Cancelled,East Kimberly,Alabama
5291,765,100,2,272.84,0.0,2025-01-20,Cancelled,North Christopher,Oklahoma
5292,874,146,2,6.95,13.9,2024-09-05,Delivered,Dustinport,Mississippi
5293,694,180,2,32.39,64.78,2024-06-02,Delivered,Brownmouth,Kansas
5294,234,77,3,40.52,121.56,2024-06-14,Delivered,Clarkhaven,Massachusetts
5295,592,156,4,136.11,544.44,2025-04-20,Returned,East Ian,Connecticut
5296,941,145,3,238.69,0.0,2024-11-02,Cancelled,Audreyburgh,Massachusetts
5297,744,41,1,1133.32,1133.32,2024-02-27,Delivered,Tuckerland,New Hampshire
5298,837,84,2,121.98,243.96,2025-10-30,Delivered,South Rodney,Florida
5299,21,34,3,264.74,0.0,2024-10-08,Cancelled,Heidimouth,Kentucky
5300,178,122,3,20.47,61.41,2025-07-22,Delivered,Michelleport,Kentucky
5301,67,62,1,331.56,331.56,2025-06-29,Delivered,Charlesburgh,Tennessee
5302,388,188,6,35.05,210.3,2024-03-02,Shipped,Mossstad,Texas
5303,335,188,12,35.05,420.6,2024-09-23,Shipped,Whitebury,Illinois
5304,969,82,1,102.58,102.58,2025-05-22,Delivered,Port Richard,New Jersey
5305,533,173,4,31.1,124.4,2024-05-12,Shipped,West Nicholaston,Alaska
5306,880,6,3,98.09,294.27,2025-01-04,Delivered,Port Joshuafurt,Hawaii
5307,708,11,2,20.71,41.42,2025-09-30,Delivered,New Jennifer,North Carolina
5308,204,48,1,82.31,82.31,2024-04-29,Delivered,West Ryanmouth,Kentucky
5309,744,4,3,263.55,0.0,2024-10-02,Cancelled,Tuckerland,New Hampshire
5310,167,55,3,136.93,410.79,2024-06-07,Delivered,Smithview,Alaska
5311,140,7,1,37.5,37.5,2025-11-17,Delivered,Prattville,Alaska
5312,797,177,2,135.85,271.7,2025-07-01,Delivered,Lake Margaretchester,Alaska
5313,52,65,3,7.18,21.54,2025-07-06,Returned,Tylerberg,Maryland
5314,750,76,1,1853.62,1853.62,2025-10-30,Processing,Port Thomasmouth,New Mexico
5315,866,69,5,96.69,483.45,2025-06-29,Delivered,Jameston,California
5316,28,188,4,35.05,140.2,2024-06-08,Processing,Lake Roberthaven,Delaware
5317,946,105,2,31.98,63.96,2025-12-07,Delivered,East Kelly,Maryland
5318,197,106,2,1067.66,2135.32,2025-08-05,Processing,Rodriguezhaven,Wisconsin
5319,313,36,11,24.13,265.43,2025-03-06,Delivered,Ianbury,Pennsylvania
5320,959,133,4,57.39,229.56,2025-12-25,Processing,Port Michaelville,Rhode Island
5321,473,67,4,109.42,437.68,2025-12-06,Delivered,Frederickstad,Kansas
5322,259,98,3,171.77,515.31,2024-10-31,Delivered,North Danielmouth,Louisiana
5323,385,154,2,341.24,682.48,2024-11-07,Delivered,Rebekahville,Nevada
5324,59,58,4,133.46,533.84,2024-09-28,Delivered,Sandovalshire,Iowa
5325,149,199,1,91.79,91.79,2024-05-06,Delivered,Lake Kellyberg,Indiana
5326,414,80,2,206.74,413.48,2024-11-19,Processing,Jameshaven,Louisiana
5327,612,55,3,136.93,410.79,2024-07-19,Delivered,East Aaron,Tennessee
5328,865,6,2,98.09,196.18,2024-02-22,Delivered,Leonchester,Oklahoma
5329,444,64,1,701.02,701.02,2025-07-09,Delivered,Edwardsview,South Dakota
5330,753,145,1,238.69,238.69,2025-09-09,Delivered,Ashleyside,New York
5331,559,46,3,39.3,117.9,2024-05-07,Delivered,West Tina,North Carolina
5332,77,3,1,7.36,7.36,2025-06-03,Delivered,Kerriborough,Maine
5333,336,99,10,23.4,234.0,2025-12-19,Processing,Romeroport,Georgia
5334,905,146,1,6.95,6.95,2025-05-16,Delivered,Snyderchester,Illinois
5335,592,151,2,1843.3,3686.6,2025-07-05,Delivered,East Ian,Connecticut
5336,222,182,1,19.79,19.79,2024-06-16,Processing,Marktown,Connecticut
5337,136,11,2,20.71,41.42,2025-06-11,Delivered,Lake Sandra,Washington
5338,926,34,3,264.74,794.22,2025-08-11,Delivered,Alejandroville,Mississippi
5339,517,62,2,331.56,663.12,2025-12-09,Delivered,New Johnview,Connecticut
5340,150,62,2,331.56,663.12,2025-10-25,Delivered,Owensview,Florida
5341,47,42,2,289.31,578.62,2025-10-12,Shipped,West Matthewburgh,South Dakota
5342,813,47,4,72.54,290.16,2024-01-16,Delivered,West Michaelville,Virginia
5343,364,134,3,61.51,184.53,2024-05-07,Processing,Harrisport,Idaho
5344,41,160,4,30.6,122.4,2024-04-30,Delivered,Parkerborough,Tennessee
5345,459,70,8,29.73,237.84,2025-08-09,Processing,Ramosshire,Kentucky
5346,38,98,2,171.77,343.54,2025-10-03,Delivered,Riceland,Georgia
5347,705,44,2,180.6,361.2,2025-07-24,Delivered,Paulside,Hawaii
5348,304,107,3,56.79,170.37,2024-09-27,Delivered,North Jennifer,South Dakota
5349,482,172,3,107.92,323.76,2024-10-31,Delivered,West Scott,Georgia
5350,278,151,1,1843.3,1843.3,2025-02-03,Delivered,West Raven,West Virginia
5351,66,163,1,91.43,0.0,2025-02-07,Cancelled,Joshuaborough,Virginia
5352,272,2,3,97.3,291.9,2025-10-07,Delivered,East Barbara,South Carolina
5353,770,80,3,206.74,620.22,2025-08-27,Delivered,South Stephanie,California
5354,557,130,2,825.68,1651.36,2024-07-28,Delivered,Robinsonfort,Alabama
5355,238,75,1,408.35,0.0,2025-07-21,Cancelled,Russellton,Minnesota
5356,833,45,1,25.64,25.64,2024-07-03,Delivered,Ryanbury,Hawaii
5357,755,185,1,1128.38,1128.38,2025-10-17,Delivered,Ginaburgh,New Jersey
5358,711,81,2,221.79,443.58,2025-10-13,Delivered,North Henry,Kansas
5359,492,2,4,97.3,389.2,2024-05-21,Delivered,Davidhaven,Wisconsin
5360,308,151,1,1843.3,1843.3,2024-03-08,Shipped,Rickyberg,Wisconsin
5361,210,14,1,1392.16,1392.16,2025-09-22,Delivered,Port Jonathanshire,Utah
5362,733,60,2,242.61,485.22,2024-11-30,Delivered,Port Richardton,Maryland
5363,529,123,2,120.25,240.5,2025-02-17,Delivered,Wheelerfort,New York
5364,140,19,1,205.94,205.94,2025-04-24,Processing,Prattville,Alaska
5365,987,126,1,24.66,24.66,2025-08-05,Delivered,Bryantborough,Connecticut
5366,365,165,2,118.26,236.52,2024-11-02,Delivered,Matthewview,Tennessee
5367,207,36,12,24.13,289.56,2024-05-30,Processing,Valerieview,Idaho
5368,167,27,3,33.99,101.97,2024-06-12,Delivered,Smithview,Alaska
5369,465,67,4,109.42,437.68,2024-10-24,Delivered,Williamsview,Washington
5370,2,34,3,264.74,794.22,2025-06-13,Delivered,Port Lawrence,Nebraska
5371,351,59,3,5.75,17.25,2025-06-03,Delivered,Foxside,Wisconsin
5372,432,185,1,1128.38,1128.38,2024-03-18,Processing,South Davidside,Wyoming
5373,644,2,1,97.3,97.3,2025-08-26,Delivered,Douglaschester,Rhode Island
5374,173,74,1,417.08,417.08,2024-12-10,Returned,East Katelyn,Massachusetts
5375,383,145,1,238.69,238.69,2025-07-31,Delivered,New Amandaport,Georgia
5376,76,15,1,213.82,213.82,2025-06-13,Processing,Port Rebeccaland,New Hampshire
5377,51,54,5,66.84,334.2,2025-08-04,Delivered,Dunnmouth,Georgia
5378,174,105,1,31.98,0.0,2024-02-11,Cancelled,Port Michaelville,Arkansas
5379,314,46,2,39.3,78.6,2024-01-29,Returned,South Jamie,Wyoming
5380,991,140,4,93.97,375.88,2024-04-02,Processing,Davidshire,New Jersey
5381,666,48,4,82.31,329.24,2024-08-19,Delivered,Riversside,Tennessee
5382,10,197,5,41.22,206.1,2024-12-12,Delivered,Juliemouth,Wisconsin
5383,140,83,1,129.45,129.45,2025-06-27,Delivered,Prattville,Alaska
5384,739,192,1,5.42,5.42,2025-05-21,Delivered,Lake Jason,Arizona
5385,214,20,2,57.57,115.14,2024-01-13,Delivered,North Anthonybury,Illinois
5386,625,24,2,51.42,0.0,2025-09-30,Cancelled,Schmittside,Louisiana
5387,797,195,8,2.19,17.52,2025-02-28,Delivered,Lake Margaretchester,Alaska
5388,666,188,5,35.05,175.25,2024-10-16,Shipped,Riversside,Tennessee
5389,218,124,3,253.0,759.0,2024-12-24,Delivered,Lisachester,Louisiana
5390,215,184,2,151.44,302.88,2025-07-12,Delivered,North Suzannefurt,Wisconsin
5391,69,88,2,189.99,379.98,2025-10-13,Returned,Elizabethberg,Washington
5392,604,183,8,5.03,40.24,2025-06-10,Delivered,East Josephville,Louisiana
5393,289,57,1,1165.65,1165.65,2025-09-24,Processing,South Robertoburgh,Nevada
5394,159,182,3,19.79,59.37,2025-03-28,Delivered,Brownfort,Georgia
5395,671,92,6,31.83,190.98,2025-08-08,Delivered,Lake Ericchester,Washington
5396,217,114,4,22.89,91.56,2025-08-27,Delivered,Port Samanthatown,Florida
5397,540,73,2,82.71,165.42,2025-10-20,Shipped,Simmonsmouth,Wyoming
5398,47,19,3,205.94,617.82,2025-11-06,Delivered,West Matthewburgh,South Dakota
5399,722,129,2,156.82,313.64,2025-06-17,Delivered,East Jamesshire,Kansas
5400,841,161,3,295.59,0.0,2025-09-17,Cancelled,Steveton,Ohio
5401,934,27,5,33.99,169.95,2025-10-15,Shipped,Ballport,Nevada
5402,59,173,1,31.1,31.1,2025-09-10,Delivered,Sandovalshire,Iowa
5403,74,78,6,27.87,167.22,2025-01-28,Delivered,South Terri,Hawaii
5404,743,106,1,1067.66,1067.66,2024-08-23,Delivered,Danielborough,California
5405,910,190,2,655.22,1310.44,2024-09-21,Shipped,Andrewside,Colorado
5406,949,10,5,6.76,33.8,2024-09-11,Delivered,Oneillbury,Wyoming
5407,148,36,3,24.13,72.39,2025-09-04,Delivered,Schroederfurt,Indiana
5408,859,156,2,136.11,272.22,2025-07-24,Shipped,Haasfort,Kansas
5409,88,81,1,221.79,221.79,2024-01-12,Delivered,Ryanberg,Oklahoma
5410,753,158,1,1511.23,1511.23,2024-04-16,Delivered,Ashleyside,New York
5411,725,137,2,109.87,0.0,2025-10-12,Cancelled,Whiteland,West Virginia
5412,628,63,1,155.85,155.85,2025-10-31,Delivered,Williamsberg,Florida
5413,630,50,2,107.82,215.64,2024-04-26,Delivered,West Robertview,Massachusetts
5414,599,114,2,22.89,45.78,2025-07-20,Processing,Jamieland,Ohio
5415,391,61,2,83.9,167.8,2025-12-07,Delivered,Morenofurt,Minnesota
5416,218,37,4,27.38,109.52,2024-12-28,Delivered,Lisachester,Louisiana
5417,212,185,1,1128.38,1128.38,2025-02-17,Returned,Alexanderfort,Delaware
5418,239,42,3,289.31,0.0,2024-02-19,Cancelled,East Patriciaborough,Delaware
5419,227,23,3,90.2,270.6,2025-12-01,Delivered,Lake Donald,Oregon
5420,938,6,2,98.09,196.18,2024-04-21,Delivered,Mccannmouth,Delaware
5421,383,147,2,202.08,404.16,2025-08-10,Delivered,New Amandaport,Georgia
5422,721,67,1,109.42,109.42,2025-06-13,Delivered,Moraport,Utah
5423,582,174,3,39.88,119.64,2025-01-30,Delivered,New Danielberg,New York
5424,612,112,4,72.13,288.52,2025-07-29,Delivered,East Aaron,Tennessee
5425,283,9,2,94.81,189.62,2025-08-10,Shipped,New James,North Carolina
5426,77,120,12,47.8,573.6,2024-01-27,Delivered,Kerriborough,Maine
5427,365,140,5,93.97,469.85,2025-04-29,Delivered,Matthewview,Tennessee
5428,219,70,11,29.73,327.03,2024-06-20,Delivered,South Kevin,New Hampshire
5429,318,192,11,5.42,59.62,2025-01-28,Delivered,Lake Adam,Washington
5430,467,104,3,43.38,130.14,2024-12-03,Delivered,North Feliciashire,Wisconsin
5431,780,177,2,135.85,271.7,2025-03-31,Shipped,Jessicaberg,Utah
5432,66,30,1,58.18,58.18,2024-02-09,Shipped,Joshuaborough,Virginia
5433,355,112,3,72.13,216.39,2025-11-08,Processing,South Yvette,Indiana
5434,695,124,3,253.0,0.0,2024-03-04,Cancelled,East Chadmouth,Virginia
5435,331,51,2,20.77,41.54,2024-08-08,Delivered,Lake Williamfort,Washington
5436,816,197,4,41.22,0.0,2024-08-15,Cancelled,Kingstad,Arkansas
5437,542,117,2,23.92,47.84,2025-09-27,Delivered,Yangview,Washington
5438,10,143,3,50.45,151.35,2025-05-31,Processing,Juliemouth,Wisconsin
5439,265,110,2,149.46,298.92,2024-09-16,Delivered,Owenschester,Rhode Island
5440,971,188,11,35.05,385.55,2025-07-20,Shipped,North Barbarashire,Delaware
5441,916,197,5,41.22,206.1,2025-06-18,Delivered,East Tarabury,Alabama
5442,335,116,1,146.15,146.15,2024-07-29,Delivered,Whitebury,Illinois
5443,762,177,2,135.85,271.7,2025-02-15,Shipped,West Tarachester,South Carolina
5444,952,164,2,196.76,393.52,2025-01-22,Delivered,South Kimbury,Arizona
5445,27,75,1,408.35,408.35,2025-11-20,Delivered,Codymouth,Alabama
5446,451,133,2,57.39,114.78,2024-03-01,Delivered,Ashleyside,Delaware
5447,176,74,1,417.08,417.08,2024-12-30,Shipped,Bowenport,West Virginia
5448,125,7,3,37.5,112.5,2024-10-07,Delivered,West Daniellemouth,New Mexico
5449,957,56,1,738.0,738.0,2025-04-05,Processing,Richardmouth,North Carolina
5450,283,82,2,102.58,205.16,2025-06-03,Delivered,New James,North Carolina
5451,711,7,2,37.5,0.0,2024-05-12,Cancelled,North Henry,Kansas
5452,52,150,3,415.89,1247.67,2024-05-07,Processing,Tylerberg,Maryland
5453,672,138,5,20.13,100.65,2025-04-06,Delivered,Lake Ricardo,Washington
5454,602,158,1,1511.23,1511.23,2024-12-30,Processing,Longville,North Carolina
5455,647,69,2,96.69,193.38,2024-08-25,Delivered,North Jessica,Nevada
5456,382,109,3,321.21,963.63,2025-01-25,Delivered,Sandyborough,Arkansas
5457,907,78,10,27.87,278.7,2024-05-05,Delivered,Karatown,South Carolina
5458,489,58,2,133.46,266.92,2025-01-26,Delivered,South Katherineport,Mississippi
5459,639,195,1,2.19,2.19,2024-12-16,Processing,Ronaldborough,North Carolina
5460,834,174,3,39.88,119.64,2025-11-08,Delivered,Port Rickytown,Connecticut
5461,912,21,2,21.74,43.48,2024-11-21,Shipped,Jordanstad,South Dakota
5462,684,152,1,69.34,69.34,2024-08-07,Delivered,South Deniseburgh,Wyoming
5463,180,54,5,66.84,334.2,2025-09-20,Delivered,East Kimberly,Alabama
5464,185,77,2,40.52,81.04,2025-07-14,Shipped,Lake Amyport,New Mexico
5465,1,17,3,22.46,67.38,2025-03-11,Delivered,South James,South Carolina
5466,560,106,1,1067.66,1067.66,2025-12-22,Shipped,New Mary,Louisiana
5467,155,175,5,88.86,444.3,2024-11-02,Delivered,West Michaelfurt,Idaho
5468,406,139,4,48.17,192.68,2024-04-30,Delivered,Lake Jennifershire,Alaska
5469,753,23,5,90.2,451.0,2024-05-28,Shipped,Ashleyside,New York
5470,580,6,1,98.09,98.09,2024-12-30,Returned,Brownchester,Texas
5471,190,105,3,31.98,95.94,2024-03-14,Shipped,Lake Dillon,North Dakota
5472,820,20,3,57.57,172.71,2024-08-05,Delivered,East Roberthaven,Maine
5473,751,179,4,76.57,306.28,2024-12-21,Processing,Bradleyfort,Michigan
5474,56,92,4,31.83,127.32,2024-11-07,Delivered,Matthewfort,Arizona
5475,42,33,1,32.17,32.17,2025-02-24,Delivered,Draketon,Vermont
5476,427,96,3,51.29,153.87,2025-05-14,Delivered,South Brianview,Wyoming
5477,261,171,1,41.02,41.02,2024-12-28,Delivered,South Christopherstad,North Carolina
5478,13,154,3,341.24,1023.72,2025-01-11,Processing,Grayberg,California
5479,916,154,3,341.24,1023.72,2025-10-03,Returned,East Tarabury,Alabama
5480,740,194,1,384.6,384.6,2025-06-13,Returned,Port Patricia,North Carolina
5481,828,100,3,272.84,818.52,2025-05-18,Delivered,Aliciamouth,Wyoming
5482,252,103,3,324.51,973.53,2025-03-03,Delivered,Hubbardfort,Kansas
5483,795,123,1,120.25,120.25,2025-12-07,Delivered,Leahland,Michigan
5484,249,50,2,107.82,215.64,2024-07-17,Processing,West Rebeccaburgh,Oregon
5485,275,97,4,28.08,112.32,2024-06-06,Delivered,Robbinsville,Delaware
5486,278,102,1,16.02,16.02,2025-10-13,Delivered,West Raven,West Virginia
5487,320,47,1,72.54,72.54,2024-09-25,Delivered,New Daniel,Minnesota
5488,501,192,8,5.42,43.36,2025-02-26,Delivered,North Gabrielabury,Minnesota
5489,456,55,2,136.93,273.86,2024-06-10,Delivered,Reidhaven,Florida
5490,911,35,2,486.1,972.2,2025-10-06,Delivered,Audreyville,Georgia
5491,25,80,2,206.74,413.48,2025-03-07,Delivered,Port Tracy,Alaska
5492,190,151,2,1843.3,3686.6,2025-09-04,Delivered,Lake Dillon,North Dakota
5493,335,100,2,272.84,545.68,2025-08-09,Delivered,Whitebury,Illinois
5494,561,41,2,1133.32,2266.64,2025-08-26,Delivered,Lopezside,Oregon
5495,702,122,1,20.47,20.47,2024-04-01,Delivered,Port Sandramouth,Oklahoma
5496,872,171,5,41.02,205.1,2024-01-12,Delivered,Romantown,Minnesota
5497,676,9,3,94.81,284.43,2025-08-22,Delivered,Georgeshire,Indiana
5498,76,68,4,115.79,463.16,2024-09-22,Processing,Port Rebeccaland,New Hampshire
5499,923,44,2,180.6,361.2,2025-04-13,Delivered,South Dwaynehaven,Washington
5500,359,197,5,41.22,206.1,2025-03-11,Shipped,Townsendtown,Oregon
5501,135,80,3,206.74,620.22,2025-10-10,Delivered,East Ericshire,Nevada
5502,78,93,2,1518.29,3036.58,2024-11-20,Delivered,Adamsmouth,Arkansas
5503,505,83,1,129.45,129.45,2025-05-23,Processing,South Ericfurt,Washington
5504,210,125,2,192.15,384.3,2025-10-17,Processing,Port Jonathanshire,Utah
5505,517,53,1,53.04,53.04,2025-10-09,Delivered,New Johnview,Connecticut
5506,849,134,4,61.51,246.04,2025-09-05,Delivered,Cookeville,New York
5507,653,65,5,7.18,35.9,2024-11-28,Shipped,East Williamborough,Kentucky
5508,877,148,3,293.38,880.14,2025-01-16,Delivered,Karenfurt,Wyoming
5509,424,188,4,35.05,140.2,2025-04-30,Returned,Cantumouth,Wisconsin
5510,330,141,2,371.58,743.16,2024-12-18,Delivered,Natashaborough,Massachusetts
5511,973,93,1,1518.29,1518.29,2024-01-05,Delivered,Tracymouth,New Jersey
5512,983,142,3,469.45,1408.35,2025-08-17,Delivered,Friedmanmouth,South Carolina
5513,240,58,4,133.46,533.84,2024-07-09,Delivered,New Nathanielview,South Dakota
5514,53,29,5,8.63,43.15,2024-10-13,Delivered,New Williamborough,Delaware
5515,366,36,8,24.13,0.0,2025-10-05,Cancelled,Lake Mark,New Hampshire
5516,681,32,5,112.27,561.35,2025-09-28,Delivered,Wileybury,Alaska
5517,749,105,2,31.98,63.96,2025-10-18,Delivered,Tarachester,West Virginia
5518,99,155,3,61.98,185.94,2024-09-04,Delivered,Port Dwayneborough,South Carolina
5519,960,94,3,73.18,219.54,2025-09-10,Delivered,New Melissa,Delaware
5520,422,192,11,5.42,59.62,2025-05-06,Delivered,Williambury,Wyoming
5521,238,127,3,117.98,353.94,2025-04-14,Delivered,Russellton,Minnesota
5522,594,151,1,1843.3,1843.3,2025-04-22,Delivered,Garciaville,Pennsylvania
5523,824,101,3,23.21,69.63,2024-11-24,Processing,New Normaton,Georgia
5524,340,50,1,107.82,107.82,2025-07-09,Shipped,North Stevenmouth,North Dakota
5525,252,114,3,22.89,68.67,2025-11-28,Shipped,Hubbardfort,Kansas
5526,8,156,2,136.11,272.22,2024-12-29,Delivered,Port Christopherville,New Mexico
5527,489,18,5,12.0,60.0,2024-03-25,Processing,South Katherineport,Mississippi
5528,318,86,2,86.29,172.58,2025-11-29,Delivered,Lake Adam,Washington
5529,101,154,1,341.24,341.24,2024-12-10,Delivered,Kathleenburgh,South Dakota
5530,916,137,2,109.87,219.74,2025-05-02,Delivered,East Tarabury,Alabama
5531,875,137,1,109.87,109.87,2024-07-22,Delivered,Kevinside,Vermont
5532,703,54,1,66.84,66.84,2025-01-15,Delivered,East Alex,Washington
5533,892,42,3,289.31,867.93,2025-03-07,Delivered,Ryanmouth,Georgia
5534,927,191,2,92.98,185.96,2025-01-31,Shipped,Mirandachester,Nebraska
5535,770,83,1,129.45,129.45,2025-07-11,Delivered,South Stephanie,California
5536,980,160,5,30.6,153.0,2024-11-08,Returned,Lake Katherine,North Carolina
5537,824,62,1,331.56,331.56,2024-03-03,Delivered,New Normaton,Georgia
5538,953,32,5,112.27,561.35,2025-09-20,Delivered,Debbieberg,Connecticut
5539,88,60,2,242.61,485.22,2024-07-02,Delivered,Ryanberg,Oklahoma
5540,780,61,3,83.9,251.7,2025-08-26,Delivered,Jessicaberg,Utah
5541,182,124,2,253.0,506.0,2024-09-21,Delivered,Jarvisland,North Dakota
5542,460,117,2,23.92,47.84,2025-03-28,Delivered,Smithside,Michigan
5543,665,9,4,94.81,379.24,2024-04-03,Returned,Bryantbury,Massachusetts
5544,574,55,3,136.93,410.79,2024-09-03,Delivered,North Craigtown,Montana
5545,201,14,1,1392.16,1392.16,2024-08-27,Delivered,Port Kimberlyton,Minnesota
5546,829,25,5,71.4,357.0,2024-02-20,Delivered,East Julie,Texas
5547,973,17,5,22.46,112.3,2025-10-24,Returned,Tracymouth,New Jersey
5548,155,27,3,33.99,101.97,2024-09-01,Returned,West Michaelfurt,Idaho
5549,38,65,5,7.18,35.9,2025-07-06,Shipped,Riceland,Georgia
5550,459,189,1,1293.61,1293.61,2024-08-31,Delivered,Ramosshire,Kentucky
5551,472,59,1,5.75,5.75,2024-03-29,Delivered,Lake Paulaland,Texas
5552,801,128,3,89.87,269.61,2024-12-21,Shipped,East Matthewshire,New Hampshire
5553,828,94,2,73.18,146.36,2025-05-27,Delivered,Aliciamouth,Wyoming
5554,307,9,3,94.81,284.43,2024-06-18,Delivered,West Danielton,Vermont
5555,139,185,2,1128.38,2256.76,2024-07-20,Processing,Alimouth,Iowa
5556,146,181,3,187.56,562.68,2025-05-09,Delivered,New Mitchell,Rhode Island
5557,818,195,5,2.19,10.95,2025-05-30,Delivered,East Misty,North Dakota
5558,443,112,2,72.13,144.26,2024-12-24,Delivered,Port Nathaniel,Florida
5559,805,90,1,780.14,780.14,2024-12-10,Delivered,East Kayla,New Mexico
5560,850,178,2,96.1,192.2,2024-04-27,Shipped,Lake Kiara,Oklahoma
5561,879,27,1,33.99,33.99,2024-07-17,Delivered,Clarkfort,Kansas
5562,342,124,2,253.0,506.0,2024-02-14,Delivered,West Jeffrey,Connecticut
5563,272,67,2,109.42,218.84,2024-01-22,Returned,East Barbara,South Carolina
5564,772,42,2,289.31,578.62,2024-05-27,Returned,Burkeberg,West Virginia
5565,45,86,1,86.29,86.29,2024-06-08,Delivered,Stevenberg,Utah
5566,357,193,5,99.73,498.65,2025-01-19,Shipped,Donnaland,Arkansas
5567,296,2,1,97.3,0.0,2025-06-29,Cancelled,Henryborough,Kansas
5568,839,4,2,263.55,527.1,2024-06-02,Delivered,Michaelstad,Alabama
5569,497,132,5,21.5,107.5,2025-03-09,Delivered,West Sara,Georgia
5570,740,46,2,39.3,78.6,2024-07-05,Delivered,Port Patricia,North Carolina
5571,8,88,1,189.99,189.99,2024-05-04,Delivered,Port Christopherville,New Mexico
5572,143,100,2,272.84,545.68,2024-04-08,Delivered,Jeremiahfurt,Kansas
5573,48,36,12,24.13,289.56,2024-07-06,Delivered,North Michelle,Alaska
5574,288,73,5,82.71,413.55,2025-01-03,Processing,Geraldland,Connecticut
5575,83,57,1,1165.65,1165.65,2025-03-29,Delivered,Bergbury,Idaho
5576,368,191,2,92.98,185.96,2024-01-10,Processing,Andrewland,Mississippi
5577,52,50,1,107.82,107.82,2024-12-01,Shipped,Tylerberg,Maryland
5578,335,86,2,86.29,172.58,2025-11-30,Returned,Whitebury,Illinois
5579,607,48,2,82.31,164.62,2025-05-15,Delivered,Bellport,Kentucky
5580,320,148,3,293.38,880.14,2025-04-03,Delivered,New Daniel,Minnesota
5581,139,71,1,117.87,117.87,2025-10-25,Delivered,Alimouth,Iowa
5582,362,82,1,102.58,102.58,2024-06-13,Delivered,East Brett,South Dakota
5583,747,97,2,28.08,0.0,2024-06-21,Cancelled,Bassville,Texas
5584,26,83,3,129.45,388.35,2025-02-05,Delivered,Port Corey,Maine
5585,10,6,3,98.09,294.27,2024-02-12,Delivered,Juliemouth,Wisconsin
5586,694,9,1,94.81,94.81,2024-06-09,Processing,Brownmouth,Kansas
5587,389,16,3,48.77,146.31,2025-11-22,Delivered,New Aliciaberg,Florida
5588,685,70,1,29.73,29.73,2024-01-20,Delivered,South Cynthiafurt,Rhode Island
5589,682,81,3,221.79,665.37,2024-05-29,Delivered,Christopherview,Connecticut
5590,712,110,2,149.46,298.92,2025-12-05,Processing,Hickmanview,Nevada
5591,58,27,4,33.99,135.96,2025-04-11,Delivered,Christopherbury,Wisconsin
5592,351,107,2,56.79,113.58,2024-10-14,Delivered,Foxside,Wisconsin
5593,6,148,2,293.38,586.76,2024-08-19,Processing,Lake Stephen,Nevada
5594,486,119,3,299.58,898.74,2024-04-25,Delivered,Port Jason,Washington
5595,345,173,4,31.1,124.4,2024-04-16,Delivered,Lesliemouth,Arkansas
5596,575,182,5,19.79,98.95,2024-08-24,Processing,Danielton,Idaho
5597,81,16,2,48.77,97.54,2025-07-25,Processing,Rileymouth,West Virginia
5598,176,106,1,1067.66,1067.66,2025-10-14,Delivered,Bowenport,West Virginia
5599,576,175,2,88.86,177.72,2024-07-12,Delivered,East Michael,Louisiana
5600,780,96,1,51.29,51.29,2025-08-17,Delivered,Jessicaberg,Utah
5601,993,126,2,24.66,49.32,2024-02-14,Delivered,South Michaelfort,Nevada
5602,129,105,1,31.98,0.0,2025-06-01,Cancelled,East Melissaton,Nevada
5603,752,62,2,331.56,663.12,2024-08-09,Delivered,New Emilytown,Georgia
5604,168,104,4,43.38,173.52,2025-05-19,Delivered,Oconnorstad,Oregon
5605,627,72,2,171.7,343.4,2025-04-30,Delivered,West Ellen,Alaska
5606,654,53,3,53.04,0.0,2025-09-29,Cancelled,New Breanna,Michigan
5607,499,96,2,51.29,102.58,2024-11-30,Delivered,Sharonton,Nebraska
5608,648,193,4,99.73,398.92,2025-02-19,Delivered,Port Andrew,Indiana
5609,884,28,1,18.59,18.59,2024-02-21,Returned,West Georgeborough,Rhode Island
5610,446,16,1,48.77,48.77,2024-10-06,Delivered,Steventown,South Carolina
5611,98,196,2,211.17,422.34,2024-12-02,Returned,Port Aaron,Virginia
5612,5,151,2,1843.3,3686.6,2024-11-18,Delivered,Rodrigueztown,Minnesota
5613,578,112,4,72.13,288.52,2025-07-04,Delivered,Wuview,Louisiana
5614,438,115,1,115.19,115.19,2025-05-15,Delivered,Reedville,Virginia
5615,425,135,3,17.94,53.82,2024-04-24,Delivered,Port Christy,Michigan
5616,451,10,4,6.76,27.04,2024-09-15,Delivered,Ashleyside,Delaware
5617,99,105,3,31.98,95.94,2025-01-07,Delivered,Port Dwayneborough,South Carolina
5618,142,118,3,280.69,842.07,2025-08-21,Delivered,Markchester,Idaho
5619,952,137,3,109.87,329.61,2025-08-12,Processing,South Kimbury,Arizona
5620,654,66,2,100.8,0.0,2025-03-14,Cancelled,New Breanna,Michigan
5621,730,175,4,88.86,355.44,2025-06-09,Returned,Timfort,New York
5622,241,24,2,51.42,102.84,2025-05-27,Delivered,Millshaven,Massachusetts
5623,193,178,1,96.1,96.1,2025-12-07,Delivered,East Barbara,North Dakota
5624,236,168,2,214.69,429.38,2025-11-20,Delivered,Hannahtown,Florida
5625,694,58,2,133.46,0.0,2024-04-13,Cancelled,Brownmouth,Kansas
5626,98,197,2,41.22,82.44,2024-07-12,Delivered,Port Aaron,Virginia
5627,269,2,2,97.3,194.6,2024-10-11,Delivered,South Lisa,Missouri
5628,39,181,2,187.56,375.12,2025-09-25,Delivered,Lake Davidborough,Maine
5629,86,104,2,43.38,86.76,2024-11-29,Delivered,New Juan,Kentucky
5630,380,71,2,117.87,235.74,2025-11-09,Processing,Lake Sergio,Oregon
5631,162,96,2,51.29,102.58,2024-07-26,Returned,Greenfurt,Ohio
5632,542,101,1,23.21,23.21,2025-12-21,Delivered,Yangview,Washington
5633,388,84,1,121.98,121.98,2025-10-14,Delivered,Mossstad,Texas
5634,682,178,1,96.1,96.1,2024-08-16,Delivered,Christopherview,Connecticut
5635,21,163,4,91.43,365.72,2024-09-23,Returned,Heidimouth,Kentucky
5636,11,51,1,20.77,20.77,2025-11-13,Delivered,Michaelburgh,Florida
5637,985,44,2,180.6,361.2,2024-01-07,Shipped,West Sheliaton,Maryland
5638,813,155,1,61.98,61.98,2024-11-04,Delivered,West Michaelville,Virginia
5639,790,139,4,48.17,192.68,2025-09-20,Delivered,West Reginaberg,Arkansas
5640,484,63,1,155.85,155.85,2024-11-25,Delivered,Loganport,Wyoming
5641,626,64,2,701.02,1402.04,2024-08-17,Delivered,Randyhaven,Illinois
5642,534,177,3,135.85,407.55,2024-12-15,Delivered,Tinabury,New Hampshire
5643,840,32,5,112.27,0.0,2024-03-06,Cancelled,East Brandon,Montana
5644,240,60,3,242.61,727.83,2025-07-24,Processing,New Nathanielview,South Dakota
5645,872,103,1,324.51,324.51,2025-01-05,Delivered,Romantown,Minnesota
5646,479,61,4,83.9,335.6,2025-10-09,Delivered,Moranside,Mississippi
5647,879,112,1,72.13,72.13,2024-11-28,Delivered,Clarkfort,Kansas
5648,928,21,1,21.74,21.74,2024-06-17,Delivered,Lake Kathleen,South Carolina
5649,685,70,12,29.73,356.76,2025-01-08,Delivered,South Cynthiafurt,Rhode Island
5650,153,81,2,221.79,443.58,2024-07-30,Delivered,Russellton,Massachusetts
5651,271,150,1,415.89,415.89,2024-05-22,Delivered,New Dylanberg,New York
5652,800,2,3,97.3,291.9,2025-12-24,Delivered,Perkinsport,Alabama
5653,934,73,5,82.71,413.55,2025-01-03,Delivered,Ballport,Nevada
5654,899,79,5,35.4,177.0,2025-06-24,Delivered,North Tina,Idaho
5655,844,122,2,20.47,40.94,2024-07-17,Shipped,Port Thomasfurt,New York
5656,127,79,4,35.4,141.6,2024-04-02,Processing,Morganmouth,Hawaii
5657,353,36,9,24.13,217.17,2024-06-23,Delivered,South Virginia,Rhode Island
5658,619,101,3,23.21,69.63,2024-04-30,Delivered,Austinville,South Dakota
5659,386,151,1,1843.3,1843.3,2025-12-28,Shipped,Jamestown,Vermont
5660,234,186,1,27.47,27.47,2025-07-22,Delivered,Clarkhaven,Massachusetts
5661,236,163,5,91.43,457.15,2025-08-17,Delivered,Hannahtown,Florida
5662,82,183,7,5.03,35.21,2024-02-18,Delivered,Port Beth,Tennessee
5663,230,30,1,58.18,58.18,2025-02-25,Delivered,Perezfort,Massachusetts
5664,797,31,8,29.73,237.84,2025-07-11,Delivered,Lake Margaretchester,Alaska
5665,824,181,1,187.56,187.56,2025-05-03,Delivered,New Normaton,Georgia
5666,821,36,1,24.13,24.13,2024-12-15,Returned,New Carl,Alabama
5667,600,144,12,48.66,583.92,2025-11-15,Shipped,Grantshire,Montana
5668,430,129,3,156.82,470.46,2024-02-25,Delivered,New Ralph,Wisconsin
5669,645,121,4,114.49,457.96,2024-09-05,Delivered,New Lisa,Missouri
5670,406,25,1,71.4,71.4,2025-02-02,Delivered,Lake Jennifershire,Alaska
5671,100,56,1,738.0,738.0,2025-10-02,Delivered,New Steven,Alaska
5672,821,72,3,171.7,515.1,2025-01-25,Shipped,New Carl,Alabama
5673,383,139,1,48.17,48.17,2024-07-27,Delivered,New Amandaport,Georgia
5674,486,168,1,214.69,214.69,2025-02-10,Returned,Port Jason,Washington
5675,112,199,5,91.79,458.95,2024-12-18,Delivered,Matthewhaven,Hawaii
5676,43,32,1,112.27,112.27,2025-04-17,Delivered,Phillipsstad,Oregon
5677,620,122,2,20.47,0.0,2025-07-07,Cancelled,Port Angelaburgh,Iowa
5678,424,84,1,121.98,121.98,2024-11-29,Delivered,Cantumouth,Wisconsin
5679,910,117,3,23.92,71.76,2024-08-11,Delivered,Andrewside,Colorado
5680,342,175,4,88.86,355.44,2024-12-31,Delivered,West Jeffrey,Connecticut
5681,845,172,3,107.92,323.76,2024-07-10,Delivered,Mccormicktown,Arizona
5682,645,14,2,1392.16,2784.32,2025-05-07,Delivered,New Lisa,Missouri
5683,846,132,3,21.5,64.5,2025-10-14,Delivered,Lovemouth,Kansas
5684,242,41,2,1133.32,2266.64,2025-06-02,Shipped,Port Melissa,Florida
5685,651,134,4,61.51,246.04,2025-01-04,Processing,East Alexandra,Idaho
5686,657,154,3,341.24,1023.72,2024-10-27,Delivered,Josephfort,Hawaii
5687,562,13,1,67.98,67.98,2025-09-30,Processing,Brandyland,Pennsylvania
5688,210,78,6,27.87,167.22,2025-07-25,Delivered,Port Jonathanshire,Utah
5689,78,12,1,182.65,0.0,2025-04-18,Cancelled,Adamsmouth,Arkansas
5690,799,100,2,272.84,545.68,2025-01-12,Delivered,Johnsonmouth,New Jersey
5691,195,71,1,117.87,117.87,2024-11-28,Delivered,Ryanville,Alaska
5692,984,66,1,100.8,100.8,2025-12-01,Delivered,Nathanside,Maryland
5693,688,33,3,32.17,96.51,2024-06-23,Delivered,Rossland,Tennessee
5694,398,197,1,41.22,0.0,2025-08-25,Cancelled,Walkerhaven,Maine
5695,703,115,3,115.19,0.0,2025-05-29,Cancelled,East Alex,Washington
5696,988,173,2,31.1,62.2,2025-03-12,Delivered,Natalieberg,Washington
5697,176,190,1,655.22,655.22,2025-03-15,Delivered,Bowenport,West Virginia
5698,119,152,1,69.34,69.34,2025-12-22,Delivered,Isabelport,Ohio
5699,445,132,3,21.5,64.5,2025-05-03,Delivered,Santiagoton,Oregon
5700,666,101,3,23.21,69.63,2025-04-02,Delivered,Riversside,Tennessee
5701,192,33,2,32.17,64.34,2025-10-17,Delivered,Shepherdton,Kansas
5702,661,142,3,469.45,1408.35,2024-04-13,Delivered,North Patricia,Idaho
5703,650,197,4,41.22,164.88,2024-01-15,Shipped,Leonardburgh,Missouri
5704,34,92,1,31.83,0.0,2025-02-15,Cancelled,Vaughanmouth,Iowa
5705,391,120,1,47.8,47.8,2025-02-27,Delivered,Morenofurt,Minnesota
5706,481,42,3,289.31,867.93,2024-01-03,Delivered,South Phillipville,West Virginia
5707,272,146,2,6.95,13.9,2024-02-16,Delivered,East Barbara,South Carolina
5708,422,12,2,182.65,365.3,2025-03-07,Returned,Williambury,Wyoming
5709,447,170,5,60.94,304.7,2024-11-12,Delivered,South Joshuashire,Missouri
5710,101,160,5,30.6,0.0,2024-01-04,Cancelled,Kathleenburgh,South Dakota
5711,169,96,2,51.29,102.58,2024-01-12,Delivered,Heatherville,Florida
5712,99,73,1,82.71,82.71,2025-07-13,Delivered,Port Dwayneborough,South Carolina
5713,194,92,3,31.83,95.49,2025-06-11,Delivered,North Ryan,Minnesota
5714,794,196,1,211.17,211.17,2025-06-08,Delivered,Harperport,Iowa
5715,753,158,1,1511.23,1511.23,2024-12-17,Shipped,Ashleyside,New York
5716,60,71,2,117.87,235.74,2024-06-28,Delivered,Lisatown,Missouri
5717,819,122,4,20.47,81.88,2024-01-12,Delivered,New Tiffany,Virginia
5718,628,103,3,324.51,973.53,2024-09-09,Returned,Williamsberg,Florida
5719,303,166,10,12.95,129.5,2025-10-21,Delivered,Raymondberg,West Virginia
5720,257,96,3,51.29,0.0,2025-04-04,Cancelled,Lake Bobby,Virginia
5721,186,128,3,89.87,269.61,2025-04-13,Processing,Wintersfort,Texas
5722,990,139,4,48.17,192.68,2025-10-30,Shipped,Ryanbury,South Dakota
5723,99,47,2,72.54,145.08,2025-03-23,Delivered,Port Dwayneborough,South Carolina
5724,734,175,5,88.86,0.0,2024-06-11,Cancelled,Port Audreyport,Nebraska
5725,891,100,1,272.84,272.84,2025-02-18,Returned,Allenburgh,Iowa
5726,475,50,3,107.82,0.0,2025-01-03,Cancelled,New Ryan,Alaska
5727,162,107,5,56.79,283.95,2024-05-10,Delivered,Greenfurt,Ohio
5728,469,127,4,117.98,471.92,2024-06-20,Shipped,West Beth,New Jersey
5729,121,1,1,50.57,50.57,2025-10-18,Shipped,Sherrymouth,Texas
5730,118,129,4,156.82,627.28,2025-10-21,Delivered,South Cassidy,Louisiana
5731,158,192,6,5.42,32.52,2025-01-11,Delivered,Brettbury,South Dakota
5732,628,57,2,1165.65,2331.3,2024-01-16,Delivered,Williamsberg,Florida
5733,931,80,2,206.74,413.48,2024-09-17,Delivered,North Adammouth,New Hampshire
5734,36,12,4,182.65,730.6,2024-07-29,Delivered,South Michaelville,Colorado
5735,974,100,1,272.84,272.84,2024-06-25,Delivered,Morsehaven,Nevada
5736,791,1,1,50.57,50.57,2025-04-26,Delivered,Gailtown,Connecticut
5737,511,158,1,1511.23,1511.23,2024-02-10,Delivered,Jasonshire,Rhode Island
5738,652,23,3,90.2,0.0,2025-05-12,Cancelled,West Tracyberg,Georgia
5739,718,37,2,27.38,54.76,2025-09-25,Delivered,North Kevinside,North Dakota
5740,650,12,3,182.65,547.95,2024-07-24,Delivered,Leonardburgh,Missouri
5741,618,149,2,86.32,172.64,2025-04-17,Returned,Fisherbury,Wisconsin
5742,853,6,3,98.09,294.27,2025-07-26,Delivered,New Amber,Georgia
5743,538,84,2,121.98,243.96,2024-08-08,Delivered,Port Tiffany,Ohio
5744,40,56,2,738.0,1476.0,2025-08-16,Delivered,Lopezland,Minnesota
5745,582,60,3,242.61,727.83,2024-08-09,Delivered,New Danielberg,New York
5746,994,57,1,1165.65,1165.65,2024-07-28,Returned,New Andrechester,California
5747,629,122,3,20.47,61.41,2025-10-28,Delivered,New Vickihaven,Connecticut
5748,794,49,3,53.93,161.79,2025-03-29,Delivered,Harperport,Iowa
5749,280,46,1,39.3,39.3,2025-06-28,Delivered,Lake Ashley,Iowa
5750,452,199,5,91.79,458.95,2024-03-30,Delivered,Morenoberg,West Virginia
5751,686,152,3,69.34,208.02,2024-04-21,Delivered,Shermanville,New York
5752,779,52,4,95.66,382.64,2025-07-22,Delivered,Josestad,South Carolina
5753,335,36,4,24.13,96.52,2025-08-29,Delivered,Whitebury,Illinois
5754,556,145,2,238.69,477.38,2025-06-24,Delivered,Kristinafort,Georgia
5755,913,157,1,21.39,21.39,2024-03-23,Delivered,East Joseph,New Jersey
5756,84,188,3,35.05,105.15,2024-07-03,Delivered,Smithhaven,Illinois
5757,984,126,3,24.66,73.98,2025-01-27,Delivered,Nathanside,Maryland
5758,595,92,1,31.83,31.83,2024-05-20,Shipped,Maciasside,Idaho
5759,54,143,2,50.45,100.9,2025-11-10,Delivered,Lake Robert,Arkansas
5760,854,7,1,37.5,37.5,2025-01-09,Delivered,Port Christopher,New Mexico
5761,486,186,1,27.47,27.47,2024-08-29,Delivered,Port Jason,Washington
5762,571,168,3,214.69,644.07,2025-11-07,Delivered,West Megan,Idaho
5763,738,151,2,1843.3,3686.6,2025-08-13,Returned,Shawnmouth,Florida
5764,282,85,2,669.8,1339.6,2025-02-27,Delivered,Vincenttown,Michigan
5765,276,80,1,206.74,206.74,2024-03-26,Delivered,East Hollystad,Maryland
5766,361,125,3,192.15,576.45,2025-05-10,Shipped,Mccoyton,Michigan
5767,832,181,3,187.56,562.68,2024-09-17,Delivered,Fosterbury,Arkansas
5768,68,102,3,16.02,48.06,2025-10-29,Delivered,Brownville,Virginia
5769,959,123,1,120.25,120.25,2025-04-05,Delivered,Port Michaelville,Rhode Island
5770,51,169,4,171.62,686.48,2024-05-04,Delivered,Dunnmouth,Georgia
5771,594,163,5,91.43,457.15,2024-07-08,Delivered,Garciaville,Pennsylvania
5772,667,63,2,155.85,311.7,2025-05-03,Delivered,Fernandochester,Delaware
5773,788,53,1,53.04,53.04,2025-01-25,Shipped,West Regina,Illinois
5774,114,133,1,57.39,57.39,2025-09-11,Delivered,North Christopherstad,Georgia
5775,379,112,3,72.13,216.39,2025-08-14,Delivered,West Adam,Alaska
5776,949,24,3,51.42,154.26,2024-05-07,Returned,Oneillbury,Wyoming
5777,679,13,4,67.98,271.92,2024-10-21,Shipped,Amystad,Nevada
5778,58,87,4,19.31,77.24,2024-01-10,Delivered,Christopherbury,Wisconsin
5779,779,16,4,48.77,195.08,2024-12-10,Delivered,Josestad,South Carolina
5780,872,17,2,22.46,44.92,2024-06-21,Delivered,Romantown,Minnesota
5781,26,36,10,24.13,241.3,2025-03-12,Shipped,Port Corey,Maine
5782,793,118,1,280.69,280.69,2024-12-04,Processing,Clarencefurt,Maryland
5783,857,180,1,32.39,32.39,2025-04-08,Returned,Boydside,Nebraska
5784,186,64,2,701.02,0.0,2025-12-06,Cancelled,Wintersfort,Texas
5785,517,14,1,1392.16,1392.16,2025-11-02,Delivered,New Johnview,Connecticut
5786,877,24,4,51.42,205.68,2024-04-03,Delivered,Karenfurt,Wyoming
5787,761,188,12,35.05,420.6,2025-06-09,Delivered,North Meganmouth,Vermont
5788,902,30,1,58.18,58.18,2024-10-09,Delivered,West Kathrynport,Alaska
5789,632,111,3,292.45,877.35,2024-10-20,Delivered,Amandabury,Idaho
5790,679,22,4,192.65,770.6,2024-02-06,Delivered,Amystad,Nevada
5791,164,96,1,51.29,51.29,2024-11-01,Delivered,East Grant,Washington
5792,717,99,12,23.4,280.8,2025-10-28,Delivered,New Sharon,Massachusetts
5793,839,69,4,96.69,386.76,2025-03-30,Returned,Michaelstad,Alabama
5794,319,62,2,331.56,0.0,2024-06-20,Cancelled,East Michael,Nebraska
5795,151,171,5,41.02,205.1,2025-09-23,Delivered,Smithbury,Minnesota
5796,839,97,1,28.08,28.08,2025-03-28,Shipped,Michaelstad,Alabama
5797,595,133,1,57.39,57.39,2025-01-13,Delivered,Maciasside,Idaho
5798,111,117,4,23.92,95.68,2025-01-30,Delivered,East Markberg,Hawaii
5799,32,60,3,242.61,727.83,2025-04-26,Delivered,New Kristen,Nebraska
5800,400,167,3,133.62,400.86,2025-10-28,Processing,Jerryberg,Rhode Island
5801,40,88,2,189.99,0.0,2024-11-20,Cancelled,Lopezland,Minnesota
5802,886,190,1,655.22,655.22,2024-07-22,Delivered,East Kayleetown,Wyoming
5803,995,170,4,60.94,243.76,2024-08-13,Delivered,Lake Deborahbury,Massachusetts
5804,381,120,4,47.8,191.2,2024-06-07,Delivered,Johnsontown,North Carolina
5805,977,43,2,377.86,755.72,2025-01-31,Delivered,Lake Candace,West Virginia
5806,807,181,2,187.56,375.12,2024-10-09,Delivered,New Elizabethbury,West Virginia
5807,162,63,1,155.85,155.85,2025-10-30,Delivered,Greenfurt,Ohio
5808,851,33,2,32.17,64.34,2025-08-09,Returned,Marcusstad,Wisconsin
5809,211,149,1,86.32,86.32,2025-09-13,Delivered,Wardmouth,Georgia
5810,835,39,1,256.4,256.4,2025-06-18,Delivered,New Katrina,Arizona
5811,394,52,4,95.66,382.64,2024-12-14,Shipped,Bradleyview,Rhode Island
5812,103,119,1,299.58,299.58,2025-09-17,Processing,South Ronaldfurt,Ohio
5813,984,66,1,100.8,100.8,2024-06-09,Delivered,Nathanside,Maryland
5814,613,3,2,7.36,14.72,2024-04-04,Delivered,Rodriguezport,Indiana
5815,226,168,2,214.69,429.38,2025-02-15,Delivered,Michellemouth,Virginia
5816,699,132,4,21.5,86.0,2025-04-25,Delivered,Port Darlenemouth,Mississippi
5817,555,190,2,655.22,1310.44,2025-06-25,Returned,Lake Annborough,Mississippi
5818,826,174,7,39.88,279.16,2024-04-05,Delivered,Bryantport,North Dakota
5819,650,62,1,331.56,331.56,2024-10-11,Returned,Leonardburgh,Missouri
5820,156,62,3,331.56,994.68,2024-07-27,Processing,Kellyport,Rhode Island
5821,281,80,3,206.74,620.22,2024-05-05,Delivered,Kathrynfort,Minnesota
5822,73,31,12,29.73,356.76,2024-08-11,Delivered,Gallagherton,Arkansas
5823,63,63,1,155.85,155.85,2025-02-18,Delivered,Jaredborough,Washington
5824,85,94,1,73.18,73.18,2025-04-01,Delivered,Lake Charles,Missouri
5825,342,72,4,171.7,686.8,2025-02-23,Delivered,West Jeffrey,Connecticut
5826,923,78,6,27.87,0.0,2025-01-30,Cancelled,South Dwaynehaven,Washington
5827,434,157,2,21.39,42.78,2025-04-22,Delivered,South Jasonfort,Michigan
5828,470,55,1,136.93,136.93,2024-04-07,Shipped,Port Spencer,New York
5829,72,156,4,136.11,544.44,2025-04-27,Delivered,North Christopherhaven,North Carolina
5830,76,70,1,29.73,29.73,2025-10-01,Delivered,Port Rebeccaland,New Hampshire
5831,292,161,2,295.59,591.18,2025-12-28,Delivered,East Amanda,Rhode Island
5832,905,153,5,82.41,412.05,2025-02-01,Returned,Snyderchester,Illinois
5833,728,12,3,182.65,0.0,2024-11-14,Cancelled,Davidfurt,Pennsylvania
5834,366,144,5,48.66,0.0,2025-12-20,Cancelled,Lake Mark,New Hampshire
5835,763,78,4,27.87,111.48,2024-10-20,Delivered,Parrishmouth,Nebraska
5836,132,5,1,225.2,225.2,2024-09-23,Delivered,Lake Robertshire,Florida
5837,108,78,11,27.87,306.57,2025-12-07,Delivered,Port Devon,Oregon
5838,403,169,3,171.62,514.86,2025-09-13,Processing,Abigailfurt,Arkansas
5839,541,25,4,71.4,285.6,2024-02-14,Delivered,East Ashleyton,Wyoming
5840,29,198,1,28.18,28.18,2024-10-07,Shipped,Joyceview,Minnesota
5841,639,193,1,99.73,99.73,2024-04-24,Delivered,Ronaldborough,North Carolina
5842,479,83,3,129.45,388.35,2024-07-31,Delivered,Moranside,Mississippi
5843,267,103,1,324.51,0.0,2025-11-22,Cancelled,South Cynthia,Illinois
5844,513,136,4,52.07,208.28,2024-08-20,Delivered,North Jacquelineshire,Wisconsin
5845,141,96,2,51.29,102.58,2024-08-07,Delivered,Robertberg,Florida
5846,974,13,1,67.98,67.98,2024-12-28,Delivered,Morsehaven,Nevada
5847,357,75,3,408.35,1225.05,2025-06-12,Delivered,Donnaland,Arkansas
5848,588,49,2,53.93,107.86,2025-12-08,Delivered,Christinamouth,Missouri
5849,294,123,3,120.25,360.75,2025-09-15,Delivered,East Matthewtown,Pennsylvania
5850,255,195,10,2.19,21.9,2024-11-30,Delivered,Lake Jason,Florida
5851,850,126,3,24.66,73.98,2024-02-05,Shipped,Lake Kiara,Oklahoma
5852,974,29,2,8.63,17.26,2025-11-30,Delivered,Morsehaven,Nevada
5853,488,67,1,109.42,109.42,2025-08-22,Delivered,East Erikafort,Rhode Island
5854,916,111,3,292.45,877.35,2024-01-03,Delivered,East Tarabury,Alabama
5855,501,99,5,23.4,117.0,2024-12-23,Delivered,North Gabrielabury,Minnesota
5856,504,157,3,21.39,64.17,2024-08-30,Returned,Bettyton,Maryland
5857,856,104,3,43.38,130.14,2024-01-13,Delivered,West Joel,Kansas
5858,296,150,2,415.89,831.78,2024-03-20,Delivered,Henryborough,Kansas
5859,929,121,2,114.49,228.98,2024-10-29,Delivered,Sawyerview,West Virginia
5860,172,50,3,107.82,323.46,2024-03-07,Returned,Lindaton,New Hampshire
5861,586,136,6,52.07,312.42,2024-09-16,Delivered,Tiffanyberg,South Carolina
5862,92,86,5,86.29,431.45,2025-11-17,Returned,East Lisa,Minnesota
5863,20,114,1,22.89,22.89,2024-10-21,Delivered,Lake Lisa,Michigan
5864,806,196,2,211.17,422.34,2025-05-03,Delivered,Billyton,South Carolina
5865,643,50,3,107.82,323.46,2024-09-04,Delivered,North Josephhaven,New Hampshire
5866,212,130,1,825.68,825.68,2025-06-09,Delivered,Alexanderfort,Delaware
5867,12,159,4,144.57,578.28,2024-06-06,Delivered,Port Johnmouth,North Dakota
5868,127,106,2,1067.66,2135.32,2025-02-19,Delivered,Morganmouth,Hawaii
5869,225,126,2,24.66,49.32,2025-12-16,Delivered,West Timothy,Minnesota
5870,261,38,2,115.17,0.0,2024-02-25,Cancelled,South Christopherstad,North Carolina
5871,820,108,1,92.71,92.71,2024-12-19,Delivered,East Roberthaven,Maine
5872,561,91,6,16.92,101.52,2025-01-13,Shipped,Lopezside,Oregon
5873,215,23,5,90.2,0.0,2024-10-29,Cancelled,North Suzannefurt,Wisconsin
5874,812,154,3,341.24,1023.72,2024-10-03,Delivered,East Gabriel,Louisiana
5875,813,12,3,182.65,547.95,2024-11-28,Processing,West Michaelville,Virginia
5876,258,198,3,28.18,84.54,2025-12-26,Processing,Christianburgh,North Carolina
5877,950,90,1,780.14,780.14,2024-11-27,Delivered,Teresahaven,Arizona
5878,446,27,5,33.99,169.95,2025-01-08,Delivered,Steventown,South Carolina
5879,203,113,1,158.59,158.59,2025-07-01,Delivered,Jasmineville,South Carolina
5880,370,66,4,100.8,403.2,2025-04-09,Delivered,Jonesmouth,Washington
5881,950,196,1,211.17,211.17,2024-08-07,Delivered,Teresahaven,Arizona
5882,1000,166,1,12.95,12.95,2025-06-07,Delivered,East Jessica,New Mexico
5883,365,106,2,1067.66,2135.32,2024-12-29,Processing,Matthewview,Tennessee
5884,789,60,2,242.61,485.22,2025-02-18,Delivered,New Denise,Arizona
5885,106,151,1,1843.3,1843.3,2024-10-22,Delivered,Lake Todd,Colorado
5886,788,79,4,35.4,141.6,2024-11-08,Delivered,West Regina,Illinois
5887,361,119,1,299.58,299.58,2024-08-17,Processing,Mccoyton,Michigan
5888,316,102,1,16.02,16.02,2024-01-22,Delivered,Masseyville,Maine
5889,392,51,4,20.77,83.08,2025-03-15,Delivered,Mariafort,Alabama
5890,635,75,3,408.35,1225.05,2024-06-14,Delivered,Port Emilyton,Missouri
5891,638,155,1,61.98,61.98,2024-01-15,Delivered,South Jeremyport,Arizona
5892,633,185,2,1128.38,2256.76,2025-06-14,Delivered,Sarahmouth,South Carolina
5893,312,82,2,102.58,205.16,2025-11-28,Shipped,North Jonathanshire,Alabama
5894,146,107,5,56.79,283.95,2025-05-15,Shipped,New Mitchell,Rhode Island
5895,198,165,2,118.26,236.52,2024-11-23,Delivered,East Wandaburgh,Maine
5896,124,171,3,41.02,123.06,2025-01-23,Delivered,West Christinebury,Utah
5897,495,152,1,69.34,69.34,2025-11-24,Returned,West Kyle,Vermont
5898,685,109,2,321.21,642.42,2024-06-27,Returned,South Cynthiafurt,Rhode Island
5899,770,149,1,86.32,86.32,2024-09-01,Delivered,South Stephanie,California
5900,148,82,3,102.58,307.74,2024-04-06,Shipped,Schroederfurt,Indiana
5901,352,48,1,82.31,82.31,2024-05-24,Shipped,Maybury,Indiana
5902,458,30,2,58.18,116.36,2024-02-23,Shipped,South Ryan,Michigan
5903,47,175,2,88.86,177.72,2024-08-26,Delivered,West Matthewburgh,South Dakota
5904,983,56,1,738.0,738.0,2025-06-02,Processing,Friedmanmouth,South Carolina
5905,525,34,3,264.74,794.22,2024-04-28,Delivered,Jacksonmouth,Ohio
5906,438,92,5,31.83,159.15,2024-08-02,Delivered,Reedville,Virginia
5907,957,98,1,171.77,171.77,2024-06-04,Delivered,Richardmouth,North Carolina
5908,592,184,2,151.44,302.88,2025-08-24,Delivered,East Ian,Connecticut
5909,528,26,7,32.0,224.0,2025-04-29,Delivered,South Christopher,Pennsylvania
5910,560,105,3,31.98,95.94,2025-04-22,Shipped,New Mary,Louisiana
5911,444,167,1,133.62,133.62,2025-09-07,Processing,Edwardsview,South Dakota
5912,627,80,1,206.74,206.74,2025-11-09,Delivered,West Ellen,Alaska
5913,982,170,2,60.94,121.88,2025-06-05,Delivered,Brownfort,Delaware
5914,698,158,2,1511.23,0.0,2024-07-28,Cancelled,Dawnfurt,Utah
5915,933,103,3,324.51,973.53,2024-10-05,Delivered,Benjaminstad,Massachusetts
5916,436,83,1,129.45,129.45,2025-08-25,Delivered,Port Jessicaport,Kansas
5917,619,57,2,1165.65,2331.3,2025-05-03,Delivered,Austinville,South Dakota
5918,481,174,5,39.88,199.4,2024-02-13,Delivered,South Phillipville,West Virginia
5919,378,58,2,133.46,266.92,2025-09-01,Delivered,Bestfort,New York
5920,824,63,1,155.85,155.85,2024-03-31,Shipped,New Normaton,Georgia
5921,373,142,2,469.45,938.9,2025-07-25,Processing,Rayside,Kentucky
5922,339,55,1,136.93,136.93,2025-11-12,Shipped,Goodland,Texas
5923,847,127,3,117.98,353.94,2025-10-03,Delivered,Matthewfurt,New Jersey
5924,42,130,2,825.68,1651.36,2025-07-27,Delivered,Draketon,Vermont
5925,274,153,4,82.41,329.64,2025-02-05,Delivered,Blakemouth,South Carolina
5926,535,20,1,57.57,57.57,2024-03-30,Delivered,East Paulstad,Wisconsin
5927,831,30,4,58.18,232.72,2024-09-06,Processing,Davidchester,Iowa
5928,708,101,2,23.21,46.42,2025-04-21,Processing,New Jennifer,North Carolina
5929,484,47,3,72.54,217.62,2024-11-14,Delivered,Loganport,Wyoming
5930,680,98,3,171.77,515.31,2024-11-02,Delivered,New Julieland,Nevada
5931,724,169,3,171.62,514.86,2024-01-08,Delivered,Joseberg,Massachusetts
5932,367,194,1,384.6,384.6,2024-10-29,Delivered,Lisaborough,South Dakota
5933,741,88,2,189.99,379.98,2024-02-29,Delivered,New Ginafort,Montana
5934,829,73,2,82.71,165.42,2024-04-12,Shipped,East Julie,Texas
5935,348,33,1,32.17,32.17,2025-09-20,Delivered,Port Jessicaview,Arizona
5936,764,82,1,102.58,102.58,2024-12-14,Delivered,Christopherberg,Kansas
5937,997,178,2,96.1,192.2,2025-08-14,Shipped,Myersstad,Tennessee
5938,292,185,2,1128.38,2256.76,2025-07-20,Delivered,East Amanda,Rhode Island
5939,314,50,2,107.82,215.64,2024-01-28,Processing,South Jamie,Wyoming
5940,37,196,2,211.17,422.34,2024-05-12,Delivered,Lake Justinview,Alabama
5941,455,41,1,1133.32,1133.32,2025-05-22,Delivered,Meganfort,Kentucky
5942,508,177,3,135.85,407.55,2024-07-20,Delivered,Bushchester,Arizona
5943,112,101,1,23.21,23.21,2025-07-01,Delivered,Matthewhaven,Hawaii
5944,644,21,1,21.74,21.74,2024-04-17,Delivered,Douglaschester,Rhode Island
5945,861,59,3,5.75,17.25,2025-09-16,Delivered,West Aaronshire,Hawaii
5946,460,103,3,324.51,973.53,2024-08-30,Delivered,Smithside,Michigan
5947,185,21,2,21.74,43.48,2025-10-29,Delivered,Lake Amyport,New Mexico
5948,49,121,2,114.49,228.98,2024-09-18,Processing,South Matthewshire,Utah
5949,922,124,3,253.0,759.0,2024-05-01,Delivered,West Sharonland,Idaho
5950,658,182,4,19.79,79.16,2025-11-09,Returned,Michaeltown,Texas
5951,232,55,3,136.93,410.79,2024-05-18,Processing,Ericshire,West Virginia
5952,990,180,4,32.39,129.56,2025-12-29,Delivered,Ryanbury,South Dakota
5953,959,31,5,29.73,148.65,2025-04-30,Delivered,Port Michaelville,Rhode Island
5954,716,162,1,99.85,0.0,2025-04-23,Cancelled,East Conniemouth,New Mexico
5955,296,99,5,23.4,117.0,2025-05-16,Processing,Henryborough,Kansas
5956,225,176,3,39.64,118.92,2024-05-01,Delivered,West Timothy,Minnesota
5957,214,176,3,39.64,118.92,2025-11-05,Shipped,North Anthonybury,Illinois
5958,117,120,12,47.8,573.6,2025-11-19,Processing,South Virginiaport,Nebraska
5959,676,124,2,253.0,506.0,2025-08-14,Shipped,Georgeshire,Indiana
5960,383,130,1,825.68,825.68,2025-02-07,Processing,New Amandaport,Georgia
5961,680,89,2,101.92,203.84,2025-05-16,Returned,New Julieland,Nevada
5962,950,38,2,115.17,230.34,2025-06-25,Delivered,Teresahaven,Arizona
5963,542,157,5,21.39,0.0,2025-11-01,Cancelled,Yangview,Washington
5964,971,66,1,100.8,100.8,2024-06-04,Delivered,North Barbarashire,Delaware
5965,450,92,1,31.83,31.83,2024-09-27,Delivered,Lake Christopherburgh,Massachusetts
5966,40,78,9,27.87,250.83,2024-07-31,Delivered,Lopezland,Minnesota
5967,498,33,3,32.17,96.51,2025-07-27,Delivered,East Evanshire,Alaska
5968,525,181,3,187.56,562.68,2025-04-23,Delivered,Jacksonmouth,Ohio
5969,888,47,4,72.54,290.16,2025-10-09,Shipped,Williamville,Wisconsin
5970,370,144,9,48.66,437.94,2025-01-26,Delivered,Jonesmouth,Washington
5971,660,107,5,56.79,0.0,2025-01-09,Cancelled,East Courtneyberg,Utah
5972,461,60,2,242.61,485.22,2025-06-18,Delivered,New Theresaberg,Indiana
5973,987,143,3,50.45,151.35,2025-10-23,Delivered,Bryantborough,Connecticut
5974,776,87,1,19.31,19.31,2025-04-22,Delivered,West Gerald,Colorado
5975,61,82,3,102.58,307.74,2025-01-11,Shipped,Port Tammytown,Tennessee
5976,230,93,1,1518.29,0.0,2024-05-20,Cancelled,Perezfort,Massachusetts
5977,950,63,1,155.85,155.85,2025-04-17,Delivered,Teresahaven,Arizona
5978,754,54,3,66.84,200.52,2024-08-23,Delivered,East Kyleport,Oregon
5979,289,6,2,98.09,196.18,2025-01-17,Shipped,South Robertoburgh,Nevada
5980,616,6,2,98.09,196.18,2025-02-07,Delivered,Kennethton,Wyoming
5981,382,172,2,107.92,215.84,2024-04-05,Delivered,Sandyborough,Arkansas
5982,272,1,4,50.57,202.28,2024-11-23,Delivered,East Barbara,South Carolina
5983,933,93,2,1518.29,3036.58,2024-01-04,Delivered,Benjaminstad,Massachusetts
5984,720,180,3,32.39,97.17,2025-11-24,Delivered,Crawfordland,Indiana
5985,233,18,3,12.0,36.0,2025-07-26,Delivered,Port Brian,Idaho
5986,639,185,1,1128.38,1128.38,2025-01-17,Delivered,Ronaldborough,North Carolina
5987,184,40,1,13.32,13.32,2024-07-18,Delivered,West Robert,Illinois
5988,875,53,3,53.04,159.12,2024-12-18,Delivered,Kevinside,Vermont
5989,794,101,2,23.21,0.0,2025-04-17,Cancelled,Harperport,Iowa
5990,100,101,1,23.21,23.21,2024-03-15,Delivered,New Steven,Alaska
5991,938,183,11,5.03,55.33,2025-01-03,Delivered,Mccannmouth,Delaware
5992,881,50,1,107.82,0.0,2025-05-23,Cancelled,Kerrbury,West Virginia
5993,443,34,3,264.74,794.22,2024-04-26,Delivered,Port Nathaniel,Florida
5994,718,151,2,1843.3,3686.6,2024-07-17,Delivered,North Kevinside,North Dakota
5995,766,157,5,21.39,106.95,2025-10-30,Shipped,Jenniferfort,Kentucky
5996,876,153,2,82.41,164.82,2024-05-04,Delivered,East Alicia,Arizona
5997,837,129,2,156.82,313.64,2024-06-21,Processing,South Rodney,Florida
5998,415,149,4,86.32,345.28,2025-12-18,Shipped,Kevinberg,Connecticut
5999,574,28,2,18.59,0.0,2024-11-15,Cancelled,North Craigtown,Montana
6000,146,67,1,109.42,109.42,2025-08-20,Delivered,New Mitchell,Rhode Island
6001,688,32,3,112.27,336.81,2025-04-04,Delivered,Rossland,Tennessee
6002,707,138,5,20.13,0.0,2025-01-13,Cancelled,Lake John,Texas
6003,810,144,2,48.66,97.32,2024-04-03,Delivered,Lake Michaelport,New Hampshire
6004,278,81,1,221.79,221.79,2025-05-01,Shipped,West Raven,West Virginia
6005,63,5,2,225.2,450.4,2025-11-03,Delivered,Jaredborough,Washington
6006,669,93,2,1518.29,3036.58,2025-05-05,Delivered,Lake Robert,Idaho
6007,778,191,3,92.98,278.94,2024-09-25,Shipped,Lake Alyssaville,Alaska
6008,147,63,2,155.85,311.7,2024-12-16,Delivered,New Brittanymouth,Michigan
6009,543,4,3,263.55,790.65,2025-01-26,Shipped,East Pamela,North Dakota
6010,794,155,2,61.98,123.96,2025-03-26,Delivered,Harperport,Iowa
6011,608,170,1,60.94,60.94,2025-08-12,Delivered,Lake Amandaport,Florida
6012,985,36,4,24.13,96.52,2024-03-06,Delivered,West Sheliaton,Maryland
6013,894,146,2,6.95,13.9,2025-11-28,Delivered,Lake Johnny,Michigan
6014,18,137,2,109.87,219.74,2024-03-15,Delivered,Harrisport,Kentucky
6015,465,72,4,171.7,686.8,2024-06-02,Delivered,Williamsview,Washington
6016,761,182,3,19.79,59.37,2025-07-04,Delivered,North Meganmouth,Vermont
6017,1000,141,1,371.58,371.58,2025-09-13,Delivered,East Jessica,New Mexico
6018,586,147,3,202.08,606.24,2024-04-23,Delivered,Tiffanyberg,South Carolina
6019,80,54,5,66.84,334.2,2025-02-24,Processing,West Shannon,Arizona
6020,294,159,1,144.57,144.57,2024-04-22,Delivered,East Matthewtown,Pennsylvania
6021,210,198,1,28.18,28.18,2024-04-14,Delivered,Port Jonathanshire,Utah
6022,444,27,2,33.99,67.98,2024-05-05,Delivered,Edwardsview,South Dakota
6023,681,182,4,19.79,79.16,2025-10-09,Shipped,Wileybury,Alaska
6024,486,25,3,71.4,214.2,2025-09-19,Delivered,Port Jason,Washington
6025,318,168,3,214.69,644.07,2024-04-18,Delivered,Lake Adam,Washington
6026,972,163,5,91.43,457.15,2024-11-27,Delivered,Charlesbury,Massachusetts
6027,462,33,5,32.17,160.85,2024-01-03,Delivered,Edwardsborough,Kentucky
6028,537,82,1,102.58,102.58,2025-04-02,Processing,North Sara,Mississippi
6029,103,5,3,225.2,675.6,2024-08-07,Delivered,South Ronaldfurt,Ohio
6030,767,129,4,156.82,627.28,2025-07-06,Delivered,Hudsonburgh,Mississippi
6031,365,150,1,415.89,415.89,2025-02-06,Delivered,Matthewview,Tennessee
6032,132,3,3,7.36,22.08,2024-11-06,Delivered,Lake Robertshire,Florida
6033,610,109,3,321.21,963.63,2025-06-29,Delivered,South Davidborough,North Carolina
6034,526,43,2,377.86,755.72,2025-10-03,Delivered,New Lori,New York
6035,215,86,5,86.29,431.45,2025-07-24,Shipped,North Suzannefurt,Wisconsin
6036,984,5,2,225.2,450.4,2024-12-30,Processing,Nathanside,Maryland
6037,98,25,1,71.4,71.4,2025-08-26,Delivered,Port Aaron,Virginia
6038,590,106,1,1067.66,1067.66,2024-02-13,Returned,Michelleland,North Dakota
6039,479,157,1,21.39,0.0,2024-11-12,Cancelled,Moranside,Mississippi
6040,783,184,2,151.44,302.88,2025-09-04,Shipped,Allenhaven,Georgia
6041,931,130,1,825.68,825.68,2025-11-06,Delivered,North Adammouth,New Hampshire
6042,795,20,3,57.57,172.71,2024-05-16,Delivered,Leahland,Michigan
6043,19,192,12,5.42,65.04,2024-10-29,Delivered,East Whitneyborough,Connecticut
6044,896,59,5,5.75,28.75,2024-02-01,Delivered,West Timothystad,Michigan
6045,965,43,1,377.86,377.86,2024-01-01,Shipped,East Mary,Mississippi
6046,371,136,6,52.07,312.42,2025-12-27,Delivered,South Evelynburgh,Alaska
6047,162,6,1,98.09,98.09,2024-03-10,Shipped,Greenfurt,Ohio
6048,673,173,5,31.1,155.5,2024-05-27,Delivered,West Jennifermouth,California
6049,340,89,2,101.92,0.0,2025-05-07,Cancelled,North Stevenmouth,North Dakota
6050,123,148,3,293.38,880.14,2025-03-09,Shipped,Alexanderton,Oregon
6051,629,172,3,107.92,323.76,2024-06-27,Delivered,New Vickihaven,Connecticut
6052,946,168,3,214.69,644.07,2025-08-10,Delivered,East Kelly,Maryland
6053,402,116,1,146.15,146.15,2025-09-14,Delivered,West Jameston,Indiana
6054,194,79,1,35.4,35.4,2025-07-09,Delivered,North Ryan,Minnesota
6055,235,52,1,95.66,95.66,2024-10-01,Delivered,Josephmouth,Louisiana
6056,307,42,2,289.31,578.62,2025-03-08,Shipped,West Danielton,Vermont
6057,335,22,1,192.65,192.65,2025-11-04,Delivered,Whitebury,Illinois
6058,878,40,3,13.32,39.96,2025-07-03,Shipped,Port Christopher,Missouri
6059,216,137,1,109.87,109.87,2025-05-15,Delivered,New Mary,Louisiana
6060,391,152,3,69.34,208.02,2025-05-23,Shipped,Morenofurt,Minnesota
6061,937,193,1,99.73,99.73,2024-04-22,Delivered,Petersonfort,Louisiana
6062,592,48,3,82.31,246.93,2025-05-18,Delivered,East Ian,Connecticut
6063,872,143,1,50.45,50.45,2024-02-02,Delivered,Romantown,Minnesota
6064,874,184,3,151.44,454.32,2025-05-30,Shipped,Dustinport,Mississippi
6065,523,20,2,57.57,115.14,2025-06-30,Delivered,West Davidshire,Ohio
6066,37,103,3,324.51,973.53,2025-04-02,Processing,Lake Justinview,Alabama
6067,398,186,6,27.47,164.82,2025-10-01,Delivered,Walkerhaven,Maine
6068,192,159,3,144.57,433.71,2024-05-18,Returned,Shepherdton,Kansas
6069,763,49,3,53.93,161.79,2024-11-13,Returned,Parrishmouth,Nebraska
6070,511,32,4,112.27,449.08,2024-10-13,Shipped,Jasonshire,Rhode Island
6071,201,181,2,187.56,375.12,2025-10-07,Delivered,Port Kimberlyton,Minnesota
6072,902,127,3,117.98,353.94,2024-04-14,Delivered,West Kathrynport,Alaska
6073,349,102,2,16.02,32.04,2025-01-21,Returned,Lake Theresa,Pennsylvania
6074,357,79,5,35.4,177.0,2025-05-04,Delivered,Donnaland,Arkansas
6075,920,142,1,469.45,469.45,2025-01-01,Delivered,Jennaport,Nebraska
6076,468,148,2,293.38,586.76,2025-06-14,Returned,West Juliachester,Idaho
6077,915,47,4,72.54,290.16,2025-03-12,Shipped,Calhounchester,Delaware
6078,256,153,3,82.41,247.23,2025-03-07,Delivered,Erikview,Vermont
6079,508,5,3,225.2,675.6,2025-07-29,Delivered,Bushchester,Arizona
6080,629,103,1,324.51,324.51,2024-06-27,Delivered,New Vickihaven,Connecticut
6081,482,147,3,202.08,606.24,2024-05-21,Delivered,West Scott,Georgia
6082,567,1,5,50.57,252.85,2024-10-26,Shipped,Reneebury,Montana
6083,614,190,2,655.22,0.0,2024-03-11,Cancelled,Toddbury,Texas
6084,699,42,2,289.31,578.62,2025-12-08,Delivered,Port Darlenemouth,Mississippi
6085,116,148,3,293.38,880.14,2024-03-25,Delivered,Port Gwendolynshire,Delaware
6086,348,120,2,47.8,95.6,2025-03-06,Delivered,Port Jessicaview,Arizona
6087,448,9,2,94.81,189.62,2025-09-24,Processing,Jamesborough,Idaho
6088,562,186,4,27.47,109.88,2025-07-02,Delivered,Brandyland,Pennsylvania
6089,705,12,3,182.65,547.95,2024-09-08,Delivered,Paulside,Hawaii
6090,995,132,3,21.5,64.5,2025-04-12,Delivered,Lake Deborahbury,Massachusetts
6091,206,12,3,182.65,547.95,2024-04-15,Delivered,West Javierborough,South Carolina
6092,431,146,5,6.95,34.75,2024-09-23,Returned,Port Rachelburgh,Washington
6093,323,118,1,280.69,280.69,2024-12-07,Shipped,Lake Nina,North Carolina
6094,76,106,2,1067.66,2135.32,2024-04-12,Delivered,Port Rebeccaland,New Hampshire
6095,38,162,3,99.85,299.55,2024-01-17,Processing,Riceland,Georgia
6096,382,23,5,90.2,451.0,2025-01-14,Processing,Sandyborough,Arkansas
6097,781,106,2,1067.66,2135.32,2024-01-29,Delivered,North Adam,Alabama
6098,671,95,1,90.16,90.16,2024-08-13,Shipped,Lake Ericchester,Washington
6099,849,144,6,48.66,291.96,2025-02-24,Delivered,Cookeville,New York
6100,761,123,3,120.25,360.75,2025-08-03,Delivered,North Meganmouth,Vermont
6101,531,60,1,242.61,242.61,2025-11-29,Delivered,South Royhaven,New Mexico
6102,381,196,1,211.17,211.17,2025-02-24,Delivered,Johnsontown,North Carolina
6103,884,62,1,331.56,331.56,2025-09-05,Delivered,West Georgeborough,Rhode Island
6104,936,74,2,417.08,834.16,2025-07-20,Shipped,Gibsontown,Alabama
6105,668,157,2,21.39,42.78,2025-07-15,Delivered,Lake Jim,California
6106,434,165,4,118.26,473.04,2025-05-24,Delivered,South Jasonfort,Michigan
6107,211,51,4,20.77,0.0,2024-09-02,Cancelled,Wardmouth,Georgia
6108,35,76,2,1853.62,0.0,2024-12-03,Cancelled,North Sara,South Carolina
6109,849,106,1,1067.66,1067.66,2025-12-30,Delivered,Cookeville,New York
6110,174,106,2,1067.66,2135.32,2025-01-10,Delivered,Port Michaelville,Arkansas
6111,290,3,3,7.36,22.08,2024-05-24,Delivered,Larryland,Maine
6112,680,140,4,93.97,375.88,2025-08-18,Shipped,New Julieland,Nevada
6113,29,30,4,58.18,232.72,2025-04-07,Delivered,Joyceview,Minnesota
6114,949,38,2,115.17,230.34,2024-03-02,Delivered,Oneillbury,Wyoming
6115,685,126,1,24.66,24.66,2024-01-28,Delivered,South Cynthiafurt,Rhode Island
6116,230,20,3,57.57,172.71,2024-07-20,Delivered,Perezfort,Massachusetts
6117,75,197,4,41.22,164.88,2024-11-14,Delivered,Gabrielbury,Iowa
6118,197,108,1,92.71,92.71,2024-02-01,Delivered,Rodriguezhaven,Wisconsin
6119,975,91,8,16.92,135.36,2025-12-26,Processing,Michelemouth,New Mexico
6120,15,94,3,73.18,0.0,2024-02-06,Cancelled,North Justin,Oregon
6121,518,189,1,1293.61,1293.61,2025-07-15,Delivered,Lake David,New York
6122,459,81,3,221.79,665.37,2024-03-30,Processing,Ramosshire,Kentucky
6123,571,18,2,12.0,24.0,2024-08-16,Delivered,West Megan,Idaho
6124,109,6,2,98.09,196.18,2024-01-04,Delivered,South Scott,Nevada
6125,903,36,3,24.13,72.39,2024-01-17,Delivered,North Raymondton,Wyoming
6126,618,105,2,31.98,63.96,2025-03-05,Delivered,Fisherbury,Wisconsin
6127,782,16,5,48.77,243.85,2025-08-31,Delivered,Michaelmouth,Massachusetts
6128,215,90,1,780.14,780.14,2024-10-31,Delivered,North Suzannefurt,Wisconsin
6129,697,18,2,12.0,24.0,2024-02-20,Shipped,Lindatown,Oklahoma
6130,94,156,2,136.11,272.22,2024-05-14,Shipped,West Cindybury,New York
6131,857,164,3,196.76,590.28,2025-06-11,Delivered,Boydside,Nebraska
6132,613,2,1,97.3,97.3,2025-11-02,Delivered,Rodriguezport,Indiana
6133,854,171,4,41.02,164.08,2024-09-12,Delivered,Port Christopher,New Mexico
6134,110,34,3,264.74,794.22,2024-06-21,Delivered,Welchhaven,New Hampshire
6135,990,88,3,189.99,569.97,2025-09-12,Delivered,Ryanbury,South Dakota
6136,634,154,3,341.24,1023.72,2025-12-07,Delivered,Whitemouth,Vermont
6137,597,54,4,66.84,267.36,2024-01-02,Delivered,South Robert,Colorado
6138,511,157,3,21.39,64.17,2024-08-31,Delivered,Jasonshire,Rhode Island
6139,647,164,3,196.76,0.0,2024-11-14,Cancelled,North Jessica,Nevada
6140,392,17,2,22.46,44.92,2025-03-11,Delivered,Mariafort,Alabama
6141,335,103,1,324.51,324.51,2025-06-21,Delivered,Whitebury,Illinois
6142,120,138,4,20.13,0.0,2024-10-30,Cancelled,Lewisberg,Arizona
6143,581,135,3,17.94,53.82,2024-11-04,Shipped,Port David,New Hampshire
6144,267,50,2,107.82,0.0,2024-11-08,Cancelled,South Cynthia,Illinois
6145,819,176,2,39.64,79.28,2025-10-01,Delivered,New Tiffany,Virginia
6146,489,76,1,1853.62,1853.62,2025-03-31,Shipped,South Katherineport,Mississippi
6147,840,76,1,1853.62,1853.62,2025-11-12,Delivered,East Brandon,Montana
6148,6,193,2,99.73,199.46,2024-01-18,Delivered,Lake Stephen,Nevada
6149,468,142,2,469.45,938.9,2024-01-29,Returned,West Juliachester,Idaho
6150,982,163,1,91.43,91.43,2024-01-27,Delivered,Brownfort,Delaware
6151,236,162,5,99.85,499.25,2025-09-27,Delivered,Hannahtown,Florida
6152,831,54,3,66.84,200.52,2025-03-27,Delivered,Davidchester,Iowa
6153,155,43,2,377.86,755.72,2025-01-16,Delivered,West Michaelfurt,Idaho
6154,487,155,2,61.98,123.96,2024-05-19,Shipped,Hammondhaven,West Virginia
6155,199,157,4,21.39,85.56,2024-06-17,Shipped,Schmidtberg,Wisconsin
6156,385,188,7,35.05,245.35,2025-09-07,Delivered,Rebekahville,Nevada
6157,598,185,1,1128.38,1128.38,2025-08-26,Delivered,Lisaville,Illinois
6158,44,102,1,16.02,16.02,2025-09-06,Shipped,Robertville,Indiana
6159,726,4,3,263.55,790.65,2025-02-13,Returned,Margaretmouth,Connecticut
6160,784,58,3,133.46,400.38,2025-02-20,Delivered,East Laurenburgh,Arkansas
6161,799,171,4,41.02,164.08,2025-07-20,Shipped,Johnsonmouth,New Jersey
6162,769,100,3,272.84,818.52,2025-05-27,Delivered,Nolanfurt,California
6163,788,110,1,149.46,149.46,2025-06-06,Delivered,West Regina,Illinois
6164,302,128,1,89.87,89.87,2024-08-19,Delivered,East Marciaside,Texas
6165,524,6,1,98.09,0.0,2025-09-21,Cancelled,Quinnchester,Idaho
6166,332,65,2,7.18,14.36,2025-08-02,Delivered,New Dominique,Oregon
6167,914,63,1,155.85,155.85,2025-03-09,Delivered,West Anthony,Maine
6168,504,37,4,27.38,109.52,2024-12-12,Delivered,Bettyton,Maryland
6169,985,100,3,272.84,818.52,2025-08-29,Shipped,West Sheliaton,Maryland
6170,796,93,2,1518.29,3036.58,2024-11-18,Delivered,New Johnfurt,Iowa
6171,95,89,1,101.92,101.92,2024-09-16,Shipped,East Mathewland,Massachusetts
6172,162,143,2,50.45,100.9,2024-07-09,Delivered,Greenfurt,Ohio
6173,988,40,4,13.32,53.28,2025-09-13,Shipped,Natalieberg,Washington
6174,531,178,3,96.1,288.3,2025-03-14,Delivered,South Royhaven,New Mexico
6175,900,89,3,101.92,305.76,2024-08-02,Delivered,Port Grantfurt,Ohio
6176,653,166,1,12.95,12.95,2025-02-16,Delivered,East Williamborough,Kentucky
6177,738,108,2,92.71,185.42,2024-08-17,Delivered,Shawnmouth,Florida
6178,529,29,2,8.63,17.26,2024-06-06,Delivered,Wheelerfort,New York
6179,876,104,4,43.38,173.52,2025-11-01,Delivered,East Alicia,Arizona
6180,422,155,3,61.98,185.94,2025-02-14,Delivered,Williambury,Wyoming
6181,281,87,4,19.31,0.0,2024-11-20,Cancelled,Kathrynfort,Minnesota
6182,72,1,5,50.57,252.85,2024-06-23,Delivered,North Christopherhaven,North Carolina
6183,302,148,2,293.38,586.76,2025-10-25,Delivered,East Marciaside,Texas
6184,334,88,1,189.99,189.99,2025-10-07,Delivered,Leeside,New Hampshire
6185,137,15,2,213.82,427.64,2025-01-03,Delivered,Sandraland,Oklahoma
6186,788,72,1,171.7,171.7,2024-03-11,Delivered,West Regina,Illinois
6187,637,137,2,109.87,219.74,2025-07-10,Delivered,Stephaniemouth,New Hampshire
6188,423,56,1,738.0,738.0,2025-08-17,Processing,South Glendafurt,Maryland
6189,894,161,1,295.59,0.0,2025-11-13,Cancelled,Lake Johnny,Michigan
6190,807,91,8,16.92,135.36,2025-01-12,Shipped,New Elizabethbury,West Virginia
6191,631,160,3,30.6,91.8,2024-10-25,Delivered,East Deborahview,West Virginia
6192,704,46,3,39.3,117.9,2025-05-21,Delivered,Autumnport,New Hampshire
6193,582,183,4,5.03,20.12,2025-03-25,Delivered,New Danielberg,New York
6194,567,142,2,469.45,938.9,2024-04-04,Delivered,Reneebury,Montana
6195,182,54,1,66.84,66.84,2024-03-06,Delivered,Jarvisland,North Dakota
6196,104,165,4,118.26,473.04,2024-12-31,Delivered,South Henry,West Virginia
6197,344,35,2,486.1,972.2,2024-02-19,Delivered,Lindsayburgh,Utah
6198,217,98,1,171.77,171.77,2025-01-01,Delivered,Port Samanthatown,Florida
6199,234,97,3,28.08,84.24,2025-02-08,Delivered,Clarkhaven,Massachusetts
6200,461,151,2,1843.3,3686.6,2024-03-23,Shipped,New Theresaberg,Indiana
6201,552,149,2,86.32,172.64,2024-12-22,Delivered,East Amandachester,Utah
6202,524,143,4,50.45,201.8,2024-06-19,Delivered,Quinnchester,Idaho
6203,145,5,2,225.2,450.4,2024-02-28,Delivered,West William,Michigan
6204,667,107,5,56.79,283.95,2024-06-22,Delivered,Fernandochester,Delaware
6205,652,57,1,1165.65,1165.65,2024-06-20,Delivered,West Tracyberg,Georgia
6206,417,57,1,1165.65,1165.65,2025-01-10,Delivered,Nicholasside,Alaska
6207,576,167,2,133.62,267.24,2024-08-22,Shipped,East Michael,Louisiana
6208,405,129,1,156.82,156.82,2024-12-22,Delivered,Lake Amandashire,Utah
6209,653,91,3,16.92,50.76,2025-04-21,Delivered,East Williamborough,Kentucky
6210,977,26,10,32.0,320.0,2025-01-06,Shipped,Lake Candace,West Virginia
6211,530,7,1,37.5,37.5,2024-04-04,Delivered,Hollyfurt,Wisconsin
6212,337,57,2,1165.65,2331.3,2024-09-11,Delivered,Lake Victoriastad,New York
6213,641,117,1,23.92,23.92,2024-09-05,Shipped,Priceland,Rhode Island
6214,544,71,2,117.87,235.74,2025-07-05,Delivered,Cranehaven,Montana
6215,465,149,2,86.32,172.64,2024-08-31,Delivered,Williamsview,Washington
6216,429,137,1,109.87,109.87,2024-12-05,Delivered,Scottland,Maryland
6217,647,109,2,321.21,642.42,2024-08-07,Delivered,North Jessica,Nevada
6218,479,182,1,19.79,19.79,2025-08-04,Delivered,Moranside,Mississippi
6219,130,99,6,23.4,0.0,2024-05-29,Cancelled,West Philip,Utah
6220,348,109,2,321.21,642.42,2025-09-07,Delivered,Port Jessicaview,Arizona
6221,509,36,8,24.13,193.04,2024-06-07,Delivered,East Ryanchester,Georgia
6222,750,90,2,780.14,1560.28,2024-07-27,Delivered,Port Thomasmouth,New Mexico
6223,951,60,3,242.61,727.83,2025-04-03,Delivered,Port Michelle,Missouri
6224,849,119,1,299.58,299.58,2024-01-25,Delivered,Cookeville,New York
6225,460,151,1,1843.3,1843.3,2025-03-26,Delivered,Smithside,Michigan
6226,292,43,1,377.86,377.86,2025-09-29,Delivered,East Amanda,Rhode Island
6227,390,97,2,28.08,56.16,2025-10-04,Delivered,Port Ronald,California
6228,783,152,2,69.34,138.68,2024-05-12,Shipped,Allenhaven,Georgia
6229,4,103,2,324.51,649.02,2024-11-05,Delivered,Melissamouth,Mississippi
6230,103,151,2,1843.3,3686.6,2025-05-24,Returned,South Ronaldfurt,Ohio
6231,552,88,1,189.99,189.99,2024-05-04,Delivered,East Amandachester,Utah
6232,915,7,3,37.5,112.5,2024-09-29,Delivered,Calhounchester,Delaware
6233,671,166,11,12.95,142.45,2025-02-15,Delivered,Lake Ericchester,Washington
6234,645,161,2,295.59,591.18,2025-01-17,Delivered,New Lisa,Missouri
6235,633,63,2,155.85,311.7,2024-02-06,Delivered,Sarahmouth,South Carolina
6236,699,104,2,43.38,86.76,2025-09-05,Delivered,Port Darlenemouth,Mississippi
6237,507,157,1,21.39,21.39,2025-06-20,Delivered,North Sarah,New York
6238,80,66,4,100.8,403.2,2024-11-30,Delivered,West Shannon,Arizona
6239,297,11,1,20.71,20.71,2024-05-23,Delivered,Nguyenmouth,Minnesota
6240,640,61,1,83.9,83.9,2025-01-10,Delivered,Williamsburgh,California
6241,984,22,4,192.65,770.6,2025-07-09,Delivered,Nathanside,Maryland
6242,567,71,2,117.87,235.74,2024-01-22,Delivered,Reneebury,Montana
6243,840,119,1,299.58,299.58,2025-01-08,Delivered,East Brandon,Montana
6244,408,2,3,97.3,291.9,2025-04-06,Delivered,Christopherchester,Connecticut
6245,590,70,2,29.73,59.46,2025-09-10,Delivered,Michelleland,North Dakota
6246,440,49,2,53.93,107.86,2024-09-25,Delivered,Arellanobury,Alaska
6247,56,77,1,40.52,40.52,2024-11-03,Processing,Matthewfort,Arizona
6248,353,22,2,192.65,385.3,2025-08-31,Delivered,South Virginia,Rhode Island
6249,147,54,3,66.84,200.52,2024-08-18,Shipped,New Brittanymouth,Michigan
6250,119,97,5,28.08,140.4,2025-09-25,Delivered,Isabelport,Ohio
6251,761,165,1,118.26,118.26,2025-05-11,Delivered,North Meganmouth,Vermont
6252,681,105,1,31.98,31.98,2025-04-23,Delivered,Wileybury,Alaska
6253,152,176,2,39.64,79.28,2024-11-27,Delivered,New Andrea,Delaware
6254,78,110,3,149.46,448.38,2025-06-23,Delivered,Adamsmouth,Arkansas
6255,334,107,3,56.79,170.37,2025-06-20,Processing,Leeside,New Hampshire
6256,375,103,1,324.51,324.51,2024-09-23,Delivered,Jessicaside,Montana
6257,560,164,4,196.76,787.04,2024-09-29,Shipped,New Mary,Louisiana
6258,95,196,3,211.17,633.51,2024-08-16,Delivered,East Mathewland,Massachusetts
6259,748,89,3,101.92,305.76,2024-11-16,Delivered,Kathleenport,Delaware
6260,811,179,1,76.57,0.0,2025-09-23,Cancelled,North Matthew,Mississippi
6261,68,145,3,238.69,716.07,2025-12-07,Shipped,Brownville,Virginia
6262,165,193,3,99.73,0.0,2024-10-01,Cancelled,West Paulburgh,Nevada
6263,897,107,5,56.79,283.95,2024-03-01,Returned,Port Bradshire,Maine
6264,752,38,2,115.17,230.34,2024-09-20,Delivered,New Emilytown,Georgia
6265,32,50,2,107.82,215.64,2024-03-02,Processing,New Kristen,Nebraska
6266,202,168,1,214.69,214.69,2024-09-05,Processing,Lyonsbury,Alaska
6267,860,121,2,114.49,228.98,2024-04-17,Delivered,Hessfurt,Colorado
6268,816,91,8,16.92,135.36,2024-04-18,Delivered,Kingstad,Arkansas
6269,358,28,2,18.59,37.18,2025-05-28,Delivered,Matthewview,West Virginia
6270,182,62,1,331.56,331.56,2024-05-01,Delivered,Jarvisland,North Dakota
6271,162,36,6,24.13,144.78,2024-02-04,Delivered,Greenfurt,Ohio
6272,41,66,1,100.8,100.8,2024-07-18,Delivered,Parkerborough,Tennessee
6273,635,67,2,109.42,218.84,2025-01-19,Delivered,Port Emilyton,Missouri
6274,486,89,3,101.92,305.76,2024-01-01,Delivered,Port Jason,Washington
6275,83,196,1,211.17,211.17,2024-07-15,Delivered,Bergbury,Idaho
6276,754,56,2,738.0,1476.0,2025-12-06,Shipped,East Kyleport,Oregon
6277,937,20,1,57.57,57.57,2025-08-01,Delivered,Petersonfort,Louisiana
6278,507,122,1,20.47,20.47,2024-05-19,Delivered,North Sarah,New York
6279,676,132,3,21.5,64.5,2025-04-14,Delivered,Georgeshire,Indiana
6280,42,191,3,92.98,278.94,2025-07-18,Delivered,Draketon,Vermont
6281,452,78,7,27.87,195.09,2024-08-07,Delivered,Morenoberg,West Virginia
6282,7,115,1,115.19,115.19,2025-05-18,Delivered,Kylefort,Washington
6283,751,31,1,29.73,29.73,2024-02-16,Delivered,Bradleyfort,Michigan
6284,851,142,2,469.45,938.9,2024-04-12,Delivered,Marcusstad,Wisconsin
6285,974,137,1,109.87,109.87,2025-01-08,Delivered,Morsehaven,Nevada
6286,180,111,3,292.45,877.35,2025-04-12,Delivered,East Kimberly,Alabama
6287,587,40,3,13.32,39.96,2024-02-21,Delivered,South Donnabury,Maine
6288,686,25,3,71.4,214.2,2025-07-12,Delivered,Shermanville,New York
6289,579,66,4,100.8,403.2,2024-08-15,Delivered,Hortonfurt,Montana
6290,361,71,3,117.87,353.61,2024-03-21,Processing,Mccoyton,Michigan
6291,20,193,1,99.73,99.73,2024-04-09,Delivered,Lake Lisa,Michigan
6292,847,60,2,242.61,0.0,2024-11-11,Cancelled,Matthewfurt,New Jersey
6293,129,136,6,52.07,312.42,2025-09-28,Delivered,East Melissaton,Nevada
6294,826,146,2,6.95,13.9,2025-06-29,Shipped,Bryantport,North Dakota
6295,451,4,1,263.55,263.55,2025-01-04,Delivered,Ashleyside,Delaware
6296,43,165,1,118.26,118.26,2024-10-02,Shipped,Phillipsstad,Oregon
6297,749,118,1,280.69,280.69,2025-07-04,Delivered,Tarachester,West Virginia
6298,37,9,1,94.81,94.81,2024-07-22,Returned,Lake Justinview,Alabama
6299,365,120,6,47.8,0.0,2025-07-23,Cancelled,Matthewview,Tennessee
6300,565,127,3,117.98,353.94,2025-11-07,Shipped,Lake Ryan,Michigan
6301,577,107,5,56.79,283.95,2025-08-18,Delivered,North Angelaland,California
6302,763,51,5,20.77,103.85,2025-07-07,Delivered,Parrishmouth,Nebraska
6303,978,174,12,39.88,478.56,2025-07-17,Delivered,South Jennifer,Hawaii
6304,496,120,12,47.8,573.6,2025-08-18,Delivered,Codyville,Colorado
6305,835,41,2,1133.32,2266.64,2024-07-27,Delivered,New Katrina,Arizona
6306,485,166,2,12.95,0.0,2025-06-29,Cancelled,Travisville,Connecticut
6307,714,116,1,146.15,146.15,2024-01-16,Delivered,Lisashire,Illinois
6308,971,82,3,102.58,307.74,2025-10-12,Delivered,North Barbarashire,Delaware
6309,662,130,1,825.68,825.68,2024-02-13,Shipped,East Casey,Alaska
6310,104,164,4,196.76,787.04,2025-09-15,Delivered,South Henry,West Virginia
6311,714,125,2,192.15,384.3,2025-10-02,Delivered,Lisashire,Illinois
6312,715,170,3,60.94,182.82,2025-12-19,Delivered,Andreabury,Minnesota
6313,379,157,4,21.39,85.56,2024-11-12,Shipped,West Adam,Alaska
6314,294,10,3,6.76,20.28,2024-11-02,Delivered,East Matthewtown,Pennsylvania
6315,792,119,3,299.58,0.0,2024-08-25,Cancelled,Lake Tyler,Colorado
6316,363,79,5,35.4,177.0,2025-11-02,Delivered,Michaeltown,Rhode Island
6317,246,187,3,46.53,139.59,2024-09-27,Delivered,Abigailstad,South Dakota
6318,622,52,4,95.66,382.64,2024-03-09,Delivered,Barbarastad,Wisconsin
6319,30,147,3,202.08,606.24,2024-10-26,Delivered,Millerland,New Jersey
6320,415,64,1,701.02,701.02,2024-01-21,Delivered,Kevinberg,Connecticut
6321,792,134,2,61.51,123.02,2025-11-19,Delivered,Lake Tyler,Colorado
6322,446,59,1,5.75,5.75,2025-12-06,Delivered,Steventown,South Carolina
6323,418,158,2,1511.23,3022.46,2025-04-07,Delivered,North Melodyville,Iowa
6324,361,100,3,272.84,818.52,2024-12-19,Returned,Mccoyton,Michigan
6325,872,129,1,156.82,156.82,2024-12-29,Delivered,Romantown,Minnesota
6326,745,25,1,71.4,71.4,2025-03-11,Delivered,Lake James,Arizona
6327,263,9,2,94.81,189.62,2025-02-04,Delivered,Michaelbury,Maryland
6328,600,192,11,5.42,0.0,2024-10-11,Cancelled,Grantshire,Montana
6329,765,106,2,1067.66,2135.32,2025-05-29,Delivered,North Christopher,Oklahoma
6330,932,142,1,469.45,469.45,2024-09-05,Delivered,Lake Cassandra,Indiana
6331,491,182,3,19.79,59.37,2024-11-01,Delivered,Markport,Wyoming
6332,609,148,1,293.38,293.38,2024-12-04,Delivered,South Gina,New York
6333,962,25,1,71.4,71.4,2025-02-15,Delivered,North Lorettaport,Rhode Island
6334,649,77,3,40.52,121.56,2024-11-20,Delivered,South Alejandro,Maine
6335,258,149,3,86.32,258.96,2024-09-05,Delivered,Christianburgh,North Carolina
6336,54,35,2,486.1,972.2,2024-08-11,Delivered,Lake Robert,Arkansas
6337,296,164,2,196.76,393.52,2024-08-06,Delivered,Henryborough,Kansas
6338,416,121,1,114.49,0.0,2024-07-19,Cancelled,Port Todd,Washington
6339,580,28,3,18.59,55.77,2025-08-05,Delivered,Brownchester,Texas
6340,547,51,2,20.77,41.54,2024-06-28,Processing,Johnbury,Oklahoma
6341,897,133,3,57.39,172.17,2024-03-27,Delivered,Port Bradshire,Maine
6342,421,39,3,256.4,769.2,2024-09-27,Delivered,Jonesberg,Kansas
6343,456,143,3,50.45,151.35,2024-08-27,Delivered,Reidhaven,Florida
6344,362,57,1,1165.65,1165.65,2024-11-11,Delivered,East Brett,South Dakota
6345,409,120,1,47.8,0.0,2024-08-16,Cancelled,New Matthew,New York
6346,52,41,1,1133.32,1133.32,2025-03-02,Shipped,Tylerberg,Maryland
6347,145,27,4,33.99,0.0,2024-02-06,Cancelled,West William,Michigan
6348,53,146,5,6.95,34.75,2025-02-19,Delivered,New Williamborough,Delaware
6349,195,131,6,28.16,168.96,2025-10-16,Delivered,Ryanville,Alaska
6350,984,41,1,1133.32,1133.32,2024-04-16,Delivered,Nathanside,Maryland
6351,8,110,5,149.46,747.3,2024-04-23,Delivered,Port Christopherville,New Mexico
6352,784,78,8,27.87,222.96,2024-12-14,Delivered,East Laurenburgh,Arkansas
6353,234,180,3,32.39,97.17,2024-10-01,Shipped,Clarkhaven,Massachusetts
6354,828,45,5,25.64,128.2,2024-11-18,Delivered,Aliciamouth,Wyoming
6355,879,119,3,299.58,898.74,2024-02-02,Shipped,Clarkfort,Kansas
6356,738,108,2,92.71,185.42,2024-06-05,Delivered,Shawnmouth,Florida
6357,552,1,2,50.57,101.14,2025-01-31,Delivered,East Amandachester,Utah
6358,487,99,7,23.4,163.8,2024-06-20,Delivered,Hammondhaven,West Virginia
6359,43,7,4,37.5,150.0,2025-09-26,Delivered,Phillipsstad,Oregon
6360,717,167,3,133.62,400.86,2025-04-23,Delivered,New Sharon,Massachusetts
6361,70,145,1,238.69,238.69,2024-01-23,Delivered,Mclaughlinside,Washington
6362,810,93,2,1518.29,0.0,2024-06-13,Cancelled,Lake Michaelport,New Hampshire
6363,892,19,1,205.94,205.94,2024-04-13,Delivered,Ryanmouth,Georgia
6364,892,134,2,61.51,0.0,2025-01-03,Cancelled,Ryanmouth,Georgia
6365,377,74,3,417.08,1251.24,2024-09-18,Delivered,Port Richard,Wyoming
6366,642,94,2,73.18,146.36,2024-05-07,Delivered,Aaronton,Tennessee
6367,450,73,3,82.71,248.13,2024-06-07,Delivered,Lake Christopherburgh,Massachusetts
6368,996,15,3,213.82,641.46,2024-04-26,Delivered,Buckhaven,Ohio
6369,632,34,3,264.74,794.22,2025-02-14,Shipped,Amandabury,Idaho
6370,992,110,1,149.46,149.46,2025-01-11,Delivered,New Jacqueline,Connecticut
6371,81,60,2,242.61,485.22,2024-04-30,Processing,Rileymouth,West Virginia
6372,629,194,2,384.6,769.2,2025-03-21,Delivered,New Vickihaven,Connecticut
6373,697,55,2,136.93,0.0,2025-05-13,Cancelled,Lindatown,Oklahoma
6374,549,65,6,7.18,43.08,2024-06-20,Delivered,North Rachelberg,South Carolina
6375,742,28,3,18.59,55.77,2025-11-05,Delivered,Port Michaelberg,Missouri
6376,308,107,5,56.79,283.95,2025-04-12,Delivered,Rickyberg,Wisconsin
6377,398,142,2,469.45,938.9,2025-06-27,Delivered,Walkerhaven,Maine
6378,195,38,4,115.17,460.68,2025-09-18,Delivered,Ryanville,Alaska
6379,889,98,3,171.77,515.31,2025-06-16,Delivered,Michaelshire,Florida
6380,455,54,4,66.84,267.36,2024-08-01,Delivered,Meganfort,Kentucky
6381,648,37,2,27.38,54.76,2024-05-18,Delivered,Port Andrew,Indiana
6382,156,128,4,89.87,359.48,2025-06-04,Delivered,Kellyport,Rhode Island
6383,572,59,5,5.75,28.75,2025-08-17,Delivered,Jamesstad,Nebraska
6384,363,79,3,35.4,106.2,2025-03-04,Delivered,Michaeltown,Rhode Island
6385,188,170,5,60.94,304.7,2024-03-04,Processing,Michaelport,New Mexico
6386,345,174,11,39.88,438.68,2025-09-26,Delivered,Lesliemouth,Arkansas
6387,902,116,1,146.15,146.15,2025-12-28,Delivered,West Kathrynport,Alaska
6388,46,39,2,256.4,512.8,2025-01-25,Shipped,Joshuaside,Maine
6389,420,43,1,377.86,377.86,2025-07-08,Delivered,Barnettbury,Wisconsin
6390,849,164,3,196.76,590.28,2025-07-17,Delivered,Cookeville,New York
6391,694,82,2,102.58,205.16,2025-07-24,Shipped,Brownmouth,Kansas
6392,770,7,5,37.5,187.5,2024-09-28,Delivered,South Stephanie,California
6393,756,45,3,25.64,76.92,2024-05-24,Delivered,West Lori,Virginia
6394,889,112,4,72.13,288.52,2025-04-26,Delivered,Michaelshire,Florida
6395,784,56,1,738.0,738.0,2024-09-10,Delivered,East Laurenburgh,Arkansas
6396,50,125,2,192.15,384.3,2024-03-19,Delivered,Daughertyfort,Virginia
6397,474,142,3,469.45,1408.35,2025-12-14,Delivered,South Aaronstad,Delaware
6398,549,6,2,98.09,196.18,2024-08-09,Delivered,North Rachelberg,South Carolina
6399,541,136,3,52.07,156.21,2025-07-09,Delivered,East Ashleyton,Wyoming
6400,958,154,3,341.24,1023.72,2024-06-30,Delivered,Judithborough,New Mexico
6401,973,74,1,417.08,417.08,2024-02-12,Delivered,Tracymouth,New Jersey
6402,765,4,2,263.55,527.1,2025-04-24,Returned,North Christopher,Oklahoma
6403,850,2,2,97.3,194.6,2024-03-02,Shipped,Lake Kiara,Oklahoma
6404,515,194,1,384.6,384.6,2025-06-11,Delivered,Lake Larrymouth,Ohio
6405,378,189,2,1293.61,2587.22,2025-01-16,Shipped,Bestfort,New York
6406,196,48,2,82.31,164.62,2025-06-11,Delivered,Port Joshuachester,Maine
6407,191,126,2,24.66,49.32,2024-04-09,Delivered,New Brittneyhaven,Maryland
6408,81,123,2,120.25,240.5,2024-11-25,Shipped,Rileymouth,West Virginia
6409,185,160,5,30.6,153.0,2025-11-14,Delivered,Lake Amyport,New Mexico
6410,151,129,1,156.82,156.82,2024-02-12,Shipped,Smithbury,Minnesota
6411,951,59,1,5.75,5.75,2024-07-26,Delivered,Port Michelle,Missouri
6412,182,184,3,151.44,0.0,2025-05-25,Cancelled,Jarvisland,North Dakota
6413,397,140,1,93.97,93.97,2024-09-14,Delivered,East Dennisland,Wyoming
6414,914,97,2,28.08,56.16,2024-11-02,Delivered,West Anthony,Maine
6415,435,115,1,115.19,115.19,2024-11-09,Shipped,West Melissafurt,Connecticut
6416,977,47,3,72.54,217.62,2025-03-30,Delivered,Lake Candace,West Virginia
6417,140,113,3,158.59,475.77,2025-05-14,Delivered,Prattville,Alaska
6418,690,123,1,120.25,120.25,2025-06-12,Delivered,Campbellchester,Wisconsin
6419,232,26,9,32.0,288.0,2025-03-10,Delivered,Ericshire,West Virginia
6420,74,113,3,158.59,475.77,2025-12-15,Delivered,South Terri,Hawaii
6421,386,109,2,321.21,642.42,2025-02-26,Processing,Jamestown,Vermont
6422,623,187,1,46.53,46.53,2024-10-02,Delivered,East Anthony,Oklahoma
6423,297,134,2,61.51,123.02,2025-01-12,Processing,Nguyenmouth,Minnesota
6424,277,124,2,253.0,506.0,2024-06-20,Delivered,Fisherburgh,New Jersey
6425,535,127,2,117.98,235.96,2024-06-18,Delivered,East Paulstad,Wisconsin
6426,488,41,2,1133.32,2266.64,2024-11-24,Delivered,East Erikafort,Rhode Island
6427,691,4,2,263.55,527.1,2025-02-16,Delivered,Martinezville,Nebraska
6428,541,14,1,1392.16,1392.16,2025-12-10,Delivered,East Ashleyton,Wyoming
6429,217,97,3,28.08,84.24,2024-10-21,Delivered,Port Samanthatown,Florida
6430,350,141,3,371.58,1114.74,2024-03-09,Shipped,Housechester,Massachusetts
6431,269,14,1,1392.16,1392.16,2025-03-12,Delivered,South Lisa,Missouri
6432,355,161,1,295.59,295.59,2024-11-14,Delivered,South Yvette,Indiana
6433,402,131,4,28.16,112.64,2025-11-04,Shipped,West Jameston,Indiana
6434,116,51,5,20.77,0.0,2025-06-02,Cancelled,Port Gwendolynshire,Delaware
6435,796,190,1,655.22,655.22,2024-08-15,Delivered,New Johnfurt,Iowa
6436,366,11,2,20.71,41.42,2025-05-25,Delivered,Lake Mark,New Hampshire
6437,428,161,1,295.59,295.59,2024-07-22,Delivered,Harperfurt,Iowa
6438,294,80,2,206.74,413.48,2025-08-07,Delivered,East Matthewtown,Pennsylvania
6439,527,140,4,93.97,375.88,2024-10-28,Delivered,Robinsonside,Iowa
6440,817,128,5,89.87,449.35,2024-02-12,Delivered,West Dianestad,Iowa
6441,197,126,2,24.66,49.32,2025-05-27,Delivered,Rodriguezhaven,Wisconsin
6442,15,21,4,21.74,86.96,2024-07-25,Delivered,North Justin,Oregon
6443,228,112,3,72.13,216.39,2025-06-04,Shipped,Amberbury,Arizona
6444,208,123,3,120.25,360.75,2024-11-06,Delivered,East Michealfort,South Dakota
6445,186,8,3,126.03,378.09,2025-04-13,Delivered,Wintersfort,Texas
6446,430,45,2,25.64,51.28,2024-07-17,Delivered,New Ralph,Wisconsin
6447,999,187,1,46.53,0.0,2024-02-12,Cancelled,Lake Zacharyborough,Arizona
6448,476,52,3,95.66,286.98,2025-10-24,Shipped,Josephmouth,Maine
6449,386,35,1,486.1,486.1,2024-09-02,Delivered,Jamestown,Vermont
6450,556,125,3,192.15,0.0,2025-03-28,Cancelled,Kristinafort,Georgia
6451,960,92,4,31.83,127.32,2025-12-16,Delivered,New Melissa,Delaware
6452,737,187,1,46.53,46.53,2025-01-09,Delivered,Lake Christopherfort,New Mexico
6453,170,148,3,293.38,880.14,2024-09-27,Delivered,New Charles,Alabama
6454,405,55,1,136.93,136.93,2024-10-30,Returned,Lake Amandashire,Utah
6455,543,38,2,115.17,230.34,2024-05-19,Delivered,East Pamela,North Dakota
6456,346,95,2,90.16,180.32,2025-06-19,Shipped,Lake Jennifermouth,Maryland
6457,668,159,3,144.57,433.71,2024-07-04,Delivered,Lake Jim,California
6458,635,112,1,72.13,72.13,2024-10-11,Delivered,Port Emilyton,Missouri
6459,470,167,2,133.62,267.24,2024-08-10,Delivered,Port Spencer,New York
6460,700,142,2,469.45,938.9,2025-02-28,Shipped,Singhtown,Georgia
6461,417,52,3,95.66,286.98,2025-01-05,Delivered,Nicholasside,Alaska
6462,895,134,1,61.51,61.51,2024-11-26,Delivered,Danashire,Minnesota
6463,96,94,3,73.18,0.0,2025-01-25,Cancelled,Amandaberg,Washington
6464,403,157,2,21.39,42.78,2025-02-12,Delivered,Abigailfurt,Arkansas
6465,735,151,1,1843.3,1843.3,2024-01-02,Delivered,Garciahaven,Idaho
6466,221,146,4,6.95,27.8,2025-07-07,Delivered,Lake Samanthaport,Nebraska
6467,819,154,2,341.24,682.48,2025-12-15,Delivered,New Tiffany,Virginia
6468,448,89,1,101.92,101.92,2024-10-20,Processing,Jamesborough,Idaho
6469,452,32,2,112.27,224.54,2025-02-22,Shipped,Morenoberg,West Virginia
6470,133,101,1,23.21,23.21,2025-11-06,Delivered,Samanthastad,Mississippi
6471,888,169,3,171.62,514.86,2024-08-14,Shipped,Williamville,Wisconsin
6472,499,75,3,408.35,1225.05,2024-11-11,Delivered,Sharonton,Nebraska
6473,241,171,5,41.02,205.1,2025-10-08,Delivered,Millshaven,Massachusetts
6474,628,62,1,331.56,331.56,2024-12-28,Shipped,Williamsberg,Florida
6475,962,162,3,99.85,299.55,2025-03-03,Shipped,North Lorettaport,Rhode Island
6476,698,30,3,58.18,174.54,2025-06-29,Shipped,Dawnfurt,Utah
6477,916,84,3,121.98,365.94,2025-09-01,Delivered,East Tarabury,Alabama
6478,455,89,3,101.92,305.76,2024-11-28,Delivered,Meganfort,Kentucky
6479,12,58,4,133.46,533.84,2024-06-13,Delivered,Port Johnmouth,North Dakota
6480,112,189,2,1293.61,2587.22,2025-12-24,Delivered,Matthewhaven,Hawaii
6481,44,97,5,28.08,140.4,2025-11-07,Shipped,Robertville,Indiana
6482,803,148,3,293.38,880.14,2025-09-04,Shipped,East Matthewtown,Ohio
6483,27,157,3,21.39,64.17,2024-12-22,Processing,Codymouth,Alabama
6484,105,20,3,57.57,172.71,2025-04-11,Delivered,East Jenniferborough,Texas
6485,109,36,8,24.13,193.04,2025-04-27,Processing,South Scott,Nevada
6486,116,74,3,417.08,1251.24,2025-09-10,Delivered,Port Gwendolynshire,Delaware
6487,592,52,3,95.66,286.98,2024-01-19,Delivered,East Ian,Connecticut
6488,307,135,3,17.94,53.82,2024-09-25,Shipped,West Danielton,Vermont
6489,199,83,3,129.45,388.35,2025-11-23,Delivered,Schmidtberg,Wisconsin
6490,171,134,3,61.51,184.53,2025-07-16,Delivered,Chelseamouth,North Carolina
6491,977,1,4,50.57,202.28,2025-05-21,Delivered,Lake Candace,West Virginia
6492,690,24,4,51.42,205.68,2025-01-16,Delivered,Campbellchester,Wisconsin
6493,329,146,1,6.95,6.95,2025-05-11,Processing,Port Russell,Michigan
6494,692,147,2,202.08,404.16,2025-04-01,Delivered,Sparksview,New Jersey
6495,935,104,2,43.38,86.76,2025-10-03,Delivered,South Tracyville,Washington
6496,989,4,2,263.55,0.0,2024-09-10,Cancelled,Matthewshire,Arkansas
6497,788,31,4,29.73,0.0,2024-06-01,Cancelled,West Regina,Illinois
6498,889,118,3,280.69,842.07,2024-03-23,Shipped,Michaelshire,Florida
6499,363,147,1,202.08,202.08,2025-11-05,Delivered,Michaeltown,Rhode Island
6500,929,32,4,112.27,449.08,2024-11-20,Delivered,Sawyerview,West Virginia
6501,652,82,1,102.58,102.58,2024-02-19,Delivered,West Tracyberg,Georgia
6502,347,164,4,196.76,787.04,2025-12-12,Delivered,New Cynthia,Nebraska
6503,417,181,1,187.56,187.56,2025-10-11,Delivered,Nicholasside,Alaska
6504,13,185,2,1128.38,2256.76,2025-03-04,Delivered,Grayberg,California
6505,510,4,1,263.55,263.55,2024-07-28,Delivered,Whitemouth,Mississippi
6506,887,99,10,23.4,234.0,2025-05-31,Delivered,Ianside,Rhode Island
6507,49,137,3,109.87,329.61,2024-05-09,Delivered,South Matthewshire,Utah
6508,643,183,1,5.03,5.03,2025-04-25,Shipped,North Josephhaven,New Hampshire
6509,156,40,3,13.32,0.0,2024-07-18,Cancelled,Kellyport,Rhode Island
6510,76,173,5,31.1,155.5,2024-06-01,Delivered,Port Rebeccaland,New Hampshire
6511,893,18,5,12.0,60.0,2024-08-21,Shipped,Rachelhaven,South Carolina
6512,673,23,5,90.2,0.0,2025-10-27,Cancelled,West Jennifermouth,California
6513,519,63,2,155.85,0.0,2024-12-03,Cancelled,Charleschester,Oklahoma
6514,148,185,1,1128.38,1128.38,2025-09-13,Delivered,Schroederfurt,Indiana
6515,680,126,3,24.66,73.98,2025-11-29,Delivered,New Julieland,Nevada
6516,954,105,3,31.98,95.94,2025-05-27,Delivered,North Jasonbury,New Jersey
6517,864,25,3,71.4,214.2,2025-04-12,Delivered,Matthewberg,Utah
6518,525,131,6,28.16,168.96,2024-10-03,Delivered,Jacksonmouth,Ohio
6519,856,60,3,242.61,727.83,2024-12-17,Delivered,West Joel,Kansas
6520,176,49,1,53.93,53.93,2024-02-28,Delivered,Bowenport,West Virginia
6521,895,195,12,2.19,26.28,2024-06-04,Delivered,Danashire,Minnesota
6522,542,193,2,99.73,199.46,2024-09-22,Processing,Yangview,Washington
6523,246,42,2,289.31,578.62,2024-01-17,Delivered,Abigailstad,South Dakota
6524,205,1,2,50.57,101.14,2025-03-05,Delivered,Kristenfurt,Florida
6525,155,38,1,115.17,115.17,2024-11-02,Delivered,West Michaelfurt,Idaho
6526,380,103,3,324.51,973.53,2024-06-19,Shipped,Lake Sergio,Oregon
6527,29,148,1,293.38,293.38,2025-04-11,Delivered,Joyceview,Minnesota
6528,956,87,1,19.31,19.31,2024-03-28,Shipped,Calebview,Massachusetts
6529,935,95,3,90.16,270.48,2025-06-04,Delivered,South Tracyville,Washington
6530,768,4,3,263.55,790.65,2024-01-14,Delivered,West Joseph,Indiana
6531,654,131,3,28.16,0.0,2025-06-30,Cancelled,New Breanna,Michigan
6532,725,144,8,48.66,389.28,2024-05-14,Delivered,Whiteland,West Virginia
6533,712,42,1,289.31,289.31,2025-04-17,Delivered,Hickmanview,Nevada
6534,607,101,1,23.21,23.21,2025-04-27,Processing,Bellport,Kentucky
6535,754,43,1,377.86,377.86,2024-09-01,Processing,East Kyleport,Oregon
6536,902,26,1,32.0,32.0,2024-06-27,Delivered,West Kathrynport,Alaska
6537,64,62,1,331.56,331.56,2024-02-22,Delivered,East Sharon,California
6538,775,83,3,129.45,388.35,2024-10-08,Shipped,Chrisburgh,Hawaii
6539,34,37,1,27.38,27.38,2025-01-16,Delivered,Vaughanmouth,Iowa
6540,903,28,3,18.59,55.77,2024-01-28,Processing,North Raymondton,Wyoming
6541,121,101,3,23.21,69.63,2024-11-12,Delivered,Sherrymouth,Texas
6542,770,143,3,50.45,151.35,2024-11-05,Delivered,South Stephanie,California
6543,408,20,2,57.57,115.14,2025-05-07,Delivered,Christopherchester,Connecticut
6544,512,126,1,24.66,24.66,2025-12-27,Delivered,Rachelbury,Nebraska
6545,156,27,1,33.99,33.99,2024-07-18,Shipped,Kellyport,Rhode Island
6546,935,96,3,51.29,153.87,2025-08-02,Delivered,South Tracyville,Washington
6547,842,66,1,100.8,100.8,2024-06-20,Delivered,Thomasside,Illinois
6548,569,121,1,114.49,114.49,2025-03-07,Delivered,Jonesport,Florida
6549,762,17,2,22.46,44.92,2024-11-27,Shipped,West Tarachester,South Carolina
6550,524,122,1,20.47,20.47,2024-12-07,Processing,Quinnchester,Idaho
6551,487,61,4,83.9,335.6,2025-12-16,Delivered,Hammondhaven,West Virginia
6552,211,200,3,35.55,106.65,2025-04-11,Delivered,Wardmouth,Georgia
6553,528,157,4,21.39,85.56,2025-12-16,Shipped,South Christopher,Pennsylvania
6554,20,66,2,100.8,201.6,2024-03-14,Delivered,Lake Lisa,Michigan
6555,206,161,1,295.59,295.59,2025-06-25,Delivered,West Javierborough,South Carolina
6556,342,8,2,126.03,252.06,2024-10-22,Delivered,West Jeffrey,Connecticut
6557,333,163,1,91.43,91.43,2024-03-04,Shipped,West Steven,Colorado
6558,811,70,9,29.73,267.57,2025-02-28,Shipped,North Matthew,Mississippi
6559,234,106,1,1067.66,1067.66,2025-12-28,Delivered,Clarkhaven,Massachusetts
6560,393,148,1,293.38,293.38,2025-04-25,Processing,Martinport,Massachusetts
6561,731,163,5,91.43,457.15,2024-08-22,Delivered,North Sarahton,Alaska
6562,14,52,4,95.66,382.64,2025-01-23,Delivered,Saraside,Connecticut
6563,799,187,2,46.53,93.06,2024-07-05,Delivered,Johnsonmouth,New Jersey
6564,754,104,1,43.38,0.0,2024-04-08,Cancelled,East Kyleport,Oregon
6565,669,75,2,408.35,816.7,2025-06-30,Delivered,Lake Robert,Idaho
6566,5,56,1,738.0,738.0,2024-11-16,Delivered,Rodrigueztown,Minnesota
6567,81,165,4,118.26,473.04,2024-08-17,Shipped,Rileymouth,West Virginia
6568,228,100,1,272.84,272.84,2024-11-08,Processing,Amberbury,Arizona
6569,786,179,3,76.57,229.71,2024-10-29,Delivered,Loweton,Oklahoma
6570,96,6,1,98.09,98.09,2025-05-05,Delivered,Amandaberg,Washington
6571,158,102,2,16.02,32.04,2025-11-26,Delivered,Brettbury,South Dakota
6572,350,101,1,23.21,23.21,2024-04-27,Delivered,Housechester,Massachusetts
6573,578,186,6,27.47,164.82,2024-12-30,Delivered,Wuview,Louisiana
6574,976,113,4,158.59,634.36,2024-11-05,Delivered,Meltonview,New York
6575,511,69,5,96.69,483.45,2024-06-04,Delivered,Jasonshire,Rhode Island
6576,462,11,3,20.71,62.13,2025-09-29,Shipped,Edwardsborough,Kentucky
6577,152,4,2,263.55,527.1,2024-03-08,Delivered,New Andrea,Delaware
6578,492,85,2,669.8,1339.6,2024-11-24,Delivered,Davidhaven,Wisconsin
6579,678,55,2,136.93,273.86,2024-09-02,Delivered,Karenborough,Missouri
6580,266,148,3,293.38,880.14,2025-01-26,Shipped,New Joseport,Virginia
6581,213,50,3,107.82,323.46,2024-01-29,Delivered,New Eugene,Missouri
6582,203,86,3,86.29,258.87,2024-03-04,Processing,Jasmineville,South Carolina
6583,508,189,2,1293.61,2587.22,2024-06-07,Delivered,Bushchester,Arizona
6584,846,160,3,30.6,91.8,2024-12-04,Delivered,Lovemouth,Kansas
6585,46,168,3,214.69,0.0,2024-10-17,Cancelled,Joshuaside,Maine
6586,526,89,1,101.92,101.92,2024-08-15,Delivered,New Lori,New York
6587,215,28,2,18.59,37.18,2024-07-23,Delivered,North Suzannefurt,Wisconsin
6588,812,53,6,53.04,318.24,2024-06-08,Delivered,East Gabriel,Louisiana
6589,789,115,2,115.19,230.38,2025-11-27,Delivered,New Denise,Arizona
6590,678,179,3,76.57,229.71,2024-07-30,Delivered,Karenborough,Missouri
6591,999,128,1,89.87,89.87,2024-02-03,Delivered,Lake Zacharyborough,Arizona
6592,697,170,3,60.94,182.82,2024-03-11,Shipped,Lindatown,Oklahoma
6593,651,29,3,8.63,25.89,2025-08-16,Shipped,East Alexandra,Idaho
6594,789,143,4,50.45,201.8,2024-09-24,Delivered,New Denise,Arizona
6595,770,193,5,99.73,498.65,2024-04-20,Delivered,South Stephanie,California
6596,709,113,2,158.59,317.18,2024-09-21,Returned,Martinezshire,Nevada
6597,254,115,1,115.19,115.19,2025-09-21,Processing,New Christine,Virginia
6598,340,12,3,182.65,547.95,2024-05-24,Delivered,North Stevenmouth,North Dakota
6599,163,177,3,135.85,407.55,2024-01-03,Shipped,Lake Josephhaven,California
6600,818,110,3,149.46,448.38,2025-07-16,Shipped,East Misty,North Dakota
6601,642,75,2,408.35,816.7,2024-08-20,Shipped,Aaronton,Tennessee
6602,668,70,8,29.73,237.84,2024-04-25,Delivered,Lake Jim,California
6603,241,63,2,155.85,311.7,2024-04-18,Shipped,Millshaven,Massachusetts
6604,72,197,1,41.22,41.22,2025-12-27,Delivered,North Christopherhaven,North Carolina
6605,666,13,1,67.98,67.98,2024-09-09,Delivered,Riversside,Tennessee
6606,527,67,1,109.42,109.42,2025-07-09,Delivered,Robinsonside,Iowa
6607,427,24,1,51.42,51.42,2024-10-01,Delivered,South Brianview,Wyoming
6608,74,76,1,1853.62,1853.62,2025-08-27,Delivered,South Terri,Hawaii
6609,928,53,1,53.04,53.04,2025-03-17,Delivered,Lake Kathleen,South Carolina
6610,191,12,2,182.65,365.3,2024-07-27,Delivered,New Brittneyhaven,Maryland
6611,513,10,3,6.76,20.28,2024-03-06,Delivered,North Jacquelineshire,Wisconsin
6612,334,113,2,158.59,317.18,2025-07-26,Delivered,Leeside,New Hampshire
6613,307,130,2,825.68,1651.36,2024-01-26,Shipped,West Danielton,Vermont
6614,321,117,5,23.92,119.6,2024-04-12,Delivered,Port Nicholestad,Hawaii
6615,936,154,2,341.24,682.48,2025-12-17,Delivered,Gibsontown,Alabama
6616,189,23,2,90.2,180.4,2024-01-10,Delivered,New Ryanfort,California
6617,568,59,4,5.75,23.0,2025-07-09,Delivered,Leebury,West Virginia
6618,663,155,4,61.98,247.92,2024-11-12,Delivered,West Dianeport,Alabama
6619,567,98,3,171.77,515.31,2024-04-28,Delivered,Reneebury,Montana
6620,171,43,1,377.86,377.86,2024-02-09,Delivered,Chelseamouth,North Carolina
6621,299,119,3,299.58,898.74,2024-02-05,Delivered,Taylorbury,California
6622,901,47,2,72.54,145.08,2025-01-02,Returned,West Lori,New Mexico
6623,581,185,1,1128.38,1128.38,2024-08-02,Delivered,Port David,New Hampshire
6624,526,92,3,31.83,95.49,2024-04-15,Processing,New Lori,New York
6625,899,33,2,32.17,0.0,2024-03-21,Cancelled,North Tina,Idaho
6626,331,172,1,107.92,107.92,2024-06-28,Delivered,Lake Williamfort,Washington
6627,250,145,3,238.69,716.07,2024-10-02,Shipped,Lake Ethanfort,Washington
6628,117,137,1,109.87,0.0,2024-02-14,Cancelled,South Virginiaport,Nebraska
6629,870,110,2,149.46,298.92,2024-01-14,Shipped,Parkerhaven,Indiana
6630,922,108,2,92.71,185.42,2024-04-03,Delivered,West Sharonland,Idaho
6631,24,65,1,7.18,7.18,2024-08-26,Delivered,South Timothy,South Dakota
6632,401,147,1,202.08,202.08,2025-06-29,Delivered,New Erik,New York
6633,653,71,3,117.87,353.61,2024-09-10,Shipped,East Williamborough,Kentucky
6634,835,107,2,56.79,113.58,2025-01-20,Delivered,New Katrina,Arizona
6635,898,82,1,102.58,102.58,2024-07-06,Delivered,South Nancy,Pennsylvania
6636,585,54,1,66.84,66.84,2024-05-16,Delivered,West Kaylafort,Ohio
6637,110,90,1,780.14,780.14,2024-08-03,Delivered,Welchhaven,New Hampshire
6638,501,180,4,32.39,129.56,2025-12-31,Delivered,North Gabrielabury,Minnesota
6639,91,175,4,88.86,355.44,2024-10-09,Processing,Lake Jennifer,Montana
6640,126,112,1,72.13,72.13,2024-05-02,Delivered,Seanview,Iowa
6641,681,26,12,32.0,384.0,2024-06-05,Delivered,Wileybury,Alaska
6642,846,29,4,8.63,34.52,2025-02-16,Shipped,Lovemouth,Kansas
6643,796,130,1,825.68,825.68,2025-10-20,Delivered,New Johnfurt,Iowa
6644,756,182,1,19.79,19.79,2024-08-04,Delivered,West Lori,Virginia
6645,171,66,5,100.8,504.0,2024-10-01,Delivered,Chelseamouth,North Carolina
6646,449,17,3,22.46,67.38,2025-01-12,Shipped,Millermouth,South Carolina
6647,123,111,3,292.45,877.35,2025-12-21,Returned,Alexanderton,Oregon
6648,331,88,1,189.99,189.99,2025-09-14,Delivered,Lake Williamfort,Washington
6649,677,170,4,60.94,243.76,2024-03-25,Shipped,Matthewmouth,Nebraska
6650,373,34,3,264.74,794.22,2024-12-26,Delivered,Rayside,Kentucky
6651,117,193,2,99.73,199.46,2025-10-01,Delivered,South Virginiaport,Nebraska
6652,569,172,2,107.92,215.84,2024-09-06,Delivered,Jonesport,Florida
6653,446,150,1,415.89,415.89,2024-12-31,Delivered,Steventown,South Carolina
6654,874,119,1,299.58,299.58,2024-01-03,Delivered,Dustinport,Mississippi
6655,213,48,1,82.31,82.31,2024-03-02,Shipped,New Eugene,Missouri
6656,444,159,1,144.57,144.57,2024-06-07,Delivered,Edwardsview,South Dakota
6657,391,107,2,56.79,113.58,2024-02-05,Delivered,Morenofurt,Minnesota
6658,461,10,2,6.76,13.52,2024-03-18,Delivered,New Theresaberg,Indiana
6659,746,44,2,180.6,361.2,2024-02-12,Delivered,Rogerfort,Michigan
6660,449,68,1,115.79,115.79,2025-02-22,Delivered,Millermouth,South Carolina
6661,618,6,3,98.09,294.27,2025-06-07,Delivered,Fisherbury,Wisconsin
6662,461,192,7,5.42,37.94,2025-12-05,Delivered,New Theresaberg,Indiana
6663,326,171,5,41.02,205.1,2025-11-25,Delivered,Port Angela,Virginia
6664,996,38,3,115.17,345.51,2024-10-17,Delivered,Buckhaven,Ohio
6665,941,185,2,1128.38,2256.76,2024-09-09,Processing,Audreyburgh,Massachusetts
6666,522,21,4,21.74,86.96,2025-06-05,Delivered,Holmesstad,California
6667,81,121,4,114.49,457.96,2025-01-16,Delivered,Rileymouth,West Virginia
6668,254,191,2,92.98,185.96,2025-07-25,Delivered,New Christine,Virginia
6669,970,86,2,86.29,172.58,2025-08-01,Shipped,Allenmouth,West Virginia
6670,250,116,1,146.15,146.15,2025-11-03,Delivered,Lake Ethanfort,Washington
6671,468,12,3,182.65,547.95,2024-08-14,Delivered,West Juliachester,Idaho
6672,607,140,1,93.97,93.97,2025-06-25,Delivered,Bellport,Kentucky
6673,257,159,3,144.57,433.71,2025-06-24,Delivered,Lake Bobby,Virginia
6674,679,6,2,98.09,0.0,2025-07-09,Cancelled,Amystad,Nevada
6675,981,35,2,486.1,972.2,2024-09-13,Delivered,Christinemouth,Georgia
6676,412,41,1,1133.32,0.0,2025-01-27,Cancelled,Annatown,New York
6677,17,3,4,7.36,29.44,2024-11-01,Delivered,Keithburgh,West Virginia
6678,517,43,1,377.86,377.86,2025-10-26,Delivered,New Johnview,Connecticut
6679,585,114,2,22.89,45.78,2025-09-25,Delivered,West Kaylafort,Ohio
6680,230,85,2,669.8,1339.6,2025-05-31,Delivered,Perezfort,Massachusetts
6681,851,142,1,469.45,469.45,2024-11-20,Delivered,Marcusstad,Wisconsin
6682,268,8,3,126.03,0.0,2025-06-28,Cancelled,Stephanieton,South Carolina
6683,657,157,1,21.39,21.39,2025-02-02,Delivered,Josephfort,Hawaii
6684,23,186,3,27.47,82.41,2025-07-12,Delivered,Danielfort,Missouri
6685,721,40,2,13.32,26.64,2024-11-26,Processing,Moraport,Utah
6686,533,38,3,115.17,345.51,2024-01-20,Delivered,West Nicholaston,Alaska
6687,955,67,1,109.42,109.42,2025-11-13,Delivered,Brockbury,Georgia
6688,496,186,4,27.47,109.88,2024-09-18,Delivered,Codyville,Colorado
6689,961,135,1,17.94,17.94,2025-09-13,Delivered,Port Anthony,North Dakota
6690,976,194,2,384.6,769.2,2024-07-14,Delivered,Meltonview,New York
6691,610,24,3,51.42,154.26,2024-09-09,Processing,South Davidborough,North Carolina
6692,770,121,4,114.49,457.96,2024-10-22,Delivered,South Stephanie,California
6693,692,7,1,37.5,37.5,2025-01-20,Shipped,Sparksview,New Jersey
6694,182,79,3,35.4,106.2,2024-11-29,Delivered,Jarvisland,North Dakota
6695,467,24,4,51.42,205.68,2025-07-10,Delivered,North Feliciashire,Wisconsin
6696,879,172,3,107.92,323.76,2024-05-08,Delivered,Clarkfort,Kansas
6697,68,197,1,41.22,41.22,2025-02-14,Delivered,Brownville,Virginia
6698,32,16,5,48.77,243.85,2024-02-25,Processing,New Kristen,Nebraska
6699,500,163,5,91.43,457.15,2024-10-10,Processing,Batesmouth,Indiana
6700,417,122,3,20.47,61.41,2024-08-28,Delivered,Nicholasside,Alaska
6701,335,154,3,341.24,1023.72,2025-02-22,Delivered,Whitebury,Illinois
6702,589,131,6,28.16,168.96,2025-06-15,Delivered,Sharonhaven,Ohio
6703,951,136,1,52.07,52.07,2024-11-22,Delivered,Port Michelle,Missouri
6704,725,161,3,295.59,886.77,2024-04-30,Returned,Whiteland,West Virginia
6705,114,118,1,280.69,280.69,2025-06-19,Delivered,North Christopherstad,Georgia
6706,722,6,3,98.09,294.27,2025-06-15,Delivered,East Jamesshire,Kansas
6707,96,101,2,23.21,46.42,2025-01-17,Delivered,Amandaberg,Washington
6708,966,15,2,213.82,427.64,2024-06-28,Delivered,Port Mark,North Carolina
6709,892,163,5,91.43,457.15,2025-02-01,Shipped,Ryanmouth,Georgia
6710,626,198,2,28.18,56.36,2025-11-21,Delivered,Randyhaven,Illinois
6711,897,137,2,109.87,219.74,2024-12-20,Returned,Port Bradshire,Maine
6712,123,35,2,486.1,972.2,2025-05-19,Delivered,Alexanderton,Oregon
6713,940,57,2,1165.65,2331.3,2025-04-17,Delivered,Angelastad,Kansas
6714,861,59,4,5.75,23.0,2025-07-10,Delivered,West Aaronshire,Hawaii
6715,111,24,5,51.42,257.1,2025-03-16,Delivered,East Markberg,Hawaii
6716,560,178,2,96.1,192.2,2024-08-13,Delivered,New Mary,Louisiana
6717,911,110,1,149.46,149.46,2024-01-09,Returned,Audreyville,Georgia
6718,125,5,2,225.2,450.4,2024-02-13,Delivered,West Daniellemouth,New Mexico
6719,211,55,1,136.93,136.93,2024-01-26,Delivered,Wardmouth,Georgia
6720,196,82,1,102.58,102.58,2025-07-13,Delivered,Port Joshuachester,Maine
6721,221,185,2,1128.38,2256.76,2024-06-18,Shipped,Lake Samanthaport,Nebraska
6722,221,129,3,156.82,470.46,2024-11-18,Delivered,Lake Samanthaport,Nebraska
6723,738,126,2,24.66,0.0,2025-10-12,Cancelled,Shawnmouth,Florida
6724,380,54,3,66.84,200.52,2024-04-18,Delivered,Lake Sergio,Oregon
6725,769,84,3,121.98,365.94,2025-05-19,Shipped,Nolanfurt,California
6726,796,180,4,32.39,129.56,2025-04-28,Delivered,New Johnfurt,Iowa
6727,344,140,5,93.97,469.85,2024-02-10,Delivered,Lindsayburgh,Utah
6728,461,153,3,82.41,247.23,2025-10-04,Delivered,New Theresaberg,Indiana
6729,259,151,1,1843.3,1843.3,2025-03-09,Delivered,North Danielmouth,Louisiana
6730,766,49,2,53.93,0.0,2025-07-15,Cancelled,Jenniferfort,Kentucky
6731,621,147,1,202.08,202.08,2025-12-26,Delivered,Christophermouth,Connecticut
6732,745,22,2,192.65,385.3,2024-03-18,Delivered,Lake James,Arizona
6733,507,23,4,90.2,360.8,2025-07-26,Shipped,North Sarah,New York
6734,714,47,2,72.54,145.08,2024-07-24,Processing,Lisashire,Illinois
6735,645,14,2,1392.16,2784.32,2024-12-19,Delivered,New Lisa,Missouri
6736,951,80,3,206.74,620.22,2025-01-01,Delivered,Port Michelle,Missouri
6737,577,174,10,39.88,398.8,2025-08-24,Delivered,North Angelaland,California
6738,61,108,2,92.71,185.42,2024-12-07,Delivered,Port Tammytown,Tennessee
6739,569,52,2,95.66,0.0,2025-09-13,Cancelled,Jonesport,Florida
6740,128,109,3,321.21,963.63,2025-12-08,Delivered,West Megan,Tennessee
6741,945,108,5,92.71,463.55,2025-06-09,Delivered,New Christopher,Indiana
6742,310,12,1,182.65,182.65,2024-03-04,Delivered,Martinezberg,Arkansas
6743,19,186,2,27.47,54.94,2024-02-04,Delivered,East Whitneyborough,Connecticut
6744,648,60,2,242.61,485.22,2024-06-01,Delivered,Port Andrew,Indiana
6745,362,36,1,24.13,24.13,2024-03-15,Delivered,East Brett,South Dakota
6746,734,91,8,16.92,135.36,2025-02-17,Delivered,Port Audreyport,Nebraska
6747,862,122,4,20.47,81.88,2024-02-04,Delivered,East Henry,North Dakota
6748,353,13,2,67.98,135.96,2024-02-09,Delivered,South Virginia,Rhode Island
6749,789,68,3,115.79,347.37,2024-03-06,Delivered,New Denise,Arizona
6750,440,141,2,371.58,743.16,2024-11-01,Delivered,Arellanobury,Alaska
6751,753,192,6,5.42,32.52,2024-10-11,Shipped,Ashleyside,New York
6752,524,158,1,1511.23,1511.23,2025-01-02,Delivered,Quinnchester,Idaho
6753,734,131,2,28.16,56.32,2024-05-08,Delivered,Port Audreyport,Nebraska
6754,766,141,3,371.58,1114.74,2025-10-05,Delivered,Jenniferfort,Kentucky
6755,36,145,3,238.69,716.07,2025-06-17,Delivered,South Michaelville,Colorado
6756,282,107,2,56.79,113.58,2025-02-09,Delivered,Vincenttown,Michigan
6757,810,170,2,60.94,121.88,2024-06-05,Shipped,Lake Michaelport,New Hampshire
6758,921,171,5,41.02,205.1,2024-10-27,Delivered,Nicholeburgh,Delaware
6759,875,132,4,21.5,86.0,2024-10-30,Delivered,Kevinside,Vermont
6760,739,121,1,114.49,114.49,2025-01-09,Delivered,Lake Jason,Arizona
6761,443,65,1,7.18,7.18,2025-01-18,Delivered,Port Nathaniel,Florida
6762,826,7,4,37.5,150.0,2025-02-02,Delivered,Bryantport,North Dakota
6763,922,51,1,20.77,20.77,2024-10-04,Delivered,West Sharonland,Idaho
6764,101,64,2,701.02,1402.04,2025-09-07,Shipped,Kathleenburgh,South Dakota
6765,449,102,2,16.02,0.0,2025-11-03,Cancelled,Millermouth,South Carolina
6766,209,94,2,73.18,146.36,2024-05-03,Delivered,Port Joel,Vermont
6767,897,12,3,182.65,547.95,2025-07-10,Shipped,Port Bradshire,Maine
6768,960,5,3,225.2,675.6,2024-05-05,Delivered,New Melissa,Delaware
6769,383,163,5,91.43,457.15,2025-11-19,Delivered,New Amandaport,Georgia
6770,396,91,8,16.92,135.36,2024-05-12,Delivered,Carpenterchester,Connecticut
6771,322,132,5,21.5,107.5,2024-03-05,Delivered,Torreston,Georgia
6772,4,17,2,22.46,44.92,2025-10-16,Delivered,Melissamouth,Mississippi
6773,360,171,5,41.02,205.1,2025-08-31,Delivered,Alvarezfurt,Kentucky
6774,233,158,2,1511.23,3022.46,2025-05-02,Processing,Port Brian,Idaho
6775,993,124,3,253.0,759.0,2025-10-11,Delivered,South Michaelfort,Nevada
6776,117,46,3,39.3,117.9,2024-12-18,Delivered,South Virginiaport,Nebraska
6777,193,186,3,27.47,82.41,2025-11-26,Delivered,East Barbara,North Dakota
6778,7,9,2,94.81,189.62,2025-12-28,Delivered,Kylefort,Washington
6779,320,163,1,91.43,91.43,2025-12-19,Shipped,New Daniel,Minnesota
6780,952,163,2,91.43,182.86,2025-11-24,Delivered,South Kimbury,Arizona
6781,370,184,1,151.44,151.44,2025-11-08,Delivered,Jonesmouth,Washington
6782,52,148,3,293.38,0.0,2024-03-31,Cancelled,Tylerberg,Maryland
6783,826,80,1,206.74,206.74,2024-03-26,Shipped,Bryantport,North Dakota
6784,985,9,3,94.81,284.43,2025-11-12,Delivered,West Sheliaton,Maryland
6785,383,157,3,21.39,64.17,2025-04-01,Processing,New Amandaport,Georgia
6786,793,37,2,27.38,54.76,2025-09-01,Delivered,Clarencefurt,Maryland
6787,687,98,1,171.77,171.77,2024-02-15,Delivered,South Jordan,North Carolina
6788,688,103,1,324.51,0.0,2025-03-28,Cancelled,Rossland,Tennessee
6789,585,34,3,264.74,794.22,2024-03-05,Delivered,West Kaylafort,Ohio
6790,926,73,3,82.71,248.13,2024-10-06,Delivered,Alejandroville,Mississippi
6791,426,17,4,22.46,89.84,2025-02-28,Shipped,Andrewberg,California
6792,683,181,2,187.56,375.12,2024-10-31,Delivered,New Jennifer,Wisconsin
6793,236,49,2,53.93,0.0,2025-01-10,Cancelled,Hannahtown,Florida
6794,730,171,4,41.02,164.08,2025-09-13,Delivered,Timfort,New York
6795,57,106,1,1067.66,1067.66,2024-10-14,Delivered,Amyland,Kentucky
6796,944,160,4,30.6,122.4,2025-07-25,Shipped,Martinezport,Mississippi
6797,341,80,3,206.74,620.22,2025-01-04,Delivered,West Rachelbury,Vermont
6798,926,52,2,95.66,191.32,2025-11-30,Processing,Alejandroville,Mississippi
6799,290,143,3,50.45,151.35,2025-03-23,Returned,Larryland,Maine
6800,764,80,2,206.74,413.48,2024-08-05,Delivered,Christopherberg,Kansas
6801,838,158,1,1511.23,0.0,2025-10-30,Cancelled,East Kelly,Colorado
6802,390,195,8,2.19,17.52,2024-09-13,Delivered,Port Ronald,California
6803,977,16,1,48.77,48.77,2025-01-22,Shipped,Lake Candace,West Virginia
6804,795,140,5,93.97,469.85,2025-08-03,Shipped,Leahland,Michigan
6805,666,126,1,24.66,24.66,2025-11-17,Shipped,Riversside,Tennessee
6806,932,190,1,655.22,655.22,2025-02-01,Shipped,Lake Cassandra,Indiana
6807,398,82,1,102.58,102.58,2024-12-04,Processing,Walkerhaven,Maine
6808,752,91,12,16.92,203.04,2025-04-22,Delivered,New Emilytown,Georgia
6809,626,66,2,100.8,0.0,2025-01-20,Cancelled,Randyhaven,Illinois
6810,836,141,2,371.58,743.16,2024-10-15,Delivered,South Sarah,North Dakota
6811,315,67,3,109.42,328.26,2024-01-19,Delivered,East Mary,Virginia
6812,974,8,3,126.03,378.09,2024-01-24,Delivered,Morsehaven,Nevada
6813,355,9,3,94.81,284.43,2024-01-01,Delivered,South Yvette,Indiana
6814,939,77,4,40.52,162.08,2025-07-15,Shipped,Leefort,Hawaii
6815,995,112,3,72.13,216.39,2024-01-03,Delivered,Lake Deborahbury,Massachusetts
6816,377,174,8,39.88,319.04,2025-01-28,Delivered,Port Richard,Wyoming
6817,818,104,2,43.38,86.76,2024-11-29,Delivered,East Misty,North Dakota
6818,471,146,5,6.95,34.75,2024-01-26,Processing,Suzannemouth,Massachusetts
6819,254,91,11,16.92,186.12,2025-03-02,Delivered,New Christine,Virginia
6820,853,1,5,50.57,252.85,2024-11-02,Delivered,New Amber,Georgia
6821,185,139,3,48.17,144.51,2024-05-15,Delivered,Lake Amyport,New Mexico
6822,841,127,2,117.98,235.96,2025-08-16,Delivered,Steveton,Ohio
6823,375,100,2,272.84,545.68,2024-04-03,Delivered,Jessicaside,Montana
6824,148,81,3,221.79,665.37,2025-09-14,Delivered,Schroederfurt,Indiana
6825,222,25,3,71.4,214.2,2024-06-19,Delivered,Marktown,Connecticut
6826,161,71,2,117.87,235.74,2024-07-18,Processing,Ashleehaven,Vermont
6827,878,111,1,292.45,292.45,2024-10-11,Delivered,Port Christopher,Missouri
6828,115,113,4,158.59,634.36,2025-04-06,Delivered,Carlaton,Hawaii
6829,995,70,12,29.73,356.76,2024-10-16,Shipped,Lake Deborahbury,Massachusetts
6830,74,125,3,192.15,576.45,2024-09-13,Delivered,South Terri,Hawaii
6831,713,56,2,738.0,1476.0,2024-02-18,Delivered,West Harold,Alaska
6832,557,187,1,46.53,46.53,2024-11-10,Delivered,Robinsonfort,Alabama
6833,405,62,2,331.56,663.12,2024-06-12,Delivered,Lake Amandashire,Utah
6834,952,5,2,225.2,450.4,2025-04-25,Delivered,South Kimbury,Arizona
6835,238,5,3,225.2,675.6,2025-05-17,Delivered,Russellton,Minnesota
6836,647,87,2,19.31,38.62,2024-08-24,Processing,North Jessica,Nevada
6837,541,63,2,155.85,311.7,2024-10-20,Processing,East Ashleyton,Wyoming
6838,558,190,1,655.22,655.22,2025-11-27,Delivered,Stanleychester,Nebraska
6839,267,70,5,29.73,148.65,2024-12-23,Delivered,South Cynthia,Illinois
6840,821,48,5,82.31,411.55,2025-07-09,Delivered,New Carl,Alabama
6841,681,108,5,92.71,463.55,2025-12-07,Delivered,Wileybury,Alaska
6842,312,44,3,180.6,541.8,2024-05-18,Delivered,North Jonathanshire,Alabama
6843,733,21,1,21.74,21.74,2025-01-17,Processing,Port Richardton,Maryland
6844,756,72,1,171.7,171.7,2024-12-15,Delivered,West Lori,Virginia
6845,59,3,1,7.36,7.36,2025-05-23,Delivered,Sandovalshire,Iowa
6846,638,88,2,189.99,379.98,2024-01-28,Delivered,South Jeremyport,Arizona
6847,939,124,2,253.0,506.0,2025-06-13,Shipped,Leefort,Hawaii
6848,417,127,1,117.98,117.98,2024-01-25,Processing,Nicholasside,Alaska
6849,114,164,2,196.76,393.52,2025-05-30,Processing,North Christopherstad,Georgia
6850,866,65,6,7.18,43.08,2024-12-09,Shipped,Jameston,California
6851,759,83,1,129.45,129.45,2025-12-30,Delivered,Port Peter,Idaho
6852,816,31,9,29.73,267.57,2024-02-13,Delivered,Kingstad,Arkansas
6853,793,161,3,295.59,886.77,2024-04-26,Delivered,Clarencefurt,Maryland
6854,113,38,3,115.17,345.51,2024-05-28,Delivered,Lake Adam,Idaho
6855,598,58,5,133.46,667.3,2024-02-08,Delivered,Lisaville,Illinois
6856,497,191,1,92.98,92.98,2024-05-06,Delivered,West Sara,Georgia
6857,611,3,2,7.36,14.72,2025-04-01,Delivered,New Johnfurt,Ohio
6858,141,7,1,37.5,37.5,2024-12-16,Delivered,Robertberg,Florida
6859,684,64,1,701.02,701.02,2024-03-29,Delivered,South Deniseburgh,Wyoming
6860,898,36,1,24.13,24.13,2024-10-15,Delivered,South Nancy,Pennsylvania
6861,247,30,5,58.18,290.9,2024-03-23,Shipped,Port Debbiemouth,Alaska
6862,82,75,2,408.35,816.7,2024-12-01,Delivered,Port Beth,Tennessee
6863,78,113,3,158.59,475.77,2024-07-11,Delivered,Adamsmouth,Arkansas
6864,243,63,1,155.85,155.85,2024-12-20,Delivered,East Dean,New York
6865,280,153,3,82.41,247.23,2025-03-19,Delivered,Lake Ashley,Iowa
6866,580,181,3,187.56,562.68,2025-12-12,Returned,Brownchester,Texas
6867,623,74,1,417.08,417.08,2024-05-12,Delivered,East Anthony,Oklahoma
6868,578,115,2,115.19,230.38,2025-12-15,Delivered,Wuview,Louisiana
6869,872,106,2,1067.66,2135.32,2024-06-15,Shipped,Romantown,Minnesota
6870,456,124,2,253.0,506.0,2025-04-23,Shipped,Reidhaven,Florida
6871,130,40,5,13.32,66.6,2025-09-19,Delivered,West Philip,Utah
6872,983,84,3,121.98,365.94,2024-05-22,Shipped,Friedmanmouth,South Carolina
6873,613,42,3,289.31,867.93,2024-10-10,Processing,Rodriguezport,Indiana
6874,123,119,3,299.58,898.74,2025-03-24,Delivered,Alexanderton,Oregon
6875,585,189,1,1293.61,1293.61,2024-04-13,Delivered,West Kaylafort,Ohio
6876,760,108,5,92.71,463.55,2024-03-18,Delivered,New Manuel,Colorado
6877,160,184,2,151.44,302.88,2024-02-06,Delivered,Lake Luis,Texas
6878,132,120,12,47.8,573.6,2024-05-01,Delivered,Lake Robertshire,Florida
6879,912,87,1,19.31,19.31,2025-08-06,Processing,Jordanstad,South Dakota
6880,689,18,1,12.0,12.0,2025-05-16,Delivered,Sarahland,Utah
6881,236,172,1,107.92,107.92,2024-01-28,Delivered,Hannahtown,Florida
6882,712,79,1,35.4,35.4,2025-05-21,Returned,Hickmanview,Nevada
6883,537,78,4,27.87,111.48,2024-07-03,Delivered,North Sara,Mississippi
6884,87,149,2,86.32,0.0,2024-08-13,Cancelled,New Tiffanyshire,Rhode Island
6885,856,20,2,57.57,115.14,2024-11-16,Delivered,West Joel,Kansas
6886,110,112,5,72.13,360.65,2024-04-25,Delivered,Welchhaven,New Hampshire
6887,885,32,1,112.27,112.27,2025-11-08,Delivered,Antonioland,Maine
6888,247,16,1,48.77,48.77,2025-04-05,Delivered,Port Debbiemouth,Alaska
6889,421,39,1,256.4,256.4,2025-04-19,Delivered,Jonesberg,Kansas
6890,140,7,3,37.5,112.5,2025-11-14,Delivered,Prattville,Alaska
6891,870,10,4,6.76,27.04,2024-12-15,Delivered,Parkerhaven,Indiana
6892,254,51,4,20.77,83.08,2024-07-20,Processing,New Christine,Virginia
6893,85,88,3,189.99,569.97,2024-05-18,Processing,Lake Charles,Missouri
6894,310,38,2,115.17,230.34,2024-09-15,Processing,Martinezberg,Arkansas
6895,825,129,4,156.82,627.28,2024-11-26,Delivered,Karenville,Texas
6896,101,177,3,135.85,407.55,2025-11-30,Delivered,Kathleenburgh,South Dakota
6897,543,132,3,21.5,64.5,2025-03-18,Delivered,East Pamela,North Dakota
6898,160,105,2,31.98,63.96,2024-07-19,Returned,Lake Luis,Texas
6899,496,96,2,51.29,102.58,2024-09-13,Returned,Codyville,Colorado
6900,438,49,3,53.93,161.79,2024-02-26,Delivered,Reedville,Virginia
6901,615,22,4,192.65,770.6,2025-06-29,Processing,Jefferyville,Wyoming
6902,410,146,3,6.95,20.85,2024-08-29,Delivered,Nataliebury,Minnesota
6903,981,58,5,133.46,667.3,2024-09-22,Delivered,Christinemouth,Georgia
6904,292,51,3,20.77,62.31,2024-06-03,Shipped,East Amanda,Rhode Island
6905,661,84,1,121.98,121.98,2025-08-25,Delivered,North Patricia,Idaho
6906,826,177,2,135.85,271.7,2024-05-10,Delivered,Bryantport,North Dakota
6907,482,72,3,171.7,515.1,2024-04-29,Delivered,West Scott,Georgia
6908,986,168,1,214.69,214.69,2025-10-06,Delivered,West Daniel,Rhode Island
6909,676,95,5,90.16,450.8,2025-02-28,Delivered,Georgeshire,Indiana
6910,561,142,3,469.45,1408.35,2024-10-19,Delivered,Lopezside,Oregon
6911,675,29,4,8.63,34.52,2025-09-29,Delivered,East Edwardside,Wyoming
6912,626,63,2,155.85,311.7,2024-08-20,Delivered,Randyhaven,Illinois
6913,25,37,1,27.38,27.38,2024-07-03,Delivered,Port Tracy,Alaska
6914,74,21,1,21.74,21.74,2025-09-08,Shipped,South Terri,Hawaii
6915,453,60,3,242.61,727.83,2025-09-22,Shipped,Rachelberg,Alabama
6916,339,185,2,1128.38,2256.76,2024-04-06,Delivered,Goodland,Texas
6917,994,127,2,117.98,235.96,2024-11-09,Shipped,New Andrechester,California
6918,62,41,1,1133.32,1133.32,2024-03-11,Delivered,Port Emilyville,Vermont
6919,939,23,2,90.2,180.4,2025-07-29,Delivered,Leefort,Hawaii
6920,916,35,1,486.1,486.1,2025-04-22,Processing,East Tarabury,Alabama
6921,100,81,2,221.79,443.58,2025-11-30,Delivered,New Steven,Alaska
6922,677,104,4,43.38,173.52,2024-04-09,Delivered,Matthewmouth,Nebraska
6923,527,172,3,107.92,323.76,2024-06-13,Delivered,Robinsonside,Iowa
6924,106,172,3,107.92,323.76,2025-02-19,Delivered,Lake Todd,Colorado
6925,790,55,2,136.93,273.86,2024-01-08,Shipped,West Reginaberg,Arkansas
6926,475,11,2,20.71,41.42,2025-11-21,Delivered,New Ryan,Alaska
6927,441,16,5,48.77,243.85,2024-11-26,Delivered,Smithchester,Georgia
6928,941,131,2,28.16,0.0,2025-06-18,Cancelled,Audreyburgh,Massachusetts
6929,350,46,3,39.3,117.9,2024-03-08,Delivered,Housechester,Massachusetts
6930,830,5,3,225.2,675.6,2024-01-20,Delivered,Jasonberg,Hawaii
6931,188,138,3,20.13,60.39,2025-04-06,Delivered,Michaelport,New Mexico
6932,997,135,5,17.94,89.7,2025-02-26,Delivered,Myersstad,Tennessee
6933,83,163,2,91.43,182.86,2025-09-29,Delivered,Bergbury,Idaho
6934,948,125,2,192.15,384.3,2024-03-15,Delivered,Port Holly,Mississippi
6935,18,41,1,1133.32,1133.32,2024-06-22,Delivered,Harrisport,Kentucky
6936,428,83,3,129.45,388.35,2024-05-17,Delivered,Harperfurt,Iowa
6937,585,152,3,69.34,208.02,2025-10-30,Delivered,West Kaylafort,Ohio
6938,724,87,5,19.31,96.55,2025-03-14,Delivered,Joseberg,Massachusetts
6939,242,20,2,57.57,115.14,2025-08-17,Delivered,Port Melissa,Florida
6940,631,37,4,27.38,109.52,2025-12-24,Delivered,East Deborahview,West Virginia
6941,9,172,1,107.92,107.92,2024-03-15,Delivered,East Samanthaborough,Kentucky
6942,945,23,3,90.2,270.6,2024-05-02,Delivered,New Christopher,Indiana
6943,318,129,1,156.82,156.82,2025-09-10,Processing,Lake Adam,Washington
6944,887,42,2,289.31,578.62,2025-06-05,Processing,Ianside,Rhode Island
6945,37,112,4,72.13,288.52,2024-12-28,Delivered,Lake Justinview,Alabama
6946,735,32,4,112.27,449.08,2025-08-02,Shipped,Garciahaven,Idaho
6947,952,118,1,280.69,280.69,2024-06-15,Delivered,South Kimbury,Arizona
6948,443,74,1,417.08,417.08,2025-10-29,Delivered,Port Nathaniel,Florida
6949,744,101,3,23.21,69.63,2025-04-16,Delivered,Tuckerland,New Hampshire
6950,287,194,1,384.6,0.0,2025-06-20,Cancelled,South Philipshire,Arkansas
6951,381,86,4,86.29,345.16,2025-06-29,Delivered,Johnsontown,North Carolina
6952,577,98,3,171.77,515.31,2025-11-01,Delivered,North Angelaland,California
6953,957,60,1,242.61,242.61,2025-01-13,Delivered,Richardmouth,North Carolina
6954,580,86,3,86.29,258.87,2025-12-14,Returned,Brownchester,Texas
6955,407,58,1,133.46,133.46,2024-10-19,Delivered,South Lindsaymouth,Wisconsin
6956,598,121,3,114.49,343.47,2024-10-23,Processing,Lisaville,Illinois
6957,539,106,2,1067.66,2135.32,2024-06-10,Shipped,Port Bradley,Ohio
6958,945,179,1,76.57,76.57,2025-01-16,Delivered,New Christopher,Indiana
6959,223,23,4,90.2,360.8,2024-03-17,Shipped,Amandatown,Illinois
6960,683,190,1,655.22,655.22,2024-06-14,Delivered,New Jennifer,Wisconsin
6961,133,136,5,52.07,260.35,2024-09-20,Delivered,Samanthastad,Mississippi
6962,770,80,3,206.74,620.22,2025-05-16,Delivered,South Stephanie,California
6963,906,52,2,95.66,191.32,2024-09-03,Delivered,Woodston,Utah
6964,515,22,3,192.65,577.95,2024-03-27,Delivered,Lake Larrymouth,Ohio
6965,652,165,3,118.26,0.0,2024-10-09,Cancelled,West Tracyberg,Georgia
6966,978,88,2,189.99,379.98,2025-12-23,Shipped,South Jennifer,Hawaii
6967,512,62,1,331.56,331.56,2024-07-09,Delivered,Rachelbury,Nebraska
6968,553,17,4,22.46,89.84,2024-05-05,Delivered,Jacobsmouth,New Jersey
6969,86,100,2,272.84,545.68,2024-01-23,Delivered,New Juan,Kentucky
6970,447,21,1,21.74,21.74,2025-05-30,Delivered,South Joshuashire,Missouri
6971,331,10,2,6.76,13.52,2024-02-25,Processing,Lake Williamfort,Washington
6972,436,105,3,31.98,95.94,2025-07-15,Delivered,Port Jessicaport,Kansas
6973,308,12,1,182.65,182.65,2024-02-02,Processing,Rickyberg,Wisconsin
6974,1,129,1,156.82,156.82,2025-10-15,Shipped,South James,South Carolina
6975,715,51,2,20.77,41.54,2025-04-15,Returned,Andreabury,Minnesota
6976,591,78,11,27.87,306.57,2024-03-25,Delivered,Richardtown,Alaska
6977,398,54,4,66.84,267.36,2024-11-22,Delivered,Walkerhaven,Maine
6978,468,48,1,82.31,82.31,2024-02-04,Delivered,West Juliachester,Idaho
6979,792,9,4,94.81,379.24,2025-05-19,Delivered,Lake Tyler,Colorado
6980,614,104,2,43.38,86.76,2025-08-22,Delivered,Toddbury,Texas
6981,284,196,2,211.17,0.0,2025-07-19,Cancelled,New Davidland,Louisiana
6982,202,115,2,115.19,230.38,2024-09-07,Delivered,Lyonsbury,Alaska
6983,358,177,3,135.85,407.55,2024-07-09,Delivered,Matthewview,West Virginia
6984,402,45,4,25.64,102.56,2024-02-23,Returned,West Jameston,Indiana
6985,335,65,5,7.18,35.9,2025-02-09,Delivered,Whitebury,Illinois
6986,332,118,3,280.69,842.07,2024-03-13,Delivered,New Dominique,Oregon
6987,423,4,3,263.55,790.65,2025-04-02,Shipped,South Glendafurt,Maryland
6988,802,26,1,32.0,32.0,2025-05-15,Delivered,Smithside,Arkansas
6989,108,65,2,7.18,14.36,2025-05-01,Delivered,Port Devon,Oregon
6990,278,91,3,16.92,50.76,2025-01-28,Delivered,West Raven,West Virginia
6991,362,113,2,158.59,317.18,2024-12-10,Delivered,East Brett,South Dakota
6992,754,32,3,112.27,336.81,2025-12-01,Delivered,East Kyleport,Oregon
6993,899,164,1,196.76,196.76,2024-01-01,Delivered,North Tina,Idaho
6994,848,27,3,33.99,101.97,2025-10-25,Shipped,Port Maryside,Wyoming
6995,39,138,4,20.13,80.52,2025-06-17,Delivered,Lake Davidborough,Maine
6996,739,156,4,136.11,544.44,2025-09-08,Delivered,Lake Jason,Arizona
6997,442,144,4,48.66,194.64,2024-10-03,Delivered,Keithside,New Hampshire
6998,305,108,5,92.71,0.0,2025-11-27,Cancelled,Marychester,Georgia
6999,586,65,6,7.18,43.08,2025-01-10,Delivered,Tiffanyberg,South Carolina
7000,979,198,1,28.18,28.18,2025-06-16,Delivered,Reyesside,Rhode Island
7001,315,150,2,415.89,831.78,2024-03-08,Delivered,East Mary,Virginia
7002,650,39,2,256.4,512.8,2025-07-11,Processing,Leonardburgh,Missouri
7003,653,26,10,32.0,320.0,2025-06-21,Delivered,East Williamborough,Kentucky
7004,289,92,1,31.83,31.83,2024-07-20,Shipped,South Robertoburgh,Nevada
7005,136,101,3,23.21,69.63,2025-05-25,Delivered,Lake Sandra,Washington
7006,250,4,2,263.55,527.1,2025-02-12,Delivered,Lake Ethanfort,Washington
7007,789,73,2,82.71,165.42,2025-09-12,Processing,New Denise,Arizona
7008,923,60,2,242.61,485.22,2025-05-24,Delivered,South Dwaynehaven,Washington
7009,702,109,1,321.21,321.21,2024-11-30,Delivered,Port Sandramouth,Oklahoma
7010,601,5,3,225.2,675.6,2025-06-16,Delivered,Lake Courtneyfort,North Carolina
7011,165,72,2,171.7,0.0,2025-09-12,Cancelled,West Paulburgh,Nevada
7012,774,106,2,1067.66,2135.32,2024-09-17,Shipped,Bryanburgh,New Hampshire
7013,907,33,4,32.17,0.0,2024-03-23,Cancelled,Karatown,South Carolina
7014,648,161,2,295.59,591.18,2025-06-01,Processing,Port Andrew,Indiana
7015,16,193,1,99.73,99.73,2025-08-28,Delivered,Stokesfort,Montana
7016,653,15,2,213.82,427.64,2025-10-19,Delivered,East Williamborough,Kentucky
7017,194,170,4,60.94,243.76,2024-08-09,Delivered,North Ryan,Minnesota
7018,904,130,2,825.68,1651.36,2024-07-24,Delivered,Lake Joel,Minnesota
7019,659,81,2,221.79,443.58,2024-05-11,Processing,East Josemouth,Alaska
7020,476,94,1,73.18,0.0,2025-05-13,Cancelled,Josephmouth,Maine
7021,424,175,3,88.86,266.58,2024-10-31,Delivered,Cantumouth,Wisconsin
7022,958,186,2,27.47,54.94,2024-06-16,Processing,Judithborough,New Mexico
7023,760,48,3,82.31,246.93,2025-08-23,Delivered,New Manuel,Colorado
7024,352,79,1,35.4,35.4,2024-11-11,Delivered,Maybury,Indiana
7025,850,107,1,56.79,56.79,2025-07-02,Processing,Lake Kiara,Oklahoma
7026,215,24,1,51.42,51.42,2025-04-05,Delivered,North Suzannefurt,Wisconsin
7027,863,46,1,39.3,39.3,2025-07-18,Delivered,Leslieborough,New York
7028,317,15,3,213.82,0.0,2024-07-31,Cancelled,Hooperburgh,Massachusetts
7029,623,39,2,256.4,512.8,2024-01-22,Delivered,East Anthony,Oklahoma
7030,980,147,3,202.08,606.24,2025-05-31,Delivered,Lake Katherine,North Carolina
7031,210,96,1,51.29,51.29,2025-06-26,Delivered,Port Jonathanshire,Utah
7032,336,142,3,469.45,1408.35,2024-10-01,Delivered,Romeroport,Georgia
7033,308,118,3,280.69,842.07,2025-12-20,Shipped,Rickyberg,Wisconsin
7034,775,143,4,50.45,201.8,2024-05-05,Delivered,Chrisburgh,Hawaii
7035,981,188,8,35.05,280.4,2024-09-19,Delivered,Christinemouth,Georgia
7036,667,113,2,158.59,317.18,2024-05-16,Delivered,Fernandochester,Delaware
7037,372,25,5,71.4,0.0,2024-02-01,Cancelled,Port Patrickton,Arkansas
7038,738,13,2,67.98,135.96,2025-05-29,Delivered,Shawnmouth,Florida
7039,738,36,1,24.13,24.13,2024-10-23,Delivered,Shawnmouth,Florida
7040,321,55,3,136.93,410.79,2024-09-06,Delivered,Port Nicholestad,Hawaii
7041,370,96,2,51.29,102.58,2024-02-28,Delivered,Jonesmouth,Washington
7042,58,52,4,95.66,382.64,2025-10-09,Shipped,Christopherbury,Wisconsin
7043,833,157,2,21.39,42.78,2024-04-21,Delivered,Ryanbury,Hawaii
7044,544,99,11,23.4,257.4,2025-01-14,Shipped,Cranehaven,Montana
7045,198,187,2,46.53,93.06,2025-10-03,Delivered,East Wandaburgh,Maine
7046,283,37,3,27.38,82.14,2024-04-06,Delivered,New James,North Carolina
7047,611,192,7,5.42,37.94,2024-04-12,Delivered,New Johnfurt,Ohio
7048,95,108,2,92.71,0.0,2025-06-09,Cancelled,East Mathewland,Massachusetts
7049,90,32,1,112.27,112.27,2025-06-10,Delivered,North Teresaport,Georgia
7050,27,166,2,12.95,25.9,2025-09-07,Delivered,Codymouth,Alabama
7051,403,106,1,1067.66,1067.66,2025-09-17,Delivered,Abigailfurt,Arkansas
7052,380,17,3,22.46,67.38,2025-12-16,Delivered,Lake Sergio,Oregon
7053,393,52,4,95.66,382.64,2025-05-26,Delivered,Martinport,Massachusetts
7054,208,178,1,96.1,96.1,2025-03-02,Delivered,East Michealfort,South Dakota
7055,185,153,2,82.41,164.82,2024-03-23,Shipped,Lake Amyport,New Mexico
7056,497,92,5,31.83,159.15,2024-09-27,Shipped,West Sara,Georgia
7057,381,47,4,72.54,290.16,2025-11-19,Delivered,Johnsontown,North Carolina
7058,905,34,1,264.74,264.74,2024-05-21,Delivered,Snyderchester,Illinois
7059,742,102,3,16.02,48.06,2024-09-21,Processing,Port Michaelberg,Missouri
7060,544,136,4,52.07,0.0,2025-02-13,Cancelled,Cranehaven,Montana
7061,556,22,1,192.65,192.65,2024-12-11,Processing,Kristinafort,Georgia
7062,790,101,3,23.21,69.63,2025-10-17,Delivered,West Reginaberg,Arkansas
7063,452,6,1,98.09,98.09,2025-07-07,Returned,Morenoberg,West Virginia
7064,339,185,1,1128.38,1128.38,2024-06-05,Processing,Goodland,Texas
7065,416,163,2,91.43,182.86,2025-04-17,Delivered,Port Todd,Washington
7066,423,144,12,48.66,583.92,2024-07-04,Shipped,South Glendafurt,Maryland
7067,465,145,3,238.69,716.07,2025-05-07,Delivered,Williamsview,Washington
7068,924,31,5,29.73,148.65,2025-12-23,Delivered,Jeffreyville,Missouri
7069,811,94,1,73.18,73.18,2024-07-18,Processing,North Matthew,Mississippi
7070,577,183,8,5.03,40.24,2025-08-27,Delivered,North Angelaland,California
7071,114,187,1,46.53,46.53,2024-06-28,Delivered,North Christopherstad,Georgia
7072,168,23,3,90.2,270.6,2025-03-08,Processing,Oconnorstad,Oregon
7073,704,127,3,117.98,353.94,2025-07-25,Delivered,Autumnport,New Hampshire
7074,10,132,5,21.5,107.5,2025-01-09,Returned,Juliemouth,Wisconsin
7075,885,46,2,39.3,78.6,2025-09-18,Shipped,Antonioland,Maine
7076,772,198,2,28.18,56.36,2024-06-11,Delivered,Burkeberg,West Virginia
7077,719,195,9,2.19,19.71,2025-01-16,Delivered,New Ravenmouth,Missouri
7078,728,78,8,27.87,222.96,2024-08-31,Processing,Davidfurt,Pennsylvania
7079,413,84,3,121.98,365.94,2024-05-20,Delivered,Seanchester,Connecticut
7080,786,56,2,738.0,1476.0,2024-03-02,Delivered,Loweton,Oklahoma
7081,564,127,3,117.98,353.94,2024-06-21,Shipped,Stokeschester,Minnesota
7082,863,27,4,33.99,135.96,2025-12-18,Delivered,Leslieborough,New York
7083,807,117,1,23.92,23.92,2025-07-12,Delivered,New Elizabethbury,West Virginia
7084,1000,199,1,91.79,91.79,2025-12-04,Delivered,East Jessica,New Mexico
7085,493,121,1,114.49,114.49,2024-01-03,Delivered,Kellybury,Nebraska
7086,983,46,2,39.3,78.6,2024-08-14,Delivered,Friedmanmouth,South Carolina
7087,601,74,3,417.08,1251.24,2024-07-27,Delivered,Lake Courtneyfort,North Carolina
7088,501,27,1,33.99,33.99,2024-09-05,Delivered,North Gabrielabury,Minnesota
7089,123,138,1,20.13,20.13,2024-06-25,Delivered,Alexanderton,Oregon
7090,808,200,1,35.55,35.55,2024-02-14,Delivered,Lake Jessicatown,Rhode Island
7091,933,13,2,67.98,135.96,2025-08-09,Delivered,Benjaminstad,Massachusetts
7092,116,24,4,51.42,205.68,2024-01-01,Delivered,Port Gwendolynshire,Delaware
7093,721,192,4,5.42,21.68,2025-07-08,Returned,Moraport,Utah
7094,465,7,2,37.5,75.0,2024-09-09,Processing,Williamsview,Washington
7095,892,39,2,256.4,512.8,2025-07-04,Shipped,Ryanmouth,Georgia
7096,979,20,2,57.57,115.14,2024-11-29,Returned,Reyesside,Rhode Island
7097,426,52,3,95.66,286.98,2024-12-08,Delivered,Andrewberg,California
7098,106,26,4,32.0,128.0,2025-12-29,Delivered,Lake Todd,Colorado
7099,7,186,6,27.47,164.82,2025-12-02,Delivered,Kylefort,Washington
7100,773,160,5,30.6,153.0,2024-01-24,Delivered,West Cherylmouth,New Hampshire
7101,621,87,1,19.31,19.31,2025-04-15,Shipped,Christophermouth,Connecticut
7102,682,195,7,2.19,15.33,2024-12-28,Shipped,Christopherview,Connecticut
7103,550,88,3,189.99,569.97,2024-01-16,Shipped,South Anthonystad,South Dakota
7104,834,26,4,32.0,128.0,2024-08-23,Delivered,Port Rickytown,Connecticut
7105,278,20,2,57.57,115.14,2025-08-20,Delivered,West Raven,West Virginia
7106,426,136,2,52.07,104.14,2025-09-01,Delivered,Andrewberg,California
7107,413,30,4,58.18,232.72,2024-08-06,Delivered,Seanchester,Connecticut
7108,572,21,1,21.74,21.74,2025-04-14,Delivered,Jamesstad,Nebraska
7109,254,14,1,1392.16,1392.16,2025-05-01,Delivered,New Christine,Virginia
7110,773,31,3,29.73,89.19,2025-09-13,Delivered,West Cherylmouth,New Hampshire
7111,234,180,4,32.39,129.56,2025-11-22,Delivered,Clarkhaven,Massachusetts
7112,962,151,2,1843.3,3686.6,2024-08-20,Delivered,North Lorettaport,Rhode Island
7113,690,5,2,225.2,450.4,2024-04-26,Delivered,Campbellchester,Wisconsin
7114,545,190,1,655.22,655.22,2025-05-24,Delivered,Port Anthonyfurt,Georgia
7115,613,196,1,211.17,211.17,2024-11-18,Delivered,Rodriguezport,Indiana
7116,887,150,2,415.89,831.78,2025-06-07,Delivered,Ianside,Rhode Island
7117,138,146,3,6.95,20.85,2025-06-04,Delivered,Amandahaven,Nebraska
7118,631,147,3,202.08,606.24,2024-11-23,Delivered,East Deborahview,West Virginia
7119,459,13,3,67.98,203.94,2024-05-18,Delivered,Ramosshire,Kentucky
7120,714,178,1,96.1,96.1,2024-04-03,Shipped,Lisashire,Illinois
7121,124,154,3,341.24,0.0,2024-05-28,Cancelled,West Christinebury,Utah
7122,45,143,3,50.45,151.35,2024-08-18,Shipped,Stevenberg,Utah
7123,99,79,2,35.4,70.8,2024-03-29,Delivered,Port Dwayneborough,South Carolina
7124,604,199,2,91.79,183.58,2025-12-28,Delivered,East Josephville,Louisiana
7125,739,125,3,192.15,576.45,2025-05-25,Delivered,Lake Jason,Arizona
7126,239,4,1,263.55,0.0,2024-07-21,Cancelled,East Patriciaborough,Delaware
7127,481,17,4,22.46,89.84,2024-11-10,Delivered,South Phillipville,West Virginia
7128,417,153,4,82.41,329.64,2025-11-02,Delivered,Nicholasside,Alaska
7129,919,81,3,221.79,665.37,2025-07-03,Delivered,New Arielview,Massachusetts
7130,277,181,2,187.56,375.12,2025-08-11,Delivered,Fisherburgh,New Jersey
7131,829,162,5,99.85,0.0,2025-07-25,Cancelled,East Julie,Texas
7132,31,8,3,126.03,378.09,2025-06-18,Delivered,East Cherylfurt,New Hampshire
7133,73,28,4,18.59,0.0,2024-05-25,Cancelled,Gallagherton,Arkansas
7134,262,36,6,24.13,144.78,2025-02-15,Delivered,Vanceborough,Pennsylvania
7135,446,86,4,86.29,345.16,2025-01-12,Delivered,Steventown,South Carolina
7136,796,64,2,701.02,1402.04,2024-09-05,Delivered,New Johnfurt,Iowa
7137,539,12,2,182.65,365.3,2025-02-27,Delivered,Port Bradley,Ohio
7138,471,132,3,21.5,64.5,2024-01-01,Processing,Suzannemouth,Massachusetts
7139,814,19,3,205.94,617.82,2025-02-26,Delivered,East Troyfurt,Washington
7140,749,29,4,8.63,34.52,2024-04-14,Delivered,Tarachester,West Virginia
7141,944,168,1,214.69,214.69,2024-03-09,Delivered,Martinezport,Mississippi
7142,549,149,2,86.32,172.64,2024-03-09,Shipped,North Rachelberg,South Carolina
7143,606,136,1,52.07,52.07,2024-04-16,Delivered,New Michael,Idaho
7144,942,73,2,82.71,165.42,2024-10-26,Delivered,Ginastad,South Dakota
7145,150,55,3,136.93,410.79,2025-02-26,Delivered,Owensview,Florida
7146,557,23,1,90.2,90.2,2025-11-23,Delivered,Robinsonfort,Alabama
7147,142,59,4,5.75,23.0,2024-06-12,Delivered,Markchester,Idaho
7148,39,75,1,408.35,408.35,2025-11-09,Delivered,Lake Davidborough,Maine
7149,655,142,2,469.45,938.9,2024-06-10,Shipped,Hubbardport,North Dakota
7150,744,101,1,23.21,23.21,2024-02-04,Delivered,Tuckerland,New Hampshire
7151,394,118,3,280.69,842.07,2025-05-29,Delivered,Bradleyview,Rhode Island
7152,523,112,5,72.13,360.65,2025-11-10,Delivered,West Davidshire,Ohio
7153,760,190,1,655.22,655.22,2024-02-09,Returned,New Manuel,Colorado
7154,297,47,4,72.54,290.16,2025-07-02,Delivered,Nguyenmouth,Minnesota
7155,485,105,1,31.98,31.98,2025-05-05,Delivered,Travisville,Connecticut
7156,999,86,2,86.29,172.58,2025-07-01,Delivered,Lake Zacharyborough,Arizona
7157,662,19,2,205.94,411.88,2024-10-02,Delivered,East Casey,Alaska
7158,850,199,2,91.79,183.58,2024-01-04,Delivered,Lake Kiara,Oklahoma
7159,321,52,2,95.66,191.32,2025-07-19,Delivered,Port Nicholestad,Hawaii
7160,758,67,4,109.42,437.68,2024-07-07,Delivered,New Davidmouth,Utah
7161,973,139,3,48.17,144.51,2025-06-27,Delivered,Tracymouth,New Jersey
7162,244,65,4,7.18,28.72,2024-11-28,Delivered,South Oliviatown,Tennessee
7163,687,148,2,293.38,0.0,2025-08-12,Cancelled,South Jordan,North Carolina
7164,386,76,2,1853.62,0.0,2024-05-08,Cancelled,Jamestown,Vermont
7165,799,73,5,82.71,413.55,2025-01-14,Delivered,Johnsonmouth,New Jersey
7166,770,185,2,1128.38,2256.76,2024-07-12,Delivered,South Stephanie,California
7167,31,38,2,115.17,230.34,2024-10-11,Delivered,East Cherylfurt,New Hampshire
7168,933,159,3,144.57,433.71,2025-02-26,Delivered,Benjaminstad,Massachusetts
7169,654,20,3,57.57,172.71,2025-10-12,Delivered,New Breanna,Michigan
7170,705,14,1,1392.16,0.0,2024-10-02,Cancelled,Paulside,Hawaii
7171,319,176,1,39.64,39.64,2024-04-19,Delivered,East Michael,Nebraska
7172,437,148,3,293.38,880.14,2025-10-04,Delivered,Jesustown,West Virginia
7173,507,97,2,28.08,56.16,2024-02-06,Delivered,North Sarah,New York
7174,629,2,1,97.3,97.3,2024-12-14,Delivered,New Vickihaven,Connecticut
7175,104,65,5,7.18,35.9,2024-05-26,Returned,South Henry,West Virginia
7176,196,25,2,71.4,142.8,2025-03-13,Returned,Port Joshuachester,Maine
7177,277,146,5,6.95,34.75,2025-05-05,Returned,Fisherburgh,New Jersey
7178,631,10,4,6.76,27.04,2024-02-27,Shipped,East Deborahview,West Virginia
7179,586,86,5,86.29,431.45,2024-10-12,Delivered,Tiffanyberg,South Carolina
7180,713,68,3,115.79,347.37,2024-12-04,Delivered,West Harold,Alaska
7181,835,159,4,144.57,578.28,2025-02-25,Delivered,New Katrina,Arizona
7182,208,110,1,149.46,149.46,2025-01-14,Delivered,East Michealfort,South Dakota
7183,708,138,2,20.13,40.26,2025-08-24,Delivered,New Jennifer,North Carolina
7184,390,20,2,57.57,115.14,2025-09-09,Delivered,Port Ronald,California
7185,798,9,1,94.81,94.81,2025-06-17,Delivered,South Cory,Nebraska
7186,906,1,1,50.57,50.57,2024-09-04,Processing,Woodston,Utah
7187,529,181,2,187.56,375.12,2024-09-04,Delivered,Wheelerfort,New York
7188,246,75,1,408.35,408.35,2025-08-02,Delivered,Abigailstad,South Dakota
7189,447,66,5,100.8,504.0,2024-10-27,Delivered,South Joshuashire,Missouri
7190,567,94,2,73.18,146.36,2024-06-04,Delivered,Reneebury,Montana
7191,564,163,1,91.43,91.43,2025-06-23,Delivered,Stokeschester,Minnesota
7192,159,177,3,135.85,407.55,2024-09-14,Delivered,Brownfort,Georgia
7193,301,172,2,107.92,215.84,2024-12-06,Delivered,Joshuachester,Michigan
7194,406,55,2,136.93,273.86,2025-11-09,Delivered,Lake Jennifershire,Alaska
7195,737,21,1,21.74,21.74,2024-03-15,Shipped,Lake Christopherfort,New Mexico
7196,684,196,3,211.17,633.51,2025-09-04,Shipped,South Deniseburgh,Wyoming
7197,661,81,3,221.79,665.37,2025-09-19,Delivered,North Patricia,Idaho
7198,329,104,1,43.38,43.38,2025-03-24,Delivered,Port Russell,Michigan
7199,918,67,1,109.42,109.42,2024-02-26,Delivered,New Brad,Indiana
7200,751,50,2,107.82,215.64,2024-09-16,Shipped,Bradleyfort,Michigan
7201,179,131,5,28.16,140.8,2024-03-30,Delivered,Laurafort,South Dakota
7202,558,112,3,72.13,216.39,2025-09-05,Delivered,Stanleychester,Nebraska
7203,908,68,4,115.79,463.16,2024-09-23,Delivered,East Christopher,Colorado
7204,17,125,2,192.15,384.3,2024-05-21,Delivered,Keithburgh,West Virginia
7205,451,106,2,1067.66,2135.32,2024-03-19,Processing,Ashleyside,Delaware
7206,760,197,4,41.22,164.88,2024-04-18,Delivered,New Manuel,Colorado
7207,557,159,3,144.57,433.71,2025-11-12,Delivered,Robinsonfort,Alabama
7208,58,68,3,115.79,347.37,2024-03-24,Delivered,Christopherbury,Wisconsin
7209,985,195,9,2.19,0.0,2024-10-04,Cancelled,West Sheliaton,Maryland
7210,398,67,1,109.42,109.42,2024-04-04,Processing,Walkerhaven,Maine
7211,830,17,1,22.46,22.46,2025-02-13,Delivered,Jasonberg,Hawaii
7212,26,54,1,66.84,0.0,2024-08-24,Cancelled,Port Corey,Maine
7213,873,64,1,701.02,701.02,2025-11-20,Delivered,Port Kennethville,Vermont
7214,806,27,5,33.99,169.95,2025-03-29,Delivered,Billyton,South Carolina
7215,191,78,5,27.87,139.35,2024-12-02,Delivered,New Brittneyhaven,Maryland
7216,409,104,4,43.38,173.52,2025-03-18,Processing,New Matthew,New York
7217,589,47,3,72.54,217.62,2024-12-28,Delivered,Sharonhaven,Ohio
7218,461,181,2,187.56,375.12,2025-12-10,Delivered,New Theresaberg,Indiana
7219,581,83,3,129.45,388.35,2024-12-03,Delivered,Port David,New Hampshire
7220,826,46,2,39.3,78.6,2025-07-10,Delivered,Bryantport,North Dakota
7221,59,127,4,117.98,471.92,2025-06-11,Delivered,Sandovalshire,Iowa
7222,251,193,5,99.73,498.65,2024-07-16,Delivered,Williamton,New Hampshire
7223,220,143,4,50.45,0.0,2024-06-19,Cancelled,New Jasonport,Oregon
7224,81,6,2,98.09,196.18,2024-06-12,Returned,Rileymouth,West Virginia
7225,378,107,2,56.79,113.58,2025-11-11,Delivered,Bestfort,New York
7226,779,31,8,29.73,237.84,2024-01-27,Processing,Josestad,South Carolina
7227,392,4,3,263.55,790.65,2024-09-04,Delivered,Mariafort,Alabama
7228,492,153,3,82.41,247.23,2024-01-15,Processing,Davidhaven,Wisconsin
7229,422,59,1,5.75,5.75,2024-06-05,Delivered,Williambury,Wyoming
7230,305,66,1,100.8,100.8,2025-07-23,Processing,Marychester,Georgia
7231,682,182,3,19.79,59.37,2024-03-29,Delivered,Christopherview,Connecticut
7232,298,49,2,53.93,107.86,2025-09-17,Delivered,Garciatown,Texas
7233,340,29,4,8.63,34.52,2025-07-10,Delivered,North Stevenmouth,North Dakota
7234,479,78,10,27.87,278.7,2025-05-26,Delivered,Moranside,Mississippi
7235,580,111,3,292.45,0.0,2024-02-23,Cancelled,Brownchester,Texas
7236,912,151,1,1843.3,1843.3,2024-11-17,Delivered,Jordanstad,South Dakota
7237,65,148,3,293.38,880.14,2025-07-29,Delivered,West Jasonview,West Virginia
7238,788,178,1,96.1,96.1,2024-09-05,Delivered,West Regina,Illinois
7239,286,154,1,341.24,341.24,2025-09-13,Delivered,Port Richardfurt,Indiana
7240,725,46,1,39.3,39.3,2025-08-10,Delivered,Whiteland,West Virginia
7241,30,180,5,32.39,161.95,2025-08-16,Delivered,Millerland,New Jersey
7242,802,57,2,1165.65,2331.3,2025-09-17,Delivered,Smithside,Arkansas
7243,773,149,1,86.32,86.32,2024-05-31,Processing,West Cherylmouth,New Hampshire
7244,679,102,2,16.02,32.04,2024-04-27,Delivered,Amystad,Nevada
7245,9,132,4,21.5,86.0,2024-09-25,Shipped,East Samanthaborough,Kentucky
7246,129,49,2,53.93,107.86,2025-01-19,Shipped,East Melissaton,Nevada
7247,582,12,2,182.65,365.3,2024-09-05,Delivered,New Danielberg,New York
7248,14,151,2,1843.3,3686.6,2024-06-11,Delivered,Saraside,Connecticut
7249,675,79,1,35.4,35.4,2024-02-16,Returned,East Edwardside,Wyoming
7250,267,122,3,20.47,61.41,2024-04-16,Processing,South Cynthia,Illinois
7251,349,12,1,182.65,182.65,2024-12-10,Delivered,Lake Theresa,Pennsylvania
7252,383,104,4,43.38,173.52,2025-05-19,Delivered,New Amandaport,Georgia
7253,22,10,3,6.76,20.28,2024-07-29,Delivered,Jacobsmouth,New Jersey
7254,667,114,2,22.89,45.78,2024-06-20,Delivered,Fernandochester,Delaware
7255,812,111,1,292.45,292.45,2025-10-09,Delivered,East Gabriel,Louisiana
7256,555,189,2,1293.61,2587.22,2025-02-27,Shipped,Lake Annborough,Mississippi
7257,771,24,5,51.42,257.1,2025-02-06,Delivered,Lake Gregory,Texas
7258,685,18,2,12.0,24.0,2024-09-07,Delivered,South Cynthiafurt,Rhode Island
7259,793,190,1,655.22,655.22,2025-01-14,Delivered,Clarencefurt,Maryland
7260,204,138,4,20.13,80.52,2024-03-18,Delivered,West Ryanmouth,Kentucky
7261,109,112,1,72.13,72.13,2024-04-08,Delivered,South Scott,Nevada
7262,852,93,2,1518.29,3036.58,2024-12-22,Shipped,Pearsonmouth,Idaho
7263,442,165,2,118.26,236.52,2025-03-25,Delivered,Keithside,New Hampshire
7264,1,67,4,109.42,437.68,2024-07-12,Delivered,South James,South Carolina
7265,453,22,1,192.65,192.65,2024-11-08,Delivered,Rachelberg,Alabama
7266,501,70,6,29.73,178.38,2025-05-02,Shipped,North Gabrielabury,Minnesota
7267,902,94,3,73.18,219.54,2024-09-22,Delivered,West Kathrynport,Alaska
7268,701,166,10,12.95,129.5,2024-12-11,Delivered,Port Melissa,Texas
7269,177,116,1,146.15,146.15,2025-03-29,Delivered,North Hannahland,Virginia
7270,756,187,2,46.53,93.06,2024-07-07,Delivered,West Lori,Virginia
7271,979,89,2,101.92,203.84,2024-04-15,Returned,Reyesside,Rhode Island
7272,252,128,5,89.87,449.35,2024-03-06,Delivered,Hubbardfort,Kansas
7273,205,58,4,133.46,533.84,2024-07-08,Delivered,Kristenfurt,Florida
7274,295,29,1,8.63,8.63,2025-09-29,Delivered,Angelahaven,Michigan
7275,523,155,1,61.98,61.98,2024-06-14,Delivered,West Davidshire,Ohio
7276,716,74,2,417.08,834.16,2025-08-12,Delivered,East Conniemouth,New Mexico
7277,540,150,1,415.89,415.89,2024-09-20,Delivered,Simmonsmouth,Wyoming
7278,279,77,4,40.52,162.08,2024-06-27,Delivered,Brandonside,Oklahoma
7279,405,183,12,5.03,60.36,2025-11-09,Delivered,Lake Amandashire,Utah
7280,945,164,3,196.76,590.28,2024-03-06,Shipped,New Christopher,Indiana
7281,389,24,5,51.42,257.1,2024-02-16,Delivered,New Aliciaberg,Florida
7282,329,182,2,19.79,39.58,2024-09-21,Shipped,Port Russell,Michigan
7283,175,130,2,825.68,1651.36,2025-06-22,Delivered,Amyborough,South Dakota
7284,309,43,2,377.86,0.0,2024-01-26,Cancelled,Burkemouth,Tennessee
7285,723,102,1,16.02,16.02,2025-08-02,Processing,Alexanderview,Texas
7286,72,180,2,32.39,64.78,2025-04-15,Processing,North Christopherhaven,North Carolina
7287,485,85,1,669.8,669.8,2025-03-12,Delivered,Travisville,Connecticut
7288,633,25,4,71.4,285.6,2025-01-29,Shipped,Sarahmouth,South Carolina
7289,605,126,1,24.66,24.66,2024-12-07,Delivered,New Kenneth,Connecticut
7290,23,155,4,61.98,247.92,2025-10-09,Delivered,Danielfort,Missouri
7291,159,107,1,56.79,56.79,2024-03-06,Delivered,Brownfort,Georgia
7292,304,142,2,469.45,938.9,2024-02-19,Delivered,North Jennifer,South Dakota
7293,260,74,1,417.08,417.08,2024-06-16,Shipped,Timothyshire,New York
7294,858,1,4,50.57,202.28,2024-06-27,Delivered,North Maria,Arkansas
7295,766,142,3,469.45,1408.35,2025-04-25,Shipped,Jenniferfort,Kentucky
7296,347,84,3,121.98,365.94,2025-05-13,Delivered,New Cynthia,Nebraska
7297,442,172,1,107.92,0.0,2024-12-29,Cancelled,Keithside,New Hampshire
7298,423,126,1,24.66,24.66,2024-10-28,Delivered,South Glendafurt,Maryland
7299,881,102,3,16.02,48.06,2025-11-21,Delivered,Kerrbury,West Virginia
7300,686,43,2,377.86,755.72,2025-08-19,Delivered,Shermanville,New York
7301,681,36,3,24.13,72.39,2025-07-27,Returned,Wileybury,Alaska
7302,603,117,2,23.92,47.84,2025-03-23,Delivered,Lake Gilbert,Illinois
7303,792,16,4,48.77,195.08,2024-12-18,Delivered,Lake Tyler,Colorado
7304,185,75,2,408.35,816.7,2025-09-09,Shipped,Lake Amyport,New Mexico
7305,228,6,1,98.09,98.09,2024-04-09,Delivered,Amberbury,Arizona
7306,383,177,2,135.85,271.7,2025-03-10,Returned,New Amandaport,Georgia
7307,234,112,3,72.13,216.39,2025-08-16,Delivered,Clarkhaven,Massachusetts
7308,875,64,2,701.02,0.0,2024-03-19,Cancelled,Kevinside,Vermont
7309,486,87,2,19.31,38.62,2025-08-07,Shipped,Port Jason,Washington
7310,380,190,1,655.22,655.22,2024-01-23,Shipped,Lake Sergio,Oregon
7311,56,45,2,25.64,51.28,2025-12-03,Delivered,Matthewfort,Arizona
7312,612,169,3,171.62,514.86,2025-11-21,Delivered,East Aaron,Tennessee
7313,425,121,2,114.49,228.98,2025-04-27,Delivered,Port Christy,Michigan
7314,633,186,3,27.47,82.41,2024-03-31,Delivered,Sarahmouth,South Carolina
7315,552,62,1,331.56,331.56,2024-05-18,Delivered,East Amandachester,Utah
7316,106,33,5,32.17,160.85,2025-11-27,Delivered,Lake Todd,Colorado
7317,392,94,1,73.18,73.18,2024-12-22,Delivered,Mariafort,Alabama
7318,219,9,4,94.81,379.24,2025-08-02,Processing,South Kevin,New Hampshire
7319,827,162,4,99.85,399.4,2024-11-14,Processing,Trevorborough,Idaho
7320,47,44,1,180.6,180.6,2024-11-24,Delivered,West Matthewburgh,South Dakota
7321,970,37,3,27.38,82.14,2025-04-06,Delivered,Allenmouth,West Virginia
7322,421,106,1,1067.66,1067.66,2025-07-01,Delivered,Jonesberg,Kansas
7323,655,73,5,82.71,413.55,2024-02-18,Delivered,Hubbardport,North Dakota
7324,933,123,1,120.25,120.25,2024-05-11,Delivered,Benjaminstad,Massachusetts
7325,460,64,2,701.02,1402.04,2024-09-18,Delivered,Smithside,Michigan
7326,932,1,2,50.57,101.14,2025-01-26,Returned,Lake Cassandra,Indiana
7327,517,41,2,1133.32,2266.64,2025-04-21,Returned,New Johnview,Connecticut
7328,488,36,6,24.13,144.78,2024-11-23,Delivered,East Erikafort,Rhode Island
7329,618,169,3,171.62,514.86,2025-08-11,Delivered,Fisherbury,Wisconsin
7330,317,82,2,102.58,205.16,2025-11-08,Delivered,Hooperburgh,Massachusetts
7331,849,123,2,120.25,240.5,2024-04-04,Delivered,Cookeville,New York
7332,952,145,2,238.69,477.38,2024-04-26,Delivered,South Kimbury,Arizona
7333,725,103,2,324.51,649.02,2024-05-26,Delivered,Whiteland,West Virginia
7334,949,160,1,30.6,30.6,2025-04-21,Delivered,Oneillbury,Wyoming
7335,6,80,3,206.74,620.22,2025-02-18,Delivered,Lake Stephen,Nevada
7336,81,148,1,293.38,293.38,2024-12-31,Delivered,Rileymouth,West Virginia
7337,349,169,2,171.62,343.24,2025-06-30,Delivered,Lake Theresa,Pennsylvania
7338,248,38,1,115.17,115.17,2024-07-11,Delivered,Lake David,New York
7339,671,36,3,24.13,72.39,2024-04-09,Shipped,Lake Ericchester,Washington
7340,622,149,2,86.32,172.64,2024-08-13,Shipped,Barbarastad,Wisconsin
7341,326,184,2,151.44,302.88,2024-06-18,Delivered,Port Angela,Virginia
7342,165,20,3,57.57,172.71,2025-10-22,Delivered,West Paulburgh,Nevada
7343,134,66,1,100.8,100.8,2024-06-25,Delivered,New Joshua,Texas
7344,492,83,1,129.45,129.45,2025-03-23,Shipped,Davidhaven,Wisconsin
7345,743,180,2,32.39,64.78,2025-10-30,Processing,Danielborough,California
7346,369,41,2,1133.32,2266.64,2025-07-06,Shipped,North Sally,Rhode Island
7347,794,112,3,72.13,216.39,2025-07-27,Delivered,Harperport,Iowa
7348,917,139,2,48.17,96.34,2025-02-19,Delivered,Geoffreybury,Nevada
7349,824,87,3,19.31,57.93,2025-03-16,Delivered,New Normaton,Georgia
7350,849,199,5,91.79,458.95,2025-08-21,Delivered,Cookeville,New York
7351,337,184,3,151.44,0.0,2025-04-16,Cancelled,Lake Victoriastad,New York
7352,745,108,3,92.71,278.13,2024-03-27,Shipped,Lake James,Arizona
7353,612,175,4,88.86,355.44,2025-02-03,Delivered,East Aaron,Tennessee
7354,611,192,11,5.42,59.62,2024-04-22,Delivered,New Johnfurt,Ohio
7355,49,166,6,12.95,77.7,2025-03-25,Shipped,South Matthewshire,Utah
7356,330,57,1,1165.65,1165.65,2024-04-28,Processing,Natashaborough,Massachusetts
7357,825,154,3,341.24,1023.72,2025-01-16,Delivered,Karenville,Texas
7358,387,183,8,5.03,40.24,2024-02-15,Delivered,Curtiston,Rhode Island
7359,552,127,3,117.98,353.94,2024-09-19,Delivered,East Amandachester,Utah
7360,339,84,2,121.98,243.96,2024-12-04,Shipped,Goodland,Texas
7361,33,150,2,415.89,831.78,2025-03-29,Delivered,South Rebecca,Utah
7362,349,152,5,69.34,346.7,2024-01-04,Delivered,Lake Theresa,Pennsylvania
7363,853,150,2,415.89,831.78,2024-03-14,Delivered,New Amber,Georgia
7364,818,47,3,72.54,217.62,2024-10-28,Delivered,East Misty,North Dakota
7365,954,71,3,117.87,353.61,2025-04-07,Delivered,North Jasonbury,New Jersey
7366,125,99,6,23.4,140.4,2025-07-24,Delivered,West Daniellemouth,New Mexico
7367,41,168,2,214.69,429.38,2025-11-19,Delivered,Parkerborough,Tennessee
7368,471,44,3,180.6,541.8,2025-01-15,Delivered,Suzannemouth,Massachusetts
7369,955,155,2,61.98,123.96,2025-08-27,Delivered,Brockbury,Georgia
7370,168,99,7,23.4,163.8,2024-09-10,Delivered,Oconnorstad,Oregon
7371,596,189,1,1293.61,1293.61,2025-04-14,Delivered,Port Melissamouth,Massachusetts
7372,300,143,1,50.45,50.45,2024-02-03,Processing,Schneiderbury,Minnesota
7373,606,135,3,17.94,53.82,2025-03-02,Delivered,New Michael,Idaho
7374,207,69,2,96.69,193.38,2024-09-25,Delivered,Valerieview,Idaho
7375,579,119,1,299.58,299.58,2024-12-19,Delivered,Hortonfurt,Montana
7376,187,12,1,182.65,0.0,2025-03-05,Cancelled,East Susan,South Dakota
7377,703,200,5,35.55,177.75,2024-07-08,Delivered,East Alex,Washington
7378,686,176,3,39.64,118.92,2025-11-13,Shipped,Shermanville,New York
7379,627,46,3,39.3,117.9,2024-02-18,Delivered,West Ellen,Alaska
7380,675,57,2,1165.65,2331.3,2025-05-30,Delivered,East Edwardside,Wyoming
7381,633,141,2,371.58,743.16,2025-09-14,Delivered,Sarahmouth,South Carolina
7382,496,32,1,112.27,112.27,2024-01-14,Delivered,Codyville,Colorado
7383,830,46,1,39.3,39.3,2024-05-26,Delivered,Jasonberg,Hawaii
7384,672,35,3,486.1,1458.3,2024-05-09,Delivered,Lake Ricardo,Washington
7385,257,68,4,115.79,463.16,2025-08-18,Delivered,Lake Bobby,Virginia
7386,438,58,1,133.46,133.46,2025-03-12,Processing,Reedville,Virginia
7387,985,68,3,115.79,347.37,2024-12-04,Delivered,West Sheliaton,Maryland
7388,361,111,2,292.45,0.0,2024-10-19,Cancelled,Mccoyton,Michigan
7389,460,27,2,33.99,67.98,2024-06-16,Delivered,Smithside,Michigan
7390,317,179,1,76.57,76.57,2025-10-12,Delivered,Hooperburgh,Massachusetts
7391,192,67,1,109.42,109.42,2025-07-02,Delivered,Shepherdton,Kansas
7392,195,183,5,5.03,25.15,2024-07-19,Delivered,Ryanville,Alaska
7393,641,9,2,94.81,189.62,2024-02-21,Delivered,Priceland,Rhode Island
7394,96,187,2,46.53,93.06,2024-11-15,Delivered,Amandaberg,Washington
7395,596,49,3,53.93,161.79,2025-09-28,Shipped,Port Melissamouth,Massachusetts
7396,158,118,1,280.69,280.69,2025-07-16,Shipped,Brettbury,South Dakota
7397,381,21,1,21.74,21.74,2025-08-29,Delivered,Johnsontown,North Carolina
7398,155,147,2,202.08,404.16,2025-11-24,Delivered,West Michaelfurt,Idaho
7399,892,93,1,1518.29,1518.29,2025-07-05,Delivered,Ryanmouth,Georgia
7400,802,192,11,5.42,59.62,2024-03-05,Delivered,Smithside,Arkansas
7401,15,184,3,151.44,454.32,2025-05-27,Delivered,North Justin,Oregon
7402,580,101,2,23.21,0.0,2025-03-31,Cancelled,Brownchester,Texas
7403,851,53,2,53.04,106.08,2024-06-27,Shipped,Marcusstad,Wisconsin
7404,517,182,6,19.79,118.74,2025-07-07,Delivered,New Johnview,Connecticut
7405,826,129,1,156.82,0.0,2025-07-24,Cancelled,Bryantport,North Dakota
7406,387,80,3,206.74,620.22,2024-07-10,Delivered,Curtiston,Rhode Island
7407,346,94,3,73.18,219.54,2024-06-12,Processing,Lake Jennifermouth,Maryland
7408,817,160,1,30.6,30.6,2024-02-11,Delivered,West Dianestad,Iowa
7409,124,28,1,18.59,18.59,2025-06-09,Shipped,West Christinebury,Utah
7410,175,198,1,28.18,28.18,2024-01-24,Delivered,Amyborough,South Dakota
7411,93,17,3,22.46,67.38,2024-03-28,Delivered,Richardfurt,Washington
7412,443,14,2,1392.16,2784.32,2024-12-16,Returned,Port Nathaniel,Florida
7413,461,15,2,213.82,427.64,2024-09-15,Delivered,New Theresaberg,Indiana
7414,347,126,3,24.66,73.98,2024-09-13,Shipped,New Cynthia,Nebraska
7415,3,52,1,95.66,95.66,2024-10-14,Delivered,East Rubenview,Connecticut
7416,715,46,1,39.3,39.3,2024-10-03,Delivered,Andreabury,Minnesota
7417,766,110,4,149.46,597.84,2025-05-01,Delivered,Jenniferfort,Kentucky
7418,57,150,1,415.89,415.89,2025-06-23,Shipped,Amyland,Kentucky
7419,469,103,3,324.51,973.53,2025-01-31,Delivered,West Beth,New Jersey
7420,683,165,2,118.26,236.52,2025-03-30,Delivered,New Jennifer,Wisconsin
7421,332,132,3,21.5,64.5,2025-08-27,Delivered,New Dominique,Oregon
7422,412,96,3,51.29,153.87,2025-06-21,Processing,Annatown,New York
7423,457,43,1,377.86,377.86,2025-06-10,Shipped,East Adammouth,Iowa
7424,932,50,3,107.82,323.46,2024-08-06,Delivered,Lake Cassandra,Indiana
7425,459,114,1,22.89,22.89,2025-03-27,Delivered,Ramosshire,Kentucky
7426,215,79,5,35.4,177.0,2024-01-02,Delivered,North Suzannefurt,Wisconsin
7427,58,172,2,107.92,215.84,2025-05-13,Delivered,Christopherbury,Wisconsin
7428,78,83,1,129.45,129.45,2025-01-12,Delivered,Adamsmouth,Arkansas
7429,187,200,3,35.55,106.65,2025-06-16,Processing,East Susan,South Dakota
7430,739,188,1,35.05,35.05,2025-01-14,Delivered,Lake Jason,Arizona
7431,396,80,3,206.74,620.22,2025-05-24,Delivered,Carpenterchester,Connecticut
7432,177,60,2,242.61,485.22,2024-10-20,Shipped,North Hannahland,Virginia
7433,237,141,1,371.58,371.58,2024-11-19,Delivered,New Lauraton,Georgia
7434,352,174,12,39.88,478.56,2024-05-27,Shipped,Maybury,Indiana
7435,486,60,2,242.61,485.22,2025-01-27,Delivered,Port Jason,Washington
7436,310,188,10,35.05,350.5,2025-06-25,Delivered,Martinezberg,Arkansas
7437,666,39,2,256.4,512.8,2025-04-13,Delivered,Riversside,Tennessee
7438,811,49,2,53.93,107.86,2025-08-16,Returned,North Matthew,Mississippi
7439,772,67,3,109.42,328.26,2025-07-06,Delivered,Burkeberg,West Virginia
7440,920,44,1,180.6,180.6,2024-10-11,Delivered,Jennaport,Nebraska
7441,458,59,2,5.75,11.5,2025-08-17,Delivered,South Ryan,Michigan
7442,802,98,2,171.77,343.54,2025-10-05,Delivered,Smithside,Arkansas
7443,897,127,3,117.98,353.94,2025-03-04,Delivered,Port Bradshire,Maine
7444,239,152,2,69.34,138.68,2024-09-27,Delivered,East Patriciaborough,Delaware
7445,125,72,3,171.7,515.1,2025-11-26,Shipped,West Daniellemouth,New Mexico
7446,118,104,5,43.38,0.0,2025-11-03,Cancelled,South Cassidy,Louisiana
7447,110,59,6,5.75,34.5,2024-08-19,Delivered,Welchhaven,New Hampshire
7448,220,23,5,90.2,451.0,2025-09-25,Processing,New Jasonport,Oregon
7449,857,133,2,57.39,114.78,2025-03-05,Delivered,Boydside,Nebraska
7450,769,133,2,57.39,114.78,2024-10-24,Shipped,Nolanfurt,California
7451,234,34,1,264.74,264.74,2024-08-07,Delivered,Clarkhaven,Massachusetts
7452,974,107,3,56.79,170.37,2025-10-09,Delivered,Morsehaven,Nevada
7453,85,7,5,37.5,187.5,2025-04-09,Delivered,Lake Charles,Missouri
7454,443,177,2,135.85,0.0,2024-02-23,Cancelled,Port Nathaniel,Florida
7455,870,166,1,12.95,12.95,2025-01-09,Delivered,Parkerhaven,Indiana
7456,563,6,3,98.09,294.27,2024-12-19,Delivered,West Jennifer,Florida
7457,102,170,5,60.94,304.7,2025-12-03,Delivered,Keithport,Oregon
7458,915,47,3,72.54,217.62,2024-11-23,Processing,Calhounchester,Delaware
7459,903,173,6,31.1,186.6,2025-10-07,Delivered,North Raymondton,Wyoming
7460,942,23,4,90.2,360.8,2025-04-13,Delivered,Ginastad,South Dakota
7461,855,56,2,738.0,1476.0,2024-04-23,Delivered,Reyeshaven,Pennsylvania
7462,821,32,2,112.27,224.54,2024-04-12,Delivered,New Carl,Alabama
7463,760,154,1,341.24,341.24,2024-09-19,Processing,New Manuel,Colorado
7464,477,100,3,272.84,818.52,2025-10-29,Delivered,Hortonmouth,Texas
7465,787,106,1,1067.66,1067.66,2025-07-02,Delivered,New Robertton,Maryland
7466,201,144,9,48.66,437.94,2024-12-08,Delivered,Port Kimberlyton,Minnesota
7467,400,6,2,98.09,196.18,2024-11-11,Delivered,Jerryberg,Rhode Island
7468,195,152,5,69.34,346.7,2024-01-10,Delivered,Ryanville,Alaska
7469,659,55,3,136.93,410.79,2025-08-30,Delivered,East Josemouth,Alaska
7470,459,112,2,72.13,144.26,2024-12-05,Returned,Ramosshire,Kentucky
7471,465,151,2,1843.3,3686.6,2025-10-16,Shipped,Williamsview,Washington
7472,776,55,1,136.93,136.93,2025-04-02,Shipped,West Gerald,Colorado
7473,628,59,2,5.75,11.5,2025-04-15,Processing,Williamsberg,Florida
7474,975,104,2,43.38,86.76,2024-10-05,Delivered,Michelemouth,New Mexico
7475,321,76,2,1853.62,3707.24,2024-08-30,Processing,Port Nicholestad,Hawaii
7476,405,102,3,16.02,48.06,2024-06-13,Delivered,Lake Amandashire,Utah
7477,61,157,5,21.39,106.95,2024-08-24,Delivered,Port Tammytown,Tennessee
7478,272,144,12,48.66,583.92,2024-12-27,Processing,East Barbara,South Carolina
7479,417,6,1,98.09,98.09,2024-08-07,Delivered,Nicholasside,Alaska
7480,971,2,1,97.3,97.3,2025-12-27,Delivered,North Barbarashire,Delaware
7481,546,62,3,331.56,994.68,2025-12-17,Delivered,Jasontown,Hawaii
7482,423,88,1,189.99,189.99,2024-03-06,Delivered,South Glendafurt,Maryland
7483,320,104,2,43.38,86.76,2025-11-09,Delivered,New Daniel,Minnesota
7484,404,91,9,16.92,152.28,2025-06-17,Shipped,Bakerland,Rhode Island
7485,287,157,5,21.39,106.95,2025-12-28,Delivered,South Philipshire,Arkansas
7486,20,69,5,96.69,483.45,2025-01-23,Delivered,Lake Lisa,Michigan
7487,107,70,12,29.73,356.76,2025-09-21,Delivered,Patriciaville,Colorado
7488,452,92,3,31.83,95.49,2025-09-28,Delivered,Morenoberg,West Virginia
7489,23,156,4,136.11,544.44,2025-07-14,Delivered,Danielfort,Missouri
7490,715,90,1,780.14,780.14,2024-05-16,Delivered,Andreabury,Minnesota
7491,975,193,2,99.73,199.46,2024-03-28,Processing,Michelemouth,New Mexico
7492,116,57,2,1165.65,2331.3,2024-07-28,Delivered,Port Gwendolynshire,Delaware
7493,290,86,2,86.29,172.58,2025-01-25,Delivered,Larryland,Maine
7494,464,15,1,213.82,213.82,2025-12-09,Processing,North Tara,Texas
7495,931,19,3,205.94,0.0,2025-09-24,Cancelled,North Adammouth,New Hampshire
7496,932,100,3,272.84,818.52,2025-12-03,Delivered,Lake Cassandra,Indiana
7497,597,70,5,29.73,148.65,2024-05-18,Shipped,South Robert,Colorado
7498,508,76,2,1853.62,3707.24,2024-02-07,Delivered,Bushchester,Arizona
7499,94,42,3,289.31,867.93,2025-04-21,Returned,West Cindybury,New York
7500,726,13,3,67.98,203.94,2024-10-24,Shipped,Margaretmouth,Connecticut
7501,68,60,1,242.61,242.61,2025-03-03,Delivered,Brownville,Virginia
7502,175,188,4,35.05,140.2,2025-08-25,Delivered,Amyborough,South Dakota
7503,867,97,3,28.08,84.24,2025-06-06,Delivered,Lukeland,Maryland
7504,732,18,3,12.0,36.0,2024-04-20,Delivered,Stephaniechester,Nevada
7505,674,22,1,192.65,192.65,2025-10-06,Delivered,Melissafurt,Illinois
7506,412,130,2,825.68,1651.36,2025-05-02,Delivered,Annatown,New York
7507,101,4,1,263.55,263.55,2025-11-24,Delivered,Kathleenburgh,South Dakota
7508,423,161,1,295.59,295.59,2025-02-14,Delivered,South Glendafurt,Maryland
7509,799,96,2,51.29,102.58,2025-07-15,Delivered,Johnsonmouth,New Jersey
7510,893,182,2,19.79,39.58,2024-09-04,Processing,Rachelhaven,South Carolina
7511,495,116,2,146.15,292.3,2024-01-30,Shipped,West Kyle,Vermont
7512,478,76,1,1853.62,0.0,2024-09-28,Cancelled,West Chasestad,California
7513,561,27,3,33.99,101.97,2024-08-24,Delivered,Lopezside,Oregon
7514,444,135,5,17.94,89.7,2025-09-06,Delivered,Edwardsview,South Dakota
7515,331,53,2,53.04,106.08,2025-09-25,Delivered,Lake Williamfort,Washington
7516,849,183,8,5.03,40.24,2024-07-18,Processing,Cookeville,New York
7517,930,118,3,280.69,842.07,2024-05-22,Delivered,North Denise,New Hampshire
7518,428,124,1,253.0,253.0,2024-11-21,Processing,Harperfurt,Iowa
7519,210,78,4,27.87,111.48,2025-01-21,Delivered,Port Jonathanshire,Utah
7520,888,83,2,129.45,258.9,2025-02-25,Shipped,Williamville,Wisconsin
7521,294,165,4,118.26,473.04,2025-11-07,Delivered,East Matthewtown,Pennsylvania
7522,177,70,1,29.73,29.73,2024-09-14,Delivered,North Hannahland,Virginia
7523,110,71,1,117.87,117.87,2024-05-04,Processing,Welchhaven,New Hampshire
7524,850,72,4,171.7,686.8,2025-03-26,Delivered,Lake Kiara,Oklahoma
7525,629,47,3,72.54,217.62,2024-11-09,Delivered,New Vickihaven,Connecticut
7526,228,2,4,97.3,0.0,2025-04-24,Cancelled,Amberbury,Arizona
7527,457,134,2,61.51,0.0,2025-11-20,Cancelled,East Adammouth,Iowa
7528,946,138,4,20.13,80.52,2024-02-02,Delivered,East Kelly,Maryland
7529,231,13,1,67.98,67.98,2025-07-27,Delivered,Lake Susan,Vermont
7530,184,118,1,280.69,280.69,2025-08-21,Delivered,West Robert,Illinois
7531,65,115,2,115.19,230.38,2025-12-10,Delivered,West Jasonview,West Virginia
7532,953,111,2,292.45,584.9,2025-02-24,Delivered,Debbieberg,Connecticut
7533,189,45,5,25.64,128.2,2025-07-22,Shipped,New Ryanfort,California
7534,722,112,3,72.13,216.39,2024-05-10,Delivered,East Jamesshire,Kansas
7535,490,127,2,117.98,235.96,2024-06-24,Delivered,Port Robertland,Idaho
7536,859,52,2,95.66,191.32,2025-01-26,Delivered,Haasfort,Kansas
7537,295,95,4,90.16,360.64,2025-06-21,Delivered,Angelahaven,Michigan
7538,192,133,2,57.39,114.78,2024-02-21,Delivered,Shepherdton,Kansas
7539,558,172,3,107.92,0.0,2024-02-21,Cancelled,Stanleychester,Nebraska
7540,98,183,12,5.03,60.36,2025-08-25,Delivered,Port Aaron,Virginia
7541,163,65,4,7.18,28.72,2024-07-30,Delivered,Lake Josephhaven,California
7542,958,2,3,97.3,291.9,2025-08-07,Delivered,Judithborough,New Mexico
7543,909,38,4,115.17,460.68,2024-01-07,Delivered,Amyhaven,Connecticut
7544,384,41,2,1133.32,2266.64,2025-09-10,Delivered,Port Tanya,Michigan
7545,543,164,4,196.76,787.04,2024-03-10,Delivered,East Pamela,North Dakota
7546,725,105,1,31.98,31.98,2025-03-27,Delivered,Whiteland,West Virginia
7547,512,54,5,66.84,334.2,2025-11-04,Delivered,Rachelbury,Nebraska
7548,903,166,9,12.95,116.55,2025-11-04,Shipped,North Raymondton,Wyoming
7549,907,146,1,6.95,6.95,2024-05-05,Returned,Karatown,South Carolina
7550,567,160,5,30.6,153.0,2025-05-08,Delivered,Reneebury,Montana
7551,114,110,1,149.46,149.46,2025-11-13,Shipped,North Christopherstad,Georgia
7552,594,180,6,32.39,194.34,2024-04-26,Delivered,Garciaville,Pennsylvania
7553,481,27,4,33.99,135.96,2024-06-10,Delivered,South Phillipville,West Virginia
7554,430,81,1,221.79,221.79,2024-08-21,Delivered,New Ralph,Wisconsin
7555,800,93,1,1518.29,1518.29,2025-09-20,Delivered,Perkinsport,Alabama
7556,554,58,4,133.46,533.84,2024-07-30,Delivered,Haaschester,Arkansas
7557,251,122,1,20.47,20.47,2025-08-08,Delivered,Williamton,New Hampshire
7558,238,94,3,73.18,0.0,2025-11-28,Cancelled,Russellton,Minnesota
7559,401,46,3,39.3,117.9,2025-06-27,Delivered,New Erik,New York
7560,221,173,3,31.1,93.3,2025-04-04,Delivered,Lake Samanthaport,Nebraska
7561,783,34,3,264.74,794.22,2024-02-12,Processing,Allenhaven,Georgia
7562,145,198,3,28.18,84.54,2024-07-26,Delivered,West William,Michigan
7563,662,160,4,30.6,122.4,2024-01-07,Delivered,East Casey,Alaska
7564,792,65,3,7.18,21.54,2025-03-24,Shipped,Lake Tyler,Colorado
7565,656,61,1,83.9,83.9,2024-01-25,Processing,Lake Alan,Georgia
7566,532,139,4,48.17,192.68,2025-05-21,Delivered,Hansonfort,Missouri
7567,321,119,1,299.58,0.0,2024-02-06,Cancelled,Port Nicholestad,Hawaii
7568,88,60,2,242.61,485.22,2025-06-23,Shipped,Ryanberg,Oklahoma
7569,392,57,1,1165.65,1165.65,2025-12-02,Shipped,Mariafort,Alabama
7570,152,157,4,21.39,85.56,2024-07-06,Returned,New Andrea,Delaware
7571,387,112,3,72.13,0.0,2024-10-28,Cancelled,Curtiston,Rhode Island
7572,539,22,3,192.65,577.95,2024-06-03,Processing,Port Bradley,Ohio
7573,716,133,4,57.39,229.56,2024-10-27,Delivered,East Conniemouth,New Mexico
7574,743,25,3,71.4,214.2,2024-11-15,Shipped,Danielborough,California
7575,194,161,2,295.59,591.18,2024-07-01,Processing,North Ryan,Minnesota
7576,170,76,1,1853.62,0.0,2024-03-05,Cancelled,New Charles,Alabama
7577,415,196,1,211.17,211.17,2025-02-25,Returned,Kevinberg,Connecticut
7578,711,19,2,205.94,411.88,2024-03-06,Delivered,North Henry,Kansas
7579,110,114,3,22.89,68.67,2025-09-09,Delivered,Welchhaven,New Hampshire
7580,153,188,6,35.05,210.3,2025-12-15,Delivered,Russellton,Massachusetts
7581,726,167,2,133.62,267.24,2024-02-24,Shipped,Margaretmouth,Connecticut
7582,657,40,4,13.32,53.28,2025-01-26,Delivered,Josephfort,Hawaii
7583,991,52,1,95.66,95.66,2025-10-18,Delivered,Davidshire,New Jersey
7584,656,169,2,171.62,343.24,2025-11-16,Delivered,Lake Alan,Georgia
7585,50,1,2,50.57,101.14,2025-08-25,Delivered,Daughertyfort,Virginia
7586,915,142,3,469.45,1408.35,2024-04-04,Shipped,Calhounchester,Delaware
7587,889,45,3,25.64,76.92,2025-07-31,Delivered,Michaelshire,Florida
7588,512,196,1,211.17,211.17,2025-11-15,Delivered,Rachelbury,Nebraska
7589,299,78,12,27.87,334.44,2024-12-22,Delivered,Taylorbury,California
7590,4,185,2,1128.38,2256.76,2025-08-13,Delivered,Melissamouth,Mississippi
7591,738,45,1,25.64,25.64,2025-04-25,Delivered,Shawnmouth,Florida
7592,709,58,3,133.46,400.38,2025-12-26,Shipped,Martinezshire,Nevada
7593,449,49,3,53.93,161.79,2025-12-26,Processing,Millermouth,South Carolina
7594,434,175,3,88.86,266.58,2025-06-23,Delivered,South Jasonfort,Michigan
7595,149,119,2,299.58,599.16,2025-06-02,Delivered,Lake Kellyberg,Indiana
7596,868,93,1,1518.29,1518.29,2025-04-12,Delivered,Angelaton,Arizona
7597,999,20,3,57.57,172.71,2024-04-22,Delivered,Lake Zacharyborough,Arizona
7598,792,62,3,331.56,0.0,2025-12-26,Cancelled,Lake Tyler,Colorado
7599,782,60,3,242.61,727.83,2024-06-19,Delivered,Michaelmouth,Massachusetts
7600,401,45,5,25.64,128.2,2025-05-14,Delivered,New Erik,New York
7601,96,3,4,7.36,29.44,2024-08-31,Delivered,Amandaberg,Washington
7602,638,59,2,5.75,11.5,2025-05-06,Delivered,South Jeremyport,Arizona
7603,989,93,1,1518.29,1518.29,2025-08-23,Delivered,Matthewshire,Arkansas
7604,276,80,1,206.74,206.74,2025-11-30,Delivered,East Hollystad,Maryland
7605,788,161,2,295.59,591.18,2025-01-12,Delivered,West Regina,Illinois
7606,204,47,4,72.54,290.16,2025-02-11,Shipped,West Ryanmouth,Kentucky
7607,508,181,1,187.56,187.56,2025-10-28,Delivered,Bushchester,Arizona
7608,931,113,4,158.59,634.36,2025-01-07,Delivered,North Adammouth,New Hampshire
7609,748,18,1,12.0,12.0,2025-01-13,Delivered,Kathleenport,Delaware
7610,802,76,1,1853.62,0.0,2024-07-09,Cancelled,Smithside,Arkansas
7611,579,103,2,324.51,649.02,2024-02-24,Processing,Hortonfurt,Montana
7612,336,18,5,12.0,60.0,2025-11-26,Delivered,Romeroport,Georgia
7613,192,69,5,96.69,483.45,2024-11-28,Delivered,Shepherdton,Kansas
7614,49,151,2,1843.3,3686.6,2025-05-13,Delivered,South Matthewshire,Utah
7615,501,122,4,20.47,81.88,2024-02-13,Delivered,North Gabrielabury,Minnesota
7616,820,124,2,253.0,506.0,2024-08-04,Delivered,East Roberthaven,Maine
7617,469,33,4,32.17,128.68,2024-07-08,Delivered,West Beth,New Jersey
7618,770,189,1,1293.61,1293.61,2025-08-16,Delivered,South Stephanie,California
7619,797,83,1,129.45,129.45,2025-08-10,Delivered,Lake Margaretchester,Alaska
7620,867,103,2,324.51,649.02,2024-10-10,Delivered,Lukeland,Maryland
7621,90,76,2,1853.62,0.0,2024-05-23,Cancelled,North Teresaport,Georgia
7622,868,149,4,86.32,345.28,2025-10-10,Delivered,Angelaton,Arizona
7623,757,123,1,120.25,120.25,2024-10-15,Delivered,North Andrea,Alabama
7624,348,69,5,96.69,483.45,2024-09-17,Shipped,Port Jessicaview,Arizona
7625,127,46,3,39.3,117.9,2024-08-04,Delivered,Morganmouth,Hawaii
7626,863,130,1,825.68,825.68,2024-11-07,Delivered,Leslieborough,New York
7627,488,34,1,264.74,264.74,2025-05-08,Shipped,East Erikafort,Rhode Island
7628,272,68,4,115.79,463.16,2024-09-14,Delivered,East Barbara,South Carolina
7629,860,185,1,1128.38,1128.38,2024-01-12,Delivered,Hessfurt,Colorado
7630,948,106,2,1067.66,2135.32,2024-10-03,Delivered,Port Holly,Mississippi
7631,86,34,1,264.74,264.74,2024-03-08,Processing,New Juan,Kentucky
7632,116,149,1,86.32,86.32,2024-01-03,Returned,Port Gwendolynshire,Delaware
7633,31,70,4,29.73,118.92,2025-08-13,Delivered,East Cherylfurt,New Hampshire
7634,758,96,1,51.29,51.29,2025-09-28,Delivered,New Davidmouth,Utah
7635,321,89,2,101.92,203.84,2024-11-09,Processing,Port Nicholestad,Hawaii
7636,550,28,2,18.59,37.18,2025-06-05,Delivered,South Anthonystad,South Dakota
7637,849,63,1,155.85,155.85,2024-07-13,Delivered,Cookeville,New York
7638,452,87,1,19.31,19.31,2025-09-19,Delivered,Morenoberg,West Virginia
7639,424,182,1,19.79,19.79,2024-02-25,Delivered,Cantumouth,Wisconsin
7640,654,157,2,21.39,42.78,2024-09-02,Delivered,New Breanna,Michigan
7641,899,10,5,6.76,33.8,2024-10-25,Delivered,North Tina,Idaho
7642,780,113,1,158.59,158.59,2024-09-25,Delivered,Jessicaberg,Utah
7643,38,106,1,1067.66,1067.66,2024-01-22,Returned,Riceland,Georgia
7644,424,115,3,115.19,345.57,2024-09-12,Returned,Cantumouth,Wisconsin
7645,532,20,3,57.57,172.71,2024-03-07,Processing,Hansonfort,Missouri
7646,484,140,3,93.97,281.91,2024-08-21,Returned,Loganport,Wyoming
7647,935,108,4,92.71,370.84,2025-02-12,Delivered,South Tracyville,Washington
7648,804,184,3,151.44,0.0,2024-12-26,Cancelled,Charlesville,Louisiana
7649,653,21,5,21.74,108.7,2025-02-27,Delivered,East Williamborough,Kentucky
7650,813,155,2,61.98,123.96,2024-04-04,Delivered,West Michaelville,Virginia
7651,253,141,3,371.58,1114.74,2024-03-02,Delivered,New Melodyland,West Virginia
7652,136,65,5,7.18,35.9,2025-09-20,Shipped,Lake Sandra,Washington
7653,64,31,11,29.73,327.03,2025-02-13,Delivered,East Sharon,California
7654,329,71,3,117.87,353.61,2025-11-03,Returned,Port Russell,Michigan
7655,53,161,2,295.59,591.18,2024-11-28,Delivered,New Williamborough,Delaware
7656,380,126,2,24.66,49.32,2024-03-24,Delivered,Lake Sergio,Oregon
7657,96,123,1,120.25,120.25,2025-01-28,Shipped,Amandaberg,Washington
7658,512,181,1,187.56,187.56,2025-01-13,Shipped,Rachelbury,Nebraska
7659,368,35,3,486.1,1458.3,2025-12-14,Delivered,Andrewland,Mississippi
7660,701,55,3,136.93,410.79,2024-05-31,Delivered,Port Melissa,Texas
7661,191,33,2,32.17,64.34,2024-06-20,Delivered,New Brittneyhaven,Maryland
7662,263,191,3,92.98,278.94,2024-12-11,Delivered,Michaelbury,Maryland
7663,788,37,1,27.38,27.38,2025-12-17,Delivered,West Regina,Illinois
7664,982,162,4,99.85,399.4,2025-06-21,Delivered,Brownfort,Delaware
7665,968,125,4,192.15,768.6,2024-01-24,Delivered,North Spencer,North Carolina
7666,526,99,2,23.4,46.8,2025-12-02,Delivered,New Lori,New York
7667,42,156,3,136.11,408.33,2024-09-23,Delivered,Draketon,Vermont
7668,455,18,3,12.0,36.0,2025-07-11,Delivered,Meganfort,Kentucky
7669,665,195,11,2.19,24.09,2025-01-10,Processing,Bryantbury,Massachusetts
7670,828,42,3,289.31,867.93,2025-10-05,Shipped,Aliciamouth,Wyoming
7671,266,72,3,171.7,515.1,2025-01-26,Returned,New Joseport,Virginia
7672,105,171,4,41.02,164.08,2025-03-21,Delivered,East Jenniferborough,Texas
7673,189,176,1,39.64,39.64,2025-05-27,Shipped,New Ryanfort,California
7674,575,120,2,47.8,95.6,2024-03-30,Delivered,Danielton,Idaho
7675,80,150,2,415.89,831.78,2024-05-06,Delivered,West Shannon,Arizona
7676,507,18,1,12.0,12.0,2025-03-07,Delivered,North Sarah,New York
7677,385,177,3,135.85,407.55,2024-06-25,Delivered,Rebekahville,Nevada
7678,218,14,1,1392.16,1392.16,2025-01-07,Delivered,Lisachester,Louisiana
7679,467,134,4,61.51,246.04,2024-05-17,Delivered,North Feliciashire,Wisconsin
7680,24,69,2,96.69,193.38,2024-05-29,Delivered,South Timothy,South Dakota
7681,544,175,2,88.86,177.72,2024-09-19,Shipped,Cranehaven,Montana
7682,451,57,2,1165.65,2331.3,2025-04-18,Processing,Ashleyside,Delaware
7683,931,153,5,82.41,412.05,2025-11-14,Delivered,North Adammouth,New Hampshire
7684,683,108,2,92.71,185.42,2025-12-17,Delivered,New Jennifer,Wisconsin
7685,187,187,3,46.53,139.59,2024-09-15,Delivered,East Susan,South Dakota
7686,584,133,1,57.39,57.39,2024-06-20,Shipped,Sanchezberg,New Hampshire
7687,797,120,2,47.8,95.6,2024-07-05,Delivered,Lake Margaretchester,Alaska
7688,780,77,1,40.52,40.52,2025-05-07,Delivered,Jessicaberg,Utah
7689,584,84,3,121.98,365.94,2025-04-22,Delivered,Sanchezberg,New Hampshire
7690,107,68,2,115.79,231.58,2024-05-14,Returned,Patriciaville,Colorado
7691,397,38,4,115.17,460.68,2025-10-31,Delivered,East Dennisland,Wyoming
7692,381,121,4,114.49,457.96,2024-12-19,Delivered,Johnsontown,North Carolina
7693,275,45,1,25.64,0.0,2024-01-04,Cancelled,Robbinsville,Delaware
7694,751,57,1,1165.65,1165.65,2024-04-17,Processing,Bradleyfort,Michigan
7695,847,54,3,66.84,200.52,2025-06-15,Delivered,Matthewfurt,New Jersey
7696,169,5,1,225.2,225.2,2024-10-06,Delivered,Heatherville,Florida
7697,354,106,1,1067.66,1067.66,2024-10-14,Delivered,Deanview,Alabama
7698,452,89,3,101.92,0.0,2024-03-21,Cancelled,Morenoberg,West Virginia
7699,430,71,3,117.87,353.61,2025-02-19,Shipped,New Ralph,Wisconsin
7700,807,63,1,155.85,155.85,2025-02-08,Shipped,New Elizabethbury,West Virginia
7701,263,11,5,20.71,103.55,2024-05-08,Delivered,Michaelbury,Maryland
7702,940,49,3,53.93,161.79,2025-05-01,Delivered,Angelastad,Kansas
7703,16,30,5,58.18,290.9,2025-05-07,Returned,Stokesfort,Montana
7704,836,31,11,29.73,327.03,2025-11-06,Shipped,South Sarah,North Dakota
7705,728,182,5,19.79,98.95,2024-05-26,Delivered,Davidfurt,Pennsylvania
7706,406,93,2,1518.29,3036.58,2025-03-13,Delivered,Lake Jennifershire,Alaska
7707,25,165,3,118.26,354.78,2025-07-05,Delivered,Port Tracy,Alaska
7708,742,166,6,12.95,77.7,2024-09-08,Delivered,Port Michaelberg,Missouri
7709,2,61,1,83.9,83.9,2025-10-20,Delivered,Port Lawrence,Nebraska
7710,954,178,1,96.1,0.0,2024-05-07,Cancelled,North Jasonbury,New Jersey
7711,230,150,2,415.89,0.0,2025-12-12,Cancelled,Perezfort,Massachusetts
7712,860,154,3,341.24,1023.72,2024-12-27,Delivered,Hessfurt,Colorado
7713,448,88,2,189.99,379.98,2025-10-31,Returned,Jamesborough,Idaho
7714,107,180,3,32.39,97.17,2024-01-16,Delivered,Patriciaville,Colorado
7715,488,107,3,56.79,170.37,2025-09-03,Delivered,East Erikafort,Rhode Island
7716,927,183,6,5.03,30.18,2024-10-07,Delivered,Mirandachester,Nebraska
7717,696,48,3,82.31,246.93,2024-11-22,Delivered,West Brianshire,Idaho
7718,423,35,3,486.1,1458.3,2025-06-26,Delivered,South Glendafurt,Maryland
7719,223,167,2,133.62,0.0,2024-08-28,Cancelled,Amandatown,Illinois
7720,761,135,3,17.94,53.82,2024-09-28,Delivered,North Meganmouth,Vermont
7721,578,177,3,135.85,407.55,2024-01-25,Shipped,Wuview,Louisiana
7722,401,29,2,8.63,17.26,2024-07-05,Processing,New Erik,New York
7723,491,192,3,5.42,16.26,2024-01-31,Delivered,Markport,Wyoming
7724,157,39,3,256.4,769.2,2025-09-03,Delivered,Masseystad,Alaska
7725,262,116,2,146.15,292.3,2025-11-09,Returned,Vanceborough,Pennsylvania
7726,429,66,4,100.8,403.2,2025-04-17,Delivered,Scottland,Maryland
7727,703,141,1,371.58,371.58,2025-07-06,Delivered,East Alex,Washington
7728,760,12,3,182.65,547.95,2025-06-23,Returned,New Manuel,Colorado
7729,685,27,4,33.99,135.96,2024-10-13,Delivered,South Cynthiafurt,Rhode Island
7730,899,39,2,256.4,512.8,2025-08-06,Shipped,North Tina,Idaho
7731,124,69,1,96.69,96.69,2024-08-03,Delivered,West Christinebury,Utah
7732,412,155,3,61.98,185.94,2024-05-19,Delivered,Annatown,New York
7733,57,48,4,82.31,329.24,2024-11-27,Shipped,Amyland,Kentucky
7734,684,48,4,82.31,329.24,2024-01-15,Delivered,South Deniseburgh,Wyoming
7735,446,120,11,47.8,525.8,2024-08-31,Delivered,Steventown,South Carolina
7736,551,38,2,115.17,230.34,2025-09-05,Shipped,Joseview,Arkansas
7737,638,122,4,20.47,0.0,2025-11-29,Cancelled,South Jeremyport,Arizona
7738,476,179,1,76.57,76.57,2025-05-19,Shipped,Josephmouth,Maine
7739,911,3,5,7.36,36.8,2024-11-25,Delivered,Audreyville,Georgia
7740,547,83,2,129.45,258.9,2025-01-03,Returned,Johnbury,Oklahoma
7741,834,118,3,280.69,842.07,2025-04-19,Delivered,Port Rickytown,Connecticut
7742,53,133,2,57.39,114.78,2025-06-27,Returned,New Williamborough,Delaware
7743,384,165,4,118.26,473.04,2025-04-09,Delivered,Port Tanya,Michigan
7744,638,156,1,136.11,136.11,2025-02-09,Delivered,South Jeremyport,Arizona
7745,208,172,2,107.92,215.84,2025-07-09,Delivered,East Michealfort,South Dakota
7746,706,41,1,1133.32,1133.32,2025-11-10,Delivered,North Yvonne,Arizona
7747,511,124,2,253.0,506.0,2024-04-17,Shipped,Jasonshire,Rhode Island
7748,178,144,5,48.66,243.3,2024-11-15,Delivered,Michelleport,Kentucky
7749,607,4,1,263.55,0.0,2025-01-11,Cancelled,Bellport,Kentucky
7750,148,54,3,66.84,200.52,2025-08-24,Delivered,Schroederfurt,Indiana
7751,252,93,2,1518.29,3036.58,2024-03-25,Delivered,Hubbardfort,Kansas
7752,945,192,7,5.42,37.94,2025-10-10,Returned,New Christopher,Indiana
7753,931,5,2,225.2,450.4,2024-08-04,Delivered,North Adammouth,New Hampshire
7754,259,86,5,86.29,431.45,2025-10-21,Delivered,North Danielmouth,Louisiana
7755,348,183,6,5.03,30.18,2025-09-13,Delivered,Port Jessicaview,Arizona
7756,328,28,2,18.59,37.18,2025-01-07,Delivered,Daughertymouth,Washington
7757,469,47,3,72.54,217.62,2025-08-24,Delivered,West Beth,New Jersey
7758,971,174,6,39.88,239.28,2025-10-30,Delivered,North Barbarashire,Delaware
7759,976,170,5,60.94,304.7,2024-07-27,Delivered,Meltonview,New York
7760,880,151,2,1843.3,3686.6,2024-08-18,Shipped,Port Joshuafurt,Hawaii
7761,282,166,12,12.95,0.0,2024-11-20,Cancelled,Vincenttown,Michigan
7762,541,112,4,72.13,288.52,2025-09-06,Delivered,East Ashleyton,Wyoming
7763,854,20,1,57.57,57.57,2024-03-04,Processing,Port Christopher,New Mexico
7764,580,158,1,1511.23,1511.23,2024-01-17,Delivered,Brownchester,Texas
7765,825,150,1,415.89,415.89,2024-02-27,Delivered,Karenville,Texas
7766,701,105,1,31.98,31.98,2024-06-21,Delivered,Port Melissa,Texas
7767,178,45,2,25.64,51.28,2025-01-03,Delivered,Michelleport,Kentucky
7768,24,12,4,182.65,730.6,2024-03-11,Returned,South Timothy,South Dakota
7769,658,30,2,58.18,116.36,2025-08-17,Delivered,Michaeltown,Texas
7770,27,199,1,91.79,91.79,2024-02-01,Processing,Codymouth,Alabama
7771,554,158,2,1511.23,3022.46,2025-06-16,Delivered,Haaschester,Arkansas
7772,657,54,4,66.84,267.36,2025-02-13,Delivered,Josephfort,Hawaii
7773,561,122,4,20.47,81.88,2024-08-02,Shipped,Lopezside,Oregon
7774,845,57,1,1165.65,1165.65,2025-05-10,Shipped,Mccormicktown,Arizona
7775,552,137,2,109.87,219.74,2024-03-06,Delivered,East Amandachester,Utah
7776,438,51,5,20.77,103.85,2024-03-24,Delivered,Reedville,Virginia
7777,731,83,3,129.45,388.35,2024-03-31,Delivered,North Sarahton,Alaska
7778,375,175,1,88.86,88.86,2024-02-29,Shipped,Jessicaside,Montana
7779,354,94,2,73.18,146.36,2024-01-15,Delivered,Deanview,Alabama
7780,752,197,2,41.22,82.44,2024-04-24,Delivered,New Emilytown,Georgia
7781,960,42,1,289.31,289.31,2024-10-29,Delivered,New Melissa,Delaware
7782,690,152,3,69.34,208.02,2024-03-01,Delivered,Campbellchester,Wisconsin
7783,53,178,2,96.1,192.2,2024-08-22,Delivered,New Williamborough,Delaware
7784,839,21,4,21.74,86.96,2024-11-16,Delivered,Michaelstad,Alabama
7785,610,165,1,118.26,118.26,2025-01-20,Delivered,South Davidborough,North Carolina
7786,991,53,3,53.04,159.12,2025-08-29,Processing,Davidshire,New Jersey
7787,885,42,1,289.31,0.0,2024-09-14,Cancelled,Antonioland,Maine
7788,845,178,3,96.1,0.0,2024-11-16,Cancelled,Mccormicktown,Arizona
7789,827,51,4,20.77,83.08,2024-05-12,Delivered,Trevorborough,Idaho
7790,267,179,5,76.57,382.85,2024-08-05,Delivered,South Cynthia,Illinois
7791,778,198,3,28.18,84.54,2025-04-13,Processing,Lake Alyssaville,Alaska
7792,52,139,4,48.17,192.68,2025-01-05,Delivered,Tylerberg,Maryland
7793,214,186,6,27.47,164.82,2025-12-22,Shipped,North Anthonybury,Illinois
7794,624,143,1,50.45,50.45,2025-10-20,Processing,East Mary,Nebraska
7795,386,52,4,95.66,382.64,2025-04-24,Delivered,Jamestown,Vermont
7796,899,160,3,30.6,91.8,2025-08-30,Delivered,North Tina,Idaho
7797,422,44,2,180.6,361.2,2024-06-18,Delivered,Williambury,Wyoming
7798,644,196,3,211.17,633.51,2024-06-17,Delivered,Douglaschester,Rhode Island
7799,104,68,3,115.79,347.37,2025-05-18,Returned,South Henry,West Virginia
7800,311,22,2,192.65,385.3,2024-03-29,Delivered,West Brian,North Dakota
7801,818,130,1,825.68,825.68,2025-01-11,Delivered,East Misty,North Dakota
7802,691,7,5,37.5,187.5,2024-06-24,Delivered,Martinezville,Nebraska
7803,385,126,3,24.66,73.98,2025-11-27,Delivered,Rebekahville,Nevada
7804,612,194,2,384.6,769.2,2024-11-06,Delivered,East Aaron,Tennessee
7805,316,183,12,5.03,60.36,2025-05-30,Delivered,Masseyville,Maine
7806,481,159,4,144.57,578.28,2024-02-07,Delivered,South Phillipville,West Virginia
7807,780,53,2,53.04,106.08,2025-08-20,Delivered,Jessicaberg,Utah
7808,564,158,1,1511.23,1511.23,2024-12-25,Processing,Stokeschester,Minnesota
7809,451,73,1,82.71,82.71,2024-08-05,Delivered,Ashleyside,Delaware
7810,590,75,3,408.35,1225.05,2025-03-14,Delivered,Michelleland,North Dakota
7811,102,33,1,32.17,32.17,2024-11-19,Delivered,Keithport,Oregon
7812,270,56,2,738.0,1476.0,2025-12-20,Returned,Tiffanyside,New Mexico
7813,719,16,4,48.77,195.08,2025-04-13,Delivered,New Ravenmouth,Missouri
7814,6,33,4,32.17,128.68,2024-02-24,Shipped,Lake Stephen,Nevada
7815,517,75,1,408.35,408.35,2025-02-28,Delivered,New Johnview,Connecticut
7816,124,34,2,264.74,529.48,2025-02-08,Delivered,West Christinebury,Utah
7817,483,52,1,95.66,95.66,2025-09-21,Delivered,Monicaburgh,Minnesota
7818,307,34,2,264.74,529.48,2025-12-30,Delivered,West Danielton,Vermont
7819,964,135,3,17.94,53.82,2024-07-19,Delivered,Lake Jesse,New Jersey
7820,799,85,2,669.8,1339.6,2025-11-30,Shipped,Johnsonmouth,New Jersey
7821,508,190,2,655.22,1310.44,2024-02-22,Delivered,Bushchester,Arizona
7822,108,119,3,299.58,898.74,2025-05-28,Delivered,Port Devon,Oregon
7823,680,75,3,408.35,1225.05,2024-10-09,Delivered,New Julieland,Nevada
7824,461,20,2,57.57,0.0,2025-03-04,Cancelled,New Theresaberg,Indiana
7825,140,102,2,16.02,32.04,2024-04-14,Delivered,Prattville,Alaska
7826,305,184,1,151.44,151.44,2024-11-27,Processing,Marychester,Georgia
7827,535,197,3,41.22,123.66,2024-01-18,Delivered,East Paulstad,Wisconsin
7828,211,7,4,37.5,150.0,2024-01-08,Delivered,Wardmouth,Georgia
7829,89,2,4,97.3,389.2,2024-03-04,Delivered,Port Timothyburgh,Alaska
7830,691,90,1,780.14,780.14,2025-01-13,Delivered,Martinezville,Nebraska
7831,634,70,3,29.73,89.19,2025-05-07,Delivered,Whitemouth,Vermont
7832,869,146,3,6.95,20.85,2024-08-11,Shipped,Elizabethborough,Michigan
7833,348,113,2,158.59,317.18,2024-05-09,Processing,Port Jessicaview,Arizona
7834,36,161,2,295.59,591.18,2025-07-10,Delivered,South Michaelville,Colorado
7835,655,177,1,135.85,135.85,2024-04-13,Returned,Hubbardport,North Dakota
7836,258,58,2,133.46,266.92,2024-08-08,Delivered,Christianburgh,North Carolina
7837,671,176,2,39.64,79.28,2024-11-18,Delivered,Lake Ericchester,Washington
7838,430,171,4,41.02,164.08,2024-09-06,Delivered,New Ralph,Wisconsin
7839,927,103,2,324.51,649.02,2025-06-11,Delivered,Mirandachester,Nebraska
7840,92,129,3,156.82,470.46,2024-09-04,Shipped,East Lisa,Minnesota
7841,363,192,2,5.42,10.84,2025-04-03,Shipped,Michaeltown,Rhode Island
7842,624,178,1,96.1,96.1,2024-03-30,Delivered,East Mary,Nebraska
7843,419,6,3,98.09,294.27,2024-02-26,Delivered,West Sarah,New Hampshire
7844,667,82,1,102.58,102.58,2025-04-09,Shipped,Fernandochester,Delaware
7845,414,156,3,136.11,408.33,2024-06-18,Delivered,Jameshaven,Louisiana
7846,29,143,3,50.45,151.35,2025-03-28,Delivered,Joyceview,Minnesota
7847,486,12,3,182.65,547.95,2025-07-24,Shipped,Port Jason,Washington
7848,863,13,5,67.98,339.9,2024-01-18,Delivered,Leslieborough,New York
7849,382,93,2,1518.29,3036.58,2025-11-08,Delivered,Sandyborough,Arkansas
7850,180,121,2,114.49,228.98,2025-01-12,Delivered,East Kimberly,Alabama
7851,467,22,2,192.65,385.3,2025-01-10,Delivered,North Feliciashire,Wisconsin
7852,157,99,2,23.4,46.8,2025-06-02,Shipped,Masseystad,Alaska
7853,262,86,4,86.29,345.16,2024-11-27,Processing,Vanceborough,Pennsylvania
7854,96,159,3,144.57,433.71,2024-03-23,Processing,Amandaberg,Washington
7855,17,127,3,117.98,353.94,2025-06-29,Delivered,Keithburgh,West Virginia
7856,217,123,2,120.25,240.5,2024-04-27,Delivered,Port Samanthatown,Florida
7857,352,96,1,51.29,51.29,2025-10-29,Delivered,Maybury,Indiana
7858,902,38,4,115.17,460.68,2024-01-31,Delivered,West Kathrynport,Alaska
7859,224,150,1,415.89,415.89,2024-09-08,Delivered,Port Alyssa,Georgia
7860,985,131,1,28.16,28.16,2025-12-07,Delivered,West Sheliaton,Maryland
7861,53,22,3,192.65,577.95,2025-12-03,Delivered,New Williamborough,Delaware
7862,976,79,4,35.4,141.6,2024-11-14,Processing,Meltonview,New York
7863,781,47,1,72.54,72.54,2025-09-12,Processing,North Adam,Alabama
7864,430,41,2,1133.32,2266.64,2025-06-12,Delivered,New Ralph,Wisconsin
7865,734,44,1,180.6,180.6,2024-01-24,Processing,Port Audreyport,Nebraska
7866,841,154,3,341.24,1023.72,2025-03-05,Delivered,Steveton,Ohio
7867,959,146,5,6.95,34.75,2024-07-17,Shipped,Port Michaelville,Rhode Island
7868,445,182,3,19.79,59.37,2025-08-25,Delivered,Santiagoton,Oregon
7869,321,162,2,99.85,199.7,2024-04-16,Delivered,Port Nicholestad,Hawaii
7870,135,33,2,32.17,64.34,2025-04-17,Delivered,East Ericshire,Nevada
7871,585,184,1,151.44,0.0,2024-06-20,Cancelled,West Kaylafort,Ohio
7872,548,170,4,60.94,243.76,2025-09-13,Delivered,East Jacqueline,New Hampshire
7873,756,103,2,324.51,649.02,2025-05-22,Delivered,West Lori,Virginia
7874,155,62,3,331.56,994.68,2024-03-24,Shipped,West Michaelfurt,Idaho
7875,651,179,3,76.57,229.71,2024-02-03,Delivered,East Alexandra,Idaho
7876,338,85,1,669.8,669.8,2024-03-06,Delivered,Kellyberg,South Dakota
7877,196,84,2,121.98,243.96,2024-07-10,Delivered,Port Joshuachester,Maine
7878,17,26,3,32.0,96.0,2025-05-12,Delivered,Keithburgh,West Virginia
7879,819,99,2,23.4,46.8,2025-10-27,Delivered,New Tiffany,Virginia
7880,442,182,5,19.79,98.95,2025-06-17,Delivered,Keithside,New Hampshire
7881,855,52,2,95.66,191.32,2025-05-11,Delivered,Reyeshaven,Pennsylvania
7882,829,143,4,50.45,201.8,2025-07-02,Returned,East Julie,Texas
7883,776,51,3,20.77,0.0,2024-08-05,Cancelled,West Gerald,Colorado
7884,577,106,1,1067.66,1067.66,2024-09-21,Shipped,North Angelaland,California
7885,224,40,4,13.32,53.28,2025-11-25,Delivered,Port Alyssa,Georgia
7886,76,129,3,156.82,0.0,2024-12-12,Cancelled,Port Rebeccaland,New Hampshire
7887,997,69,5,96.69,483.45,2024-03-09,Delivered,Myersstad,Tennessee
7888,431,56,1,738.0,738.0,2025-03-15,Delivered,Port Rachelburgh,Washington
7889,211,28,2,18.59,37.18,2024-06-08,Delivered,Wardmouth,Georgia
7890,640,121,1,114.49,114.49,2025-09-11,Processing,Williamsburgh,California
7891,687,102,3,16.02,48.06,2025-08-08,Delivered,South Jordan,North Carolina
7892,110,10,1,6.76,6.76,2024-06-02,Processing,Welchhaven,New Hampshire
7893,774,53,6,53.04,318.24,2025-01-09,Delivered,Bryanburgh,New Hampshire
7894,361,80,3,206.74,620.22,2024-04-07,Shipped,Mccoyton,Michigan
7895,1000,103,3,324.51,973.53,2025-03-26,Delivered,East Jessica,New Mexico
7896,377,74,2,417.08,834.16,2024-03-24,Delivered,Port Richard,Wyoming
7897,382,32,2,112.27,224.54,2024-01-29,Delivered,Sandyborough,Arkansas
7898,941,145,3,238.69,716.07,2025-08-29,Processing,Audreyburgh,Massachusetts
7899,178,132,5,21.5,107.5,2024-01-15,Processing,Michelleport,Kentucky
7900,660,137,1,109.87,109.87,2025-05-04,Delivered,East Courtneyberg,Utah
7901,358,64,2,701.02,1402.04,2024-04-21,Delivered,Matthewview,West Virginia
7902,433,159,1,144.57,144.57,2025-02-05,Processing,New Todd,Rhode Island
7903,822,11,1,20.71,20.71,2025-06-28,Delivered,Kentton,Maryland
7904,26,122,3,20.47,0.0,2025-09-24,Cancelled,Port Corey,Maine
7905,528,35,1,486.1,486.1,2025-06-25,Processing,South Christopher,Pennsylvania
7906,586,135,2,17.94,35.88,2025-10-16,Delivered,Tiffanyberg,South Carolina
7907,380,127,3,117.98,353.94,2024-10-12,Delivered,Lake Sergio,Oregon
7908,69,176,2,39.64,79.28,2024-03-29,Delivered,Elizabethberg,Washington
7909,263,129,2,156.82,0.0,2024-11-13,Cancelled,Michaelbury,Maryland
7910,378,188,5,35.05,175.25,2025-07-13,Shipped,Bestfort,New York
7911,646,152,2,69.34,138.68,2025-09-01,Delivered,Lake Williambury,Missouri
7912,225,163,3,91.43,274.29,2024-05-30,Delivered,West Timothy,Minnesota
7913,84,7,2,37.5,75.0,2024-12-13,Delivered,Smithhaven,Illinois
7914,781,177,3,135.85,407.55,2024-11-25,Processing,North Adam,Alabama
7915,430,26,6,32.0,192.0,2024-06-16,Shipped,New Ralph,Wisconsin
7916,224,141,3,371.58,1114.74,2024-07-02,Delivered,Port Alyssa,Georgia
7917,541,5,3,225.2,675.6,2024-12-21,Delivered,East Ashleyton,Wyoming
7918,295,62,2,331.56,663.12,2025-08-05,Returned,Angelahaven,Michigan
7919,679,10,1,6.76,6.76,2024-09-08,Delivered,Amystad,Nevada
7920,258,100,1,272.84,272.84,2025-08-05,Delivered,Christianburgh,North Carolina
7921,847,10,2,6.76,13.52,2025-06-07,Delivered,Matthewfurt,New Jersey
7922,574,87,4,19.31,77.24,2024-07-30,Delivered,North Craigtown,Montana
7923,691,65,3,7.18,21.54,2024-10-29,Delivered,Martinezville,Nebraska
7924,686,25,5,71.4,357.0,2024-01-20,Delivered,Shermanville,New York
7925,288,24,5,51.42,257.1,2025-05-01,Delivered,Geraldland,Connecticut
7926,769,21,1,21.74,21.74,2025-10-25,Delivered,Nolanfurt,California
7927,490,24,4,51.42,205.68,2025-01-19,Delivered,Port Robertland,Idaho
7928,291,54,3,66.84,200.52,2024-09-16,Delivered,Gonzalezfurt,Colorado
7929,361,47,4,72.54,290.16,2025-10-19,Delivered,Mccoyton,Michigan
7930,56,56,1,738.0,738.0,2024-02-28,Delivered,Matthewfort,Arizona
7931,43,75,3,408.35,1225.05,2025-06-22,Delivered,Phillipsstad,Oregon
7932,798,65,3,7.18,21.54,2025-06-09,Delivered,South Cory,Nebraska
7933,547,58,4,133.46,533.84,2024-10-05,Delivered,Johnbury,Oklahoma
7934,422,153,1,82.41,82.41,2024-05-01,Shipped,Williambury,Wyoming
7935,987,40,2,13.32,26.64,2025-10-21,Delivered,Bryantborough,Connecticut
7936,397,142,2,469.45,938.9,2025-05-10,Shipped,East Dennisland,Wyoming
7937,219,199,4,91.79,0.0,2025-03-05,Cancelled,South Kevin,New Hampshire
7938,553,95,4,90.16,360.64,2025-08-17,Delivered,Jacobsmouth,New Jersey
7939,716,49,1,53.93,53.93,2024-11-22,Delivered,East Conniemouth,New Mexico
7940,496,34,1,264.74,264.74,2024-03-19,Delivered,Codyville,Colorado
7941,493,52,1,95.66,95.66,2025-11-24,Delivered,Kellybury,Nebraska
7942,878,126,3,24.66,73.98,2025-10-08,Delivered,Port Christopher,Missouri
7943,298,51,1,20.77,20.77,2025-09-16,Shipped,Garciatown,Texas
7944,879,120,11,47.8,525.8,2025-01-08,Shipped,Clarkfort,Kansas
7945,828,53,1,53.04,53.04,2025-09-18,Delivered,Aliciamouth,Wyoming
7946,45,12,4,182.65,0.0,2025-11-25,Cancelled,Stevenberg,Utah
7947,474,131,5,28.16,140.8,2024-04-18,Delivered,South Aaronstad,Delaware
7948,654,179,1,76.57,76.57,2025-09-23,Delivered,New Breanna,Michigan
7949,208,159,4,144.57,578.28,2024-06-30,Delivered,East Michealfort,South Dakota
7950,85,33,3,32.17,96.51,2025-09-27,Delivered,Lake Charles,Missouri
7951,481,51,3,20.77,62.31,2025-05-04,Processing,South Phillipville,West Virginia
7952,211,39,1,256.4,256.4,2024-04-23,Delivered,Wardmouth,Georgia
7953,230,80,2,206.74,413.48,2024-12-23,Delivered,Perezfort,Massachusetts
7954,556,136,1,52.07,52.07,2024-11-11,Delivered,Kristinafort,Georgia
7955,76,32,2,112.27,224.54,2024-12-16,Delivered,Port Rebeccaland,New Hampshire
7956,761,121,4,114.49,457.96,2025-04-10,Delivered,North Meganmouth,Vermont
7957,147,166,8,12.95,103.6,2025-08-04,Delivered,New Brittanymouth,Michigan
7958,382,11,6,20.71,124.26,2025-11-05,Delivered,Sandyborough,Arkansas
7959,730,9,1,94.81,94.81,2025-12-29,Returned,Timfort,New York
7960,969,21,3,21.74,65.22,2024-03-05,Delivered,Port Richard,New Jersey
7961,400,184,3,151.44,454.32,2025-02-25,Delivered,Jerryberg,Rhode Island
7962,702,198,2,28.18,56.36,2025-10-13,Delivered,Port Sandramouth,Oklahoma
7963,124,10,3,6.76,20.28,2024-06-25,Shipped,West Christinebury,Utah
7964,992,151,2,1843.3,3686.6,2025-10-16,Delivered,New Jacqueline,Connecticut
7965,810,18,3,12.0,36.0,2024-03-01,Returned,Lake Michaelport,New Hampshire
7966,176,51,1,20.77,20.77,2025-11-06,Shipped,Bowenport,West Virginia
7967,983,156,2,136.11,272.22,2024-10-25,Delivered,Friedmanmouth,South Carolina
7968,466,40,3,13.32,39.96,2025-07-08,Shipped,Hollowayfort,Colorado
7969,560,129,4,156.82,627.28,2024-01-11,Delivered,New Mary,Louisiana
7970,712,59,2,5.75,11.5,2024-04-28,Delivered,Hickmanview,Nevada
7971,906,100,1,272.84,272.84,2024-02-06,Delivered,Woodston,Utah
7972,774,32,3,112.27,336.81,2024-10-29,Delivered,Bryanburgh,New Hampshire
7973,879,82,3,102.58,307.74,2024-11-18,Delivered,Clarkfort,Kansas
7974,48,130,2,825.68,1651.36,2024-03-20,Delivered,North Michelle,Alaska
7975,946,144,1,48.66,48.66,2024-12-12,Delivered,East Kelly,Maryland
7976,553,112,4,72.13,288.52,2024-09-27,Delivered,Jacobsmouth,New Jersey
7977,5,132,4,21.5,86.0,2025-04-02,Delivered,Rodrigueztown,Minnesota
7978,257,77,5,40.52,202.6,2024-04-26,Delivered,Lake Bobby,Virginia
7979,933,190,2,655.22,1310.44,2025-10-28,Shipped,Benjaminstad,Massachusetts
7980,737,74,2,417.08,834.16,2024-01-24,Delivered,Lake Christopherfort,New Mexico
7981,786,62,1,331.56,0.0,2025-12-05,Cancelled,Loweton,Oklahoma
7982,522,71,1,117.87,117.87,2024-09-24,Delivered,Holmesstad,California
7983,507,62,1,331.56,331.56,2024-05-20,Shipped,North Sarah,New York
7984,331,35,3,486.1,1458.3,2024-05-30,Delivered,Lake Williamfort,Washington
7985,349,61,1,83.9,83.9,2025-08-21,Processing,Lake Theresa,Pennsylvania
7986,836,17,5,22.46,112.3,2025-03-28,Delivered,South Sarah,North Dakota
7987,756,196,1,211.17,211.17,2025-05-26,Delivered,West Lori,Virginia
7988,991,24,3,51.42,154.26,2024-02-06,Delivered,Davidshire,New Jersey
7989,577,47,4,72.54,290.16,2024-10-15,Delivered,North Angelaland,California
7990,440,159,1,144.57,144.57,2025-09-27,Delivered,Arellanobury,Alaska
7991,817,124,3,253.0,759.0,2024-04-15,Delivered,West Dianestad,Iowa
7992,360,55,3,136.93,410.79,2024-12-18,Delivered,Alvarezfurt,Kentucky
7993,969,134,1,61.51,61.51,2025-06-09,Delivered,Port Richard,New Jersey
7994,98,132,4,21.5,0.0,2024-05-27,Cancelled,Port Aaron,Virginia
7995,907,92,3,31.83,95.49,2024-09-05,Delivered,Karatown,South Carolina
7996,278,55,1,136.93,136.93,2024-11-11,Delivered,West Raven,West Virginia
7997,50,35,2,486.1,972.2,2025-04-01,Delivered,Daughertyfort,Virginia
7998,206,127,3,117.98,353.94,2024-01-20,Delivered,West Javierborough,South Carolina
7999,203,51,4,20.77,83.08,2024-11-24,Delivered,Jasmineville,South Carolina
8000,932,168,1,214.69,214.69,2024-10-24,Delivered,Lake Cassandra,Indiana
8001,591,181,3,187.56,562.68,2024-02-25,Delivered,Richardtown,Alaska
8002,174,56,2,738.0,1476.0,2024-10-08,Delivered,Port Michaelville,Arkansas
8003,595,190,2,655.22,1310.44,2024-05-11,Delivered,Maciasside,Idaho
8004,374,110,5,149.46,747.3,2024-09-04,Delivered,West Summer,Arizona
8005,561,143,3,50.45,151.35,2025-10-20,Delivered,Lopezside,Oregon
8006,110,183,3,5.03,15.09,2024-08-02,Delivered,Welchhaven,New Hampshire
8007,102,135,1,17.94,17.94,2025-05-13,Shipped,Keithport,Oregon
8008,176,38,3,115.17,345.51,2024-05-06,Delivered,Bowenport,West Virginia
8009,277,124,1,253.0,253.0,2025-01-25,Delivered,Fisherburgh,New Jersey
8010,142,110,4,149.46,597.84,2025-06-28,Delivered,Markchester,Idaho
8011,878,32,1,112.27,112.27,2024-01-16,Delivered,Port Christopher,Missouri
8012,821,110,1,149.46,149.46,2025-02-21,Delivered,New Carl,Alabama
8013,973,19,3,205.94,617.82,2024-12-23,Delivered,Tracymouth,New Jersey
8014,387,134,4,61.51,246.04,2025-12-23,Delivered,Curtiston,Rhode Island
8015,182,59,4,5.75,23.0,2025-04-16,Delivered,Jarvisland,North Dakota
8016,168,191,2,92.98,185.96,2025-06-09,Delivered,Oconnorstad,Oregon
8017,562,111,2,292.45,584.9,2025-11-08,Delivered,Brandyland,Pennsylvania
8018,255,109,3,321.21,963.63,2025-08-07,Delivered,Lake Jason,Florida
8019,377,122,1,20.47,20.47,2025-06-03,Processing,Port Richard,Wyoming
8020,679,156,2,136.11,272.22,2024-04-02,Delivered,Amystad,Nevada
8021,596,122,4,20.47,81.88,2024-04-02,Delivered,Port Melissamouth,Massachusetts
8022,738,94,3,73.18,219.54,2025-06-11,Delivered,Shawnmouth,Florida
8023,286,147,3,202.08,606.24,2024-04-19,Delivered,Port Richardfurt,Indiana
8024,864,17,4,22.46,0.0,2024-08-10,Cancelled,Matthewberg,Utah
8025,374,121,3,114.49,343.47,2025-05-28,Delivered,West Summer,Arizona
8026,740,77,1,40.52,40.52,2024-09-15,Returned,Port Patricia,North Carolina
8027,314,70,11,29.73,327.03,2024-04-14,Delivered,South Jamie,Wyoming
8028,922,7,5,37.5,187.5,2025-04-03,Returned,West Sharonland,Idaho
8029,892,49,1,53.93,53.93,2025-07-30,Delivered,Ryanmouth,Georgia
8030,433,194,2,384.6,769.2,2024-05-18,Delivered,New Todd,Rhode Island
8031,593,59,2,5.75,11.5,2024-12-15,Delivered,Lake Michael,Nebraska
8032,348,97,4,28.08,112.32,2025-01-16,Delivered,Port Jessicaview,Arizona
8033,70,65,6,7.18,43.08,2024-02-10,Delivered,Mclaughlinside,Washington
8034,886,35,2,486.1,972.2,2025-07-21,Delivered,East Kayleetown,Wyoming
8035,357,140,2,93.97,187.94,2024-02-20,Delivered,Donnaland,Arkansas
8036,9,140,4,93.97,375.88,2024-11-03,Delivered,East Samanthaborough,Kentucky
8037,778,5,1,225.2,225.2,2024-10-02,Shipped,Lake Alyssaville,Alaska
8038,339,104,2,43.38,86.76,2024-06-21,Delivered,Goodland,Texas
8039,972,117,5,23.92,119.6,2025-04-14,Processing,Charlesbury,Massachusetts
8040,517,193,2,99.73,199.46,2025-04-26,Delivered,New Johnview,Connecticut
8041,977,71,1,117.87,117.87,2025-03-01,Delivered,Lake Candace,West Virginia
8042,449,98,3,171.77,515.31,2024-04-19,Processing,Millermouth,South Carolina
8043,527,16,2,48.77,97.54,2024-11-21,Delivered,Robinsonside,Iowa
8044,306,148,1,293.38,293.38,2025-07-17,Delivered,Port Kimberlyton,Indiana
8045,104,151,1,1843.3,1843.3,2024-03-23,Delivered,South Henry,West Virginia
8046,956,149,2,86.32,0.0,2025-06-27,Cancelled,Calebview,Massachusetts
8047,164,42,2,289.31,578.62,2025-10-12,Delivered,East Grant,Washington
8048,781,75,3,408.35,1225.05,2025-02-16,Processing,North Adam,Alabama
8049,672,166,11,12.95,142.45,2025-12-19,Delivered,Lake Ricardo,Washington
8050,369,147,1,202.08,202.08,2025-02-24,Shipped,North Sally,Rhode Island
8051,412,95,4,90.16,360.64,2025-10-23,Delivered,Annatown,New York
8052,693,60,1,242.61,242.61,2025-06-26,Delivered,East Ann,South Dakota
8053,745,133,4,57.39,229.56,2024-01-18,Delivered,Lake James,Arizona
8054,749,122,2,20.47,40.94,2025-02-07,Delivered,Tarachester,West Virginia
8055,69,5,3,225.2,675.6,2025-05-12,Delivered,Elizabethberg,Washington
8056,162,120,4,47.8,191.2,2024-06-02,Shipped,Greenfurt,Ohio
8057,941,153,1,82.41,82.41,2024-12-19,Delivered,Audreyburgh,Massachusetts
8058,245,189,2,1293.61,2587.22,2024-02-24,Delivered,West Robertton,Kentucky
8059,193,129,3,156.82,470.46,2024-07-02,Delivered,East Barbara,North Dakota
8060,901,90,1,780.14,780.14,2025-07-05,Delivered,West Lori,New Mexico
8061,911,53,2,53.04,106.08,2025-08-19,Delivered,Audreyville,Georgia
8062,455,106,1,1067.66,1067.66,2024-06-12,Delivered,Meganfort,Kentucky
8063,331,136,2,52.07,104.14,2024-01-21,Shipped,Lake Williamfort,Washington
8064,951,2,3,97.3,291.9,2024-10-01,Delivered,Port Michelle,Missouri
8065,848,192,10,5.42,0.0,2024-04-12,Cancelled,Port Maryside,Wyoming
8066,853,129,1,156.82,156.82,2024-05-26,Shipped,New Amber,Georgia
8067,276,137,1,109.87,109.87,2024-07-10,Returned,East Hollystad,Maryland
8068,942,87,1,19.31,19.31,2024-03-17,Delivered,Ginastad,South Dakota
8069,702,148,2,293.38,586.76,2024-03-21,Processing,Port Sandramouth,Oklahoma
8070,24,103,1,324.51,324.51,2025-02-09,Delivered,South Timothy,South Dakota
8071,235,142,2,469.45,938.9,2024-02-15,Delivered,Josephmouth,Louisiana
8072,519,9,2,94.81,189.62,2024-03-22,Delivered,Charleschester,Oklahoma
8073,735,93,2,1518.29,0.0,2025-03-31,Cancelled,Garciahaven,Idaho
8074,933,130,2,825.68,1651.36,2024-03-10,Processing,Benjaminstad,Massachusetts
8075,464,72,2,171.7,343.4,2024-01-12,Processing,North Tara,Texas
8076,67,39,3,256.4,0.0,2024-03-15,Cancelled,Charlesburgh,Tennessee
8077,926,132,1,21.5,21.5,2025-06-06,Delivered,Alejandroville,Mississippi
8078,834,113,4,158.59,634.36,2025-12-31,Shipped,Port Rickytown,Connecticut
8079,508,18,5,12.0,60.0,2025-03-29,Delivered,Bushchester,Arizona
8080,888,160,4,30.6,122.4,2025-09-23,Delivered,Williamville,Wisconsin
8081,732,109,3,321.21,0.0,2024-11-01,Cancelled,Stephaniechester,Nevada
8082,151,148,1,293.38,293.38,2024-12-29,Delivered,Smithbury,Minnesota
8083,824,64,1,701.02,701.02,2025-01-24,Delivered,New Normaton,Georgia
8084,607,34,1,264.74,264.74,2025-11-13,Delivered,Bellport,Kentucky
8085,26,174,6,39.88,239.28,2024-08-19,Shipped,Port Corey,Maine
8086,868,137,2,109.87,219.74,2024-06-19,Delivered,Angelaton,Arizona
8087,322,173,2,31.1,62.2,2024-12-18,Delivered,Torreston,Georgia
8088,410,24,5,51.42,257.1,2025-05-06,Delivered,Nataliebury,Minnesota
8089,364,41,1,1133.32,1133.32,2025-11-19,Delivered,Harrisport,Idaho
8090,927,118,3,280.69,842.07,2025-02-25,Returned,Mirandachester,Nebraska
8091,373,87,4,19.31,77.24,2024-03-19,Delivered,Rayside,Kentucky
8092,475,200,3,35.55,106.65,2025-09-15,Shipped,New Ryan,Alaska
8093,895,125,4,192.15,768.6,2024-08-23,Delivered,Danashire,Minnesota
8094,377,26,12,32.0,384.0,2024-12-13,Delivered,Port Richard,Wyoming
8095,793,62,1,331.56,331.56,2024-08-10,Delivered,Clarencefurt,Maryland
8096,594,125,1,192.15,192.15,2024-11-02,Delivered,Garciaville,Pennsylvania
8097,680,161,1,295.59,295.59,2025-09-20,Shipped,New Julieland,Nevada
8098,947,100,2,272.84,545.68,2024-11-29,Shipped,Hensonland,Arkansas
8099,403,48,1,82.31,82.31,2024-10-10,Delivered,Abigailfurt,Arkansas
8100,63,191,1,92.98,92.98,2024-05-30,Delivered,Jaredborough,Washington
8101,635,31,5,29.73,148.65,2025-09-15,Shipped,Port Emilyton,Missouri
8102,644,85,1,669.8,0.0,2025-11-11,Cancelled,Douglaschester,Rhode Island
8103,310,59,4,5.75,23.0,2024-11-19,Delivered,Martinezberg,Arkansas
8104,69,129,4,156.82,627.28,2025-05-06,Shipped,Elizabethberg,Washington
8105,945,191,3,92.98,278.94,2025-06-26,Delivered,New Christopher,Indiana
8106,644,75,2,408.35,816.7,2025-08-06,Delivered,Douglaschester,Rhode Island
8107,181,120,9,47.8,430.2,2024-03-06,Shipped,Roberttown,Minnesota
8108,138,117,1,23.92,23.92,2024-01-13,Delivered,Amandahaven,Nebraska
8109,851,50,3,107.82,323.46,2024-09-14,Shipped,Marcusstad,Wisconsin
8110,116,159,2,144.57,289.14,2024-12-03,Delivered,Port Gwendolynshire,Delaware
8111,870,128,2,89.87,179.74,2025-01-29,Delivered,Parkerhaven,Indiana
8112,57,174,7,39.88,279.16,2025-08-15,Delivered,Amyland,Kentucky
8113,982,133,4,57.39,229.56,2025-10-15,Delivered,Brownfort,Delaware
8114,622,115,1,115.19,115.19,2025-10-17,Delivered,Barbarastad,Wisconsin
8115,19,173,3,31.1,93.3,2025-08-10,Processing,East Whitneyborough,Connecticut
8116,178,124,1,253.0,253.0,2025-11-21,Delivered,Michelleport,Kentucky
8117,254,11,4,20.71,82.84,2025-04-01,Shipped,New Christine,Virginia
8118,284,25,4,71.4,285.6,2025-04-02,Delivered,New Davidland,Louisiana
8119,292,62,2,331.56,663.12,2024-05-08,Delivered,East Amanda,Rhode Island
8120,543,137,2,109.87,219.74,2024-05-01,Delivered,East Pamela,North Dakota
8121,793,74,2,417.08,0.0,2024-02-03,Cancelled,Clarencefurt,Maryland
8122,105,177,1,135.85,135.85,2024-07-29,Delivered,East Jenniferborough,Texas
8123,375,189,2,1293.61,2587.22,2024-03-19,Delivered,Jessicaside,Montana
8124,382,72,4,171.7,686.8,2024-12-26,Delivered,Sandyborough,Arkansas
8125,80,139,3,48.17,144.51,2024-07-14,Shipped,West Shannon,Arizona
8126,818,49,2,53.93,107.86,2025-06-27,Processing,East Misty,North Dakota
8127,852,74,2,417.08,834.16,2025-01-24,Delivered,Pearsonmouth,Idaho
8128,248,146,3,6.95,20.85,2024-10-02,Shipped,Lake David,New York
8129,58,148,3,293.38,880.14,2025-07-29,Delivered,Christopherbury,Wisconsin
8130,658,195,2,2.19,4.38,2025-06-01,Delivered,Michaeltown,Texas
8131,418,154,2,341.24,682.48,2025-12-23,Delivered,North Melodyville,Iowa
8132,101,108,3,92.71,278.13,2024-03-21,Shipped,Kathleenburgh,South Dakota
8133,358,33,4,32.17,128.68,2025-04-26,Delivered,Matthewview,West Virginia
8134,65,116,2,146.15,292.3,2025-01-14,Delivered,West Jasonview,West Virginia
8135,819,165,2,118.26,236.52,2024-01-16,Delivered,New Tiffany,Virginia
8136,748,1,2,50.57,101.14,2024-01-18,Delivered,Kathleenport,Delaware
8137,451,193,5,99.73,498.65,2025-11-18,Delivered,Ashleyside,Delaware
8138,803,142,2,469.45,938.9,2024-06-05,Delivered,East Matthewtown,Ohio
8139,916,192,4,5.42,21.68,2024-08-09,Shipped,East Tarabury,Alabama
8140,978,45,3,25.64,76.92,2024-12-16,Delivered,South Jennifer,Hawaii
8141,464,181,3,187.56,562.68,2025-12-09,Processing,North Tara,Texas
8142,30,37,1,27.38,27.38,2025-10-09,Delivered,Millerland,New Jersey
8143,528,33,1,32.17,32.17,2025-02-16,Shipped,South Christopher,Pennsylvania
8144,977,129,1,156.82,156.82,2025-02-08,Delivered,Lake Candace,West Virginia
8145,343,72,1,171.7,171.7,2024-12-31,Delivered,West Shawn,California
8146,129,77,1,40.52,40.52,2024-06-01,Delivered,East Melissaton,Nevada
8147,96,122,3,20.47,61.41,2025-08-18,Shipped,Amandaberg,Washington
8148,8,153,4,82.41,329.64,2025-01-23,Processing,Port Christopherville,New Mexico
8149,139,116,2,146.15,292.3,2024-04-08,Shipped,Alimouth,Iowa
8150,165,95,3,90.16,270.48,2025-10-18,Delivered,West Paulburgh,Nevada
8151,755,150,2,415.89,831.78,2025-11-11,Delivered,Ginaburgh,New Jersey
8152,480,135,2,17.94,35.88,2024-01-26,Delivered,South Colleenchester,West Virginia
8153,197,87,6,19.31,115.86,2025-09-29,Delivered,Rodriguezhaven,Wisconsin
8154,56,32,4,112.27,449.08,2024-09-14,Delivered,Matthewfort,Arizona
8155,252,31,8,29.73,237.84,2025-03-01,Delivered,Hubbardfort,Kansas
8156,501,170,4,60.94,243.76,2024-10-01,Delivered,North Gabrielabury,Minnesota
8157,290,81,3,221.79,665.37,2025-03-08,Delivered,Larryland,Maine
8158,444,134,1,61.51,61.51,2024-12-12,Delivered,Edwardsview,South Dakota
8159,425,25,4,71.4,285.6,2025-09-19,Processing,Port Christy,Michigan
8160,375,149,3,86.32,258.96,2025-06-26,Returned,Jessicaside,Montana
8161,970,72,2,171.7,343.4,2024-05-05,Delivered,Allenmouth,West Virginia
8162,24,179,1,76.57,76.57,2024-03-22,Processing,South Timothy,South Dakota
8163,135,78,12,27.87,334.44,2024-06-27,Delivered,East Ericshire,Nevada
8164,72,158,2,1511.23,3022.46,2025-07-29,Processing,North Christopherhaven,North Carolina
8165,70,193,3,99.73,299.19,2024-10-02,Delivered,Mclaughlinside,Washington
8166,767,29,5,8.63,43.15,2025-02-28,Delivered,Hudsonburgh,Mississippi
8167,130,47,4,72.54,290.16,2024-08-11,Delivered,West Philip,Utah
8168,738,17,4,22.46,0.0,2024-09-08,Cancelled,Shawnmouth,Florida
8169,515,66,4,100.8,403.2,2025-08-12,Delivered,Lake Larrymouth,Ohio
8170,264,28,1,18.59,18.59,2024-10-24,Delivered,North Georgetown,Washington
8171,82,115,3,115.19,345.57,2025-12-08,Processing,Port Beth,Tennessee
8172,783,157,5,21.39,106.95,2025-05-09,Delivered,Allenhaven,Georgia
8173,337,148,2,293.38,586.76,2025-02-23,Processing,Lake Victoriastad,New York
8174,567,27,1,33.99,33.99,2024-07-28,Delivered,Reneebury,Montana
8175,476,149,2,86.32,172.64,2025-12-31,Shipped,Josephmouth,Maine
8176,450,70,3,29.73,89.19,2024-10-24,Delivered,Lake Christopherburgh,Massachusetts
8177,224,158,1,1511.23,1511.23,2025-04-28,Shipped,Port Alyssa,Georgia
8178,614,20,1,57.57,57.57,2024-03-01,Delivered,Toddbury,Texas
8179,64,23,4,90.2,360.8,2025-04-21,Shipped,East Sharon,California
8180,560,37,4,27.38,109.52,2025-05-09,Delivered,New Mary,Louisiana
8181,317,33,4,32.17,128.68,2024-12-13,Shipped,Hooperburgh,Massachusetts
8182,60,199,2,91.79,183.58,2024-05-21,Shipped,Lisatown,Missouri
8183,933,192,8,5.42,43.36,2024-09-05,Shipped,Benjaminstad,Massachusetts
8184,43,155,3,61.98,185.94,2025-10-16,Delivered,Phillipsstad,Oregon
8185,321,122,1,20.47,20.47,2025-08-10,Delivered,Port Nicholestad,Hawaii
8186,693,119,1,299.58,299.58,2025-11-17,Delivered,East Ann,South Dakota
8187,361,85,1,669.8,669.8,2024-11-08,Delivered,Mccoyton,Michigan
8188,561,117,1,23.92,23.92,2024-09-16,Delivered,Lopezside,Oregon
8189,560,31,10,29.73,297.3,2025-08-07,Processing,New Mary,Louisiana
8190,620,109,1,321.21,321.21,2024-01-01,Processing,Port Angelaburgh,Iowa
8191,63,181,1,187.56,187.56,2025-05-01,Delivered,Jaredborough,Washington
8192,43,89,1,101.92,101.92,2024-02-08,Delivered,Phillipsstad,Oregon
8193,379,62,1,331.56,331.56,2024-02-26,Delivered,West Adam,Alaska
8194,164,140,4,93.97,375.88,2025-06-30,Delivered,East Grant,Washington
8195,959,166,10,12.95,129.5,2024-10-18,Processing,Port Michaelville,Rhode Island
8196,775,71,1,117.87,117.87,2025-09-11,Shipped,Chrisburgh,Hawaii
8197,131,199,4,91.79,367.16,2024-09-06,Delivered,Hendersonfurt,Oklahoma
8198,190,75,1,408.35,408.35,2025-12-01,Delivered,Lake Dillon,North Dakota
8199,939,132,1,21.5,21.5,2024-12-22,Delivered,Leefort,Hawaii
8200,352,59,6,5.75,34.5,2024-02-06,Shipped,Maybury,Indiana
8201,315,131,1,28.16,28.16,2025-01-25,Delivered,East Mary,Virginia
8202,337,55,3,136.93,410.79,2024-02-22,Delivered,Lake Victoriastad,New York
8203,412,136,5,52.07,260.35,2025-08-25,Delivered,Annatown,New York
8204,565,172,1,107.92,107.92,2025-11-25,Delivered,Lake Ryan,Michigan
8205,353,85,1,669.8,669.8,2025-11-04,Delivered,South Virginia,Rhode Island
8206,205,77,2,40.52,81.04,2024-12-19,Delivered,Kristenfurt,Florida
8207,689,84,3,121.98,365.94,2024-06-04,Delivered,Sarahland,Utah
8208,270,4,1,263.55,263.55,2025-08-11,Delivered,Tiffanyside,New Mexico
8209,852,72,4,171.7,686.8,2024-08-17,Delivered,Pearsonmouth,Idaho
8210,685,67,1,109.42,109.42,2025-05-06,Delivered,South Cynthiafurt,Rhode Island
8211,303,99,6,23.4,140.4,2025-01-14,Delivered,Raymondberg,West Virginia
8212,810,51,3,20.77,62.31,2025-07-29,Delivered,Lake Michaelport,New Hampshire
8213,1,196,1,211.17,211.17,2024-12-20,Delivered,South James,South Carolina
8214,984,47,4,72.54,290.16,2025-10-07,Delivered,Nathanside,Maryland
8215,660,181,2,187.56,375.12,2025-03-09,Processing,East Courtneyberg,Utah
8216,613,13,2,67.98,135.96,2025-01-24,Delivered,Rodriguezport,Indiana
8217,579,17,2,22.46,44.92,2025-12-15,Delivered,Hortonfurt,Montana
8218,850,27,5,33.99,169.95,2024-08-30,Delivered,Lake Kiara,Oklahoma
8219,756,78,7,27.87,195.09,2025-10-01,Delivered,West Lori,Virginia
8220,107,21,2,21.74,43.48,2025-11-10,Delivered,Patriciaville,Colorado
8221,580,148,3,293.38,880.14,2025-08-20,Delivered,Brownchester,Texas
8222,980,196,2,211.17,422.34,2025-08-16,Delivered,Lake Katherine,North Carolina
8223,965,191,2,92.98,185.96,2024-02-23,Delivered,East Mary,Mississippi
8224,944,168,2,214.69,429.38,2024-03-27,Delivered,Martinezport,Mississippi
8225,276,46,2,39.3,78.6,2024-01-08,Delivered,East Hollystad,Maryland
8226,589,128,2,89.87,179.74,2024-02-14,Delivered,Sharonhaven,Ohio
8227,397,26,9,32.0,288.0,2025-08-02,Delivered,East Dennisland,Wyoming
8228,421,185,2,1128.38,2256.76,2024-10-02,Delivered,Jonesberg,Kansas
8229,188,45,3,25.64,76.92,2025-02-06,Shipped,Michaelport,New Mexico
8230,437,180,2,32.39,64.78,2024-11-04,Delivered,Jesustown,West Virginia
8231,321,71,2,117.87,235.74,2025-04-30,Delivered,Port Nicholestad,Hawaii
8232,260,56,1,738.0,738.0,2025-05-13,Delivered,Timothyshire,New York
8233,145,76,2,1853.62,3707.24,2024-11-10,Delivered,West William,Michigan
8234,384,17,4,22.46,89.84,2024-04-09,Delivered,Port Tanya,Michigan
8235,793,123,2,120.25,240.5,2025-05-23,Delivered,Clarencefurt,Maryland
8236,572,189,1,1293.61,1293.61,2025-03-31,Delivered,Jamesstad,Nebraska
8237,901,180,4,32.39,129.56,2025-06-27,Shipped,West Lori,New Mexico
8238,797,115,2,115.19,230.38,2024-02-04,Delivered,Lake Margaretchester,Alaska
8239,770,171,4,41.02,164.08,2025-11-15,Delivered,South Stephanie,California
8240,474,85,1,669.8,669.8,2025-07-22,Shipped,South Aaronstad,Delaware
8241,435,25,1,71.4,71.4,2025-11-07,Delivered,West Melissafurt,Connecticut
8242,573,182,2,19.79,39.58,2024-08-08,Delivered,Craigton,Montana
8243,168,135,4,17.94,71.76,2025-02-21,Delivered,Oconnorstad,Oregon
8244,119,160,4,30.6,122.4,2025-07-23,Delivered,Isabelport,Ohio
8245,340,91,1,16.92,16.92,2025-10-25,Delivered,North Stevenmouth,North Dakota
8246,215,137,3,109.87,329.61,2025-03-06,Delivered,North Suzannefurt,Wisconsin
8247,132,164,1,196.76,196.76,2024-01-17,Shipped,Lake Robertshire,Florida
8248,782,44,3,180.6,541.8,2025-10-25,Delivered,Michaelmouth,Massachusetts
8249,131,54,1,66.84,66.84,2025-04-27,Delivered,Hendersonfurt,Oklahoma
8250,515,169,2,171.62,343.24,2025-11-06,Processing,Lake Larrymouth,Ohio
8251,410,33,2,32.17,64.34,2024-03-18,Returned,Nataliebury,Minnesota
8252,648,118,3,280.69,842.07,2025-07-17,Shipped,Port Andrew,Indiana
8253,476,53,2,53.04,106.08,2024-06-27,Delivered,Josephmouth,Maine
8254,723,108,5,92.71,463.55,2024-02-06,Delivered,Alexanderview,Texas
8255,825,162,4,99.85,399.4,2024-07-31,Shipped,Karenville,Texas
8256,150,130,1,825.68,825.68,2024-04-25,Delivered,Owensview,Florida
8257,446,125,4,192.15,768.6,2025-03-10,Shipped,Steventown,South Carolina
8258,296,21,1,21.74,21.74,2024-01-25,Delivered,Henryborough,Kansas
8259,945,60,1,242.61,242.61,2024-03-03,Delivered,New Christopher,Indiana
8260,986,20,1,57.57,57.57,2024-10-19,Delivered,West Daniel,Rhode Island
8261,45,105,3,31.98,95.94,2025-03-25,Shipped,Stevenberg,Utah
8262,988,169,3,171.62,514.86,2024-04-24,Delivered,Natalieberg,Washington
8263,989,113,3,158.59,475.77,2025-11-27,Delivered,Matthewshire,Arkansas
8264,865,150,1,415.89,415.89,2025-01-12,Delivered,Leonchester,Oklahoma
8265,28,156,1,136.11,136.11,2025-05-23,Shipped,Lake Roberthaven,Delaware
8266,954,118,1,280.69,280.69,2024-07-26,Delivered,North Jasonbury,New Jersey
8267,722,152,3,69.34,208.02,2025-12-25,Delivered,East Jamesshire,Kansas
8268,890,120,12,47.8,573.6,2024-05-19,Shipped,Port Austinchester,Kansas
8269,39,70,8,29.73,237.84,2025-06-25,Processing,Lake Davidborough,Maine
8270,712,200,3,35.55,106.65,2024-10-02,Processing,Hickmanview,Nevada
8271,361,168,3,214.69,644.07,2024-03-06,Delivered,Mccoyton,Michigan
8272,664,5,2,225.2,450.4,2024-10-21,Delivered,East Michaelborough,Connecticut
8273,932,1,1,50.57,50.57,2025-04-06,Delivered,Lake Cassandra,Indiana
8274,253,160,2,30.6,61.2,2025-03-21,Delivered,New Melodyland,West Virginia
8275,463,41,2,1133.32,2266.64,2024-09-05,Delivered,New Cheryl,New Hampshire
8276,327,46,1,39.3,39.3,2025-10-15,Returned,Webbborough,Nebraska
8277,881,26,10,32.0,320.0,2025-06-17,Delivered,Kerrbury,West Virginia
8278,513,105,2,31.98,63.96,2024-01-08,Delivered,North Jacquelineshire,Wisconsin
8279,293,81,2,221.79,443.58,2024-05-07,Delivered,Antoniobury,New Hampshire
8280,255,2,2,97.3,194.6,2024-07-09,Returned,Lake Jason,Florida
8281,25,90,1,780.14,780.14,2025-02-19,Delivered,Port Tracy,Alaska
8282,231,48,1,82.31,82.31,2024-11-27,Delivered,Lake Susan,Vermont
8283,627,72,2,171.7,343.4,2025-08-15,Delivered,West Ellen,Alaska
8284,275,159,4,144.57,578.28,2024-06-20,Shipped,Robbinsville,Delaware
8285,298,100,2,272.84,0.0,2024-09-18,Cancelled,Garciatown,Texas
8286,289,67,2,109.42,218.84,2025-03-13,Delivered,South Robertoburgh,Nevada
8287,29,135,4,17.94,71.76,2025-09-15,Delivered,Joyceview,Minnesota
8288,215,125,3,192.15,576.45,2024-08-02,Delivered,North Suzannefurt,Wisconsin
8289,187,177,1,135.85,135.85,2024-05-11,Delivered,East Susan,South Dakota
8290,607,97,4,28.08,112.32,2024-05-04,Delivered,Bellport,Kentucky
8291,339,66,3,100.8,302.4,2025-07-15,Delivered,Goodland,Texas
8292,703,141,1,371.58,371.58,2025-05-18,Delivered,East Alex,Washington
8293,493,79,4,35.4,141.6,2024-08-13,Delivered,Kellybury,Nebraska
8294,129,39,3,256.4,769.2,2024-09-06,Delivered,East Melissaton,Nevada
8295,876,170,1,60.94,60.94,2024-09-15,Delivered,East Alicia,Arizona
8296,82,155,1,61.98,61.98,2024-11-01,Processing,Port Beth,Tennessee
8297,799,127,3,117.98,353.94,2024-11-24,Delivered,Johnsonmouth,New Jersey
8298,360,73,5,82.71,413.55,2024-11-27,Returned,Alvarezfurt,Kentucky
8299,222,103,1,324.51,0.0,2024-08-23,Cancelled,Marktown,Connecticut
8300,955,119,3,299.58,0.0,2025-05-30,Cancelled,Brockbury,Georgia
8301,84,160,5,30.6,153.0,2024-08-16,Delivered,Smithhaven,Illinois
8302,530,66,1,100.8,100.8,2024-12-22,Delivered,Hollyfurt,Wisconsin
8303,759,150,1,415.89,415.89,2025-01-04,Delivered,Port Peter,Idaho
8304,198,2,3,97.3,291.9,2024-11-29,Delivered,East Wandaburgh,Maine
8305,47,126,1,24.66,24.66,2024-11-19,Delivered,West Matthewburgh,South Dakota
8306,779,107,4,56.79,227.16,2024-08-02,Delivered,Josestad,South Carolina
8307,940,49,2,53.93,107.86,2025-10-25,Delivered,Angelastad,Kansas
8308,677,108,2,92.71,185.42,2024-10-04,Shipped,Matthewmouth,Nebraska
8309,787,143,4,50.45,201.8,2025-02-05,Delivered,New Robertton,Maryland
8310,662,141,2,371.58,743.16,2024-03-05,Processing,East Casey,Alaska
8311,166,8,1,126.03,126.03,2025-06-04,Delivered,New Jacobland,Mississippi
8312,403,62,3,331.56,994.68,2025-12-13,Delivered,Abigailfurt,Arkansas
8313,400,168,1,214.69,214.69,2025-03-13,Processing,Jerryberg,Rhode Island
8314,756,20,3,57.57,172.71,2025-07-11,Delivered,West Lori,Virginia
8315,585,31,4,29.73,118.92,2024-11-16,Delivered,West Kaylafort,Ohio
8316,388,37,4,27.38,109.52,2025-01-05,Delivered,Mossstad,Texas
8317,584,4,1,263.55,263.55,2025-03-25,Shipped,Sanchezberg,New Hampshire
8318,540,11,4,20.71,82.84,2025-12-25,Delivered,Simmonsmouth,Wyoming
8319,251,127,3,117.98,353.94,2025-06-05,Delivered,Williamton,New Hampshire
8320,132,130,2,825.68,0.0,2025-02-21,Cancelled,Lake Robertshire,Florida
8321,757,76,1,1853.62,1853.62,2025-12-31,Delivered,North Andrea,Alabama
8322,207,151,1,1843.3,1843.3,2024-09-24,Delivered,Valerieview,Idaho
8323,111,145,3,238.69,716.07,2025-10-24,Delivered,East Markberg,Hawaii
8324,560,87,1,19.31,19.31,2025-12-16,Shipped,New Mary,Louisiana
8325,611,104,3,43.38,130.14,2025-09-21,Delivered,New Johnfurt,Ohio
8326,684,16,3,48.77,146.31,2024-03-29,Delivered,South Deniseburgh,Wyoming
8327,725,70,8,29.73,237.84,2024-10-26,Delivered,Whiteland,West Virginia
8328,892,187,2,46.53,93.06,2025-04-14,Delivered,Ryanmouth,Georgia
8329,13,116,1,146.15,146.15,2024-06-08,Delivered,Grayberg,California
8330,264,150,3,415.89,1247.67,2024-05-16,Delivered,North Georgetown,Washington
8331,151,108,2,92.71,185.42,2024-10-08,Shipped,Smithbury,Minnesota
8332,293,161,2,295.59,591.18,2025-05-21,Delivered,Antoniobury,New Hampshire
8333,411,8,3,126.03,0.0,2024-03-08,Cancelled,Carolineton,Maine
8334,317,46,1,39.3,39.3,2025-07-14,Delivered,Hooperburgh,Massachusetts
8335,279,157,5,21.39,106.95,2025-01-15,Delivered,Brandonside,Oklahoma
8336,635,93,1,1518.29,1518.29,2025-10-15,Shipped,Port Emilyton,Missouri
8337,803,45,3,25.64,76.92,2024-02-03,Delivered,East Matthewtown,Ohio
8338,103,106,1,1067.66,1067.66,2025-06-07,Delivered,South Ronaldfurt,Ohio
8339,220,39,2,256.4,0.0,2025-11-09,Cancelled,New Jasonport,Oregon
8340,626,98,1,171.77,171.77,2025-03-29,Delivered,Randyhaven,Illinois
8341,747,70,4,29.73,118.92,2024-03-22,Delivered,Bassville,Texas
8342,150,194,2,384.6,769.2,2025-11-17,Delivered,Owensview,Florida
8343,568,192,7,5.42,37.94,2024-06-12,Delivered,Leebury,West Virginia
8344,474,149,4,86.32,345.28,2024-12-27,Returned,South Aaronstad,Delaware
8345,23,108,3,92.71,278.13,2024-06-23,Delivered,Danielfort,Missouri
8346,59,32,2,112.27,224.54,2024-07-17,Delivered,Sandovalshire,Iowa
8347,385,176,2,39.64,79.28,2025-06-19,Delivered,Rebekahville,Nevada
8348,968,162,2,99.85,199.7,2024-01-08,Processing,North Spencer,North Carolina
8349,702,173,6,31.1,0.0,2024-03-04,Cancelled,Port Sandramouth,Oklahoma
8350,456,28,1,18.59,0.0,2025-09-20,Cancelled,Reidhaven,Florida
8351,541,64,1,701.02,0.0,2024-01-13,Cancelled,East Ashleyton,Wyoming
8352,117,128,3,89.87,269.61,2024-06-19,Delivered,South Virginiaport,Nebraska
8353,974,171,2,41.02,82.04,2024-12-12,Delivered,Morsehaven,Nevada
8354,899,4,3,263.55,790.65,2024-08-25,Returned,North Tina,Idaho
8355,510,91,2,16.92,33.84,2024-12-25,Delivered,Whitemouth,Mississippi
8356,567,184,1,151.44,151.44,2024-05-04,Delivered,Reneebury,Montana
8357,188,86,4,86.29,345.16,2024-07-15,Processing,Michaelport,New Mexico
8358,427,78,6,27.87,167.22,2024-02-22,Delivered,South Brianview,Wyoming
8359,926,199,5,91.79,458.95,2025-07-05,Delivered,Alejandroville,Mississippi
8360,371,110,5,149.46,747.3,2025-08-18,Processing,South Evelynburgh,Alaska
8361,507,135,4,17.94,71.76,2025-06-12,Returned,North Sarah,New York
8362,322,113,2,158.59,317.18,2025-02-22,Delivered,Torreston,Georgia
8363,963,28,3,18.59,55.77,2024-01-11,Delivered,Port Michaelshire,Wyoming
8364,693,165,4,118.26,473.04,2025-11-16,Delivered,East Ann,South Dakota
8365,26,13,1,67.98,67.98,2024-10-27,Returned,Port Corey,Maine
8366,210,157,4,21.39,85.56,2025-10-10,Processing,Port Jonathanshire,Utah
8367,148,48,1,82.31,82.31,2024-03-05,Returned,Schroederfurt,Indiana
8368,247,155,3,61.98,185.94,2024-08-13,Delivered,Port Debbiemouth,Alaska
8369,1,200,4,35.55,142.2,2024-10-06,Delivered,South James,South Carolina
8370,233,169,3,171.62,514.86,2024-04-17,Delivered,Port Brian,Idaho
8371,346,84,3,121.98,365.94,2025-05-31,Delivered,Lake Jennifermouth,Maryland
8372,391,125,2,192.15,384.3,2025-05-02,Processing,Morenofurt,Minnesota
8373,23,79,3,35.4,106.2,2024-09-22,Delivered,Danielfort,Missouri
8374,160,128,3,89.87,269.61,2025-09-03,Delivered,Lake Luis,Texas
8375,61,61,2,83.9,167.8,2025-12-24,Delivered,Port Tammytown,Tennessee
8376,292,8,3,126.03,378.09,2025-01-25,Delivered,East Amanda,Rhode Island
8377,246,125,4,192.15,768.6,2024-05-30,Processing,Abigailstad,South Dakota
8378,524,69,3,96.69,290.07,2024-02-21,Delivered,Quinnchester,Idaho
8379,516,161,1,295.59,295.59,2024-05-22,Delivered,Stewartside,Wisconsin
8380,852,182,3,19.79,59.37,2025-10-11,Delivered,Pearsonmouth,Idaho
8381,702,139,1,48.17,48.17,2024-08-07,Delivered,Port Sandramouth,Oklahoma
8382,36,95,2,90.16,180.32,2025-09-21,Delivered,South Michaelville,Colorado
8383,734,166,6,12.95,77.7,2024-09-05,Delivered,Port Audreyport,Nebraska
8384,282,61,4,83.9,335.6,2025-04-23,Delivered,Vincenttown,Michigan
8385,929,120,2,47.8,95.6,2025-06-15,Delivered,Sawyerview,West Virginia
8386,489,56,1,738.0,738.0,2024-09-16,Delivered,South Katherineport,Mississippi
8387,967,163,1,91.43,91.43,2024-09-14,Delivered,Lake Davidberg,Nevada
8388,733,48,4,82.31,329.24,2025-12-14,Delivered,Port Richardton,Maryland
8389,877,24,5,51.42,257.1,2025-07-08,Delivered,Karenfurt,Wyoming
8390,794,143,3,50.45,151.35,2024-12-30,Delivered,Harperport,Iowa
8391,97,106,2,1067.66,2135.32,2024-06-22,Delivered,Campbellhaven,South Carolina
8392,813,159,4,144.57,578.28,2025-01-21,Delivered,West Michaelville,Virginia
8393,488,70,12,29.73,356.76,2024-01-25,Delivered,East Erikafort,Rhode Island
8394,814,26,11,32.0,352.0,2024-05-14,Shipped,East Troyfurt,Washington
8395,886,95,4,90.16,360.64,2025-03-12,Delivered,East Kayleetown,Wyoming
8396,942,105,1,31.98,31.98,2024-12-04,Delivered,Ginastad,South Dakota
8397,676,47,2,72.54,145.08,2025-04-19,Delivered,Georgeshire,Indiana
8398,203,134,1,61.51,61.51,2025-10-07,Delivered,Jasmineville,South Carolina
8399,152,65,5,7.18,35.9,2024-01-17,Delivered,New Andrea,Delaware
8400,83,196,3,211.17,0.0,2025-04-05,Cancelled,Bergbury,Idaho
8401,135,122,4,20.47,81.88,2024-07-31,Delivered,East Ericshire,Nevada
8402,173,33,1,32.17,32.17,2024-03-09,Shipped,East Katelyn,Massachusetts
8403,570,63,2,155.85,0.0,2024-09-10,Cancelled,Jacobton,South Carolina
8404,530,58,4,133.46,533.84,2024-10-11,Delivered,Hollyfurt,Wisconsin
8405,612,86,3,86.29,258.87,2025-07-03,Delivered,East Aaron,Tennessee
8406,583,30,3,58.18,174.54,2025-09-26,Delivered,Henryfort,Wisconsin
8407,479,26,8,32.0,256.0,2024-02-02,Shipped,Moranside,Mississippi
8408,20,8,3,126.03,378.09,2025-11-07,Delivered,Lake Lisa,Michigan
8409,897,160,5,30.6,153.0,2024-12-09,Delivered,Port Bradshire,Maine
8410,400,39,3,256.4,769.2,2024-07-17,Delivered,Jerryberg,Rhode Island
8411,162,171,3,41.02,123.06,2024-01-31,Shipped,Greenfurt,Ohio
8412,349,182,2,19.79,39.58,2025-12-20,Delivered,Lake Theresa,Pennsylvania
8413,67,197,2,41.22,82.44,2025-01-09,Delivered,Charlesburgh,Tennessee
8414,872,52,1,95.66,95.66,2024-05-11,Delivered,Romantown,Minnesota
8415,960,65,6,7.18,43.08,2024-01-06,Delivered,New Melissa,Delaware
8416,572,110,3,149.46,448.38,2024-11-30,Delivered,Jamesstad,Nebraska
8417,28,90,2,780.14,1560.28,2024-02-14,Delivered,Lake Roberthaven,Delaware
8418,44,166,12,12.95,155.4,2024-09-06,Delivered,Robertville,Indiana
8419,687,75,3,408.35,0.0,2025-06-22,Cancelled,South Jordan,North Carolina
8420,962,199,2,91.79,183.58,2024-02-20,Delivered,North Lorettaport,Rhode Island
8421,833,77,1,40.52,40.52,2024-12-06,Delivered,Ryanbury,Hawaii
8422,788,192,6,5.42,32.52,2024-03-20,Processing,West Regina,Illinois
8423,110,76,2,1853.62,3707.24,2024-06-05,Delivered,Welchhaven,New Hampshire
8424,166,33,4,32.17,0.0,2025-04-01,Cancelled,New Jacobland,Mississippi
8425,782,82,2,102.58,205.16,2025-05-08,Delivered,Michaelmouth,Massachusetts
8426,677,77,4,40.52,162.08,2025-12-18,Delivered,Matthewmouth,Nebraska
8427,523,47,4,72.54,290.16,2025-07-03,Delivered,West Davidshire,Ohio
8428,12,179,1,76.57,76.57,2024-12-01,Delivered,Port Johnmouth,North Dakota
8429,859,148,1,293.38,293.38,2024-02-12,Delivered,Haasfort,Kansas
8430,358,15,1,213.82,213.82,2024-11-07,Delivered,Matthewview,West Virginia
8431,369,105,1,31.98,31.98,2024-07-12,Delivered,North Sally,Rhode Island
8432,41,90,1,780.14,0.0,2024-07-31,Cancelled,Parkerborough,Tennessee
8433,865,149,1,86.32,86.32,2024-06-03,Shipped,Leonchester,Oklahoma
8434,258,135,1,17.94,17.94,2025-05-02,Delivered,Christianburgh,North Carolina
8435,870,69,1,96.69,96.69,2025-11-06,Delivered,Parkerhaven,Indiana
8436,334,165,2,118.26,236.52,2025-07-26,Delivered,Leeside,New Hampshire
8437,622,147,2,202.08,404.16,2025-05-10,Delivered,Barbarastad,Wisconsin
8438,916,31,7,29.73,208.11,2024-08-09,Delivered,East Tarabury,Alabama
8439,138,188,4,35.05,0.0,2024-11-19,Cancelled,Amandahaven,Nebraska
8440,946,12,2,182.65,365.3,2025-10-20,Delivered,East Kelly,Maryland
8441,442,39,3,256.4,769.2,2024-02-11,Delivered,Keithside,New Hampshire
8442,750,82,3,102.58,0.0,2025-04-23,Cancelled,Port Thomasmouth,New Mexico
8443,471,109,1,321.21,321.21,2025-06-07,Delivered,Suzannemouth,Massachusetts
8444,730,103,2,324.51,649.02,2024-05-13,Returned,Timfort,New York
8445,739,158,1,1511.23,1511.23,2024-04-08,Delivered,Lake Jason,Arizona
8446,364,5,2,225.2,450.4,2025-10-13,Delivered,Harrisport,Idaho
8447,232,195,3,2.19,6.57,2025-06-19,Processing,Ericshire,West Virginia
8448,763,177,3,135.85,407.55,2024-02-23,Delivered,Parrishmouth,Nebraska
8449,92,193,4,99.73,398.92,2025-02-17,Delivered,East Lisa,Minnesota
8450,223,147,2,202.08,0.0,2024-06-20,Cancelled,Amandatown,Illinois
8451,231,121,3,114.49,343.47,2025-10-04,Delivered,Lake Susan,Vermont
8452,318,106,2,1067.66,2135.32,2025-02-20,Shipped,Lake Adam,Washington
8453,556,67,1,109.42,109.42,2024-12-31,Processing,Kristinafort,Georgia
8454,10,10,1,6.76,6.76,2024-03-02,Returned,Juliemouth,Wisconsin
8455,204,43,2,377.86,755.72,2025-01-28,Processing,West Ryanmouth,Kentucky
8456,949,111,1,292.45,292.45,2024-05-20,Delivered,Oneillbury,Wyoming
8457,971,196,2,211.17,422.34,2024-01-20,Delivered,North Barbarashire,Delaware
8458,120,127,2,117.98,235.96,2024-08-30,Delivered,Lewisberg,Arizona
8459,470,107,4,56.79,0.0,2024-03-15,Cancelled,Port Spencer,New York
8460,562,114,3,22.89,68.67,2025-07-13,Delivered,Brandyland,Pennsylvania
8461,164,130,2,825.68,0.0,2025-10-26,Cancelled,East Grant,Washington
8462,494,113,3,158.59,0.0,2024-04-16,Cancelled,Amandamouth,Pennsylvania
8463,562,15,2,213.82,427.64,2025-02-14,Shipped,Brandyland,Pennsylvania
8464,495,143,3,50.45,0.0,2024-07-18,Cancelled,West Kyle,Vermont
8465,171,164,3,196.76,590.28,2025-05-24,Delivered,Chelseamouth,North Carolina
8466,516,107,1,56.79,56.79,2024-06-29,Delivered,Stewartside,Wisconsin
8467,544,21,4,21.74,86.96,2024-02-01,Delivered,Cranehaven,Montana
8468,276,69,3,96.69,0.0,2024-08-19,Cancelled,East Hollystad,Maryland
8469,629,43,2,377.86,0.0,2024-02-07,Cancelled,New Vickihaven,Connecticut
8470,559,189,1,1293.61,1293.61,2025-12-18,Delivered,West Tina,North Carolina
8471,273,153,3,82.41,247.23,2025-02-27,Returned,Lake Anthonyfort,Kansas
8472,314,116,2,146.15,292.3,2024-11-29,Processing,South Jamie,Wyoming
8473,690,192,1,5.42,5.42,2025-11-10,Delivered,Campbellchester,Wisconsin
8474,85,50,1,107.82,107.82,2024-04-23,Shipped,Lake Charles,Missouri
8475,974,38,3,115.17,345.51,2024-07-07,Delivered,Morsehaven,Nevada
8476,625,88,1,189.99,189.99,2025-08-27,Delivered,Schmittside,Louisiana
8477,825,167,3,133.62,400.86,2024-08-22,Delivered,Karenville,Texas
8478,970,179,4,76.57,306.28,2024-10-08,Delivered,Allenmouth,West Virginia
8479,899,61,2,83.9,167.8,2025-09-13,Delivered,North Tina,Idaho
8480,327,28,3,18.59,55.77,2024-02-14,Delivered,Webbborough,Nebraska
8481,922,151,2,1843.3,3686.6,2025-01-21,Delivered,West Sharonland,Idaho
8482,295,187,2,46.53,93.06,2024-01-28,Delivered,Angelahaven,Michigan
8483,608,174,9,39.88,358.92,2024-10-03,Delivered,Lake Amandaport,Florida
8484,366,108,2,92.71,0.0,2025-10-11,Cancelled,Lake Mark,New Hampshire
8485,746,32,1,112.27,112.27,2024-09-11,Delivered,Rogerfort,Michigan
8486,619,160,3,30.6,91.8,2024-05-10,Processing,Austinville,South Dakota
8487,481,16,1,48.77,48.77,2025-02-07,Delivered,South Phillipville,West Virginia
8488,859,64,1,701.02,701.02,2025-08-09,Delivered,Haasfort,Kansas
8489,27,106,1,1067.66,1067.66,2025-08-20,Delivered,Codymouth,Alabama
8490,602,199,5,91.79,458.95,2025-01-22,Delivered,Longville,North Carolina
8491,47,119,2,299.58,599.16,2024-05-31,Delivered,West Matthewburgh,South Dakota
8492,449,4,2,263.55,527.1,2025-10-06,Processing,Millermouth,South Carolina
8493,854,198,3,28.18,84.54,2024-01-23,Delivered,Port Christopher,New Mexico
8494,992,114,1,22.89,22.89,2025-11-06,Returned,New Jacqueline,Connecticut
8495,391,188,6,35.05,210.3,2025-12-12,Delivered,Morenofurt,Minnesota
8496,655,125,4,192.15,768.6,2025-11-14,Delivered,Hubbardport,North Dakota
8497,587,39,3,256.4,769.2,2024-12-10,Returned,South Donnabury,Maine
8498,731,3,3,7.36,22.08,2025-05-06,Delivered,North Sarahton,Alaska
8499,3,105,2,31.98,63.96,2024-12-16,Delivered,East Rubenview,Connecticut
8500,234,104,5,43.38,216.9,2024-05-18,Delivered,Clarkhaven,Massachusetts
8501,817,117,1,23.92,23.92,2024-02-17,Delivered,West Dianestad,Iowa
8502,659,14,1,1392.16,1392.16,2024-12-18,Delivered,East Josemouth,Alaska
8503,737,146,2,6.95,13.9,2025-06-17,Delivered,Lake Christopherfort,New Mexico
8504,319,60,2,242.61,485.22,2024-12-25,Delivered,East Michael,Nebraska
8505,597,59,6,5.75,34.5,2025-06-13,Shipped,South Robert,Colorado
8506,164,58,4,133.46,533.84,2025-11-16,Delivered,East Grant,Washington
8507,605,61,2,83.9,167.8,2025-01-05,Delivered,New Kenneth,Connecticut
8508,766,130,2,825.68,1651.36,2024-03-17,Delivered,Jenniferfort,Kentucky
8509,157,92,2,31.83,63.66,2024-01-19,Delivered,Masseystad,Alaska
8510,849,25,5,71.4,357.0,2024-08-24,Shipped,Cookeville,New York
8511,874,27,3,33.99,101.97,2025-10-08,Delivered,Dustinport,Mississippi
8512,211,84,1,121.98,121.98,2024-10-06,Delivered,Wardmouth,Georgia
8513,341,120,1,47.8,47.8,2024-09-11,Shipped,West Rachelbury,Vermont
8514,494,197,5,41.22,206.1,2025-11-18,Processing,Amandamouth,Pennsylvania
8515,623,171,1,41.02,0.0,2025-09-08,Cancelled,East Anthony,Oklahoma
8516,309,177,3,135.85,407.55,2025-04-11,Delivered,Burkemouth,Tennessee
8517,95,48,1,82.31,82.31,2025-03-29,Shipped,East Mathewland,Massachusetts
8518,174,63,2,155.85,311.7,2025-03-21,Delivered,Port Michaelville,Arkansas
8519,888,146,5,6.95,34.75,2025-03-28,Shipped,Williamville,Wisconsin
8520,455,22,1,192.65,192.65,2024-12-10,Delivered,Meganfort,Kentucky
8521,292,165,3,118.26,354.78,2024-07-30,Shipped,East Amanda,Rhode Island
8522,867,25,2,71.4,142.8,2025-02-18,Delivered,Lukeland,Maryland
8523,299,91,9,16.92,152.28,2025-11-01,Processing,Taylorbury,California
8524,564,83,1,129.45,129.45,2025-08-04,Delivered,Stokeschester,Minnesota
8525,643,117,5,23.92,119.6,2024-05-04,Delivered,North Josephhaven,New Hampshire
8526,199,36,7,24.13,168.91,2025-01-19,Delivered,Schmidtberg,Wisconsin
8527,569,32,3,112.27,336.81,2025-07-29,Shipped,Jonesport,Florida
8528,843,103,3,324.51,973.53,2025-11-09,Delivered,East Joshua,Virginia
8529,485,190,1,655.22,655.22,2024-05-11,Delivered,Travisville,Connecticut
8530,444,44,2,180.6,361.2,2024-06-30,Delivered,Edwardsview,South Dakota
8531,165,133,3,57.39,172.17,2025-04-19,Delivered,West Paulburgh,Nevada
8532,29,49,1,53.93,53.93,2025-10-17,Delivered,Joyceview,Minnesota
8533,7,100,3,272.84,818.52,2024-09-19,Delivered,Kylefort,Washington
8534,978,77,4,40.52,162.08,2024-08-14,Delivered,South Jennifer,Hawaii
8535,173,59,5,5.75,28.75,2024-01-15,Delivered,East Katelyn,Massachusetts
8536,948,190,1,655.22,655.22,2025-10-19,Delivered,Port Holly,Mississippi
8537,159,92,5,31.83,159.15,2025-08-21,Delivered,Brownfort,Georgia
8538,136,124,1,253.0,253.0,2024-06-07,Delivered,Lake Sandra,Washington
8539,665,147,1,202.08,202.08,2025-06-17,Delivered,Bryantbury,Massachusetts
8540,363,175,4,88.86,355.44,2025-12-22,Delivered,Michaeltown,Rhode Island
8541,1000,151,1,1843.3,1843.3,2024-10-06,Returned,East Jessica,New Mexico
8542,100,54,4,66.84,267.36,2024-05-01,Delivered,New Steven,Alaska
8543,750,187,3,46.53,139.59,2025-02-28,Delivered,Port Thomasmouth,New Mexico
8544,103,11,1,20.71,20.71,2025-12-27,Delivered,South Ronaldfurt,Ohio
8545,60,50,1,107.82,107.82,2024-05-08,Delivered,Lisatown,Missouri
8546,888,94,1,73.18,73.18,2024-02-17,Delivered,Williamville,Wisconsin
8547,466,139,1,48.17,48.17,2025-09-07,Delivered,Hollowayfort,Colorado
8548,481,101,3,23.21,69.63,2024-09-20,Processing,South Phillipville,West Virginia
8549,796,124,3,253.0,759.0,2025-05-31,Delivered,New Johnfurt,Iowa
8550,954,7,3,37.5,112.5,2024-11-07,Delivered,North Jasonbury,New Jersey
8551,379,118,1,280.69,280.69,2025-12-11,Processing,West Adam,Alaska
8552,927,134,2,61.51,123.02,2024-02-01,Delivered,Mirandachester,Nebraska
8553,137,36,2,24.13,48.26,2025-09-27,Shipped,Sandraland,Oklahoma
8554,841,199,4,91.79,367.16,2025-09-25,Delivered,Steveton,Ohio
8555,597,124,1,253.0,253.0,2025-06-28,Delivered,South Robert,Colorado
8556,976,135,4,17.94,71.76,2025-06-20,Delivered,Meltonview,New York
8557,726,8,1,126.03,0.0,2024-07-07,Cancelled,Margaretmouth,Connecticut
8558,968,142,1,469.45,469.45,2025-11-30,Delivered,North Spencer,North Carolina
8559,5,114,2,22.89,45.78,2024-10-26,Delivered,Rodrigueztown,Minnesota
8560,738,135,4,17.94,71.76,2024-04-24,Delivered,Shawnmouth,Florida
8561,516,15,3,213.82,0.0,2024-03-04,Cancelled,Stewartside,Wisconsin
8562,962,180,6,32.39,194.34,2024-10-12,Shipped,North Lorettaport,Rhode Island
8563,578,26,11,32.0,352.0,2025-03-23,Delivered,Wuview,Louisiana
8564,634,146,5,6.95,34.75,2024-06-21,Delivered,Whitemouth,Vermont
8565,493,144,10,48.66,486.6,2025-10-16,Delivered,Kellybury,Nebraska
8566,820,95,4,90.16,360.64,2024-01-30,Delivered,East Roberthaven,Maine
8567,428,139,5,48.17,240.85,2025-07-28,Delivered,Harperfurt,Iowa
8568,557,86,1,86.29,86.29,2025-05-29,Processing,Robinsonfort,Alabama
8569,847,153,1,82.41,82.41,2025-11-12,Delivered,Matthewfurt,New Jersey
8570,6,69,3,96.69,290.07,2024-01-11,Delivered,Lake Stephen,Nevada
8571,905,129,2,156.82,313.64,2024-06-14,Delivered,Snyderchester,Illinois
8572,331,78,2,27.87,55.74,2025-12-12,Delivered,Lake Williamfort,Washington
8573,82,137,3,109.87,329.61,2024-06-07,Delivered,Port Beth,Tennessee
8574,271,180,3,32.39,97.17,2024-02-09,Delivered,New Dylanberg,New York
8575,894,10,3,6.76,20.28,2024-10-13,Returned,Lake Johnny,Michigan
8576,741,109,1,321.21,321.21,2025-08-06,Shipped,New Ginafort,Montana
8577,33,78,11,27.87,306.57,2024-02-27,Delivered,South Rebecca,Utah
8578,498,31,10,29.73,297.3,2025-06-24,Delivered,East Evanshire,Alaska
8579,315,58,2,133.46,266.92,2024-03-02,Delivered,East Mary,Virginia
8580,40,18,1,12.0,12.0,2024-11-29,Delivered,Lopezland,Minnesota
8581,509,65,5,7.18,35.9,2025-10-20,Delivered,East Ryanchester,Georgia
8582,249,81,3,221.79,665.37,2024-04-06,Processing,West Rebeccaburgh,Oregon
8583,259,173,1,31.1,31.1,2024-03-16,Returned,North Danielmouth,Louisiana
8584,750,69,1,96.69,96.69,2025-10-10,Processing,Port Thomasmouth,New Mexico
8585,832,174,7,39.88,279.16,2024-05-04,Returned,Fosterbury,Arkansas
8586,812,86,4,86.29,345.16,2025-03-28,Delivered,East Gabriel,Louisiana
8587,579,173,5,31.1,155.5,2024-07-18,Delivered,Hortonfurt,Montana
8588,457,136,2,52.07,104.14,2025-06-30,Delivered,East Adammouth,Iowa
8589,998,21,2,21.74,43.48,2024-07-29,Processing,Samanthafurt,West Virginia
8590,791,16,1,48.77,48.77,2025-12-08,Delivered,Gailtown,Connecticut
8591,681,128,2,89.87,179.74,2024-02-21,Delivered,Wileybury,Alaska
8592,42,91,12,16.92,203.04,2025-10-25,Delivered,Draketon,Vermont
8593,566,60,3,242.61,727.83,2024-03-14,Delivered,Masonbury,Alabama
8594,485,103,2,324.51,649.02,2025-11-05,Delivered,Travisville,Connecticut
8595,274,25,4,71.4,285.6,2025-08-02,Delivered,Blakemouth,South Carolina
8596,780,120,9,47.8,430.2,2024-10-01,Shipped,Jessicaberg,Utah
8597,701,31,5,29.73,148.65,2024-01-28,Delivered,Port Melissa,Texas
8598,619,7,4,37.5,150.0,2024-08-25,Delivered,Austinville,South Dakota
8599,67,145,2,238.69,477.38,2024-02-28,Shipped,Charlesburgh,Tennessee
8600,951,191,3,92.98,278.94,2024-10-18,Delivered,Port Michelle,Missouri
8601,988,191,1,92.98,92.98,2025-03-22,Processing,Natalieberg,Washington
8602,59,56,1,738.0,738.0,2024-11-04,Delivered,Sandovalshire,Iowa
8603,436,138,3,20.13,60.39,2025-01-30,Shipped,Port Jessicaport,Kansas
8604,762,44,2,180.6,361.2,2024-05-14,Delivered,West Tarachester,South Carolina
8605,175,34,1,264.74,264.74,2024-09-02,Delivered,Amyborough,South Dakota
8606,457,131,5,28.16,140.8,2025-08-01,Delivered,East Adammouth,Iowa
8607,491,22,3,192.65,577.95,2024-08-04,Delivered,Markport,Wyoming
8608,591,5,1,225.2,225.2,2024-03-04,Delivered,Richardtown,Alaska
8609,288,173,4,31.1,124.4,2024-03-24,Delivered,Geraldland,Connecticut
8610,783,32,4,112.27,449.08,2024-07-29,Delivered,Allenhaven,Georgia
8611,411,119,1,299.58,299.58,2024-07-23,Delivered,Carolineton,Maine
8612,729,52,3,95.66,286.98,2024-11-25,Delivered,North Steven,Texas
8613,753,22,2,192.65,385.3,2024-09-12,Processing,Ashleyside,New York
8614,340,183,9,5.03,45.27,2024-06-08,Shipped,North Stevenmouth,North Dakota
8615,624,58,4,133.46,533.84,2025-07-21,Returned,East Mary,Nebraska
8616,615,113,3,158.59,475.77,2024-11-01,Delivered,Jefferyville,Wyoming
8617,432,21,4,21.74,86.96,2024-11-20,Delivered,South Davidside,Wyoming
8618,521,126,1,24.66,0.0,2024-05-11,Cancelled,Hannahtown,Kentucky
8619,911,53,1,53.04,0.0,2024-06-07,Cancelled,Audreyville,Georgia
8620,627,195,10,2.19,21.9,2025-07-21,Delivered,West Ellen,Alaska
8621,257,119,2,299.58,599.16,2025-06-01,Delivered,Lake Bobby,Virginia
8622,677,103,2,324.51,649.02,2024-09-13,Delivered,Matthewmouth,Nebraska
8623,875,50,1,107.82,0.0,2025-02-14,Cancelled,Kevinside,Vermont
8624,732,38,4,115.17,460.68,2025-11-11,Returned,Stephaniechester,Nevada
8625,575,108,3,92.71,278.13,2025-10-10,Delivered,Danielton,Idaho
8626,837,3,3,7.36,22.08,2025-09-15,Shipped,South Rodney,Florida
8627,767,114,1,22.89,22.89,2025-09-17,Delivered,Hudsonburgh,Mississippi
8628,79,125,3,192.15,576.45,2025-12-15,Delivered,Whitestad,Oregon
8629,805,163,3,91.43,274.29,2025-10-22,Delivered,East Kayla,New Mexico
8630,614,181,3,187.56,562.68,2025-04-27,Shipped,Toddbury,Texas
8631,39,136,5,52.07,260.35,2025-08-06,Shipped,Lake Davidborough,Maine
8632,480,37,4,27.38,109.52,2024-07-19,Shipped,South Colleenchester,West Virginia
8633,579,41,2,1133.32,2266.64,2025-07-16,Shipped,Hortonfurt,Montana
8634,581,193,1,99.73,99.73,2024-10-28,Delivered,Port David,New Hampshire
8635,770,180,5,32.39,161.95,2025-06-24,Delivered,South Stephanie,California
8636,377,25,5,71.4,357.0,2024-08-12,Delivered,Port Richard,Wyoming
8637,730,65,2,7.18,14.36,2024-11-01,Delivered,Timfort,New York
8638,382,111,2,292.45,584.9,2024-02-19,Delivered,Sandyborough,Arkansas
8639,555,154,2,341.24,682.48,2024-12-07,Shipped,Lake Annborough,Mississippi
8640,228,128,3,89.87,269.61,2024-05-21,Delivered,Amberbury,Arizona
8641,885,46,2,39.3,78.6,2024-05-01,Delivered,Antonioland,Maine
8642,290,93,2,1518.29,3036.58,2024-01-13,Delivered,Larryland,Maine
8643,388,182,5,19.79,98.95,2025-10-13,Delivered,Mossstad,Texas
8644,931,194,1,384.6,384.6,2024-09-30,Delivered,North Adammouth,New Hampshire
8645,558,60,2,242.61,485.22,2025-03-06,Delivered,Stanleychester,Nebraska
8646,425,159,2,144.57,0.0,2024-12-02,Cancelled,Port Christy,Michigan
8647,788,56,1,738.0,738.0,2025-04-10,Delivered,West Regina,Illinois
8648,63,176,3,39.64,118.92,2024-04-22,Delivered,Jaredborough,Washington
8649,257,163,1,91.43,91.43,2024-08-18,Delivered,Lake Bobby,Virginia
8650,47,172,1,107.92,107.92,2025-06-17,Delivered,West Matthewburgh,South Dakota
8651,174,41,1,1133.32,1133.32,2025-01-15,Delivered,Port Michaelville,Arkansas
8652,689,192,7,5.42,37.94,2024-10-11,Delivered,Sarahland,Utah
8653,818,124,3,253.0,759.0,2024-02-03,Delivered,East Misty,North Dakota
8654,687,102,2,16.02,32.04,2025-10-08,Delivered,South Jordan,North Carolina
8655,784,3,3,7.36,22.08,2024-05-09,Delivered,East Laurenburgh,Arkansas
8656,208,162,5,99.85,499.25,2025-04-18,Delivered,East Michealfort,South Dakota
8657,184,102,1,16.02,16.02,2024-10-15,Delivered,West Robert,Illinois
8658,483,180,2,32.39,64.78,2025-05-17,Delivered,Monicaburgh,Minnesota
8659,175,163,4,91.43,365.72,2024-11-27,Delivered,Amyborough,South Dakota
8660,881,137,1,109.87,0.0,2024-03-31,Cancelled,Kerrbury,West Virginia
8661,873,13,1,67.98,67.98,2024-10-04,Delivered,Port Kennethville,Vermont
8662,436,11,6,20.71,124.26,2025-07-18,Delivered,Port Jessicaport,Kansas
8663,872,111,1,292.45,292.45,2024-04-16,Delivered,Romantown,Minnesota
8664,710,105,2,31.98,63.96,2025-05-24,Processing,West Kelseytown,Nevada
8665,824,194,2,384.6,769.2,2024-11-05,Delivered,New Normaton,Georgia
8666,506,103,1,324.51,324.51,2024-12-18,Shipped,Connorfurt,Georgia
8667,848,29,5,8.63,43.15,2025-05-06,Delivered,Port Maryside,Wyoming
8668,903,171,2,41.02,82.04,2025-10-16,Shipped,North Raymondton,Wyoming
8669,352,56,1,738.0,738.0,2024-06-19,Delivered,Maybury,Indiana
8670,784,95,5,90.16,450.8,2025-04-28,Delivered,East Laurenburgh,Arkansas
8671,256,166,12,12.95,155.4,2024-12-19,Delivered,Erikview,Vermont
8672,573,191,1,92.98,92.98,2024-06-21,Shipped,Craigton,Montana
8673,994,113,4,158.59,634.36,2025-12-27,Returned,New Andrechester,California
8674,808,3,3,7.36,22.08,2025-01-05,Delivered,Lake Jessicatown,Rhode Island
8675,378,155,3,61.98,185.94,2025-03-26,Delivered,Bestfort,New York
8676,387,127,4,117.98,471.92,2025-02-27,Delivered,Curtiston,Rhode Island
8677,285,185,1,1128.38,1128.38,2025-11-22,Processing,North Bobburgh,South Dakota
8678,362,186,1,27.47,27.47,2025-05-11,Delivered,East Brett,South Dakota
8679,684,196,2,211.17,422.34,2024-06-14,Delivered,South Deniseburgh,Wyoming
8680,778,159,1,144.57,144.57,2025-11-15,Delivered,Lake Alyssaville,Alaska
8681,734,143,3,50.45,151.35,2025-08-17,Processing,Port Audreyport,Nebraska
8682,521,128,4,89.87,359.48,2025-09-11,Delivered,Hannahtown,Kentucky
8683,474,190,1,655.22,655.22,2024-05-26,Returned,South Aaronstad,Delaware
8684,802,42,2,289.31,578.62,2024-10-17,Delivered,Smithside,Arkansas
8685,791,82,1,102.58,102.58,2025-09-18,Delivered,Gailtown,Connecticut
8686,746,163,5,91.43,457.15,2025-01-27,Delivered,Rogerfort,Michigan
8687,64,23,1,90.2,90.2,2025-06-22,Processing,East Sharon,California
8688,104,133,2,57.39,114.78,2025-07-28,Delivered,South Henry,West Virginia
8689,159,95,5,90.16,450.8,2025-10-29,Shipped,Brownfort,Georgia
8690,205,27,5,33.99,169.95,2024-11-24,Delivered,Kristenfurt,Florida
8691,548,54,1,66.84,66.84,2024-04-12,Delivered,East Jacqueline,New Hampshire
8692,851,11,2,20.71,41.42,2024-12-27,Delivered,Marcusstad,Wisconsin
8693,218,50,1,107.82,107.82,2025-08-06,Returned,Lisachester,Louisiana
8694,422,65,5,7.18,35.9,2024-10-11,Delivered,Williambury,Wyoming
8695,593,63,2,155.85,311.7,2025-01-24,Shipped,Lake Michael,Nebraska
8696,369,61,2,83.9,167.8,2025-03-29,Delivered,North Sally,Rhode Island
8697,580,178,2,96.1,192.2,2024-07-26,Shipped,Brownchester,Texas
8698,376,87,3,19.31,57.93,2025-11-04,Delivered,Wellsmouth,Rhode Island
8699,801,188,9,35.05,315.45,2024-04-21,Delivered,East Matthewshire,New Hampshire
8700,395,34,1,264.74,264.74,2025-03-14,Delivered,South Theresa,Maryland
8701,133,59,2,5.75,11.5,2025-10-26,Delivered,Samanthastad,Mississippi
8702,501,147,2,202.08,404.16,2025-09-26,Delivered,North Gabrielabury,Minnesota
8703,45,11,2,20.71,41.42,2024-08-18,Delivered,Stevenberg,Utah
8704,29,28,3,18.59,55.77,2024-12-10,Delivered,Joyceview,Minnesota
8705,255,171,5,41.02,205.1,2024-09-26,Returned,Lake Jason,Florida
8706,489,52,4,95.66,382.64,2025-09-14,Delivered,South Katherineport,Mississippi
8707,87,174,9,39.88,358.92,2024-04-12,Delivered,New Tiffanyshire,Rhode Island
8708,440,156,3,136.11,408.33,2024-09-28,Delivered,Arellanobury,Alaska
8709,295,128,3,89.87,269.61,2025-09-26,Delivered,Angelahaven,Michigan
8710,408,146,2,6.95,13.9,2025-10-25,Delivered,Christopherchester,Connecticut
8711,318,9,2,94.81,189.62,2024-11-23,Delivered,Lake Adam,Washington
8712,857,90,2,780.14,0.0,2025-11-22,Cancelled,Boydside,Nebraska
8713,415,1,4,50.57,202.28,2024-07-16,Delivered,Kevinberg,Connecticut
8714,127,186,5,27.47,137.35,2025-04-11,Returned,Morganmouth,Hawaii
8715,418,134,3,61.51,184.53,2025-12-29,Processing,North Melodyville,Iowa
8716,244,126,3,24.66,73.98,2025-11-22,Delivered,South Oliviatown,Tennessee
8717,142,55,3,136.93,410.79,2025-10-15,Delivered,Markchester,Idaho
8718,190,53,2,53.04,106.08,2024-07-15,Delivered,Lake Dillon,North Dakota
8719,762,152,2,69.34,138.68,2025-01-14,Shipped,West Tarachester,South Carolina
8720,535,67,4,109.42,437.68,2025-01-16,Delivered,East Paulstad,Wisconsin
8721,335,130,1,825.68,825.68,2025-09-28,Delivered,Whitebury,Illinois
8722,149,94,1,73.18,73.18,2025-04-25,Delivered,Lake Kellyberg,Indiana
8723,722,84,3,121.98,365.94,2025-06-05,Delivered,East Jamesshire,Kansas
8724,293,72,1,171.7,0.0,2024-12-02,Cancelled,Antoniobury,New Hampshire
8725,144,119,3,299.58,898.74,2024-09-21,Delivered,Tonytown,Maryland
8726,351,164,1,196.76,196.76,2024-07-02,Delivered,Foxside,Wisconsin
8727,39,147,2,202.08,404.16,2025-11-12,Delivered,Lake Davidborough,Maine
8728,33,89,2,101.92,203.84,2025-04-23,Delivered,South Rebecca,Utah
8729,197,70,3,29.73,89.19,2024-07-18,Delivered,Rodriguezhaven,Wisconsin
8730,521,116,2,146.15,292.3,2025-07-24,Delivered,Hannahtown,Kentucky
8731,204,77,6,40.52,243.12,2025-03-29,Delivered,West Ryanmouth,Kentucky
8732,935,110,5,149.46,747.3,2025-03-02,Delivered,South Tracyville,Washington
8733,283,44,2,180.6,361.2,2025-04-02,Delivered,New James,North Carolina
8734,71,23,3,90.2,270.6,2024-06-20,Delivered,Patriciaside,Maine
8735,124,22,2,192.65,385.3,2025-09-11,Delivered,West Christinebury,Utah
8736,116,49,2,53.93,107.86,2024-06-30,Delivered,Port Gwendolynshire,Delaware
8737,156,18,5,12.0,60.0,2024-07-28,Delivered,Kellyport,Rhode Island
8738,531,15,3,213.82,0.0,2024-06-02,Cancelled,South Royhaven,New Mexico
8739,395,198,1,28.18,28.18,2024-01-15,Delivered,South Theresa,Maryland
8740,73,195,7,2.19,0.0,2025-02-22,Cancelled,Gallagherton,Arkansas
8741,883,175,1,88.86,88.86,2025-01-23,Delivered,West Erinville,Vermont
8742,962,38,4,115.17,460.68,2025-11-27,Delivered,North Lorettaport,Rhode Island
8743,914,128,5,89.87,449.35,2024-02-24,Delivered,West Anthony,Maine
8744,314,4,2,263.55,527.1,2025-09-27,Delivered,South Jamie,Wyoming
8745,753,52,3,95.66,286.98,2025-09-12,Delivered,Ashleyside,New York
8746,458,180,3,32.39,97.17,2024-07-28,Shipped,South Ryan,Michigan
8747,757,92,1,31.83,31.83,2025-02-08,Delivered,North Andrea,Alabama
8748,922,16,3,48.77,146.31,2025-05-11,Delivered,West Sharonland,Idaho
8749,544,68,4,115.79,463.16,2024-11-29,Processing,Cranehaven,Montana
8750,774,160,4,30.6,122.4,2025-08-02,Delivered,Bryanburgh,New Hampshire
8751,877,181,2,187.56,375.12,2024-08-22,Delivered,Karenfurt,Wyoming
8752,258,200,5,35.55,177.75,2025-11-04,Processing,Christianburgh,North Carolina
8753,248,81,3,221.79,665.37,2025-07-28,Delivered,Lake David,New York
8754,481,4,3,263.55,790.65,2025-12-03,Delivered,South Phillipville,West Virginia
8755,835,178,2,96.1,192.2,2024-07-29,Delivered,New Katrina,Arizona
8756,297,104,1,43.38,43.38,2024-05-06,Shipped,Nguyenmouth,Minnesota
8757,368,152,5,69.34,346.7,2024-07-27,Delivered,Andrewland,Mississippi
8758,594,143,2,50.45,100.9,2024-01-18,Shipped,Garciaville,Pennsylvania
8759,899,90,1,780.14,780.14,2024-12-28,Delivered,North Tina,Idaho
8760,702,45,2,25.64,51.28,2025-10-02,Delivered,Port Sandramouth,Oklahoma
8761,884,177,2,135.85,271.7,2024-08-31,Delivered,West Georgeborough,Rhode Island
8762,793,137,3,109.87,329.61,2025-02-02,Delivered,Clarencefurt,Maryland
8763,52,2,3,97.3,291.9,2024-06-01,Delivered,Tylerberg,Maryland
8764,497,138,5,20.13,100.65,2024-04-30,Delivered,West Sara,Georgia
8765,517,156,4,136.11,544.44,2024-03-02,Shipped,New Johnview,Connecticut
8766,56,182,5,19.79,98.95,2024-11-23,Delivered,Matthewfort,Arizona
8767,965,84,3,121.98,0.0,2025-04-05,Cancelled,East Mary,Mississippi
8768,677,103,2,324.51,649.02,2025-03-05,Delivered,Matthewmouth,Nebraska
8769,504,147,2,202.08,404.16,2024-01-22,Delivered,Bettyton,Maryland
8770,773,62,3,331.56,994.68,2025-05-12,Delivered,West Cherylmouth,New Hampshire
8771,188,182,3,19.79,59.37,2025-08-06,Delivered,Michaelport,New Mexico
8772,823,108,1,92.71,92.71,2025-09-20,Delivered,Turnerbury,Pennsylvania
8773,804,152,5,69.34,346.7,2024-09-27,Delivered,Charlesville,Louisiana
8774,410,48,4,82.31,329.24,2024-12-15,Delivered,Nataliebury,Minnesota
8775,353,116,1,146.15,146.15,2025-12-21,Delivered,South Virginia,Rhode Island
8776,966,4,3,263.55,790.65,2025-09-15,Shipped,Port Mark,North Carolina
8777,708,4,3,263.55,790.65,2024-10-01,Delivered,New Jennifer,North Carolina
8778,172,13,3,67.98,203.94,2025-08-02,Delivered,Lindaton,New Hampshire
8779,783,112,4,72.13,288.52,2024-07-04,Delivered,Allenhaven,Georgia
8780,946,198,2,28.18,56.36,2024-09-15,Shipped,East Kelly,Maryland
8781,754,154,2,341.24,682.48,2025-07-12,Delivered,East Kyleport,Oregon
8782,193,63,1,155.85,155.85,2024-06-19,Delivered,East Barbara,North Dakota
8783,720,149,1,86.32,86.32,2025-06-12,Delivered,Crawfordland,Indiana
8784,365,48,2,82.31,164.62,2024-08-29,Delivered,Matthewview,Tennessee
8785,227,12,2,182.65,365.3,2025-03-22,Delivered,Lake Donald,Oregon
8786,668,193,1,99.73,0.0,2025-12-22,Cancelled,Lake Jim,California
8787,781,192,3,5.42,16.26,2024-03-21,Delivered,North Adam,Alabama
8788,64,33,3,32.17,96.51,2024-02-08,Delivered,East Sharon,California
8789,515,43,2,377.86,755.72,2025-03-10,Shipped,Lake Larrymouth,Ohio
8790,472,184,2,151.44,302.88,2024-04-24,Processing,Lake Paulaland,Texas
8791,233,130,2,825.68,1651.36,2025-11-28,Delivered,Port Brian,Idaho
8792,577,71,3,117.87,353.61,2025-02-24,Delivered,North Angelaland,California
8793,986,74,3,417.08,1251.24,2024-10-04,Delivered,West Daniel,Rhode Island
8794,883,180,4,32.39,129.56,2025-06-09,Delivered,West Erinville,Vermont
8795,487,185,2,1128.38,2256.76,2025-11-16,Delivered,Hammondhaven,West Virginia
8796,11,105,1,31.98,31.98,2024-06-24,Returned,Michaelburgh,Florida
8797,317,139,2,48.17,96.34,2025-02-03,Delivered,Hooperburgh,Massachusetts
8798,61,119,2,299.58,599.16,2025-10-24,Delivered,Port Tammytown,Tennessee
8799,47,16,3,48.77,146.31,2024-09-29,Shipped,West Matthewburgh,South Dakota
8800,773,4,3,263.55,790.65,2025-05-24,Delivered,West Cherylmouth,New Hampshire
8801,674,104,5,43.38,216.9,2025-07-17,Delivered,Melissafurt,Illinois
8802,154,40,1,13.32,13.32,2025-04-07,Delivered,Ortegafort,Virginia
8803,332,104,2,43.38,86.76,2025-12-28,Returned,New Dominique,Oregon
8804,224,79,2,35.4,70.8,2025-08-09,Delivered,Port Alyssa,Georgia
8805,459,72,1,171.7,171.7,2024-06-18,Delivered,Ramosshire,Kentucky
8806,678,191,3,92.98,278.94,2025-06-25,Returned,Karenborough,Missouri
8807,858,162,1,99.85,99.85,2024-03-19,Shipped,North Maria,Arkansas
8808,684,99,10,23.4,234.0,2025-10-30,Processing,South Deniseburgh,Wyoming
8809,156,62,1,331.56,331.56,2024-09-01,Delivered,Kellyport,Rhode Island
8810,274,115,1,115.19,115.19,2024-02-27,Delivered,Blakemouth,South Carolina
8811,762,29,1,8.63,8.63,2024-01-30,Delivered,West Tarachester,South Carolina
8812,212,165,2,118.26,236.52,2025-01-06,Delivered,Alexanderfort,Delaware
8813,202,131,6,28.16,168.96,2025-08-17,Delivered,Lyonsbury,Alaska
8814,575,52,4,95.66,382.64,2024-05-09,Delivered,Danielton,Idaho
8815,775,21,2,21.74,43.48,2025-07-28,Delivered,Chrisburgh,Hawaii
8816,719,54,4,66.84,267.36,2025-03-04,Delivered,New Ravenmouth,Missouri
8817,496,95,5,90.16,450.8,2025-06-29,Processing,Codyville,Colorado
8818,281,78,4,27.87,111.48,2025-04-06,Delivered,Kathrynfort,Minnesota
8819,685,93,2,1518.29,3036.58,2025-02-03,Processing,South Cynthiafurt,Rhode Island
8820,111,151,1,1843.3,1843.3,2025-01-17,Delivered,East Markberg,Hawaii
8821,935,30,3,58.18,174.54,2024-03-31,Delivered,South Tracyville,Washington
8822,112,86,4,86.29,345.16,2025-01-13,Delivered,Matthewhaven,Hawaii
8823,291,178,3,96.1,288.3,2024-12-24,Delivered,Gonzalezfurt,Colorado
8824,286,162,3,99.85,299.55,2024-06-18,Processing,Port Richardfurt,Indiana
8825,395,105,2,31.98,63.96,2025-05-22,Delivered,South Theresa,Maryland
8826,840,153,3,82.41,247.23,2025-07-16,Shipped,East Brandon,Montana
8827,153,7,4,37.5,150.0,2024-05-24,Delivered,Russellton,Massachusetts
8828,452,49,2,53.93,107.86,2024-12-26,Delivered,Morenoberg,West Virginia
8829,42,162,1,99.85,99.85,2024-12-07,Delivered,Draketon,Vermont
8830,434,86,1,86.29,86.29,2024-12-11,Delivered,South Jasonfort,Michigan
8831,499,46,2,39.3,78.6,2025-09-17,Delivered,Sharonton,Nebraska
8832,540,111,2,292.45,584.9,2024-01-31,Delivered,Simmonsmouth,Wyoming
8833,710,152,1,69.34,69.34,2025-05-24,Delivered,West Kelseytown,Nevada
8834,875,143,3,50.45,151.35,2025-11-29,Delivered,Kevinside,Vermont
8835,317,192,5,5.42,27.1,2025-06-25,Delivered,Hooperburgh,Massachusetts
8836,421,179,5,76.57,382.85,2025-05-26,Delivered,Jonesberg,Kansas
8837,557,115,3,115.19,345.57,2025-12-12,Shipped,Robinsonfort,Alabama
8838,920,167,3,133.62,400.86,2025-10-28,Delivered,Jennaport,Nebraska
8839,748,144,1,48.66,48.66,2025-12-20,Delivered,Kathleenport,Delaware
8840,701,116,1,146.15,146.15,2024-04-20,Delivered,Port Melissa,Texas
8841,749,41,2,1133.32,2266.64,2025-11-05,Delivered,Tarachester,West Virginia
8842,372,200,3,35.55,106.65,2024-12-30,Processing,Port Patrickton,Arkansas
8843,48,93,2,1518.29,3036.58,2024-11-15,Delivered,North Michelle,Alaska
8844,42,57,2,1165.65,2331.3,2024-03-08,Delivered,Draketon,Vermont
8845,892,30,4,58.18,0.0,2025-05-05,Cancelled,Ryanmouth,Georgia
8846,507,173,5,31.1,155.5,2024-10-04,Delivered,North Sarah,New York
8847,479,118,1,280.69,280.69,2024-12-24,Delivered,Moranside,Mississippi
8848,338,25,5,71.4,0.0,2025-08-30,Cancelled,Kellyberg,South Dakota
8849,914,160,5,30.6,153.0,2024-12-12,Delivered,West Anthony,Maine
8850,368,52,1,95.66,95.66,2024-09-09,Delivered,Andrewland,Mississippi
8851,669,116,1,146.15,146.15,2025-03-21,Delivered,Lake Robert,Idaho
8852,209,94,3,73.18,219.54,2024-06-17,Delivered,Port Joel,Vermont
8853,718,127,3,117.98,353.94,2025-06-11,Delivered,North Kevinside,North Dakota
8854,778,126,1,24.66,24.66,2024-04-30,Delivered,Lake Alyssaville,Alaska
8855,815,37,1,27.38,27.38,2025-01-31,Delivered,Port Kellymouth,Utah
8856,578,151,2,1843.3,3686.6,2025-01-11,Delivered,Wuview,Louisiana
8857,904,4,1,263.55,263.55,2024-08-30,Delivered,Lake Joel,Minnesota
8858,901,199,2,91.79,183.58,2025-09-20,Delivered,West Lori,New Mexico
8859,44,132,5,21.5,107.5,2025-04-04,Delivered,Robertville,Indiana
8860,231,130,1,825.68,825.68,2024-07-12,Delivered,Lake Susan,Vermont
8861,735,105,3,31.98,95.94,2024-09-17,Delivered,Garciahaven,Idaho
8862,783,11,2,20.71,41.42,2024-06-13,Delivered,Allenhaven,Georgia
8863,615,146,5,6.95,34.75,2025-10-25,Delivered,Jefferyville,Wyoming
8864,439,75,1,408.35,0.0,2024-09-07,Cancelled,Haleview,Indiana
8865,938,134,3,61.51,184.53,2025-04-14,Processing,Mccannmouth,Delaware
8866,643,20,2,57.57,115.14,2024-11-21,Shipped,North Josephhaven,New Hampshire
8867,763,54,5,66.84,334.2,2025-05-14,Delivered,Parrishmouth,Nebraska
8868,506,105,3,31.98,95.94,2024-07-18,Shipped,Connorfurt,Georgia
8869,664,167,1,133.62,133.62,2025-01-26,Delivered,East Michaelborough,Connecticut
8870,198,12,2,182.65,365.3,2024-05-30,Delivered,East Wandaburgh,Maine
8871,857,96,1,51.29,51.29,2024-04-15,Delivered,Boydside,Nebraska
8872,949,64,2,701.02,1402.04,2025-10-06,Delivered,Oneillbury,Wyoming
8873,634,60,2,242.61,485.22,2024-09-15,Delivered,Whitemouth,Vermont
8874,932,47,3,72.54,217.62,2024-12-17,Delivered,Lake Cassandra,Indiana
8875,187,92,1,31.83,31.83,2025-03-06,Shipped,East Susan,South Dakota
8876,786,161,1,295.59,295.59,2024-04-25,Delivered,Loweton,Oklahoma
8877,703,119,3,299.58,898.74,2025-01-24,Delivered,East Alex,Washington
8878,301,120,8,47.8,382.4,2024-12-20,Delivered,Joshuachester,Michigan
8879,442,84,1,121.98,121.98,2024-03-20,Delivered,Keithside,New Hampshire
8880,391,80,3,206.74,620.22,2025-11-17,Delivered,Morenofurt,Minnesota
8881,470,85,1,669.8,669.8,2025-12-11,Delivered,Port Spencer,New York
8882,395,103,2,324.51,649.02,2024-05-21,Shipped,South Theresa,Maryland
8883,571,121,4,114.49,457.96,2025-03-08,Delivered,West Megan,Idaho
8884,441,176,2,39.64,79.28,2024-02-19,Shipped,Smithchester,Georgia
8885,745,183,8,5.03,0.0,2024-11-09,Cancelled,Lake James,Arizona
8886,203,39,1,256.4,256.4,2025-10-25,Delivered,Jasmineville,South Carolina
8887,770,128,4,89.87,359.48,2024-07-18,Delivered,South Stephanie,California
8888,881,26,4,32.0,128.0,2025-11-20,Delivered,Kerrbury,West Virginia
8889,955,78,6,27.87,167.22,2025-11-21,Shipped,Brockbury,Georgia
8890,862,91,8,16.92,135.36,2025-02-21,Delivered,East Henry,North Dakota
8891,177,59,4,5.75,0.0,2025-05-01,Cancelled,North Hannahland,Virginia
8892,257,3,1,7.36,7.36,2025-09-10,Shipped,Lake Bobby,Virginia
8893,679,99,10,23.4,234.0,2024-05-29,Delivered,Amystad,Nevada
8894,299,94,1,73.18,0.0,2024-10-01,Cancelled,Taylorbury,California
8895,904,141,3,371.58,1114.74,2025-10-10,Shipped,Lake Joel,Minnesota
8896,828,29,1,8.63,8.63,2025-04-04,Processing,Aliciamouth,Wyoming
8897,89,111,3,292.45,877.35,2024-07-30,Delivered,Port Timothyburgh,Alaska
8898,593,186,3,27.47,82.41,2025-11-11,Delivered,Lake Michael,Nebraska
8899,277,154,3,341.24,1023.72,2024-05-02,Processing,Fisherburgh,New Jersey
8900,907,114,3,22.89,68.67,2024-07-29,Delivered,Karatown,South Carolina
8901,692,184,2,151.44,302.88,2025-12-31,Delivered,Sparksview,New Jersey
8902,970,26,7,32.0,224.0,2024-03-28,Delivered,Allenmouth,West Virginia
8903,927,12,2,182.65,365.3,2025-09-12,Delivered,Mirandachester,Nebraska
8904,166,166,5,12.95,64.75,2025-07-02,Delivered,New Jacobland,Mississippi
8905,172,43,1,377.86,377.86,2024-05-12,Delivered,Lindaton,New Hampshire
8906,42,109,1,321.21,321.21,2025-02-01,Processing,Draketon,Vermont
8907,925,132,4,21.5,86.0,2024-03-31,Delivered,Christopherside,Florida
8908,673,200,2,35.55,0.0,2024-08-04,Cancelled,West Jennifermouth,California
8909,43,4,2,263.55,527.1,2024-10-11,Delivered,Phillipsstad,Oregon
8910,741,22,2,192.65,385.3,2025-02-11,Delivered,New Ginafort,Montana
8911,986,166,11,12.95,142.45,2025-06-17,Delivered,West Daniel,Rhode Island
8912,99,87,2,19.31,38.62,2025-11-07,Delivered,Port Dwayneborough,South Carolina
8913,494,21,4,21.74,86.96,2025-10-31,Delivered,Amandamouth,Pennsylvania
8914,27,17,3,22.46,67.38,2025-08-28,Delivered,Codymouth,Alabama
8915,228,153,1,82.41,82.41,2024-09-14,Delivered,Amberbury,Arizona
8916,751,91,10,16.92,169.2,2025-09-16,Delivered,Bradleyfort,Michigan
8917,267,62,2,331.56,663.12,2024-11-13,Shipped,South Cynthia,Illinois
8918,528,138,4,20.13,80.52,2024-03-31,Delivered,South Christopher,Pennsylvania
8919,233,84,2,121.98,243.96,2025-11-08,Processing,Port Brian,Idaho
8920,885,71,1,117.87,117.87,2024-05-25,Returned,Antonioland,Maine
8921,318,63,2,155.85,311.7,2024-08-05,Delivered,Lake Adam,Washington
8922,672,91,10,16.92,169.2,2024-12-15,Delivered,Lake Ricardo,Washington
8923,508,99,9,23.4,210.6,2024-02-10,Delivered,Bushchester,Arizona
8924,247,100,3,272.84,818.52,2025-07-30,Delivered,Port Debbiemouth,Alaska
8925,537,16,5,48.77,243.85,2025-11-16,Delivered,North Sara,Mississippi
8926,5,47,3,72.54,0.0,2024-05-17,Cancelled,Rodrigueztown,Minnesota
8927,48,155,2,61.98,123.96,2025-03-25,Shipped,North Michelle,Alaska
8928,430,166,8,12.95,103.6,2025-09-27,Delivered,New Ralph,Wisconsin
8929,204,14,1,1392.16,1392.16,2024-09-26,Processing,West Ryanmouth,Kentucky
8930,154,33,5,32.17,160.85,2025-09-02,Delivered,Ortegafort,Virginia
8931,252,63,1,155.85,0.0,2024-02-20,Cancelled,Hubbardfort,Kansas
8932,918,156,1,136.11,136.11,2024-07-24,Shipped,New Brad,Indiana
8933,247,181,3,187.56,562.68,2024-09-27,Delivered,Port Debbiemouth,Alaska
8934,443,36,11,24.13,265.43,2025-03-24,Delivered,Port Nathaniel,Florida
8935,497,61,1,83.9,83.9,2024-06-24,Delivered,West Sara,Georgia
8936,80,134,1,61.51,61.51,2024-08-29,Delivered,West Shannon,Arizona
8937,606,20,1,57.57,57.57,2025-09-23,Delivered,New Michael,Idaho
8938,163,49,2,53.93,107.86,2024-11-19,Shipped,Lake Josephhaven,California
8939,703,46,3,39.3,117.9,2024-06-07,Delivered,East Alex,Washington
8940,197,169,1,171.62,171.62,2025-09-08,Delivered,Rodriguezhaven,Wisconsin
8941,530,124,3,253.0,759.0,2025-07-29,Delivered,Hollyfurt,Wisconsin
8942,55,163,3,91.43,274.29,2025-02-11,Delivered,North Ebonyport,Iowa
8943,942,144,7,48.66,0.0,2025-04-13,Cancelled,Ginastad,South Dakota
8944,397,112,4,72.13,288.52,2024-01-18,Returned,East Dennisland,Wyoming
8945,221,60,1,242.61,242.61,2024-07-24,Delivered,Lake Samanthaport,Nebraska
8946,613,197,4,41.22,164.88,2024-02-04,Processing,Rodriguezport,Indiana
8947,867,155,4,61.98,247.92,2024-09-25,Delivered,Lukeland,Maryland
8948,376,144,5,48.66,0.0,2025-08-13,Cancelled,Wellsmouth,Rhode Island
8949,130,102,1,16.02,16.02,2025-09-11,Delivered,West Philip,Utah
8950,376,101,1,23.21,0.0,2025-12-15,Cancelled,Wellsmouth,Rhode Island
8951,857,27,2,33.99,67.98,2025-04-19,Processing,Boydside,Nebraska
8952,204,35,2,486.1,972.2,2025-01-31,Delivered,West Ryanmouth,Kentucky
8953,688,120,11,47.8,525.8,2024-07-07,Returned,Rossland,Tennessee
8954,1000,29,4,8.63,34.52,2024-02-19,Shipped,East Jessica,New Mexico
8955,817,60,2,242.61,485.22,2024-08-26,Processing,West Dianestad,Iowa
8956,379,164,1,196.76,196.76,2025-08-14,Delivered,West Adam,Alaska
8957,803,56,1,738.0,738.0,2024-02-07,Delivered,East Matthewtown,Ohio
8958,318,22,1,192.65,0.0,2024-04-12,Cancelled,Lake Adam,Washington
8959,911,24,3,51.42,154.26,2024-06-18,Processing,Audreyville,Georgia
8960,945,27,3,33.99,101.97,2025-07-11,Delivered,New Christopher,Indiana
8961,703,93,1,1518.29,1518.29,2024-08-06,Delivered,East Alex,Washington
8962,956,91,3,16.92,50.76,2025-10-05,Delivered,Calebview,Massachusetts
8963,500,191,1,92.98,92.98,2025-03-19,Delivered,Batesmouth,Indiana
8964,19,149,4,86.32,345.28,2025-11-27,Delivered,East Whitneyborough,Connecticut
8965,340,172,1,107.92,107.92,2025-09-26,Delivered,North Stevenmouth,North Dakota
8966,756,166,8,12.95,103.6,2024-01-26,Delivered,West Lori,Virginia
8967,626,36,5,24.13,120.65,2024-12-30,Returned,Randyhaven,Illinois
8968,721,190,1,655.22,655.22,2024-01-05,Processing,Moraport,Utah
8969,432,28,4,18.59,74.36,2025-09-10,Delivered,South Davidside,Wyoming
8970,718,163,2,91.43,182.86,2025-11-20,Delivered,North Kevinside,North Dakota
8971,559,142,3,469.45,1408.35,2024-08-23,Delivered,West Tina,North Carolina
8972,231,132,1,21.5,21.5,2025-08-30,Delivered,Lake Susan,Vermont
8973,764,150,2,415.89,831.78,2024-04-21,Delivered,Christopherberg,Kansas
8974,153,164,4,196.76,787.04,2024-12-03,Delivered,Russellton,Massachusetts
8975,184,66,2,100.8,201.6,2025-01-05,Delivered,West Robert,Illinois
8976,860,72,3,171.7,515.1,2025-10-02,Shipped,Hessfurt,Colorado
8977,812,27,5,33.99,169.95,2025-06-16,Delivered,East Gabriel,Louisiana
8978,582,56,1,738.0,738.0,2025-06-09,Delivered,New Danielberg,New York
8979,722,109,3,321.21,963.63,2025-08-17,Delivered,East Jamesshire,Kansas
8980,422,149,3,86.32,0.0,2024-01-09,Cancelled,Williambury,Wyoming
8981,689,180,4,32.39,129.56,2025-10-09,Delivered,Sarahland,Utah
8982,583,160,4,30.6,122.4,2025-08-05,Delivered,Henryfort,Wisconsin
8983,734,182,5,19.79,98.95,2025-04-21,Processing,Port Audreyport,Nebraska
8984,874,111,1,292.45,292.45,2025-05-09,Delivered,Dustinport,Mississippi
8985,221,102,3,16.02,48.06,2025-12-16,Delivered,Lake Samanthaport,Nebraska
8986,476,150,3,415.89,1247.67,2025-05-13,Shipped,Josephmouth,Maine
8987,653,164,3,196.76,590.28,2024-05-12,Delivered,East Williamborough,Kentucky
8988,165,87,6,19.31,115.86,2024-03-04,Shipped,West Paulburgh,Nevada
8989,252,6,2,98.09,196.18,2025-05-04,Delivered,Hubbardfort,Kansas
8990,582,4,3,263.55,0.0,2025-02-11,Cancelled,New Danielberg,New York
8991,242,129,2,156.82,313.64,2025-12-14,Processing,Port Melissa,Florida
8992,890,64,1,701.02,701.02,2025-10-15,Delivered,Port Austinchester,Kansas
8993,852,137,1,109.87,109.87,2024-01-03,Delivered,Pearsonmouth,Idaho
8994,298,51,5,20.77,103.85,2024-12-29,Delivered,Garciatown,Texas
8995,513,182,4,19.79,79.16,2024-11-03,Delivered,North Jacquelineshire,Wisconsin
8996,513,143,3,50.45,151.35,2024-07-23,Delivered,North Jacquelineshire,Wisconsin
8997,452,124,3,253.0,759.0,2025-03-18,Delivered,Morenoberg,West Virginia
8998,576,128,3,89.87,269.61,2025-09-13,Delivered,East Michael,Louisiana
8999,752,109,2,321.21,642.42,2024-04-17,Delivered,New Emilytown,Georgia
9000,83,160,4,30.6,0.0,2025-11-25,Cancelled,Bergbury,Idaho
9001,436,177,1,135.85,135.85,2024-12-13,Delivered,Port Jessicaport,Kansas
9002,260,161,1,295.59,295.59,2025-10-04,Processing,Timothyshire,New York
9003,425,187,2,46.53,93.06,2024-06-23,Delivered,Port Christy,Michigan
9004,139,46,3,39.3,117.9,2024-01-03,Returned,Alimouth,Iowa
9005,188,184,2,151.44,302.88,2025-11-30,Processing,Michaelport,New Mexico
9006,725,37,1,27.38,27.38,2024-01-15,Delivered,Whiteland,West Virginia
9007,628,166,3,12.95,38.85,2024-10-20,Processing,Williamsberg,Florida
9008,927,119,2,299.58,599.16,2024-10-08,Shipped,Mirandachester,Nebraska
9009,623,167,3,133.62,400.86,2024-07-04,Delivered,East Anthony,Oklahoma
9010,982,200,2,35.55,71.1,2025-08-23,Delivered,Brownfort,Delaware
9011,892,125,1,192.15,0.0,2025-02-21,Cancelled,Ryanmouth,Georgia
9012,676,98,1,171.77,171.77,2024-03-29,Delivered,Georgeshire,Indiana
9013,272,190,1,655.22,655.22,2024-09-12,Delivered,East Barbara,South Carolina
9014,467,75,1,408.35,408.35,2024-02-08,Returned,North Feliciashire,Wisconsin
9015,624,69,3,96.69,290.07,2024-03-08,Delivered,East Mary,Nebraska
9016,943,6,2,98.09,196.18,2025-11-26,Processing,Port Amanda,Pennsylvania
9017,293,37,3,27.38,82.14,2024-04-19,Returned,Antoniobury,New Hampshire
9018,296,88,1,189.99,189.99,2024-08-07,Delivered,Henryborough,Kansas
9019,470,24,5,51.42,257.1,2025-08-17,Returned,Port Spencer,New York
9020,995,112,4,72.13,288.52,2024-01-06,Delivered,Lake Deborahbury,Massachusetts
9021,122,147,2,202.08,404.16,2024-09-24,Delivered,Port Robert,Rhode Island
9022,42,143,2,50.45,100.9,2024-02-11,Delivered,Draketon,Vermont
9023,157,100,1,272.84,272.84,2025-05-07,Processing,Masseystad,Alaska
9024,26,162,2,99.85,199.7,2025-01-13,Delivered,Port Corey,Maine
9025,431,24,2,51.42,102.84,2024-09-03,Delivered,Port Rachelburgh,Washington
9026,155,164,4,196.76,787.04,2024-05-30,Delivered,West Michaelfurt,Idaho
9027,49,178,2,96.1,192.2,2024-04-28,Delivered,South Matthewshire,Utah
9028,913,57,2,1165.65,0.0,2025-08-05,Cancelled,East Joseph,New Jersey
9029,7,142,1,469.45,469.45,2024-01-20,Delivered,Kylefort,Washington
9030,91,194,1,384.6,384.6,2025-10-14,Delivered,Lake Jennifer,Montana
9031,271,160,3,30.6,0.0,2025-01-23,Cancelled,New Dylanberg,New York
9032,1000,40,6,13.32,79.92,2025-08-21,Delivered,East Jessica,New Mexico
9033,870,37,4,27.38,109.52,2025-03-29,Delivered,Parkerhaven,Indiana
9034,743,120,12,47.8,573.6,2024-05-04,Processing,Danielborough,California
9035,371,117,4,23.92,95.68,2025-05-20,Delivered,South Evelynburgh,Alaska
9036,266,68,2,115.79,231.58,2025-11-27,Delivered,New Joseport,Virginia
9037,404,199,4,91.79,367.16,2025-12-16,Shipped,Bakerland,Rhode Island
9038,303,179,1,76.57,76.57,2024-10-28,Delivered,Raymondberg,West Virginia
9039,883,44,2,180.6,361.2,2024-07-22,Processing,West Erinville,Vermont
9040,498,187,1,46.53,46.53,2024-02-16,Shipped,East Evanshire,Alaska
9041,559,152,3,69.34,208.02,2024-01-27,Delivered,West Tina,North Carolina
9042,620,101,2,23.21,46.42,2024-03-28,Shipped,Port Angelaburgh,Iowa
9043,394,120,3,47.8,143.4,2024-02-14,Delivered,Bradleyview,Rhode Island
9044,437,13,2,67.98,135.96,2024-10-30,Delivered,Jesustown,West Virginia
9045,298,104,2,43.38,86.76,2025-02-03,Delivered,Garciatown,Texas
9046,802,69,5,96.69,483.45,2024-03-13,Delivered,Smithside,Arkansas
9047,855,63,1,155.85,155.85,2025-06-29,Delivered,Reyeshaven,Pennsylvania
9048,54,127,1,117.98,117.98,2024-02-26,Delivered,Lake Robert,Arkansas
9049,869,193,2,99.73,199.46,2025-02-19,Shipped,Elizabethborough,Michigan
9050,901,175,4,88.86,355.44,2024-11-07,Delivered,West Lori,New Mexico
9051,497,132,2,21.5,43.0,2025-12-26,Processing,West Sara,Georgia
9052,648,76,1,1853.62,1853.62,2024-01-24,Delivered,Port Andrew,Indiana
9053,381,56,1,738.0,738.0,2025-03-26,Delivered,Johnsontown,North Carolina
9054,693,125,2,192.15,0.0,2025-03-14,Cancelled,East Ann,South Dakota
9055,316,192,2,5.42,10.84,2024-03-28,Delivered,Masseyville,Maine
9056,539,5,3,225.2,675.6,2025-12-17,Delivered,Port Bradley,Ohio
9057,554,120,10,47.8,478.0,2025-12-12,Shipped,Haaschester,Arkansas
9058,186,158,2,1511.23,3022.46,2025-03-21,Shipped,Wintersfort,Texas
9059,988,141,2,371.58,743.16,2024-01-17,Delivered,Natalieberg,Washington
9060,299,94,2,73.18,146.36,2024-01-29,Shipped,Taylorbury,California
9061,279,179,2,76.57,153.14,2024-10-16,Delivered,Brandonside,Oklahoma
9062,445,183,8,5.03,40.24,2024-08-11,Delivered,Santiagoton,Oregon
9063,343,99,10,23.4,234.0,2025-11-17,Delivered,West Shawn,California
9064,352,9,2,94.81,189.62,2025-05-10,Shipped,Maybury,Indiana
9065,838,47,3,72.54,217.62,2024-03-25,Delivered,East Kelly,Colorado
9066,277,101,2,23.21,0.0,2025-08-09,Cancelled,Fisherburgh,New Jersey
9067,139,137,1,109.87,0.0,2024-01-08,Cancelled,Alimouth,Iowa
9068,707,166,8,12.95,103.6,2025-12-03,Delivered,Lake John,Texas
9069,966,72,2,171.7,343.4,2025-12-22,Delivered,Port Mark,North Carolina
9070,193,102,3,16.02,48.06,2024-05-17,Delivered,East Barbara,North Dakota
9071,873,71,1,117.87,117.87,2025-06-16,Processing,Port Kennethville,Vermont
9072,713,142,1,469.45,469.45,2024-10-19,Delivered,West Harold,Alaska
9073,821,10,1,6.76,6.76,2025-09-09,Shipped,New Carl,Alabama
9074,665,195,6,2.19,13.14,2024-04-09,Delivered,Bryantbury,Massachusetts
9075,120,135,5,17.94,89.7,2025-07-16,Delivered,Lewisberg,Arizona
9076,656,189,2,1293.61,2587.22,2025-08-18,Delivered,Lake Alan,Georgia
9077,742,97,3,28.08,84.24,2024-03-15,Delivered,Port Michaelberg,Missouri
9078,486,122,1,20.47,20.47,2024-11-07,Delivered,Port Jason,Washington
9079,555,20,1,57.57,57.57,2025-07-08,Shipped,Lake Annborough,Mississippi
9080,721,85,2,669.8,0.0,2024-07-03,Cancelled,Moraport,Utah
9081,827,143,4,50.45,201.8,2025-03-29,Delivered,Trevorborough,Idaho
9082,509,195,7,2.19,15.33,2025-06-29,Delivered,East Ryanchester,Georgia
9083,571,145,1,238.69,0.0,2025-06-16,Cancelled,West Megan,Idaho
9084,959,99,3,23.4,70.2,2025-04-25,Delivered,Port Michaelville,Rhode Island
9085,273,103,2,324.51,649.02,2024-07-13,Delivered,Lake Anthonyfort,Kansas
9086,144,79,4,35.4,141.6,2024-09-19,Delivered,Tonytown,Maryland
9087,195,133,3,57.39,172.17,2025-08-16,Delivered,Ryanville,Alaska
9088,220,11,4,20.71,82.84,2025-02-24,Returned,New Jasonport,Oregon
9089,747,196,1,211.17,211.17,2024-11-29,Delivered,Bassville,Texas
9090,581,85,1,669.8,669.8,2024-04-26,Delivered,Port David,New Hampshire
9091,234,58,3,133.46,400.38,2025-11-05,Processing,Clarkhaven,Massachusetts
9092,696,124,3,253.0,759.0,2025-06-22,Delivered,West Brianshire,Idaho
9093,812,158,2,1511.23,3022.46,2024-12-23,Delivered,East Gabriel,Louisiana
9094,734,60,2,242.61,485.22,2025-12-05,Delivered,Port Audreyport,Nebraska
9095,558,116,1,146.15,146.15,2025-12-28,Delivered,Stanleychester,Nebraska
9096,320,122,4,20.47,81.88,2025-06-30,Delivered,New Daniel,Minnesota
9097,427,69,3,96.69,290.07,2025-04-13,Delivered,South Brianview,Wyoming
9098,944,9,2,94.81,189.62,2024-08-09,Delivered,Martinezport,Mississippi
9099,101,180,4,32.39,0.0,2024-08-10,Cancelled,Kathleenburgh,South Dakota
9100,178,160,2,30.6,61.2,2024-09-13,Shipped,Michelleport,Kentucky
9101,974,151,1,1843.3,1843.3,2024-10-19,Delivered,Morsehaven,Nevada
9102,30,34,1,264.74,264.74,2025-01-09,Shipped,Millerland,New Jersey
9103,617,152,3,69.34,208.02,2024-02-28,Shipped,Larsonbury,Georgia
9104,31,146,3,6.95,20.85,2024-12-15,Shipped,East Cherylfurt,New Hampshire
9105,492,17,4,22.46,89.84,2025-07-06,Delivered,Davidhaven,Wisconsin
9106,533,29,3,8.63,25.89,2025-04-29,Delivered,West Nicholaston,Alaska
9107,789,106,2,1067.66,2135.32,2025-06-27,Shipped,New Denise,Arizona
9108,897,67,4,109.42,437.68,2024-11-14,Delivered,Port Bradshire,Maine
9109,533,67,2,109.42,218.84,2025-09-29,Delivered,West Nicholaston,Alaska
9110,613,10,5,6.76,33.8,2025-07-09,Returned,Rodriguezport,Indiana
9111,352,104,3,43.38,130.14,2025-08-14,Delivered,Maybury,Indiana
9112,409,38,2,115.17,230.34,2025-04-28,Delivered,New Matthew,New York
9113,246,151,2,1843.3,3686.6,2025-11-15,Shipped,Abigailstad,South Dakota
9114,822,92,3,31.83,95.49,2025-01-03,Delivered,Kentton,Maryland
9115,618,125,3,192.15,576.45,2025-07-09,Delivered,Fisherbury,Wisconsin
9116,7,44,3,180.6,541.8,2024-01-18,Delivered,Kylefort,Washington
9117,144,97,3,28.08,84.24,2024-07-11,Returned,Tonytown,Maryland
9118,543,74,1,417.08,417.08,2025-02-04,Delivered,East Pamela,North Dakota
9119,465,63,1,155.85,155.85,2025-05-13,Delivered,Williamsview,Washington
9120,961,130,2,825.68,1651.36,2024-04-03,Delivered,Port Anthony,North Dakota
9121,233,21,5,21.74,108.7,2025-04-08,Shipped,Port Brian,Idaho
9122,69,26,8,32.0,0.0,2025-11-18,Cancelled,Elizabethberg,Washington
9123,692,10,4,6.76,27.04,2024-11-20,Delivered,Sparksview,New Jersey
9124,797,60,2,242.61,485.22,2025-01-29,Delivered,Lake Margaretchester,Alaska
9125,164,36,2,24.13,48.26,2025-11-13,Delivered,East Grant,Washington
9126,585,190,1,655.22,655.22,2024-05-04,Delivered,West Kaylafort,Ohio
9127,56,70,3,29.73,89.19,2024-01-14,Delivered,Matthewfort,Arizona
9128,330,100,1,272.84,272.84,2024-04-02,Delivered,Natashaborough,Massachusetts
9129,277,33,3,32.17,96.51,2025-06-28,Delivered,Fisherburgh,New Jersey
9130,325,126,2,24.66,49.32,2024-03-02,Delivered,Newtonshire,Wisconsin
9131,23,66,4,100.8,403.2,2024-06-30,Processing,Danielfort,Missouri
9132,582,108,5,92.71,463.55,2025-05-17,Delivered,New Danielberg,New York
9133,395,79,5,35.4,177.0,2025-09-18,Delivered,South Theresa,Maryland
9134,779,65,1,7.18,7.18,2024-01-01,Processing,Josestad,South Carolina
9135,566,119,3,299.58,898.74,2025-03-03,Delivered,Masonbury,Alabama
9136,310,41,2,1133.32,0.0,2024-09-14,Cancelled,Martinezberg,Arkansas
9137,579,33,5,32.17,160.85,2024-11-16,Delivered,Hortonfurt,Montana
9138,230,119,3,299.58,898.74,2024-08-12,Delivered,Perezfort,Massachusetts
9139,312,19,1,205.94,205.94,2024-06-03,Shipped,North Jonathanshire,Alabama
9140,934,144,4,48.66,194.64,2024-02-25,Delivered,Ballport,Nevada
9141,467,183,6,5.03,30.18,2024-08-14,Shipped,North Feliciashire,Wisconsin
9142,51,107,5,56.79,283.95,2025-07-18,Delivered,Dunnmouth,Georgia
9143,137,91,4,16.92,0.0,2024-03-23,Cancelled,Sandraland,Oklahoma
9144,298,186,4,27.47,109.88,2024-03-10,Delivered,Garciatown,Texas
9145,761,102,3,16.02,48.06,2024-11-07,Delivered,North Meganmouth,Vermont
9146,843,158,2,1511.23,3022.46,2025-12-10,Delivered,East Joshua,Virginia
9147,443,158,1,1511.23,1511.23,2024-10-11,Delivered,Port Nathaniel,Florida
9148,502,28,2,18.59,37.18,2025-08-21,Delivered,Lake Andrewland,Wyoming
9149,609,131,4,28.16,112.64,2024-03-06,Delivered,South Gina,New York
9150,594,118,3,280.69,842.07,2025-12-27,Processing,Garciaville,Pennsylvania
9151,475,58,2,133.46,266.92,2024-07-29,Delivered,New Ryan,Alaska
9152,708,121,1,114.49,114.49,2025-02-16,Delivered,New Jennifer,North Carolina
9153,356,35,1,486.1,486.1,2024-11-21,Delivered,Lake Jonathon,Tennessee
9154,34,36,8,24.13,193.04,2024-02-28,Delivered,Vaughanmouth,Iowa
9155,346,104,3,43.38,130.14,2025-10-04,Delivered,Lake Jennifermouth,Maryland
9156,590,193,4,99.73,398.92,2024-08-15,Processing,Michelleland,North Dakota
9157,312,197,4,41.22,0.0,2025-06-19,Cancelled,North Jonathanshire,Alabama
9158,996,46,2,39.3,78.6,2025-05-18,Delivered,Buckhaven,Ohio
9159,22,25,2,71.4,142.8,2024-07-28,Shipped,Jacobsmouth,New Jersey
9160,743,189,2,1293.61,2587.22,2025-11-17,Delivered,Danielborough,California
9161,75,181,2,187.56,375.12,2025-08-22,Delivered,Gabrielbury,Iowa
9162,460,8,2,126.03,0.0,2024-03-06,Cancelled,Smithside,Michigan
9163,454,87,1,19.31,19.31,2025-02-21,Delivered,Port Joshua,Indiana
9164,182,5,2,225.2,450.4,2025-11-30,Delivered,Jarvisland,North Dakota
9165,213,117,4,23.92,95.68,2024-08-07,Delivered,New Eugene,Missouri
9166,888,12,3,182.65,547.95,2024-12-25,Delivered,Williamville,Wisconsin
9167,429,32,5,112.27,561.35,2024-10-23,Delivered,Scottland,Maryland
9168,828,199,3,91.79,275.37,2025-08-18,Delivered,Aliciamouth,Wyoming
9169,735,31,6,29.73,178.38,2024-11-22,Delivered,Garciahaven,Idaho
9170,801,160,5,30.6,153.0,2024-04-06,Delivered,East Matthewshire,New Hampshire
9171,733,184,3,151.44,454.32,2024-07-13,Shipped,Port Richardton,Maryland
9172,591,108,1,92.71,0.0,2025-04-10,Cancelled,Richardtown,Alaska
9173,503,106,1,1067.66,1067.66,2024-12-24,Delivered,Mitchellbury,Vermont
9174,928,49,3,53.93,161.79,2025-11-10,Delivered,Lake Kathleen,South Carolina
9175,173,33,1,32.17,32.17,2025-05-22,Delivered,East Katelyn,Massachusetts
9176,728,153,5,82.41,412.05,2025-06-15,Delivered,Davidfurt,Pennsylvania
9177,924,100,1,272.84,272.84,2025-09-22,Processing,Jeffreyville,Missouri
9178,371,114,1,22.89,22.89,2024-04-09,Delivered,South Evelynburgh,Alaska
9179,463,113,1,158.59,158.59,2024-09-23,Delivered,New Cheryl,New Hampshire
9180,864,180,6,32.39,194.34,2025-04-04,Delivered,Matthewberg,Utah
9181,174,158,2,1511.23,3022.46,2025-05-04,Shipped,Port Michaelville,Arkansas
9182,119,158,1,1511.23,1511.23,2025-09-29,Returned,Isabelport,Ohio
9183,11,16,5,48.77,243.85,2024-02-16,Delivered,Michaelburgh,Florida
9184,273,120,1,47.8,47.8,2024-10-10,Processing,Lake Anthonyfort,Kansas
9185,11,38,1,115.17,115.17,2025-06-18,Delivered,Michaelburgh,Florida
9186,734,174,10,39.88,398.8,2024-04-21,Delivered,Port Audreyport,Nebraska
9187,343,42,1,289.31,289.31,2024-08-08,Returned,West Shawn,California
9188,339,70,9,29.73,267.57,2024-02-21,Delivered,Goodland,Texas
9189,178,51,2,20.77,41.54,2025-12-22,Delivered,Michelleport,Kentucky
9190,501,79,5,35.4,177.0,2025-04-29,Shipped,North Gabrielabury,Minnesota
9191,10,67,1,109.42,109.42,2025-05-01,Delivered,Juliemouth,Wisconsin
9192,456,185,1,1128.38,1128.38,2024-09-01,Delivered,Reidhaven,Florida
9193,425,67,2,109.42,218.84,2024-07-20,Delivered,Port Christy,Michigan
9194,12,134,2,61.51,123.02,2025-02-12,Delivered,Port Johnmouth,North Dakota
9195,355,41,1,1133.32,0.0,2025-04-08,Cancelled,South Yvette,Indiana
9196,868,144,6,48.66,291.96,2024-11-23,Delivered,Angelaton,Arizona
9197,566,132,3,21.5,64.5,2024-11-22,Shipped,Masonbury,Alabama
9198,529,151,1,1843.3,1843.3,2025-02-14,Delivered,Wheelerfort,New York
9199,374,60,2,242.61,485.22,2024-12-29,Shipped,West Summer,Arizona
9200,382,30,1,58.18,58.18,2024-12-14,Delivered,Sandyborough,Arkansas
9201,525,144,2,48.66,97.32,2024-07-02,Delivered,Jacksonmouth,Ohio
9202,241,14,2,1392.16,2784.32,2025-10-12,Delivered,Millshaven,Massachusetts
9203,261,69,1,96.69,96.69,2025-03-29,Processing,South Christopherstad,North Carolina
9204,869,23,1,90.2,90.2,2024-03-09,Delivered,Elizabethborough,Michigan
9205,469,80,1,206.74,206.74,2024-09-01,Delivered,West Beth,New Jersey
9206,496,110,2,149.46,298.92,2025-07-24,Delivered,Codyville,Colorado
9207,827,69,3,96.69,290.07,2024-05-02,Delivered,Trevorborough,Idaho
9208,563,185,1,1128.38,1128.38,2024-01-16,Delivered,West Jennifer,Florida
9209,489,45,1,25.64,25.64,2025-08-06,Delivered,South Katherineport,Mississippi
9210,996,151,2,1843.3,3686.6,2025-01-18,Delivered,Buckhaven,Ohio
9211,308,125,4,192.15,768.6,2025-01-17,Delivered,Rickyberg,Wisconsin
9212,810,163,3,91.43,274.29,2025-11-17,Delivered,Lake Michaelport,New Hampshire
9213,489,198,2,28.18,56.36,2025-01-20,Delivered,South Katherineport,Mississippi
9214,983,157,1,21.39,21.39,2024-02-02,Delivered,Friedmanmouth,South Carolina
9215,189,95,2,90.16,180.32,2025-07-14,Shipped,New Ryanfort,California
9216,832,36,8,24.13,0.0,2024-01-19,Cancelled,Fosterbury,Arkansas
9217,90,103,3,324.51,973.53,2025-07-03,Delivered,North Teresaport,Georgia
9218,676,163,4,91.43,365.72,2025-10-13,Delivered,Georgeshire,Indiana
9219,537,197,4,41.22,0.0,2025-11-27,Cancelled,North Sara,Mississippi
9220,350,42,2,289.31,578.62,2024-06-06,Delivered,Housechester,Massachusetts
9221,944,116,1,146.15,146.15,2024-12-10,Returned,Martinezport,Mississippi
9222,555,179,2,76.57,153.14,2024-07-18,Shipped,Lake Annborough,Mississippi
9223,476,182,6,19.79,118.74,2025-09-12,Delivered,Josephmouth,Maine
9224,316,101,2,23.21,46.42,2025-10-14,Delivered,Masseyville,Maine
9225,62,166,2,12.95,25.9,2024-10-10,Delivered,Port Emilyville,Vermont
9226,763,1,4,50.57,202.28,2025-06-02,Shipped,Parrishmouth,Nebraska
9227,259,133,4,57.39,229.56,2024-03-18,Delivered,North Danielmouth,Louisiana
9228,484,62,2,331.56,663.12,2024-11-07,Delivered,Loganport,Wyoming
9229,44,171,2,41.02,82.04,2024-02-01,Returned,Robertville,Indiana
9230,779,199,2,91.79,183.58,2024-04-30,Delivered,Josestad,South Carolina
9231,801,9,1,94.81,94.81,2024-01-09,Delivered,East Matthewshire,New Hampshire
9232,231,85,2,669.8,1339.6,2024-11-11,Shipped,Lake Susan,Vermont
9233,292,177,1,135.85,135.85,2024-09-30,Delivered,East Amanda,Rhode Island
9234,71,29,3,8.63,25.89,2025-09-08,Delivered,Patriciaside,Maine
9235,38,130,1,825.68,825.68,2025-09-29,Delivered,Riceland,Georgia
9236,792,124,1,253.0,253.0,2024-09-05,Delivered,Lake Tyler,Colorado
9237,504,185,1,1128.38,1128.38,2025-10-10,Delivered,Bettyton,Maryland
9238,121,171,5,41.02,205.1,2025-06-24,Delivered,Sherrymouth,Texas
9239,625,104,1,43.38,43.38,2025-04-02,Delivered,Schmittside,Louisiana
9240,279,177,1,135.85,0.0,2025-08-28,Cancelled,Brandonside,Oklahoma
9241,381,172,3,107.92,323.76,2025-05-17,Processing,Johnsontown,North Carolina
9242,865,193,1,99.73,99.73,2024-10-16,Delivered,Leonchester,Oklahoma
9243,436,176,3,39.64,118.92,2024-12-17,Delivered,Port Jessicaport,Kansas
9244,644,148,3,293.38,880.14,2024-04-17,Shipped,Douglaschester,Rhode Island
9245,940,139,4,48.17,192.68,2025-03-28,Shipped,Angelastad,Kansas
9246,66,160,4,30.6,122.4,2025-04-10,Delivered,Joshuaborough,Virginia
9247,65,135,1,17.94,17.94,2025-12-05,Delivered,West Jasonview,West Virginia
9248,65,25,2,71.4,142.8,2025-05-08,Delivered,West Jasonview,West Virginia
9249,945,169,1,171.62,171.62,2025-01-05,Delivered,New Christopher,Indiana
9250,188,61,3,83.9,251.7,2024-08-13,Delivered,Michaelport,New Mexico
9251,831,144,8,48.66,389.28,2024-08-02,Delivered,Davidchester,Iowa
9252,660,21,5,21.74,108.7,2025-12-20,Delivered,East Courtneyberg,Utah
9253,430,160,1,30.6,30.6,2024-01-28,Delivered,New Ralph,Wisconsin
9254,41,8,1,126.03,126.03,2025-11-28,Delivered,Parkerborough,Tennessee
9255,292,69,5,96.69,483.45,2024-06-21,Delivered,East Amanda,Rhode Island
9256,676,152,5,69.34,0.0,2024-09-30,Cancelled,Georgeshire,Indiana
9257,83,59,1,5.75,5.75,2024-01-16,Delivered,Bergbury,Idaho
9258,354,152,3,69.34,208.02,2025-08-17,Delivered,Deanview,Alabama
9259,450,36,2,24.13,48.26,2025-09-26,Shipped,Lake Christopherburgh,Massachusetts
9260,703,153,4,82.41,329.64,2024-04-05,Delivered,East Alex,Washington
9261,873,161,3,295.59,886.77,2024-05-11,Delivered,Port Kennethville,Vermont
9262,589,85,1,669.8,669.8,2024-07-02,Delivered,Sharonhaven,Ohio
9263,347,33,2,32.17,64.34,2025-01-17,Delivered,New Cynthia,Nebraska
9264,47,158,2,1511.23,3022.46,2025-08-13,Delivered,West Matthewburgh,South Dakota
9265,345,133,1,57.39,57.39,2024-10-17,Delivered,Lesliemouth,Arkansas
9266,401,29,4,8.63,34.52,2024-09-09,Delivered,New Erik,New York
9267,263,22,2,192.65,385.3,2024-03-17,Delivered,Michaelbury,Maryland
9268,978,127,2,117.98,235.96,2025-06-27,Delivered,South Jennifer,Hawaii
9269,300,197,4,41.22,164.88,2024-02-29,Delivered,Schneiderbury,Minnesota
9270,752,123,2,120.25,240.5,2024-06-01,Delivered,New Emilytown,Georgia
9271,821,183,7,5.03,35.21,2024-05-09,Delivered,New Carl,Alabama
9272,240,188,4,35.05,140.2,2024-01-20,Delivered,New Nathanielview,South Dakota
9273,538,105,3,31.98,95.94,2025-03-15,Delivered,Port Tiffany,Ohio
9274,679,6,3,98.09,294.27,2024-02-21,Returned,Amystad,Nevada
9275,269,169,3,171.62,514.86,2024-11-01,Delivered,South Lisa,Missouri
9276,209,87,3,19.31,57.93,2025-06-06,Shipped,Port Joel,Vermont
9277,141,52,2,95.66,191.32,2025-08-19,Returned,Robertberg,Florida
9278,288,63,1,155.85,155.85,2024-11-29,Delivered,Geraldland,Connecticut
9279,238,170,1,60.94,60.94,2024-07-24,Delivered,Russellton,Minnesota
9280,158,172,2,107.92,215.84,2025-04-13,Delivered,Brettbury,South Dakota
9281,593,155,3,61.98,185.94,2025-05-31,Delivered,Lake Michael,Nebraska
9282,331,144,7,48.66,340.62,2025-04-07,Delivered,Lake Williamfort,Washington
9283,275,5,2,225.2,450.4,2024-01-19,Delivered,Robbinsville,Delaware
9284,427,22,3,192.65,577.95,2024-08-31,Delivered,South Brianview,Wyoming
9285,609,140,5,93.97,469.85,2024-11-09,Delivered,South Gina,New York
9286,615,121,2,114.49,228.98,2025-03-23,Delivered,Jefferyville,Wyoming
9287,561,132,4,21.5,86.0,2025-03-02,Shipped,Lopezside,Oregon
9288,37,59,5,5.75,28.75,2024-11-20,Delivered,Lake Justinview,Alabama
9289,940,43,1,377.86,377.86,2025-02-06,Delivered,Angelastad,Kansas
9290,421,171,1,41.02,41.02,2024-10-23,Shipped,Jonesberg,Kansas
9291,388,184,2,151.44,302.88,2025-07-27,Delivered,Mossstad,Texas
9292,91,14,1,1392.16,1392.16,2025-12-22,Processing,Lake Jennifer,Montana
9293,550,6,2,98.09,196.18,2025-11-05,Delivered,South Anthonystad,South Dakota
9294,643,2,4,97.3,0.0,2024-02-06,Cancelled,North Josephhaven,New Hampshire
9295,421,148,1,293.38,293.38,2025-04-01,Delivered,Jonesberg,Kansas
9296,281,162,3,99.85,299.55,2025-08-06,Delivered,Kathrynfort,Minnesota
9297,485,32,1,112.27,112.27,2024-02-16,Delivered,Travisville,Connecticut
9298,32,20,2,57.57,115.14,2024-10-21,Delivered,New Kristen,Nebraska
9299,620,130,1,825.68,825.68,2024-04-09,Shipped,Port Angelaburgh,Iowa
9300,486,78,8,27.87,222.96,2025-08-08,Delivered,Port Jason,Washington
9301,794,149,4,86.32,345.28,2024-12-15,Delivered,Harperport,Iowa
9302,230,166,1,12.95,12.95,2025-04-21,Delivered,Perezfort,Massachusetts
9303,634,7,1,37.5,37.5,2024-01-04,Delivered,Whitemouth,Vermont
9304,287,143,2,50.45,100.9,2024-06-11,Delivered,South Philipshire,Arkansas
9305,632,89,1,101.92,101.92,2024-11-20,Delivered,Amandabury,Idaho
9306,413,187,3,46.53,139.59,2024-11-05,Delivered,Seanchester,Connecticut
9307,166,101,3,23.21,69.63,2024-02-26,Delivered,New Jacobland,Mississippi
9308,574,16,2,48.77,97.54,2024-01-17,Delivered,North Craigtown,Montana
9309,312,64,2,701.02,1402.04,2024-07-16,Delivered,North Jonathanshire,Alabama
9310,136,156,1,136.11,136.11,2024-05-12,Delivered,Lake Sandra,Washington
9311,38,102,1,16.02,16.02,2025-12-30,Delivered,Riceland,Georgia
9312,264,111,3,292.45,877.35,2025-12-28,Delivered,North Georgetown,Washington
9313,927,22,3,192.65,577.95,2024-04-20,Shipped,Mirandachester,Nebraska
9314,315,147,3,202.08,606.24,2024-05-01,Processing,East Mary,Virginia
9315,351,119,1,299.58,299.58,2024-07-01,Delivered,Foxside,Wisconsin
9316,80,12,1,182.65,182.65,2024-11-22,Delivered,West Shannon,Arizona
9317,245,116,2,146.15,292.3,2025-07-19,Delivered,West Robertton,Kentucky
9318,570,199,3,91.79,275.37,2025-01-29,Delivered,Jacobton,South Carolina
9319,807,48,3,82.31,246.93,2025-12-29,Delivered,New Elizabethbury,West Virginia
9320,155,107,5,56.79,283.95,2024-08-04,Processing,West Michaelfurt,Idaho
9321,174,61,1,83.9,83.9,2024-12-11,Delivered,Port Michaelville,Arkansas
9322,224,120,6,47.8,286.8,2025-09-05,Delivered,Port Alyssa,Georgia
9323,468,85,1,669.8,669.8,2024-07-21,Processing,West Juliachester,Idaho
9324,184,10,2,6.76,13.52,2025-05-15,Delivered,West Robert,Illinois
9325,886,110,1,149.46,149.46,2024-12-28,Delivered,East Kayleetown,Wyoming
9326,680,63,1,155.85,155.85,2024-04-16,Processing,New Julieland,Nevada
9327,282,46,3,39.3,117.9,2025-11-24,Delivered,Vincenttown,Michigan
9328,314,156,2,136.11,272.22,2024-09-25,Processing,South Jamie,Wyoming
9329,804,27,6,33.99,203.94,2024-12-24,Delivered,Charlesville,Louisiana
9330,860,42,1,289.31,289.31,2025-08-31,Delivered,Hessfurt,Colorado
9331,703,162,5,99.85,499.25,2025-04-13,Delivered,East Alex,Washington
9332,465,120,8,47.8,0.0,2025-02-17,Cancelled,Williamsview,Washington
9333,547,38,1,115.17,115.17,2024-12-27,Delivered,Johnbury,Oklahoma
9334,980,185,1,1128.38,1128.38,2025-03-14,Delivered,Lake Katherine,North Carolina
9335,932,11,5,20.71,0.0,2024-01-05,Cancelled,Lake Cassandra,Indiana
9336,303,181,2,187.56,375.12,2025-02-12,Delivered,Raymondberg,West Virginia
9337,508,36,10,24.13,241.3,2024-04-05,Delivered,Bushchester,Arizona
9338,807,71,3,117.87,0.0,2024-08-25,Cancelled,New Elizabethbury,West Virginia
9339,893,7,1,37.5,37.5,2025-02-23,Delivered,Rachelhaven,South Carolina
9340,936,54,4,66.84,267.36,2025-10-29,Delivered,Gibsontown,Alabama
9341,521,30,1,58.18,58.18,2024-05-30,Delivered,Hannahtown,Kentucky
9342,692,170,2,60.94,121.88,2024-01-24,Processing,Sparksview,New Jersey
9343,76,10,4,6.76,27.04,2024-07-25,Delivered,Port Rebeccaland,New Hampshire
9344,970,25,4,71.4,285.6,2024-06-22,Delivered,Allenmouth,West Virginia
9345,93,65,5,7.18,35.9,2024-11-01,Returned,Richardfurt,Washington
9346,603,145,3,238.69,716.07,2025-04-12,Delivered,Lake Gilbert,Illinois
9347,182,183,11,5.03,55.33,2025-11-27,Delivered,Jarvisland,North Dakota
9348,571,140,1,93.97,93.97,2025-11-25,Delivered,West Megan,Idaho
9349,692,154,3,341.24,1023.72,2024-06-11,Delivered,Sparksview,New Jersey
9350,341,126,1,24.66,24.66,2024-07-13,Delivered,West Rachelbury,Vermont
9351,309,16,4,48.77,195.08,2024-10-28,Processing,Burkemouth,Tennessee
9352,206,191,1,92.98,92.98,2025-10-07,Delivered,West Javierborough,South Carolina
9353,74,186,5,27.47,137.35,2025-03-04,Delivered,South Terri,Hawaii
9354,53,192,2,5.42,10.84,2024-09-20,Delivered,New Williamborough,Delaware
9355,996,53,3,53.04,159.12,2024-11-26,Delivered,Buckhaven,Ohio
9356,771,183,11,5.03,55.33,2024-04-22,Returned,Lake Gregory,Texas
9357,186,117,3,23.92,0.0,2024-02-21,Cancelled,Wintersfort,Texas
9358,163,122,1,20.47,20.47,2024-10-06,Delivered,Lake Josephhaven,California
9359,467,37,3,27.38,82.14,2025-06-17,Delivered,North Feliciashire,Wisconsin
9360,121,137,2,109.87,219.74,2024-08-07,Delivered,Sherrymouth,Texas
9361,413,164,1,196.76,196.76,2024-05-17,Delivered,Seanchester,Connecticut
9362,3,144,9,48.66,437.94,2024-07-18,Delivered,East Rubenview,Connecticut
9363,760,103,1,324.51,324.51,2024-09-01,Shipped,New Manuel,Colorado
9364,410,29,1,8.63,8.63,2024-09-05,Processing,Nataliebury,Minnesota
9365,925,153,4,82.41,329.64,2024-08-23,Returned,Christopherside,Florida
9366,338,80,2,206.74,413.48,2025-05-07,Delivered,Kellyberg,South Dakota
9367,388,119,3,299.58,898.74,2025-11-28,Processing,Mossstad,Texas
9368,104,174,6,39.88,239.28,2025-07-29,Shipped,South Henry,West Virginia
9369,981,82,1,102.58,102.58,2025-02-03,Delivered,Christinemouth,Georgia
9370,70,78,12,27.87,334.44,2025-06-09,Delivered,Mclaughlinside,Washington
9371,448,133,1,57.39,57.39,2024-03-22,Delivered,Jamesborough,Idaho
9372,491,7,1,37.5,37.5,2024-05-20,Delivered,Markport,Wyoming
9373,628,98,1,171.77,171.77,2024-08-27,Delivered,Williamsberg,Florida
9374,803,169,1,171.62,171.62,2024-03-10,Delivered,East Matthewtown,Ohio
9375,91,41,1,1133.32,1133.32,2024-11-29,Delivered,Lake Jennifer,Montana
9376,986,96,3,51.29,153.87,2024-03-22,Delivered,West Daniel,Rhode Island
9377,790,177,2,135.85,271.7,2024-08-01,Delivered,West Reginaberg,Arkansas
9378,337,25,1,71.4,71.4,2024-06-22,Delivered,Lake Victoriastad,New York
9379,369,173,4,31.1,124.4,2025-06-10,Delivered,North Sally,Rhode Island
9380,976,149,2,86.32,172.64,2025-12-18,Delivered,Meltonview,New York
9381,719,6,3,98.09,294.27,2024-11-28,Delivered,New Ravenmouth,Missouri
9382,927,120,2,47.8,95.6,2025-11-29,Delivered,Mirandachester,Nebraska
9383,153,170,3,60.94,182.82,2025-10-14,Delivered,Russellton,Massachusetts
9384,868,18,1,12.0,12.0,2024-03-15,Delivered,Angelaton,Arizona
9385,585,147,3,202.08,606.24,2024-12-11,Delivered,West Kaylafort,Ohio
9386,830,18,1,12.0,12.0,2025-08-04,Delivered,Jasonberg,Hawaii
9387,731,199,3,91.79,275.37,2024-09-16,Delivered,North Sarahton,Alaska
9388,767,189,2,1293.61,2587.22,2025-12-19,Delivered,Hudsonburgh,Mississippi
9389,845,22,1,192.65,192.65,2025-04-05,Delivered,Mccormicktown,Arizona
9390,410,7,2,37.5,75.0,2024-09-24,Delivered,Nataliebury,Minnesota
9391,654,43,2,377.86,755.72,2025-04-13,Processing,New Breanna,Michigan
9392,217,101,3,23.21,69.63,2024-07-28,Processing,Port Samanthatown,Florida
9393,422,200,5,35.55,177.75,2025-06-16,Delivered,Williambury,Wyoming
9394,595,176,1,39.64,39.64,2024-12-18,Delivered,Maciasside,Idaho
9395,440,118,2,280.69,561.38,2025-06-03,Delivered,Arellanobury,Alaska
9396,159,56,2,738.0,0.0,2024-03-11,Cancelled,Brownfort,Georgia
9397,425,150,3,415.89,0.0,2024-06-30,Cancelled,Port Christy,Michigan
9398,523,91,7,16.92,118.44,2025-07-11,Delivered,West Davidshire,Ohio
9399,302,86,1,86.29,86.29,2024-11-19,Delivered,East Marciaside,Texas
9400,763,39,3,256.4,769.2,2024-04-16,Delivered,Parrishmouth,Nebraska
9401,956,43,1,377.86,377.86,2024-07-27,Returned,Calebview,Massachusetts
9402,688,198,3,28.18,84.54,2025-03-05,Delivered,Rossland,Tennessee
9403,837,113,2,158.59,317.18,2024-05-19,Delivered,South Rodney,Florida
9404,460,71,3,117.87,353.61,2025-06-07,Delivered,Smithside,Michigan
9405,101,132,3,21.5,64.5,2025-04-01,Delivered,Kathleenburgh,South Dakota
9406,17,151,1,1843.3,1843.3,2024-01-20,Delivered,Keithburgh,West Virginia
9407,969,139,4,48.17,192.68,2024-10-23,Shipped,Port Richard,New Jersey
9408,542,114,4,22.89,91.56,2024-04-19,Delivered,Yangview,Washington
9409,454,125,1,192.15,192.15,2024-04-10,Delivered,Port Joshua,Indiana
9410,352,18,1,12.0,12.0,2024-05-14,Shipped,Maybury,Indiana
9411,808,5,1,225.2,225.2,2024-12-22,Delivered,Lake Jessicatown,Rhode Island
9412,791,197,5,41.22,206.1,2024-09-27,Shipped,Gailtown,Connecticut
9413,275,53,6,53.04,318.24,2024-09-21,Delivered,Robbinsville,Delaware
9414,367,148,2,293.38,586.76,2025-01-03,Delivered,Lisaborough,South Dakota
9415,90,31,7,29.73,208.11,2024-10-31,Shipped,North Teresaport,Georgia
9416,413,64,2,701.02,1402.04,2025-12-20,Delivered,Seanchester,Connecticut
9417,898,41,2,1133.32,2266.64,2024-05-02,Shipped,South Nancy,Pennsylvania
9418,834,66,3,100.8,302.4,2025-02-19,Delivered,Port Rickytown,Connecticut
9419,821,162,3,99.85,299.55,2025-06-07,Delivered,New Carl,Alabama
9420,206,144,4,48.66,194.64,2024-03-24,Delivered,West Javierborough,South Carolina
9421,423,124,3,253.0,759.0,2024-12-17,Delivered,South Glendafurt,Maryland
9422,887,139,2,48.17,96.34,2025-06-23,Delivered,Ianside,Rhode Island
9423,140,113,1,158.59,0.0,2025-07-15,Cancelled,Prattville,Alaska
9424,99,28,1,18.59,18.59,2024-10-09,Delivered,Port Dwayneborough,South Carolina
9425,207,77,6,40.52,243.12,2024-06-17,Shipped,Valerieview,Idaho
9426,713,80,3,206.74,620.22,2025-08-23,Delivered,West Harold,Alaska
9427,403,74,2,417.08,834.16,2025-06-27,Shipped,Abigailfurt,Arkansas
9428,875,68,3,115.79,347.37,2025-07-29,Delivered,Kevinside,Vermont
9429,296,31,12,29.73,356.76,2024-01-20,Delivered,Henryborough,Kansas
9430,283,60,1,242.61,242.61,2025-04-30,Delivered,New James,North Carolina
9431,173,107,5,56.79,283.95,2025-01-19,Delivered,East Katelyn,Massachusetts
9432,583,128,3,89.87,269.61,2024-10-29,Delivered,Henryfort,Wisconsin
9433,357,66,3,100.8,302.4,2024-05-05,Delivered,Donnaland,Arkansas
9434,299,139,2,48.17,96.34,2024-07-14,Delivered,Taylorbury,California
9435,501,198,2,28.18,56.36,2024-09-19,Delivered,North Gabrielabury,Minnesota
9436,771,75,3,408.35,1225.05,2025-03-07,Delivered,Lake Gregory,Texas
9437,10,170,1,60.94,60.94,2024-01-07,Delivered,Juliemouth,Wisconsin
9438,54,51,4,20.77,83.08,2025-01-18,Delivered,Lake Robert,Arkansas
9439,607,168,3,214.69,644.07,2024-08-09,Delivered,Bellport,Kentucky
9440,290,125,2,192.15,384.3,2024-01-22,Delivered,Larryland,Maine
9441,405,34,1,264.74,264.74,2025-07-14,Delivered,Lake Amandashire,Utah
9442,469,162,5,99.85,499.25,2025-09-18,Delivered,West Beth,New Jersey
9443,765,130,1,825.68,825.68,2025-03-25,Delivered,North Christopher,Oklahoma
9444,344,149,3,86.32,258.96,2024-06-17,Delivered,Lindsayburgh,Utah
9445,901,62,1,331.56,331.56,2025-07-08,Delivered,West Lori,New Mexico
9446,693,189,1,1293.61,1293.61,2024-09-07,Delivered,East Ann,South Dakota
9447,786,35,3,486.1,1458.3,2025-02-11,Delivered,Loweton,Oklahoma
9448,920,55,1,136.93,136.93,2024-11-20,Processing,Jennaport,Nebraska
9449,351,22,1,192.65,192.65,2024-03-02,Delivered,Foxside,Wisconsin
9450,205,41,1,1133.32,1133.32,2025-08-19,Delivered,Kristenfurt,Florida
9451,479,193,1,99.73,99.73,2025-07-23,Delivered,Moranside,Mississippi
9452,628,139,5,48.17,240.85,2024-11-26,Delivered,Williamsberg,Florida
9453,279,61,1,83.9,0.0,2025-02-12,Cancelled,Brandonside,Oklahoma
9454,153,76,1,1853.62,1853.62,2025-12-01,Returned,Russellton,Massachusetts
9455,964,122,2,20.47,40.94,2025-11-11,Delivered,Lake Jesse,New Jersey
9456,242,87,2,19.31,38.62,2024-06-09,Delivered,Port Melissa,Florida
9457,897,43,2,377.86,755.72,2025-09-17,Delivered,Port Bradshire,Maine
9458,815,47,2,72.54,145.08,2024-05-06,Delivered,Port Kellymouth,Utah
9459,39,139,5,48.17,240.85,2025-01-13,Delivered,Lake Davidborough,Maine
9460,282,19,2,205.94,411.88,2024-03-25,Shipped,Vincenttown,Michigan
9461,728,38,2,115.17,230.34,2024-03-30,Delivered,Davidfurt,Pennsylvania
9462,834,146,1,6.95,6.95,2024-12-21,Delivered,Port Rickytown,Connecticut
9463,967,176,2,39.64,79.28,2024-08-06,Delivered,Lake Davidberg,Nevada
9464,689,197,5,41.22,0.0,2025-06-22,Cancelled,Sarahland,Utah
9465,304,102,3,16.02,48.06,2024-07-05,Delivered,North Jennifer,South Dakota
9466,146,109,3,321.21,963.63,2025-12-14,Delivered,New Mitchell,Rhode Island
9467,675,142,2,469.45,938.9,2025-03-12,Delivered,East Edwardside,Wyoming
9468,537,104,5,43.38,216.9,2024-03-14,Delivered,North Sara,Mississippi
9469,948,132,5,21.5,107.5,2025-02-11,Delivered,Port Holly,Mississippi
9470,730,154,3,341.24,1023.72,2025-09-24,Delivered,Timfort,New York
9471,567,174,7,39.88,279.16,2025-08-21,Shipped,Reneebury,Montana
9472,127,104,5,43.38,216.9,2025-08-20,Delivered,Morganmouth,Hawaii
9473,100,55,1,136.93,136.93,2024-06-12,Delivered,New Steven,Alaska
9474,149,178,1,96.1,96.1,2024-01-25,Delivered,Lake Kellyberg,Indiana
9475,639,111,2,292.45,584.9,2025-08-02,Delivered,Ronaldborough,North Carolina
9476,972,82,3,102.58,307.74,2024-06-10,Returned,Charlesbury,Massachusetts
9477,870,103,2,324.51,649.02,2024-09-16,Delivered,Parkerhaven,Indiana
9478,437,126,2,24.66,49.32,2024-08-04,Returned,Jesustown,West Virginia
9479,544,157,5,21.39,106.95,2024-11-26,Processing,Cranehaven,Montana
9480,265,98,1,171.77,171.77,2025-07-17,Delivered,Owenschester,Rhode Island
9481,365,94,3,73.18,219.54,2025-09-08,Delivered,Matthewview,Tennessee
9482,59,40,5,13.32,66.6,2025-11-27,Delivered,Sandovalshire,Iowa
9483,56,104,4,43.38,173.52,2024-11-25,Delivered,Matthewfort,Arizona
9484,565,10,3,6.76,0.0,2024-10-14,Cancelled,Lake Ryan,Michigan
9485,514,129,4,156.82,0.0,2025-03-04,Cancelled,Erikaport,Washington
9486,34,90,2,780.14,1560.28,2025-11-23,Delivered,Vaughanmouth,Iowa
9487,415,91,2,16.92,33.84,2025-10-19,Delivered,Kevinberg,Connecticut
9488,188,6,3,98.09,294.27,2024-06-23,Delivered,Michaelport,New Mexico
9489,703,119,3,299.58,898.74,2025-07-12,Delivered,East Alex,Washington
9490,72,141,2,371.58,743.16,2025-06-26,Delivered,North Christopherhaven,North Carolina
9491,367,88,2,189.99,379.98,2024-07-22,Shipped,Lisaborough,South Dakota
9492,932,100,1,272.84,272.84,2025-03-08,Shipped,Lake Cassandra,Indiana
9493,348,192,12,5.42,65.04,2024-10-06,Delivered,Port Jessicaview,Arizona
9494,771,131,4,28.16,112.64,2024-07-11,Delivered,Lake Gregory,Texas
9495,487,152,3,69.34,208.02,2024-07-02,Delivered,Hammondhaven,West Virginia
9496,36,155,3,61.98,185.94,2024-09-02,Delivered,South Michaelville,Colorado
9497,150,133,3,57.39,172.17,2025-03-12,Delivered,Owensview,Florida
9498,141,192,12,5.42,65.04,2025-10-31,Returned,Robertberg,Florida
9499,930,73,1,82.71,82.71,2025-03-13,Delivered,North Denise,New Hampshire
9500,917,41,1,1133.32,1133.32,2025-02-14,Delivered,Geoffreybury,Nevada
9501,483,174,1,39.88,39.88,2025-03-06,Delivered,Monicaburgh,Minnesota
9502,297,184,3,151.44,0.0,2025-12-22,Cancelled,Nguyenmouth,Minnesota
9503,693,62,2,331.56,663.12,2024-09-09,Delivered,East Ann,South Dakota
9504,260,45,3,25.64,76.92,2025-04-14,Delivered,Timothyshire,New York
9505,107,132,1,21.5,21.5,2025-11-02,Processing,Patriciaville,Colorado
9506,859,147,1,202.08,202.08,2024-10-31,Processing,Haasfort,Kansas
9507,805,113,2,158.59,317.18,2024-08-31,Delivered,East Kayla,New Mexico
9508,213,184,3,151.44,454.32,2024-08-26,Delivered,New Eugene,Missouri
9509,194,61,3,83.9,251.7,2025-10-15,Returned,North Ryan,Minnesota
9510,352,138,4,20.13,80.52,2025-08-15,Shipped,Maybury,Indiana
9511,705,91,4,16.92,67.68,2025-03-01,Delivered,Paulside,Hawaii
9512,874,110,2,149.46,0.0,2025-01-21,Cancelled,Dustinport,Mississippi
9513,793,109,1,321.21,321.21,2025-10-11,Delivered,Clarencefurt,Maryland
9514,635,155,2,61.98,123.96,2024-03-20,Shipped,Port Emilyton,Missouri
9515,515,73,3,82.71,248.13,2024-03-17,Delivered,Lake Larrymouth,Ohio
9516,253,145,1,238.69,238.69,2025-01-19,Delivered,New Melodyland,West Virginia
9517,188,145,2,238.69,477.38,2024-04-10,Delivered,Michaelport,New Mexico
9518,621,153,1,82.41,82.41,2024-01-11,Delivered,Christophermouth,Connecticut
9519,257,15,1,213.82,213.82,2024-01-03,Delivered,Lake Bobby,Virginia
9520,995,22,1,192.65,192.65,2025-12-13,Shipped,Lake Deborahbury,Massachusetts
9521,324,46,3,39.3,117.9,2025-01-18,Delivered,Wagnerville,North Dakota
9522,38,150,2,415.89,831.78,2025-12-25,Delivered,Riceland,Georgia
9523,103,195,1,2.19,2.19,2024-01-31,Processing,South Ronaldfurt,Ohio
9524,744,191,3,92.98,278.94,2025-01-18,Delivered,Tuckerland,New Hampshire
9525,253,158,1,1511.23,1511.23,2025-03-06,Delivered,New Melodyland,West Virginia
9526,83,143,2,50.45,100.9,2024-06-25,Delivered,Bergbury,Idaho
9527,159,170,3,60.94,182.82,2024-10-08,Delivered,Brownfort,Georgia
9528,322,77,4,40.52,162.08,2025-06-15,Delivered,Torreston,Georgia
9529,330,176,3,39.64,118.92,2024-08-27,Shipped,Natashaborough,Massachusetts
9530,426,66,4,100.8,403.2,2025-09-12,Shipped,Andrewberg,California
9531,918,99,9,23.4,0.0,2024-02-02,Cancelled,New Brad,Indiana
9532,430,164,2,196.76,393.52,2025-07-16,Delivered,New Ralph,Wisconsin
9533,452,45,2,25.64,51.28,2024-07-28,Delivered,Morenoberg,West Virginia
9534,500,166,6,12.95,77.7,2025-08-12,Delivered,Batesmouth,Indiana
9535,409,139,5,48.17,240.85,2024-09-16,Delivered,New Matthew,New York
9536,435,189,2,1293.61,2587.22,2024-02-26,Processing,West Melissafurt,Connecticut
9537,833,58,5,133.46,667.3,2025-05-03,Delivered,Ryanbury,Hawaii
9538,858,102,3,16.02,48.06,2024-03-01,Delivered,North Maria,Arkansas
9539,475,86,4,86.29,345.16,2025-03-04,Delivered,New Ryan,Alaska
9540,959,8,1,126.03,126.03,2025-05-25,Delivered,Port Michaelville,Rhode Island
9541,72,84,3,121.98,365.94,2025-04-03,Delivered,North Christopherhaven,North Carolina
9542,351,146,2,6.95,13.9,2025-10-18,Delivered,Foxside,Wisconsin
9543,928,64,2,701.02,1402.04,2025-01-19,Delivered,Lake Kathleen,South Carolina
9544,941,41,1,1133.32,1133.32,2024-09-04,Processing,Audreyburgh,Massachusetts
9545,43,43,1,377.86,377.86,2024-12-05,Processing,Phillipsstad,Oregon
9546,144,146,1,6.95,6.95,2025-09-26,Delivered,Tonytown,Maryland
9547,203,185,1,1128.38,1128.38,2025-10-28,Delivered,Jasmineville,South Carolina
9548,447,56,2,738.0,1476.0,2024-10-14,Delivered,South Joshuashire,Missouri
9549,767,128,4,89.87,359.48,2024-05-21,Delivered,Hudsonburgh,Mississippi
9550,338,80,2,206.74,413.48,2024-01-16,Shipped,Kellyberg,South Dakota
9551,447,57,1,1165.65,1165.65,2024-07-15,Delivered,South Joshuashire,Missouri
9552,527,10,5,6.76,33.8,2024-04-02,Shipped,Robinsonside,Iowa
9553,806,45,2,25.64,51.28,2024-11-28,Delivered,Billyton,South Carolina
9554,426,132,1,21.5,21.5,2025-12-15,Delivered,Andrewberg,California
9555,372,118,2,280.69,561.38,2025-11-05,Delivered,Port Patrickton,Arkansas
9556,254,194,1,384.6,384.6,2024-10-10,Delivered,New Christine,Virginia
9557,310,21,3,21.74,65.22,2025-12-29,Shipped,Martinezberg,Arkansas
9558,251,40,6,13.32,79.92,2024-02-09,Delivered,Williamton,New Hampshire
9559,275,6,2,98.09,196.18,2025-09-13,Delivered,Robbinsville,Delaware
9560,187,36,6,24.13,144.78,2024-06-25,Delivered,East Susan,South Dakota
9561,771,125,2,192.15,384.3,2025-04-12,Processing,Lake Gregory,Texas
9562,191,150,2,415.89,831.78,2025-12-14,Delivered,New Brittneyhaven,Maryland
9563,317,59,4,5.75,23.0,2025-03-18,Returned,Hooperburgh,Massachusetts
9564,339,93,2,1518.29,3036.58,2025-03-23,Delivered,Goodland,Texas
9565,546,31,9,29.73,267.57,2025-10-27,Returned,Jasontown,Hawaii
9566,138,28,2,18.59,37.18,2024-05-26,Delivered,Amandahaven,Nebraska
9567,659,91,11,16.92,186.12,2025-11-18,Delivered,East Josemouth,Alaska
9568,360,38,2,115.17,230.34,2024-08-18,Shipped,Alvarezfurt,Kentucky
9569,482,31,1,29.73,29.73,2024-06-10,Delivered,West Scott,Georgia
9570,123,69,1,96.69,96.69,2025-06-14,Delivered,Alexanderton,Oregon
9571,125,199,1,91.79,91.79,2024-06-05,Delivered,West Daniellemouth,New Mexico
9572,416,8,2,126.03,252.06,2025-12-30,Delivered,Port Todd,Washington
9573,879,57,1,1165.65,1165.65,2025-05-17,Delivered,Clarkfort,Kansas
9574,715,132,1,21.5,21.5,2024-04-16,Delivered,Andreabury,Minnesota
9575,465,141,1,371.58,371.58,2024-06-17,Delivered,Williamsview,Washington
9576,193,81,2,221.79,443.58,2024-12-06,Processing,East Barbara,North Dakota
9577,823,23,5,90.2,451.0,2024-03-15,Delivered,Turnerbury,Pennsylvania
9578,74,183,11,5.03,55.33,2025-11-12,Delivered,South Terri,Hawaii
9579,347,142,3,469.45,1408.35,2024-10-23,Delivered,New Cynthia,Nebraska
9580,491,146,5,6.95,34.75,2024-09-29,Delivered,Markport,Wyoming
9581,330,155,2,61.98,0.0,2024-11-29,Cancelled,Natashaborough,Massachusetts
9582,938,85,2,669.8,1339.6,2025-10-10,Delivered,Mccannmouth,Delaware
9583,270,48,2,82.31,164.62,2025-01-23,Delivered,Tiffanyside,New Mexico
9584,286,168,2,214.69,429.38,2025-02-22,Delivered,Port Richardfurt,Indiana
9585,576,165,4,118.26,473.04,2024-06-27,Delivered,East Michael,Louisiana
9586,908,139,1,48.17,48.17,2024-01-11,Delivered,East Christopher,Colorado
9587,909,114,4,22.89,0.0,2025-04-12,Cancelled,Amyhaven,Connecticut
9588,432,83,2,129.45,258.9,2025-10-06,Shipped,South Davidside,Wyoming
9589,199,163,5,91.43,457.15,2025-12-14,Delivered,Schmidtberg,Wisconsin
9590,627,100,2,272.84,545.68,2024-12-05,Shipped,West Ellen,Alaska
9591,726,65,6,7.18,43.08,2024-08-15,Delivered,Margaretmouth,Connecticut
9592,765,122,3,20.47,0.0,2025-06-21,Cancelled,North Christopher,Oklahoma
9593,467,29,1,8.63,8.63,2024-04-08,Delivered,North Feliciashire,Wisconsin
9594,279,2,4,97.3,389.2,2024-08-19,Shipped,Brandonside,Oklahoma
9595,574,143,3,50.45,151.35,2025-12-01,Delivered,North Craigtown,Montana
9596,649,161,3,295.59,886.77,2024-03-10,Processing,South Alejandro,Maine
9597,20,32,2,112.27,224.54,2025-06-19,Returned,Lake Lisa,Michigan
9598,241,116,2,146.15,0.0,2025-11-13,Cancelled,Millshaven,Massachusetts
9599,163,90,2,780.14,1560.28,2025-02-05,Delivered,Lake Josephhaven,California
9600,483,29,2,8.63,17.26,2025-12-31,Delivered,Monicaburgh,Minnesota
9601,861,189,1,1293.61,1293.61,2025-12-04,Delivered,West Aaronshire,Hawaii
9602,310,55,2,136.93,273.86,2024-05-18,Delivered,Martinezberg,Arkansas
9603,612,168,2,214.69,429.38,2024-02-06,Shipped,East Aaron,Tennessee
9604,595,111,1,292.45,292.45,2025-05-17,Delivered,Maciasside,Idaho
9605,331,92,4,31.83,127.32,2025-05-20,Delivered,Lake Williamfort,Washington
9606,246,95,3,90.16,0.0,2024-05-28,Cancelled,Abigailstad,South Dakota
9607,253,77,6,40.52,243.12,2025-04-30,Delivered,New Melodyland,West Virginia
9608,329,18,3,12.0,36.0,2024-05-02,Delivered,Port Russell,Michigan
9609,260,12,3,182.65,547.95,2025-09-29,Processing,Timothyshire,New York
9610,951,17,5,22.46,112.3,2025-01-24,Processing,Port Michelle,Missouri
9611,427,24,1,51.42,51.42,2025-04-02,Delivered,South Brianview,Wyoming
9612,826,64,2,701.02,1402.04,2024-01-28,Delivered,Bryantport,North Dakota
9613,729,142,1,469.45,469.45,2025-08-06,Delivered,North Steven,Texas
9614,81,58,2,133.46,266.92,2024-01-24,Returned,Rileymouth,West Virginia
9615,211,161,1,295.59,295.59,2024-01-29,Delivered,Wardmouth,Georgia
9616,783,86,2,86.29,172.58,2025-11-25,Delivered,Allenhaven,Georgia
9617,582,76,1,1853.62,1853.62,2024-02-12,Shipped,New Danielberg,New York
9618,408,88,1,189.99,189.99,2024-04-04,Delivered,Christopherchester,Connecticut
9619,576,75,3,408.35,1225.05,2025-08-28,Delivered,East Michael,Louisiana
9620,153,71,3,117.87,353.61,2024-10-21,Delivered,Russellton,Massachusetts
9621,405,76,2,1853.62,3707.24,2024-10-01,Delivered,Lake Amandashire,Utah
9622,715,140,1,93.97,93.97,2025-05-25,Delivered,Andreabury,Minnesota
9623,931,192,8,5.42,43.36,2025-06-23,Delivered,North Adammouth,New Hampshire
9624,99,184,3,151.44,454.32,2025-01-16,Delivered,Port Dwayneborough,South Carolina
9625,333,71,2,117.87,235.74,2024-08-13,Delivered,West Steven,Colorado
9626,42,156,1,136.11,136.11,2024-08-22,Shipped,Draketon,Vermont
9627,53,59,3,5.75,17.25,2025-06-19,Shipped,New Williamborough,Delaware
9628,529,164,4,196.76,787.04,2025-05-27,Delivered,Wheelerfort,New York
9629,79,96,2,51.29,102.58,2024-01-31,Delivered,Whitestad,Oregon
9630,367,145,1,238.69,238.69,2024-02-15,Delivered,Lisaborough,South Dakota
9631,630,58,3,133.46,400.38,2025-04-27,Delivered,West Robertview,Massachusetts
9632,589,158,2,1511.23,3022.46,2024-05-09,Shipped,Sharonhaven,Ohio
9633,818,19,2,205.94,411.88,2025-05-17,Shipped,East Misty,North Dakota
9634,378,100,1,272.84,272.84,2024-09-21,Delivered,Bestfort,New York
9635,234,197,1,41.22,41.22,2024-05-12,Delivered,Clarkhaven,Massachusetts
9636,677,160,5,30.6,153.0,2025-06-19,Shipped,Matthewmouth,Nebraska
9637,310,153,5,82.41,412.05,2024-11-05,Processing,Martinezberg,Arkansas
9638,967,24,1,51.42,51.42,2024-04-07,Delivered,Lake Davidberg,Nevada
9639,354,50,3,107.82,323.46,2025-11-27,Delivered,Deanview,Alabama
9640,921,136,5,52.07,0.0,2024-02-17,Cancelled,Nicholeburgh,Delaware
9641,47,91,3,16.92,50.76,2024-06-05,Delivered,West Matthewburgh,South Dakota
9642,21,66,5,100.8,504.0,2025-01-25,Delivered,Heidimouth,Kentucky
9643,714,106,2,1067.66,2135.32,2024-01-17,Processing,Lisashire,Illinois
9644,44,185,1,1128.38,1128.38,2025-01-01,Processing,Robertville,Indiana
9645,25,110,2,149.46,298.92,2025-01-26,Delivered,Port Tracy,Alaska
9646,911,163,3,91.43,0.0,2025-04-07,Cancelled,Audreyville,Georgia
9647,838,190,2,655.22,1310.44,2025-08-20,Returned,East Kelly,Colorado
9648,37,10,5,6.76,33.8,2024-09-27,Returned,Lake Justinview,Alabama
9649,246,115,3,115.19,345.57,2024-11-01,Processing,Abigailstad,South Dakota
9650,545,61,3,83.9,0.0,2024-09-07,Cancelled,Port Anthonyfurt,Georgia
9651,170,14,2,1392.16,2784.32,2025-10-25,Delivered,New Charles,Alabama
9652,917,175,1,88.86,88.86,2025-10-28,Delivered,Geoffreybury,Nevada
9653,745,176,2,39.64,79.28,2025-08-18,Delivered,Lake James,Arizona
9654,996,79,1,35.4,35.4,2025-12-12,Delivered,Buckhaven,Ohio
9655,562,177,3,135.85,407.55,2024-05-07,Delivered,Brandyland,Pennsylvania
9656,678,55,2,136.93,273.86,2024-10-29,Delivered,Karenborough,Missouri
9657,873,155,2,61.98,123.96,2025-07-12,Delivered,Port Kennethville,Vermont
9658,407,164,1,196.76,196.76,2024-06-26,Processing,South Lindsaymouth,Wisconsin
9659,319,140,5,93.97,469.85,2024-03-25,Returned,East Michael,Nebraska
9660,57,137,3,109.87,0.0,2024-12-04,Cancelled,Amyland,Kentucky
9661,865,15,3,213.82,641.46,2025-06-13,Delivered,Leonchester,Oklahoma
9662,977,158,2,1511.23,3022.46,2025-02-16,Delivered,Lake Candace,West Virginia
9663,312,18,1,12.0,0.0,2025-05-21,Cancelled,North Jonathanshire,Alabama
9664,651,59,6,5.75,34.5,2024-02-15,Delivered,East Alexandra,Idaho
9665,73,6,3,98.09,294.27,2024-09-28,Delivered,Gallagherton,Arkansas
9666,38,144,3,48.66,145.98,2025-02-17,Delivered,Riceland,Georgia
9667,24,113,1,158.59,158.59,2024-09-17,Delivered,South Timothy,South Dakota
9668,508,137,3,109.87,329.61,2024-12-22,Returned,Bushchester,Arizona
9669,638,92,1,31.83,31.83,2025-10-06,Delivered,South Jeremyport,Arizona
9670,354,190,2,655.22,0.0,2024-03-18,Cancelled,Deanview,Alabama
9671,663,199,3,91.79,275.37,2025-08-06,Delivered,West Dianeport,Alabama
9672,93,5,1,225.2,0.0,2024-02-16,Cancelled,Richardfurt,Washington
9673,120,150,2,415.89,831.78,2025-08-22,Delivered,Lewisberg,Arizona
9674,252,24,5,51.42,257.1,2025-02-19,Delivered,Hubbardfort,Kansas
9675,764,158,1,1511.23,1511.23,2025-09-20,Delivered,Christopherberg,Kansas
9676,243,175,5,88.86,444.3,2025-05-23,Delivered,East Dean,New York
9677,53,15,1,213.82,0.0,2025-11-09,Cancelled,New Williamborough,Delaware
9678,975,22,1,192.65,192.65,2024-05-01,Delivered,Michelemouth,New Mexico
9679,891,200,5,35.55,0.0,2024-12-16,Cancelled,Allenburgh,Iowa
9680,838,20,3,57.57,172.71,2024-04-21,Delivered,East Kelly,Colorado
9681,581,199,4,91.79,367.16,2024-09-19,Returned,Port David,New Hampshire
9682,397,195,2,2.19,4.38,2024-08-17,Returned,East Dennisland,Wyoming
9683,574,137,3,109.87,329.61,2024-01-05,Delivered,North Craigtown,Montana
9684,719,175,2,88.86,177.72,2024-04-03,Delivered,New Ravenmouth,Missouri
9685,475,87,6,19.31,115.86,2025-07-17,Shipped,New Ryan,Alaska
9686,155,115,3,115.19,345.57,2024-05-24,Delivered,West Michaelfurt,Idaho
9687,682,75,2,408.35,816.7,2024-12-16,Delivered,Christopherview,Connecticut
9688,191,15,2,213.82,427.64,2024-01-30,Delivered,New Brittneyhaven,Maryland
9689,988,21,2,21.74,43.48,2024-12-27,Delivered,Natalieberg,Washington
9690,756,128,5,89.87,449.35,2025-08-03,Shipped,West Lori,Virginia
9691,6,82,2,102.58,0.0,2025-06-04,Cancelled,Lake Stephen,Nevada
9692,166,156,1,136.11,136.11,2025-08-22,Shipped,New Jacobland,Mississippi
9693,44,55,1,136.93,136.93,2025-07-31,Processing,Robertville,Indiana
9694,44,70,5,29.73,148.65,2024-04-27,Delivered,Robertville,Indiana
9695,876,167,1,133.62,133.62,2024-04-02,Delivered,East Alicia,Arizona
9696,191,129,3,156.82,470.46,2025-12-23,Delivered,New Brittneyhaven,Maryland
9697,358,177,1,135.85,135.85,2024-03-10,Delivered,Matthewview,West Virginia
9698,5,101,2,23.21,46.42,2024-06-13,Delivered,Rodrigueztown,Minnesota
9699,392,71,2,117.87,235.74,2025-06-04,Delivered,Mariafort,Alabama
9700,776,110,5,149.46,747.3,2024-07-22,Delivered,West Gerald,Colorado
9701,154,107,4,56.79,227.16,2024-03-15,Delivered,Ortegafort,Virginia
9702,1,32,3,112.27,336.81,2024-11-26,Shipped,South James,South Carolina
9703,508,13,2,67.98,135.96,2024-05-07,Delivered,Bushchester,Arizona
9704,465,153,2,82.41,164.82,2025-10-09,Delivered,Williamsview,Washington
9705,862,129,2,156.82,313.64,2025-06-05,Processing,East Henry,North Dakota
9706,174,145,3,238.69,716.07,2025-01-04,Delivered,Port Michaelville,Arkansas
9707,743,175,4,88.86,355.44,2025-07-07,Delivered,Danielborough,California
9708,984,61,4,83.9,335.6,2024-07-14,Delivered,Nathanside,Maryland
9709,656,98,2,171.77,343.54,2025-11-13,Shipped,Lake Alan,Georgia
9710,617,78,9,27.87,250.83,2025-01-26,Processing,Larsonbury,Georgia
9711,425,98,2,171.77,343.54,2025-05-22,Delivered,Port Christy,Michigan
9712,210,80,1,206.74,206.74,2025-01-29,Delivered,Port Jonathanshire,Utah
9713,135,170,2,60.94,121.88,2024-01-06,Delivered,East Ericshire,Nevada
9714,611,46,1,39.3,39.3,2025-12-26,Delivered,New Johnfurt,Ohio
9715,293,200,5,35.55,177.75,2025-06-19,Processing,Antoniobury,New Hampshire
9716,340,80,2,206.74,413.48,2024-09-07,Processing,North Stevenmouth,North Dakota
9717,666,138,1,20.13,20.13,2025-03-12,Shipped,Riversside,Tennessee
9718,991,45,4,25.64,102.56,2024-01-10,Delivered,Davidshire,New Jersey
9719,740,169,4,171.62,686.48,2024-02-08,Shipped,Port Patricia,North Carolina
9720,980,95,3,90.16,270.48,2024-11-04,Delivered,Lake Katherine,North Carolina
9721,717,170,1,60.94,60.94,2025-11-14,Returned,New Sharon,Massachusetts
9722,725,167,1,133.62,0.0,2024-11-24,Cancelled,Whiteland,West Virginia
9723,68,134,1,61.51,61.51,2025-12-10,Delivered,Brownville,Virginia
9724,621,43,2,377.86,755.72,2024-03-10,Delivered,Christophermouth,Connecticut
9725,786,195,2,2.19,4.38,2024-01-02,Delivered,Loweton,Oklahoma
9726,87,82,2,102.58,205.16,2024-07-22,Shipped,New Tiffanyshire,Rhode Island
9727,419,96,2,51.29,102.58,2025-04-18,Delivered,West Sarah,New Hampshire
9728,645,120,11,47.8,525.8,2025-01-19,Delivered,New Lisa,Missouri
9729,702,122,3,20.47,61.41,2024-09-03,Delivered,Port Sandramouth,Oklahoma
9730,27,103,3,324.51,973.53,2024-06-26,Delivered,Codymouth,Alabama
9731,299,133,3,57.39,172.17,2024-04-19,Delivered,Taylorbury,California
9732,238,159,2,144.57,289.14,2025-01-30,Delivered,Russellton,Minnesota
9733,781,58,2,133.46,266.92,2024-04-06,Delivered,North Adam,Alabama
9734,814,59,1,5.75,5.75,2025-12-30,Delivered,East Troyfurt,Washington
9735,741,142,1,469.45,469.45,2024-06-18,Delivered,New Ginafort,Montana
9736,77,69,2,96.69,193.38,2025-02-27,Delivered,Kerriborough,Maine
9737,107,84,1,121.98,121.98,2025-04-30,Delivered,Patriciaville,Colorado
9738,958,2,1,97.3,97.3,2025-03-16,Processing,Judithborough,New Mexico
9739,724,139,2,48.17,96.34,2025-04-08,Shipped,Joseberg,Massachusetts
9740,1000,149,3,86.32,258.96,2025-01-20,Delivered,East Jessica,New Mexico
9741,693,144,4,48.66,194.64,2024-12-08,Delivered,East Ann,South Dakota
9742,147,152,2,69.34,138.68,2024-07-19,Delivered,New Brittanymouth,Michigan
9743,480,79,3,35.4,0.0,2025-05-29,Cancelled,South Colleenchester,West Virginia
9744,798,174,4,39.88,159.52,2024-08-19,Delivered,South Cory,Nebraska
9745,971,183,9,5.03,45.27,2025-02-11,Processing,North Barbarashire,Delaware
9746,530,103,1,324.51,324.51,2025-01-07,Delivered,Hollyfurt,Wisconsin
9747,718,67,1,109.42,109.42,2025-06-22,Delivered,North Kevinside,North Dakota
9748,390,137,1,109.87,109.87,2024-12-17,Delivered,Port Ronald,California
9749,415,172,2,107.92,215.84,2025-04-03,Delivered,Kevinberg,Connecticut
9750,501,44,3,180.6,541.8,2024-05-16,Delivered,North Gabrielabury,Minnesota
9751,629,102,2,16.02,32.04,2025-03-23,Delivered,New Vickihaven,Connecticut
9752,607,183,3,5.03,15.09,2024-09-23,Delivered,Bellport,Kentucky
9753,862,99,10,23.4,234.0,2025-03-22,Delivered,East Henry,North Dakota
9754,438,63,1,155.85,155.85,2024-10-05,Delivered,Reedville,Virginia
9755,952,70,10,29.73,297.3,2024-06-27,Shipped,South Kimbury,Arizona
9756,825,117,2,23.92,47.84,2024-03-11,Delivered,Karenville,Texas
9757,179,111,2,292.45,584.9,2025-12-29,Processing,Laurafort,South Dakota
9758,278,59,5,5.75,28.75,2025-04-27,Returned,West Raven,West Virginia
9759,419,50,3,107.82,323.46,2024-09-11,Delivered,West Sarah,New Hampshire
9760,178,104,2,43.38,86.76,2025-05-04,Delivered,Michelleport,Kentucky
9761,671,174,3,39.88,119.64,2024-10-20,Delivered,Lake Ericchester,Washington
9762,217,123,1,120.25,120.25,2025-09-14,Delivered,Port Samanthatown,Florida
9763,962,92,4,31.83,0.0,2024-06-10,Cancelled,North Lorettaport,Rhode Island
9764,911,108,5,92.71,463.55,2025-10-23,Delivered,Audreyville,Georgia
9765,215,56,1,738.0,738.0,2025-10-30,Delivered,North Suzannefurt,Wisconsin
9766,237,59,1,5.75,5.75,2024-01-28,Delivered,New Lauraton,Georgia
9767,954,173,2,31.1,62.2,2025-12-11,Delivered,North Jasonbury,New Jersey
9768,838,149,2,86.32,172.64,2025-12-27,Delivered,East Kelly,Colorado
9769,591,106,1,1067.66,1067.66,2025-12-02,Delivered,Richardtown,Alaska
9770,76,168,1,214.69,214.69,2025-07-11,Delivered,Port Rebeccaland,New Hampshire
9771,41,22,3,192.65,577.95,2024-05-30,Processing,Parkerborough,Tennessee
9772,270,52,2,95.66,191.32,2024-04-09,Delivered,Tiffanyside,New Mexico
9773,372,12,3,182.65,547.95,2024-11-08,Delivered,Port Patrickton,Arkansas
9774,187,161,2,295.59,591.18,2025-04-30,Delivered,East Susan,South Dakota
9775,432,157,5,21.39,106.95,2024-03-12,Shipped,South Davidside,Wyoming
9776,151,49,1,53.93,53.93,2024-06-01,Delivered,Smithbury,Minnesota
9777,990,97,4,28.08,112.32,2025-12-28,Delivered,Ryanbury,South Dakota
9778,440,60,3,242.61,727.83,2025-01-27,Delivered,Arellanobury,Alaska
9779,17,76,2,1853.62,3707.24,2025-04-27,Delivered,Keithburgh,West Virginia
9780,108,13,2,67.98,135.96,2025-01-14,Delivered,Port Devon,Oregon
9781,580,103,2,324.51,649.02,2024-06-29,Processing,Brownchester,Texas
9782,533,98,1,171.77,171.77,2025-11-14,Delivered,West Nicholaston,Alaska
9783,807,39,2,256.4,512.8,2025-03-16,Delivered,New Elizabethbury,West Virginia
9784,94,190,2,655.22,1310.44,2024-07-06,Delivered,West Cindybury,New York
9785,713,149,2,86.32,172.64,2024-01-10,Delivered,West Harold,Alaska
9786,544,108,5,92.71,463.55,2025-10-18,Shipped,Cranehaven,Montana
9787,499,193,3,99.73,299.19,2024-10-12,Delivered,Sharonton,Nebraska
9788,112,153,4,82.41,329.64,2025-03-17,Delivered,Matthewhaven,Hawaii
9789,899,96,3,51.29,153.87,2024-06-28,Delivered,North Tina,Idaho
9790,839,148,1,293.38,293.38,2025-05-26,Delivered,Michaelstad,Alabama
9791,936,80,1,206.74,206.74,2024-07-08,Delivered,Gibsontown,Alabama
9792,907,175,3,88.86,266.58,2024-11-19,Delivered,Karatown,South Carolina
9793,863,9,4,94.81,379.24,2024-10-21,Shipped,Leslieborough,New York
9794,204,199,2,91.79,183.58,2025-11-07,Shipped,West Ryanmouth,Kentucky
9795,228,104,1,43.38,43.38,2025-02-18,Delivered,Amberbury,Arizona
9796,765,138,5,20.13,100.65,2025-04-01,Delivered,North Christopher,Oklahoma
9797,372,65,6,7.18,43.08,2024-02-27,Delivered,Port Patrickton,Arkansas
9798,706,85,2,669.8,0.0,2025-11-30,Cancelled,North Yvonne,Arizona
9799,691,81,2,221.79,443.58,2024-02-13,Shipped,Martinezville,Nebraska
9800,465,94,1,73.18,73.18,2024-11-06,Delivered,Williamsview,Washington
9801,147,14,2,1392.16,2784.32,2025-07-29,Delivered,New Brittanymouth,Michigan
9802,327,142,3,469.45,1408.35,2025-06-07,Delivered,Webbborough,Nebraska
9803,617,161,1,295.59,295.59,2025-10-05,Processing,Larsonbury,Georgia
9804,545,128,2,89.87,179.74,2024-09-09,Delivered,Port Anthonyfurt,Georgia
9805,270,149,3,86.32,0.0,2024-11-23,Cancelled,Tiffanyside,New Mexico
9806,258,75,1,408.35,408.35,2025-11-28,Delivered,Christianburgh,North Carolina
9807,651,134,4,61.51,246.04,2025-06-17,Delivered,East Alexandra,Idaho
9808,703,184,1,151.44,151.44,2024-01-15,Delivered,East Alex,Washington
9809,666,163,3,91.43,274.29,2024-07-25,Shipped,Riversside,Tennessee
9810,777,136,1,52.07,52.07,2024-08-14,Delivered,Lake Daniellestad,Iowa
9811,466,25,2,71.4,142.8,2024-09-17,Delivered,Hollowayfort,Colorado
9812,484,195,8,2.19,17.52,2024-07-31,Delivered,Loganport,Wyoming
9813,546,62,2,331.56,663.12,2024-07-08,Delivered,Jasontown,Hawaii
9814,842,9,4,94.81,379.24,2025-04-02,Delivered,Thomasside,Illinois
9815,352,160,5,30.6,153.0,2024-11-29,Delivered,Maybury,Indiana
9816,510,59,6,5.75,34.5,2025-08-31,Delivered,Whitemouth,Mississippi
9817,215,55,3,136.93,410.79,2024-07-27,Delivered,North Suzannefurt,Wisconsin
9818,722,149,2,86.32,172.64,2025-03-30,Delivered,East Jamesshire,Kansas
9819,679,150,3,415.89,1247.67,2024-04-06,Processing,Amystad,Nevada
9820,199,19,2,205.94,411.88,2025-04-30,Delivered,Schmidtberg,Wisconsin
9821,81,93,2,1518.29,3036.58,2025-06-13,Delivered,Rileymouth,West Virginia
9822,262,38,4,115.17,460.68,2025-05-26,Delivered,Vanceborough,Pennsylvania
9823,740,71,3,117.87,353.61,2025-05-03,Delivered,Port Patricia,North Carolina
9824,526,1,2,50.57,101.14,2024-04-15,Processing,New Lori,New York
9825,408,107,3,56.79,170.37,2025-08-02,Delivered,Christopherchester,Connecticut
9826,324,3,1,7.36,7.36,2025-06-13,Delivered,Wagnerville,North Dakota
9827,362,82,1,102.58,102.58,2024-12-15,Delivered,East Brett,South Dakota
9828,775,79,1,35.4,35.4,2025-09-10,Delivered,Chrisburgh,Hawaii
9829,38,16,2,48.77,97.54,2025-02-10,Delivered,Riceland,Georgia
9830,967,48,3,82.31,246.93,2025-02-09,Delivered,Lake Davidberg,Nevada
9831,511,123,3,120.25,360.75,2025-11-30,Delivered,Jasonshire,Rhode Island
9832,453,37,3,27.38,82.14,2024-12-18,Delivered,Rachelberg,Alabama
9833,966,171,5,41.02,205.1,2024-02-23,Delivered,Port Mark,North Carolina
9834,313,182,6,19.79,118.74,2024-01-19,Delivered,Ianbury,Pennsylvania
9835,193,112,1,72.13,72.13,2025-05-18,Delivered,East Barbara,North Dakota
9836,675,183,3,5.03,15.09,2025-04-27,Delivered,East Edwardside,Wyoming
9837,12,60,2,242.61,485.22,2024-01-07,Delivered,Port Johnmouth,North Dakota
9838,860,192,9,5.42,48.78,2025-08-26,Delivered,Hessfurt,Colorado
9839,379,47,1,72.54,72.54,2025-12-23,Delivered,West Adam,Alaska
9840,901,105,2,31.98,63.96,2024-09-24,Delivered,West Lori,New Mexico
9841,502,169,2,171.62,343.24,2024-02-23,Shipped,Lake Andrewland,Wyoming
9842,7,187,3,46.53,139.59,2024-09-09,Delivered,Kylefort,Washington
9843,880,91,9,16.92,152.28,2025-01-14,Delivered,Port Joshuafurt,Hawaii
9844,30,95,5,90.16,450.8,2024-02-01,Delivered,Millerland,New Jersey
9845,15,55,2,136.93,273.86,2024-11-12,Shipped,North Justin,Oregon
9846,552,92,2,31.83,63.66,2025-03-10,Shipped,East Amandachester,Utah
9847,970,13,4,67.98,271.92,2025-01-16,Delivered,Allenmouth,West Virginia
9848,697,143,4,50.45,201.8,2024-10-22,Delivered,Lindatown,Oklahoma
9849,859,132,1,21.5,21.5,2025-12-14,Processing,Haasfort,Kansas
9850,462,145,1,238.69,238.69,2024-05-30,Delivered,Edwardsborough,Kentucky
9851,173,69,1,96.69,96.69,2025-10-12,Delivered,East Katelyn,Massachusetts
9852,681,185,1,1128.38,1128.38,2025-09-21,Delivered,Wileybury,Alaska
9853,827,97,3,28.08,84.24,2024-10-23,Delivered,Trevorborough,Idaho
9854,855,92,2,31.83,63.66,2025-07-27,Shipped,Reyeshaven,Pennsylvania
9855,682,103,2,324.51,649.02,2024-10-26,Delivered,Christopherview,Connecticut
9856,450,68,2,115.79,231.58,2025-10-01,Returned,Lake Christopherburgh,Massachusetts
9857,950,135,3,17.94,53.82,2025-04-20,Delivered,Teresahaven,Arizona
9858,450,54,1,66.84,66.84,2025-12-22,Shipped,Lake Christopherburgh,Massachusetts
9859,978,30,2,58.18,116.36,2024-09-17,Delivered,South Jennifer,Hawaii
9860,431,144,10,48.66,486.6,2025-06-15,Delivered,Port Rachelburgh,Washington
9861,984,64,1,701.02,701.02,2025-12-15,Delivered,Nathanside,Maryland
9862,361,155,2,61.98,123.96,2025-09-19,Shipped,Mccoyton,Michigan
9863,147,194,2,384.6,769.2,2024-10-27,Delivered,New Brittanymouth,Michigan
9864,128,195,7,2.19,15.33,2025-04-24,Delivered,West Megan,Tennessee
9865,201,150,3,415.89,1247.67,2024-09-01,Delivered,Port Kimberlyton,Minnesota
9866,358,18,3,12.0,36.0,2025-03-07,Shipped,Matthewview,West Virginia
9867,472,90,1,780.14,780.14,2024-10-30,Returned,Lake Paulaland,Texas
9868,875,58,2,133.46,266.92,2025-04-12,Returned,Kevinside,Vermont
9869,472,70,6,29.73,178.38,2024-01-07,Delivered,Lake Paulaland,Texas
9870,678,164,4,196.76,787.04,2025-04-30,Shipped,Karenborough,Missouri
9871,8,127,2,117.98,235.96,2024-06-19,Processing,Port Christopherville,New Mexico
9872,155,188,10,35.05,350.5,2025-08-09,Delivered,West Michaelfurt,Idaho
9873,868,182,1,19.79,19.79,2025-06-19,Delivered,Angelaton,Arizona
9874,651,40,6,13.32,79.92,2024-05-21,Delivered,East Alexandra,Idaho
9875,511,7,4,37.5,150.0,2025-08-08,Delivered,Jasonshire,Rhode Island
9876,184,81,3,221.79,665.37,2025-09-16,Shipped,West Robert,Illinois
9877,747,116,2,146.15,292.3,2025-04-17,Processing,Bassville,Texas
9878,656,184,3,151.44,454.32,2024-12-17,Delivered,Lake Alan,Georgia
9879,926,80,1,206.74,206.74,2025-07-11,Delivered,Alejandroville,Mississippi
9880,85,26,10,32.0,320.0,2024-04-18,Delivered,Lake Charles,Missouri
9881,183,6,2,98.09,196.18,2024-12-19,Delivered,West Lisaburgh,New Jersey
9882,822,91,5,16.92,0.0,2025-12-03,Cancelled,Kentton,Maryland
9883,966,54,4,66.84,267.36,2025-09-01,Delivered,Port Mark,North Carolina
9884,429,9,4,94.81,379.24,2025-11-14,Delivered,Scottland,Maryland
9885,198,53,6,53.04,318.24,2025-07-23,Delivered,East Wandaburgh,Maine
9886,149,98,2,171.77,343.54,2025-01-28,Delivered,Lake Kellyberg,Indiana
9887,659,149,3,86.32,258.96,2024-11-11,Shipped,East Josemouth,Alaska
9888,728,139,4,48.17,192.68,2024-04-05,Processing,Davidfurt,Pennsylvania
9889,703,100,3,272.84,818.52,2024-03-16,Delivered,East Alex,Washington
9890,20,93,2,1518.29,0.0,2025-04-02,Cancelled,Lake Lisa,Michigan
9891,775,178,3,96.1,288.3,2024-12-12,Delivered,Chrisburgh,Hawaii
9892,191,95,3,90.16,270.48,2025-04-06,Delivered,New Brittneyhaven,Maryland
9893,168,101,3,23.21,69.63,2025-03-22,Delivered,Oconnorstad,Oregon
9894,608,24,1,51.42,51.42,2024-01-26,Delivered,Lake Amandaport,Florida
9895,754,20,3,57.57,172.71,2025-09-05,Shipped,East Kyleport,Oregon
9896,811,2,1,97.3,97.3,2024-05-25,Delivered,North Matthew,Mississippi
9897,382,62,2,331.56,663.12,2024-04-25,Delivered,Sandyborough,Arkansas
9898,405,60,2,242.61,485.22,2024-09-04,Delivered,Lake Amandashire,Utah
9899,298,185,2,1128.38,2256.76,2025-10-11,Delivered,Garciatown,Texas
9900,205,197,1,41.22,41.22,2025-07-20,Delivered,Kristenfurt,Florida
9901,576,3,5,7.36,36.8,2025-12-06,Delivered,East Michael,Louisiana
9902,756,34,3,264.74,794.22,2024-03-18,Delivered,West Lori,Virginia
9903,32,174,8,39.88,319.04,2025-11-21,Delivered,New Kristen,Nebraska
9904,757,98,3,171.77,515.31,2024-05-14,Delivered,North Andrea,Alabama
9905,596,168,1,214.69,214.69,2025-06-03,Delivered,Port Melissamouth,Massachusetts
9906,939,149,4,86.32,345.28,2025-04-28,Delivered,Leefort,Hawaii
9907,657,60,2,242.61,485.22,2024-05-15,Delivered,Josephfort,Hawaii
9908,807,153,4,82.41,329.64,2025-08-16,Returned,New Elizabethbury,West Virginia
9909,413,44,1,180.6,180.6,2025-11-15,Delivered,Seanchester,Connecticut
9910,384,145,2,238.69,477.38,2024-10-25,Delivered,Port Tanya,Michigan
9911,411,171,2,41.02,82.04,2025-11-30,Delivered,Carolineton,Maine
9912,543,151,1,1843.3,0.0,2024-10-03,Cancelled,East Pamela,North Dakota
9913,331,52,2,95.66,191.32,2024-04-13,Delivered,Lake Williamfort,Washington
9914,507,156,3,136.11,408.33,2024-09-18,Delivered,North Sarah,New York
9915,568,158,2,1511.23,3022.46,2024-05-22,Delivered,Leebury,West Virginia
9916,29,44,2,180.6,361.2,2024-04-29,Delivered,Joyceview,Minnesota
9917,78,150,3,415.89,1247.67,2024-09-01,Delivered,Adamsmouth,Arkansas
9918,351,161,2,295.59,591.18,2024-01-31,Delivered,Foxside,Wisconsin
9919,869,72,4,171.7,686.8,2025-10-09,Delivered,Elizabethborough,Michigan
9920,753,163,5,91.43,0.0,2024-06-05,Cancelled,Ashleyside,New York
9921,1000,88,2,189.99,379.98,2024-03-14,Delivered,East Jessica,New Mexico
9922,454,89,3,101.92,305.76,2025-07-01,Delivered,Port Joshua,Indiana
9923,183,171,1,41.02,41.02,2025-01-25,Delivered,West Lisaburgh,New Jersey
9924,871,103,2,324.51,649.02,2025-05-13,Delivered,Kirkton,Nevada
9925,811,76,1,1853.62,1853.62,2024-12-12,Delivered,North Matthew,Mississippi
9926,235,140,1,93.97,0.0,2024-02-12,Cancelled,Josephmouth,Louisiana
9927,654,118,2,280.69,561.38,2025-06-06,Delivered,New Breanna,Michigan
9928,147,21,3,21.74,65.22,2025-12-29,Delivered,New Brittanymouth,Michigan
9929,600,98,3,171.77,515.31,2024-08-11,Delivered,Grantshire,Montana
9930,753,178,3,96.1,288.3,2025-03-23,Delivered,Ashleyside,New York
9931,181,91,9,16.92,152.28,2024-12-15,Delivered,Roberttown,Minnesota
9932,123,25,1,71.4,71.4,2024-12-21,Processing,Alexanderton,Oregon
9933,120,30,5,58.18,290.9,2025-11-19,Delivered,Lewisberg,Arizona
9934,480,130,1,825.68,825.68,2024-07-26,Delivered,South Colleenchester,West Virginia
9935,528,74,3,417.08,1251.24,2024-05-23,Delivered,South Christopher,Pennsylvania
9936,582,137,2,109.87,219.74,2024-07-06,Delivered,New Danielberg,New York
9937,916,122,2,20.47,40.94,2024-03-05,Processing,East Tarabury,Alabama
9938,691,115,1,115.19,115.19,2024-05-01,Delivered,Martinezville,Nebraska
9939,100,61,2,83.9,167.8,2024-07-02,Delivered,New Steven,Alaska
9940,586,148,2,293.38,586.76,2024-01-03,Delivered,Tiffanyberg,South Carolina
9941,175,156,4,136.11,544.44,2024-10-11,Delivered,Amyborough,South Dakota
9942,256,148,2,293.38,586.76,2025-11-08,Shipped,Erikview,Vermont
9943,349,128,5,89.87,0.0,2024-03-21,Cancelled,Lake Theresa,Pennsylvania
9944,695,123,2,120.25,240.5,2024-12-07,Delivered,East Chadmouth,Virginia
9945,725,110,4,149.46,597.84,2024-05-28,Delivered,Whiteland,West Virginia
9946,831,54,2,66.84,133.68,2025-11-12,Delivered,Davidchester,Iowa
9947,994,86,4,86.29,345.16,2024-10-13,Delivered,New Andrechester,California
9948,997,107,3,56.79,170.37,2025-02-24,Delivered,Myersstad,Tennessee
9949,861,189,1,1293.61,1293.61,2024-02-25,Delivered,West Aaronshire,Hawaii
9950,417,165,2,118.26,236.52,2025-03-16,Delivered,Nicholasside,Alaska
9951,317,129,2,156.82,313.64,2024-11-12,Delivered,Hooperburgh,Massachusetts
9952,387,8,2,126.03,252.06,2024-05-01,Delivered,Curtiston,Rhode Island
9953,547,34,1,264.74,264.74,2025-04-15,Delivered,Johnbury,Oklahoma
9954,124,198,3,28.18,84.54,2024-11-09,Delivered,West Christinebury,Utah
9955,141,132,2,21.5,43.0,2024-01-16,Shipped,Robertberg,Florida
9956,694,167,4,133.62,534.48,2025-05-02,Shipped,Brownmouth,Kansas
9957,926,135,4,17.94,71.76,2024-01-06,Delivered,Alejandroville,Mississippi
9958,640,172,2,107.92,215.84,2025-01-23,Delivered,Williamsburgh,California
9959,671,90,1,780.14,780.14,2024-02-27,Delivered,Lake Ericchester,Washington
9960,507,54,1,66.84,66.84,2024-04-05,Shipped,North Sarah,New York
9961,351,17,4,22.46,89.84,2024-09-25,Delivered,Foxside,Wisconsin
9962,878,28,2,18.59,37.18,2024-10-18,Delivered,Port Christopher,Missouri
9963,900,57,2,1165.65,2331.3,2025-04-30,Returned,Port Grantfurt,Ohio
9964,940,82,3,102.58,307.74,2025-10-17,Delivered,Angelastad,Kansas
9965,788,106,2,1067.66,0.0,2024-12-22,Cancelled,West Regina,Illinois
9966,217,93,2,1518.29,3036.58,2024-05-15,Delivered,Port Samanthatown,Florida
9967,863,106,1,1067.66,1067.66,2025-07-19,Shipped,Leslieborough,New York
9968,974,140,4,93.97,0.0,2024-06-21,Cancelled,Morsehaven,Nevada
9969,819,3,5,7.36,0.0,2024-04-28,Cancelled,New Tiffany,Virginia
9970,505,110,4,149.46,597.84,2024-08-12,Delivered,South Ericfurt,Washington
9971,45,19,1,205.94,0.0,2024-04-02,Cancelled,Stevenberg,Utah
9972,518,114,4,22.89,91.56,2025-07-11,Delivered,Lake David,New York
9973,586,9,2,94.81,189.62,2025-11-19,Delivered,Tiffanyberg,South Carolina
9974,584,186,6,27.47,164.82,2024-10-15,Delivered,Sanchezberg,New Hampshire
9975,621,24,5,51.42,257.1,2024-02-25,Shipped,Christophermouth,Connecticut
9976,465,87,1,19.31,19.31,2025-05-27,Delivered,Williamsview,Washington
9977,331,178,2,96.1,192.2,2025-07-07,Delivered,Lake Williamfort,Washington
9978,192,166,8,12.95,103.6,2024-01-02,Delivered,Shepherdton,Kansas
9979,81,164,1,196.76,196.76,2024-11-13,Delivered,Rileymouth,West Virginia
9980,904,105,3,31.98,95.94,2024-08-19,Processing,Lake Joel,Minnesota
9981,804,4,3,263.55,790.65,2024-02-14,Shipped,Charlesville,Louisiana
9982,527,124,3,253.0,759.0,2024-06-11,Delivered,Robinsonside,Iowa
9983,169,166,6,12.95,77.7,2025-03-23,Shipped,Heatherville,Florida
9984,246,173,1,31.1,31.1,2025-11-12,Delivered,Abigailstad,South Dakota
9985,236,197,1,41.22,41.22,2025-01-11,Delivered,Hannahtown,Florida
9986,702,79,4,35.4,141.6,2025-02-18,Delivered,Port Sandramouth,Oklahoma
9987,854,162,3,99.85,299.55,2025-06-30,Delivered,Port Christopher,New Mexico
9988,296,57,1,1165.65,1165.65,2025-11-07,Shipped,Henryborough,Kansas
9989,265,122,4,20.47,81.88,2024-12-18,Shipped,Owenschester,Rhode Island
9990,36,145,1,238.69,238.69,2025-02-18,Processing,South Michaelville,Colorado
9991,490,111,2,292.45,584.9,2024-03-25,Delivered,Port Robertland,Idaho
9992,461,13,5,67.98,339.9,2025-12-06,Delivered,New Theresaberg,Indiana
9993,785,147,3,202.08,606.24,2025-10-07,Shipped,New Erin,Wyoming
9994,746,198,1,28.18,28.18,2024-01-22,Processing,Rogerfort,Michigan
9995,169,161,3,295.59,886.77,2024-11-29,Delivered,Heatherville,Florida
9996,883,42,3,289.31,867.93,2025-09-16,Delivered,West Erinville,Vermont
9997,873,122,1,20.47,20.47,2025-01-16,Delivered,Port Kennethville,Vermont
9998,904,71,2,117.87,235.74,2024-09-23,Returned,Lake Joel,Minnesota
9999,402,174,2,39.88,79.76,2025-04-01,Delivered,West Jameston,Indiana
10000,994,23,2,90.2,180.4,2024-04-21,Delivered,New Andrechester,California
