payment_id,order_id,payment_date,payment_method,payment_amount,payment_status,transaction_reference,payment_attempt,parent_payment_id
1,1,2025-12-11,Credit Card,161.58,Successful,txn_539e128fd6c144b3add8381f35f07f80,1,
2,3,2024-11-27,Debit Card,131.6,Successful,txn_74e63dfb02564f3bb530733664ce0dce,1,
3,4,2024-12-13,Gift Card,74.52,Successful,txn_80aefbdea6654da68c250084a8e40bc2,1,
4,5,2025-10-21,Credit Card,69.3,Successful,txn_dc63c8ac949d446393193a7567be8e20,1,
5,6,2025-03-02,PayPal,1964.49,Successful,txn_f5390702eafd4d128dfb6e4d53221fb9,1,
6,7,2024-06-22,Gift Card,161.25,Successful,txn_4a32114428fd4874b798983d45ede82c,1,
7,8,2024-11-02,Amazon Pay,1790.9,Successful,txn_e03daedd5b4f40bd88e121a1d8215bf3,1,
8,9,2024-01-02,PayPal,70.86,Successful,txn_81d1b768f651427d9c58927c0c788a1c,1,
9,10,2024-10-23,PayPal,431.48,Successful,txn_a242872e62764242844d2fd8343f2c47,1,
10,11,2024-09-29,PayPal,157.89,Successful,txn_9c4dff96dd5b420b8e42f5f097b7d741,1,
11,12,2025-06-30,Credit Card,240.12,Successful,txn_f5fce70324934e6a8e1aec36c79c35b1,1,
12,13,2024-09-17,Credit Card,43.15,Successful,txn_8711dd96f1a44760adab0a5b9d74cfbd,1,
13,14,2024-02-26,PayPal,135.84,Successful,txn_ecb8a7190c4a4d5db925be9a671c2346,1,
14,15,2024-01-30,Amazon Pay,113.08,Successful,txn_b602f4610cdc48e48d1b098d045322f6,1,
15,16,2024-06-12,Gift Card,625.15,Successful,txn_71da94369d404887b5dfc3065027dfc6,1,
16,17,2024-02-21,Debit Card,139.14,Successful,txn_e0fd74c986d847668f360aca2f609a53,1,
17,18,2025-11-30,Amazon Pay,16.2,Successful,txn_4211d62de01548a7877b30a0295b7c95,1,
18,19,2024-09-22,Gift Card,81.2,Successful,txn_6f7c5b020fd24881b20ca8c0f5f5b399,1,
19,20,2025-01-23,Gift Card,161.13,Failed,txn_bc274f12048e4e9db702640ac5706fdc,1,
20,20,2025-01-25,Gift Card,161.13,Successful,txn_4f5d0d3f89a0415ab2babe515a4b9afa,2,19.0
21,21,2025-05-23,Credit Card,138.45,Successful,txn_a4291764df82422686ffb2693dcfd4bf,1,
22,22,2024-07-29,Amazon Pay,32.06,Successful,txn_94a68022fbe14e29b750f90632eb4031,1,
23,23,2025-07-14,Gift Card,195.24,Failed,txn_4202ee57df584b10a6a474c79981b743,1,
24,23,2025-07-16,Gift Card,195.24,Successful,txn_7894b03757a14d2f85fa542aa4d319d1,2,23.0
25,24,2025-01-17,Credit Card,631.95,Successful,txn_ae0c325fa9694665a74d3790f3137650,1,
26,25,2025-01-25,Credit Card,160.3,Successful,txn_da83381fbb074087b20025dc6f7b3482,1,
27,26,2024-05-29,PayPal,84.77,Successful,txn_3b5c8f9dde884b7aad68705696ceff5b,1,
28,27,2024-09-11,Debit Card,23.36,Successful,txn_48a38b983b3d4287aefb94604c93fed7,1,
29,28,2025-08-26,Gift Card,83.05,Successful,txn_07e9f051d6c140549660441b4eb85e03,1,
30,29,2025-03-26,PayPal,150.5,Successful,txn_7f5ad6c267a7421ca4300501c16623ea,1,
31,30,2024-01-05,Credit Card,703.0,Successful,txn_d926b74abfc4414685b994a7d6b2be4d,1,
32,31,2024-02-22,Amazon Pay,204.78,Successful,txn_4055c9f237ea4783b2f02e135812fe3f,1,
33,32,2025-01-11,Debit Card,406.0,Successful,txn_1bd7c763abaf4b79adabff72cd8fc676,1,
34,33,2024-02-09,Gift Card,54.54,Failed,txn_8123cc33cb9c49a79824737de419d405,1,
35,33,2024-02-10,Gift Card,54.54,Successful,txn_0fbff77610664146955c7f940ccc4f75,2,34.0
36,34,2024-09-23,Credit Card,134.26,Successful,txn_cc92254d968a4bda9690c5148b9dc567,1,
37,35,2024-08-12,Gift Card,117.26,Successful,txn_e4ad27159e724811bd2a870764c85521,1,
38,37,2024-09-19,Debit Card,57.61,Successful,txn_b3572c185ede42aeb88a11957ee19a18,1,
39,38,2024-03-12,PayPal,34.1,Successful,txn_72473954cf1f45d0bfcc3731641ebe64,1,
40,40,2025-09-02,PayPal,2507.24,Successful,txn_233990baa7a346fbb582b3e105f26792,1,
41,41,2024-05-13,PayPal,135.9,Successful,txn_a6a9592fe45341e6a21cc3cc0e455710,1,
42,42,2024-03-25,PayPal,175.32,Successful,txn_6e3d70938ec84122a1cbf5b1044b35fa,1,
43,43,2024-08-25,Amazon Pay,276.66,Successful,txn_0353ff63c3d54c5eb77f753d306f32b1,1,
44,45,2024-05-03,Amazon Pay,491.25,Successful,txn_c23414db56594c94baafc800dd518c99,1,
45,46,2025-12-17,PayPal,529.8,Successful,txn_642fc43764fb4b5da8444ef01261a836,1,
46,47,2025-09-10,Debit Card,1250.3,Successful,txn_048493aa7192480788f7348b094d4a56,1,
47,48,2025-07-07,Amazon Pay,110.64,Successful,txn_baa25536cd62453c8bffd2bbbecc884b,1,
48,50,2024-11-01,Debit Card,1242.66,Successful,txn_7e32c1be018e4994b11009a0d4e71e66,1,
49,51,2025-02-18,Amazon Pay,42.46,Successful,txn_b212fd4baa6a42aa8868a312e942f1b4,1,
50,52,2024-06-06,Amazon Pay,235.08,Successful,txn_f6bd24e425bb4a8c8bb6745caecba388,1,
51,53,2025-01-20,Gift Card,115.28,Successful,txn_2a7ec06a2054481082ffb110dac97955,1,
52,54,2024-03-16,PayPal,1151.04,Successful,txn_b870d661174044b9b592f118256c2d49,1,
53,55,2025-03-23,PayPal,169.42,Successful,txn_ce4ef3ec2db3491ba1b32937ab8a50ee,1,
54,56,2024-08-23,Amazon Pay,294.78,Successful,txn_5102f32dde16465b9ec7a5bf882ecf83,1,
55,58,2025-03-17,Gift Card,450.0,Successful,txn_37f095afbcb74b59b70e673e67c7333d,1,
56,59,2024-05-11,PayPal,703.0,Successful,txn_efdfdb8f4e364ac987c51293bf76b75a,1,
57,60,2025-07-02,Debit Card,188.28,Successful,txn_0b96032972ad4a1986304484b2ab67ca,1,
58,61,2024-08-06,Gift Card,192.5,Successful,txn_0a63901ed7494537ae7c7da319b61a74,1,
59,62,2024-09-08,Debit Card,127.38,Successful,txn_4ac97e7961b34885ae5b4e425bdb7b67,1,
60,63,2025-04-26,Gift Card,43.15,Successful,txn_358856c21fc14406835f747ef0d141c8,1,
61,64,2025-05-25,Amazon Pay,259.92,Successful,txn_6c9b8dfa6dbc423d8b5ad50d2e798497,1,
62,65,2024-01-12,PayPal,286.65,Successful,txn_10c62d9865e241e292907372d8b87740,1,
63,66,2025-10-02,Credit Card,55.53,Successful,txn_00e2efb775524743b685d0fca91685b3,1,
64,67,2025-05-30,PayPal,45.24,Successful,txn_c1c1d88425b241c6b4e0d38a1b80b8d8,1,
65,68,2025-09-25,Credit Card,245.52,Successful,txn_2f145f27558a4c7d9dbe24f82fc0d0b9,1,
66,69,2024-05-01,PayPal,32.6,Failed,txn_ee3301be42a240c5815d61dd5cdfacdf,1,
67,69,2024-05-03,PayPal,32.6,Successful,txn_8324d6c25de54dff996a38b63c76b301,2,66.0
68,70,2024-08-05,Debit Card,131.6,Successful,txn_68d4df1328874381a8f9cc63001006aa,1,
69,71,2025-04-17,PayPal,87.66,Successful,txn_ff7e2247876f4dd9a2e5c00c6dd47ec2,1,
70,72,2025-09-14,Credit Card,296.12,Successful,txn_c1f5dcaee5854658a7b35bcac1b4a13f,1,
71,73,2024-02-01,PayPal,603.66,Successful,txn_8340c92b681c48ac898efb91e9fafb90,1,
72,74,2024-02-06,PayPal,490.6,Successful,txn_5eaa709e399b44e98a383bf8b5d2e3c2,1,
73,75,2024-02-15,Amazon Pay,1011.84,Successful,txn_910d8c2f2fa74c3e8d3723af5f214cbc,1,
74,76,2025-04-03,Gift Card,124.92,Successful,txn_c51445b328054775be8a532864d0562e,1,
75,78,2025-02-21,Amazon Pay,674.56,Successful,txn_df7953b72ce84cf2bcc2a10bbbe4cb88,1,
76,79,2025-06-18,Debit Card,25.85,Successful,txn_9769bb0e3bd243e6b5c26805d73c2325,1,
77,80,2025-06-07,Amazon Pay,3928.98,Successful,txn_c15226dbff8e4e829e1f5c3d5280d5d6,1,
78,81,2024-12-14,Gift Card,2507.24,Successful,txn_38410c453935488c862ae7bdfa12dbed,1,
79,82,2025-08-28,PayPal,668.76,Successful,txn_71df595215d84c2193d0834ed65e372d,1,
80,83,2025-09-12,Gift Card,65.2,Successful,txn_0d9d21ef9d9e4fb588385325c6cf7910,1,
81,84,2024-12-05,Gift Card,913.46,Successful,txn_1d26b10fac7b409fba3f1a385b9baec4,1,
82,85,2024-11-27,PayPal,548.88,Successful,txn_94d7edc134994d3fa6fd64f8a58ed017,1,
83,86,2024-08-30,Amazon Pay,16.1,Successful,txn_0089eb6a4b454e908ac93014f6fc7f6b,1,
84,87,2024-11-02,Gift Card,35.04,Successful,txn_5dd2b1d8116d48c3958c22227853987d,1,
85,88,2025-07-05,Debit Card,2.3,Successful,txn_08b02655adc749518f00d9a28703dcd4,1,
86,89,2024-10-21,PayPal,54.36,Successful,txn_7af46e29dd164099ac4752c38cc0f85b,1,
87,90,2024-08-20,Gift Card,91.32,Successful,txn_6747c4a317f749d5bb8dd0949e48e6e9,1,
88,91,2024-10-18,Amazon Pay,934.05,Successful,txn_ea205394a7f6415390744ef519df5b57,1,
89,92,2025-11-12,PayPal,106.02,Successful,txn_c2a00a3841d14ca6bedf9ea8056ad749,1,
90,93,2024-11-08,PayPal,342.31,Successful,txn_88c36c16cf4b449ebc95443a4418f42f,1,
91,94,2025-09-11,PayPal,462.76,Failed,txn_58228c7d03294884a474372da2bfcc7e,1,
92,94,2025-09-13,PayPal,462.76,Successful,txn_d0f3fd4926274687941d591b48857ca8,2,91.0
93,95,2025-03-15,PayPal,64.5,Successful,txn_a9ece7dea62342a4a9076d1b1764c11c,1,
94,96,2024-09-29,Debit Card,138.33,Successful,txn_b8230df2d2364a999628d811da0e3f85,1,
95,97,2025-05-03,PayPal,160.49,Successful,txn_203db6f6d9124d029fba3ca073e7bec6,1,
96,98,2025-11-07,Amazon Pay,351.5,Successful,txn_51932a5b431d493e88607fde071a8d3b,1,
97,99,2025-12-26,Debit Card,402.78,Successful,txn_3a93f75d06764c5faed69df32a91218b,1,
98,100,2025-11-02,Debit Card,675.46,Successful,txn_3bd35e6fa22647968a94dc9396eed794,1,
99,101,2024-11-30,PayPal,576.3,Successful,txn_c97b99ccad784c399fc58b5b34fabddc,1,
100,102,2024-11-17,Amazon Pay,25.8,Successful,txn_fed1848e6a544cd4a86c12213701607c,1,
101,103,2025-06-06,Debit Card,83.05,Successful,txn_3a98718f3535474c85b07e2db756c01a,1,
102,104,2025-01-11,PayPal,17.18,Failed,txn_615fe2b03d11443584d442f3a941c0b4,1,
103,104,2025-01-13,PayPal,17.18,Successful,txn_2d3b9d996a204d3d97c8f5fe20418bb8,2,102.0
104,105,2025-02-18,PayPal,160.49,Failed,txn_452c9afa20354ce696c0b8156054d983,1,
105,105,2025-02-18,PayPal,160.49,Successful,txn_bef5e0530c014d3e85dd8e123034d98c,2,104.0
106,106,2024-02-18,Debit Card,126.39,Successful,txn_bea53663e99242caaa7e7afe936f4602,1,
107,107,2025-11-01,Credit Card,92.86,Successful,txn_139d677d902a434d8d22f976ca2d3dbb,1,
108,108,2025-07-16,Amazon Pay,102.3,Successful,txn_34789eae2ca44873a16e9ec0adc7450b,1,
109,110,2024-04-22,PayPal,161.37,Successful,txn_cd0361d7f1dd4640b43579c7e84d2f25,1,
110,111,2024-01-28,PayPal,53.71,Successful,txn_e16db7c7b73545a7bb095c198ae43d08,1,
111,112,2024-12-01,Amazon Pay,374.76,Successful,txn_7bdf7c1f07fd45a4b07ed350f66b429d,1,
112,114,2025-04-18,Credit Card,99.61,Successful,txn_5199b1ce4d5f4954b01f60ae34a58a04,1,
113,115,2025-04-16,Credit Card,42.12,Successful,txn_8eb02d8d87514189b8297e8c9636bae6,1,
114,116,2024-09-29,Gift Card,5.4,Successful,txn_5d7f5660fe63471fb7474b9e8b2f6981,1,
115,117,2024-05-09,Credit Card,148.96,Successful,txn_b87b0ee318714b5fabc942ad873552ae,1,
116,118,2024-06-26,Gift Card,540.27,Successful,txn_34d3044465584578a72821be6135a86c,1,
117,119,2025-02-06,PayPal,161.58,Successful,txn_5df123e86ba7425c92b92e9cc2a19980,1,
118,120,2025-07-10,Gift Card,46.46,Successful,txn_2dce2913b4fe4d77a80e0909ec34f7b3,1,
119,121,2024-06-12,Gift Card,176.56,Successful,txn_156380bdeaef4098aff379d0af79313b,1,
120,122,2024-05-28,Gift Card,309.26,Successful,txn_11ea342c119941968c4b35b97c216a75,1,
121,123,2024-05-30,Amazon Pay,142.38,Successful,txn_29eacfd25f7b41fb9e3871a20d56219c,1,
122,124,2024-01-17,PayPal,289.02,Successful,txn_a644dd8496db49728ee5afb1f13c44de,1,
123,125,2025-03-18,Gift Card,813.03,Successful,txn_3ff023d63b6f46658e8c0bc4ed88090f,1,
124,126,2024-11-04,Amazon Pay,1026.93,Successful,txn_7cfbeaf7ef7e48dca48671e1255f7e5b,1,
125,127,2025-10-05,Debit Card,307.6,Successful,txn_92fc568ea04442388560f99c04141aeb,1,
126,128,2025-04-05,Debit Card,323.61,Successful,txn_b07777f7d654411fb3f0686850702ba6,1,
127,129,2024-05-25,Debit Card,102.3,Failed,txn_0c4106a008444c6084d4f8a833c12626,1,
128,129,2024-05-26,Debit Card,102.3,Successful,txn_77c6fb60dbfa4e4dad5e103eca848e08,2,127.0
129,130,2025-05-27,Amazon Pay,705.24,Failed,txn_d72154f3b43b4e78a4aaa12e554fa9bc,1,
130,130,2025-05-29,Amazon Pay,705.24,Successful,txn_c70b68e34a424ad68b0661f28e96c2f1,2,129.0
131,131,2025-06-19,PayPal,427.14,Successful,txn_5bddd7a368a54f03ad5f450125f8b760,1,
132,132,2024-10-26,Credit Card,96.68,Successful,txn_ad47a54a8a12458e975c51e17868c266,1,
133,133,2024-02-17,Amazon Pay,226.92,Successful,txn_2332eeef31f845fdbe34301b621cee1e,1,
134,134,2024-05-15,PayPal,1142.69,Successful,txn_de6a9d566e824758908518666152a901,1,
135,135,2024-11-19,Credit Card,169.84,Failed,txn_0b9d0668f45f49f79ba09358ee2ed863,1,
136,135,2024-11-21,Credit Card,169.84,Successful,txn_8bfc57736ad9444bb4170b899f46bc98,2,135.0
137,136,2025-04-07,Credit Card,53.86,Successful,txn_c97e8a6d70b04bb682f85ac2b20545de,1,
138,137,2024-01-31,Debit Card,34.5,Successful,txn_d9a26dfb5cd246a695b4610c8e17feb1,1,
139,138,2025-10-05,Debit Card,242.1,Successful,txn_c726ff9dbc7e4c7a8c34d2ff1e26f117,1,
140,139,2024-12-18,Amazon Pay,84.71,Successful,txn_679258ddf68f4d5baa27d1c3277006b3,1,
141,140,2024-05-08,PayPal,1239.09,Successful,txn_9e2735f8b69e46a6982d9a9670f53867,1,
142,141,2025-09-26,Debit Card,462.07,Successful,txn_f12baf087e654be998162c00a68a68ec,1,
143,142,2025-02-26,Debit Card,2609.46,Successful,txn_66b80720ac3a43afa029d074db1da134,1,
144,143,2024-08-23,PayPal,129.0,Successful,txn_98a8a0d7274b4318b61b37805e8fe978,1,
145,144,2024-02-27,Credit Card,31.32,Successful,txn_9afdfc5844ae4d2bb4bad474618581c4,1,
146,146,2025-11-22,Gift Card,311.35,Successful,txn_b3cd8813802a4129a8b5ed6f077bdad4,1,
147,147,2025-06-12,Gift Card,487.66,Successful,txn_1a2d8d932a2c4ee28fbb2e32569dc582,1,
148,148,2024-05-14,Amazon Pay,294.75,Successful,txn_f314202fab9f4dfd82ada7b8b068b380,1,
149,149,2024-01-09,Credit Card,16.8,Successful,txn_8e387786cda0460aafaf9c801c6461a4,1,
150,150,2024-11-21,Gift Card,200.88,Successful,txn_a20978baf5fd467394595968cedbdbd2,1,
151,151,2024-07-29,Amazon Pay,256.4,Successful,txn_0888e19e74574ee0bb00d9b534bde48c,1,
152,152,2025-08-26,Gift Card,247.5,Successful,txn_64af55505acc427d9d2929bf4e636d70,1,
153,153,2025-11-12,Credit Card,106.02,Successful,txn_bf8935f8ea984065a5091a56ae7e2f88,1,
154,154,2024-05-24,Amazon Pay,51.7,Successful,txn_3b214d0ad90d45ca97cbd3b061896555,1,
155,155,2024-05-21,Gift Card,115.69,Successful,txn_82f568509df842fa9177b4200e4e075b,1,
156,156,2024-07-14,Gift Card,490.6,Successful,txn_53edb9be411142218c6ab3bec09b09bf,1,
157,157,2025-07-24,Gift Card,260.9,Successful,txn_cfcaadeb303249e58210f1e4cb36b850,1,
158,157,2025-07-24,Debit Card,506.46,Successful,txn_41c8d58f4c92449fa45e0c6e66b58eae,1,
159,158,2024-06-14,PayPal,152.25,Successful,txn_7a681adce9ae4f2398df0001eaa02d0d,1,
160,159,2025-06-08,Credit Card,1391.28,Successful,txn_096c92702a684f61bdeb01cfaa7e5338,1,
161,160,2025-01-19,Debit Card,287.26,Successful,txn_71cfbe315f30497986e5ca70830706be,1,
162,161,2024-05-02,PayPal,1350.92,Successful,txn_47302489cba64adc95a306760ff48415,1,
163,162,2025-06-19,PayPal,193.51,Successful,txn_7e5a4a52ac2d46fea25b2701851d96f8,1,
164,163,2025-06-14,Amazon Pay,152.2,Successful,txn_e54a6f8324284e3f86533c9ba57e3060,1,
165,164,2025-11-03,Amazon Pay,169.42,Successful,txn_28de4291d40047b1aae532d5f69853c2,1,
166,165,2024-09-04,Debit Card,243.83,Failed,txn_0f3006c6a9db4513961838c54cd01a59,1,
167,165,2024-09-06,Debit Card,243.83,Successful,txn_af753f88899347aeba7567a635945f3d,2,166.0
168,166,2025-07-25,Credit Card,51.6,Successful,txn_a6e8d39bb42b4b6cadac843e82866f25,1,
169,167,2025-03-31,PayPal,110.23,Successful,txn_c11b3e7c24fa4f76939c13bacdda6cdf,1,
170,167,2025-03-31,Gift Card,292.55,Successful,txn_e73069ecbe804861b4388e1b647cfae1,1,
171,168,2025-02-12,Amazon Pay,629.36,Successful,txn_1c64d469bf42425d88d83ce47ac29ad4,1,
172,169,2024-02-25,Amazon Pay,423.84,Successful,txn_71a8c5c45e8c440db655e0db3b1a2a47,1,
173,170,2024-10-31,Debit Card,74.03,Successful,txn_22e33ba3585f47109ed2d3ed375aaad9,1,
174,171,2025-10-02,PayPal,1487.23,Successful,txn_913f2c76e1e44b85b988a5e2ebfca7bc,1,
175,172,2024-07-02,Amazon Pay,54.36,Successful,txn_04cd29c814d343cbb3ac863fa3f6cb92,1,
176,173,2024-04-07,PayPal,540.27,Successful,txn_bb9500c65752481b8072eb9da9debd58,1,
177,174,2024-09-15,Debit Card,174.96,Successful,txn_2a102d4ec5a54f898742474c7a3edd1c,1,
178,175,2025-03-05,Credit Card,83.2,Successful,txn_1485014691f8497d8ea0b48e38b27884,1,
179,176,2024-04-05,Amazon Pay,226.92,Successful,txn_47523acf6cc24793afc6ac356ad6bffd,1,
180,177,2024-05-27,Debit Card,493.39,Successful,txn_db06bd521604417a8f77925bd3d4b56e,1,
181,178,2025-05-02,Amazon Pay,27.18,Failed,txn_ea0b501526fe4d4591c492742fa6c973,1,
182,178,2025-05-02,Amazon Pay,27.18,Successful,txn_6222bd32b7164c3b91cd310f2cd81b92,2,181.0
183,179,2024-07-06,Amazon Pay,192.55,Successful,txn_0325acc781634f11987d3fc82d77484d,1,
184,180,2025-12-23,PayPal,170.98,Successful,txn_7e1a47eb15c14e1d9eaa40eb900f7970,1,
185,180,2025-12-23,Gift Card,44.76,Successful,txn_93bfe3fab53249c98a6ab0058665f99e,1,
186,181,2025-10-27,Credit Card,264.9,Successful,txn_6c75c0c8165446c69d5271fc59fd4e9f,1,
187,182,2024-01-22,Debit Card,292.86,Successful,txn_b988b06df64049f7b26afedcddf4f7ae,1,
188,184,2025-07-09,Amazon Pay,27.03,Successful,txn_6af78f561bb741b8a5a11bef63b0a2c0,1,
189,184,2025-07-09,PayPal,88.25,Successful,txn_6a2f725134a845efbac966da0c7b9bf9,1,
190,185,2025-12-22,Gift Card,1458.63,Successful,txn_670369ab5186400d92d23ae567efd4cb,1,
191,186,2025-05-29,Gift Card,196.8,Successful,txn_eef9a697ef384ce1bd09bef31e177bd6,1,
192,187,2025-12-14,Credit Card,577.65,Failed,txn_ccdc13a4f1e24468931d26c71d87f86e,1,
193,187,2025-12-16,Credit Card,577.65,Successful,txn_8898511a13d6472ba57fb01831ab680f,2,192.0
194,188,2024-01-24,PayPal,35.66,Successful,txn_e81bcdf4b5de41d785b3d7e727bb5587,1,
195,189,2024-08-29,Debit Card,626.91,Successful,txn_d97ab6777f8b4a9791d8df04e969f911,1,
196,190,2024-11-10,Debit Card,172.2,Successful,txn_2eaa2188127b4c9aac2bc0bc952496b7,1,
197,191,2025-11-25,Amazon Pay,49.44,Successful,txn_b74319cd78d3477f9f963d80091a6282,1,
198,192,2025-08-23,Gift Card,98.25,Successful,txn_4722985a982344a98f43825a25741de0,1,
199,193,2025-10-13,PayPal,107.87,Successful,txn_2394f4272d2f46cf8313df155cd20d0e,1,
200,194,2024-08-18,Amazon Pay,487.95,Successful,txn_37bd472d06ee412ebe05e7697cd68ff3,1,
201,195,2024-10-19,Gift Card,674.56,Failed,txn_54c98c249c48411199dc28e33705deff,1,
202,195,2024-10-20,Gift Card,674.56,Successful,txn_1946e0e5af104e6b8e8a94f0e1969461,2,201.0
203,196,2024-05-23,Gift Card,317.0,Failed,txn_27d4346750aa4688b7ff8d2352801635,1,
204,196,2024-05-25,Gift Card,317.0,Successful,txn_39e24da696334cda8df5ca9253692a1b,2,203.0
205,197,2025-03-06,Amazon Pay,505.56,Successful,txn_369af4be311243a69776e951de5f90da,1,
206,198,2024-09-17,Debit Card,45.42,Successful,txn_58081d469d814bcda4c1d93bf4a6b181,1,
207,200,2025-03-23,Amazon Pay,82.4,Successful,txn_56764f338a834a2780bfb92def74809b,1,
208,201,2025-09-14,Credit Card,445.84,Successful,txn_081f9f2245e848789825d843fd4d01a3,1,
209,202,2024-05-22,Credit Card,521.12,Successful,txn_9e363afb34e24fb4961da5638073aa41,1,
210,203,2025-06-22,Gift Card,175.32,Successful,txn_de72673c5f3e48a9bae8e1ec2459cd95,1,
211,204,2025-01-28,Amazon Pay,557.52,Successful,txn_3a3207c2735144baa435e41102b2b416,1,
212,205,2024-09-22,Debit Card,176.25,Successful,txn_d848f178c5fa47ec91c34f4f64efb040,1,
213,205,2024-09-22,Gift Card,54.27,Successful,txn_d7934376ff8e427e8e65fe6d979e667d,1,
214,206,2024-08-07,Debit Card,1964.49,Successful,txn_f13fd6a8d0e44b2a912431a5240a1430,1,
215,207,2024-10-02,Amazon Pay,490.6,Successful,txn_0b9406dd2ec34ed3898466270dab62fe,1,
216,208,2024-04-24,Credit Card,84.57,Successful,txn_ae1e53f0f84d437da3ee13790929e0b8,1,
217,209,2025-12-19,Gift Card,65.92,Failed,txn_70dea42a7a7c4e3dbd708a43ac2c7abd,1,
218,209,2025-12-21,Gift Card,65.92,Successful,txn_0ba139995c474acaa5386187b63d2ff3,2,217.0
219,210,2024-12-11,Amazon Pay,84.57,Failed,txn_9713f475ced04dbc8c388d23dc8dfc7b,1,
220,210,2024-12-12,Amazon Pay,84.57,Successful,txn_ff55708798414f4bb9b5a535f40b11b6,2,219.0
221,212,2025-01-23,Amazon Pay,1488.3,Successful,txn_dbd5b004b30341a29fa2a01dbb1396e5,1,
222,213,2024-06-14,PayPal,487.95,Successful,txn_92da2df9e3b94965aedf86de03df6e22,1,
223,214,2024-02-25,PayPal,445.84,Successful,txn_947342d4ba514347afd33fe94aec8f70,1,
224,215,2025-11-21,Debit Card,60.88,Successful,txn_814a23912b9c46cf8c0ab08fdf1bf249,1,
225,216,2024-03-21,Gift Card,1488.3,Successful,txn_eec43b810b6c4824980fcc21a6379977,1,
226,218,2024-02-12,Credit Card,639.02,Successful,txn_43c6d06e5f5d466980bbd57c778d1c23,1,
227,219,2024-10-05,PayPal,196.3,Successful,txn_c5760df8bdec461cb6ffbca72f757777,1,
228,219,2024-10-05,Credit Card,143.78,Successful,txn_89115950ee714e4aace0147423f313c3,1,
229,220,2025-08-04,Gift Card,98.4,Successful,txn_5ea23eeb7aa441f89d2b73e6ee001f72,1,
230,222,2024-05-27,Credit Card,232.15,Successful,txn_a19112113f6c4306b97a0b39ff816891,1,
231,223,2025-03-17,PayPal,487.95,Successful,txn_b7560deb4ba24087b4378ed4071151a1,1,
232,224,2025-02-12,Gift Card,594.56,Successful,txn_ab0059ef98c94f47bcfb021467fcff0e,1,
233,225,2025-09-25,PayPal,41.9,Successful,txn_838996d9049347198181917a3c5a268d,1,
234,226,2025-01-02,Gift Card,1304.73,Successful,txn_c6b6f839599a44f2858e1508365a4abc,1,
235,227,2025-10-27,Gift Card,540.27,Successful,txn_9284e532273a4aafab2cb2d2bac21452,1,
236,228,2025-02-14,Debit Card,16.8,Successful,txn_72266b53f89c4136be670315ec6a51a5,1,
237,229,2025-09-29,Debit Card,74.03,Successful,txn_c3ef0d0a9ee149cc9ffe4b187a840cc5,1,
238,230,2024-08-22,PayPal,548.88,Successful,txn_94871ad3c2e44637b8dd084ff5927500,1,
239,231,2025-02-02,Debit Card,311.97,Successful,txn_e0ab9aae4038418a983ec9457905fb62,1,
240,232,2025-01-01,Credit Card,138.33,Successful,txn_298e22f3d5f845069e39fab6ed007c2c,1,
241,233,2024-12-04,Amazon Pay,537.04,Successful,txn_d559e9dbc74f4b85b5ffd63fb647cbcf,1,
242,234,2024-12-27,Gift Card,675.85,Successful,txn_2d6fa4f657664ce598bcac1985523b14,1,
243,235,2025-07-05,Debit Card,46.38,Successful,txn_d62cc8f603804908a68bf8a93f882763,1,
244,237,2025-03-20,Gift Card,330.96,Successful,txn_f35891325d3f4d12bcdbaa92e3819605,1,
245,238,2025-06-02,Credit Card,91.32,Successful,txn_f71ac3e9c758446286557759c22ec58f,1,
246,239,2024-09-11,Gift Card,254.31,Successful,txn_b5a95c3a24e04a97b489a6e821cb0657,1,
247,240,2025-08-23,Debit Card,30.3,Successful,txn_1a8b95a44ab34a879c0347a366d491ab,1,
248,241,2025-04-16,Gift Card,20.2,Successful,txn_204e02ed833d4ee899bba4cc06ee1f02,1,
249,242,2024-03-06,Amazon Pay,486.0,Successful,txn_88dee0c48cfb45cbb02124c64f1a9cfd,1,
250,243,2024-02-26,Gift Card,1089.06,Successful,txn_f9ea5a54675943d984b30a3642ce60fb,1,
251,243,2024-02-26,Debit Card,1418.18,Successful,txn_be9669f5b05c48c2aa11219023cc079c,1,
252,245,2024-07-16,Amazon Pay,182.64,Successful,txn_5f727e7b8ff549cdab1ca3f667e55afc,1,
253,246,2025-05-11,Debit Card,49.18,Failed,txn_3c669842845b4be5949ea1aaa9de21cc,1,
254,246,2025-05-12,Debit Card,49.18,Successful,txn_7b8980dae26943459b36c55efeea9b3e,2,253.0
255,247,2025-12-10,Amazon Pay,48.34,Successful,txn_ac65ff48a25f4ee2878a137d3bd1ef6b,1,
256,247,2025-12-10,Gift Card,87.56,Successful,txn_2f8e1264ebf84d408d93cd61dfab5ec8,1,
257,248,2024-08-03,Debit Card,161.58,Successful,txn_72b79cdf388c4a579982229be2647aba,1,
258,249,2024-10-09,Amazon Pay,490.6,Successful,txn_c9cc92e2288642b693ac2cef5f00c14b,1,
259,250,2025-07-28,PayPal,387.75,Failed,txn_9cc31bb6a1014c3a9347edd1a0abfaf8,1,
260,250,2025-07-30,PayPal,387.75,Successful,txn_c5007e099d2d4d0cb08a8d1058c22191,2,259.0
261,251,2024-02-26,Debit Card,40.83,Successful,txn_49cdbe8e26bd4d0484883a6012944c42,1,
262,252,2025-03-07,Gift Card,1799.58,Successful,txn_d6ae8f8449c3495eb22a8c117801acea,1,
263,253,2025-07-21,Credit Card,359.48,Successful,txn_6fff0ec69a0043ca9018c99e459e54f8,1,
264,254,2024-03-29,PayPal,491.3,Successful,txn_8c04eef419374af291012e6cc9bebcd6,1,
265,255,2024-10-09,Debit Card,473.82,Successful,txn_6dc4d06796a7465a8f3159b01f3e2530,1,
266,256,2025-01-08,Amazon Pay,35.35,Successful,txn_4c9c75502f2948d5a437c5423dc641be,1,
267,257,2024-05-22,Amazon Pay,529.8,Successful,txn_38a3f8cc97e94a81b07cc4fb8025bc35,1,
268,258,2024-06-14,Gift Card,595.84,Failed,txn_d2dc801ee27944dc9b61590bb1bcd0f2,1,
269,258,2024-06-14,Gift Card,595.84,Successful,txn_1af6f4802d2642c29cadb3dbd769a1ef,2,268.0
270,259,2025-04-09,PayPal,1151.04,Successful,txn_d343974fdcbf4c1aaa6d64cc0c7ab80d,1,
271,260,2024-11-17,Credit Card,79.2,Successful,txn_0eecbb7fd22840e2acc8fc459e44a964,1,
272,261,2024-11-16,Credit Card,342.31,Successful,txn_4171502219e24010a1dd40441a065d7c,1,
273,262,2024-05-13,Amazon Pay,323.61,Successful,txn_3fde22448c8646eb8b3b49503dfb917f,1,
274,263,2025-02-24,PayPal,179.74,Successful,txn_4cb528373c844b0db4d7e2c765160b93,1,
275,264,2024-04-22,Debit Card,126.39,Successful,txn_656a5930bd9b43c48323240afec9cef6,1,
276,265,2025-03-27,Debit Card,2675.66,Failed,txn_c5b5228242574247aa8bbfcc66bdcdc0,1,
277,265,2025-03-29,Debit Card,2675.66,Successful,txn_ba91c2779fa54d19aae6f4e847df930f,2,276.0
278,266,2025-08-13,Debit Card,98.52,Successful,txn_4492f99d8bde4d36bb67b9d13ec9f8f7,1,
279,267,2024-03-21,Credit Card,261.36,Successful,txn_448759581d0e4213a67c091504949fd2,1,
280,268,2024-09-30,PayPal,55.35,Successful,txn_d1cba96d6b8e40438847146a43af2c36,1,
281,269,2024-04-16,Debit Card,622.7,Successful,txn_67ea982c80414ab4896d36bfa0bd0981,1,
282,270,2024-06-19,Credit Card,129.45,Successful,txn_4db9ceb900c4496ebf88a38796a00e6c,1,
283,271,2024-07-04,PayPal,86.3,Successful,txn_93cb45ffc4314693a91626ca7977e65b,1,
284,272,2024-02-04,Debit Card,370.2,Successful,txn_f136537f6ffe478ea3612c5d7d223c7b,1,
285,273,2025-07-21,Gift Card,10.8,Successful,txn_1684b5d9727b4f5192ec71d1fe8d728c,1,
286,274,2024-11-23,Debit Card,345.84,Successful,txn_e747ecdceecb407981d94a8102c7e33c,1,
287,275,2025-12-02,Credit Card,57.61,Successful,txn_8faff494494c4f50944e674784b9cb6c,1,
288,276,2025-02-20,PayPal,303.92,Successful,txn_430348a11ad24a1e913897f69822a617,1,
289,277,2025-02-26,PayPal,259.92,Successful,txn_7527f17744ff44f2aebd097b343ebfb1,1,
290,278,2024-09-05,Debit Card,1488.3,Successful,txn_3e8f08c3a6c74d63a83235b9e788d4bf,1,
291,279,2024-03-25,PayPal,345.84,Failed,txn_04c475fa665f421f983dbc4a97766900,1,
292,279,2024-03-27,PayPal,345.84,Successful,txn_861ff9e80e9944579c051e6d80c5a684,2,291.0
293,280,2025-11-27,Credit Card,189.95,Successful,txn_f5aecb54d13647838f23d7bfb96df50a,1,
294,281,2025-11-03,Gift Card,1304.73,Successful,txn_b856b9ec380f402b8a45412de2c5fe0d,1,
295,282,2024-03-24,Amazon Pay,288.05,Successful,txn_ab97726843e340b68ef6eb60ff25888a,1,
296,283,2024-01-06,Credit Card,332.07,Successful,txn_e826fc0899cb4e4b8a9827b0797df0ad,1,
297,285,2025-02-04,Debit Card,548.88,Successful,txn_c6800b8145224a749081b4f38fd03de6,1,
298,286,2025-08-15,Credit Card,486.21,Successful,txn_f1096e9c082c4c388068b4f9664ac545,1,
299,287,2025-08-21,Credit Card,153.72,Successful,txn_56d62a803fe6419d95933d81bc2d16b4,1,
300,288,2025-05-11,PayPal,828.44,Successful,txn_3771f9859cdd424bb8784b7f1b910e29,1,
301,289,2025-11-28,Gift Card,33.22,Successful,txn_38cf70298d874899ae35db3afb939b4e,1,
302,290,2025-05-16,Credit Card,78.7,Successful,txn_8fae4d84199640a7a86e6b14beeebe59,1,
303,291,2025-05-09,Amazon Pay,231.38,Successful,txn_3ca2ff604ee145ca83a78f818d2e8172,1,
304,292,2025-03-09,PayPal,47.24,Successful,txn_fdc7c2eee1f5454c9cd3154e5466e7ba,1,
305,293,2025-08-05,PayPal,1304.73,Successful,txn_4786429e91ca4af08d18adedd507b63a,1,
306,294,2024-09-16,Gift Card,61.76,Successful,txn_46e07a03f7d04cdb8580c51bc5b92721,1,
307,294,2024-09-16,Credit Card,46.96,Successful,txn_601a8cbb962141e4b7775231d620af93,1,
308,295,2024-01-16,Debit Card,1142.69,Successful,txn_a47e238767564b9ba53349a6412b2e86,1,
309,296,2024-02-14,Amazon Pay,204.78,Successful,txn_8260c1a4921b4e27b4b5ab69b22922fe,1,
310,297,2024-04-06,Credit Card,675.46,Successful,txn_237159a745e14b879a8d1b4eb932f1e2,1,
311,298,2024-06-12,Credit Card,259.92,Successful,txn_502a126fbc5c43a78dd2596cefbfde6c,1,
312,299,2025-11-24,Gift Card,30.44,Successful,txn_5e9cfa30ea1a442e9ecb13d210728db3,1,
313,300,2025-03-04,Amazon Pay,81.81,Successful,txn_8f692bd7b47840429597ed40352bf6ed,1,
314,301,2024-07-31,Debit Card,113.79,Successful,txn_230264305f194e74a80ade727f89669b,1,
315,301,2024-07-31,Credit Card,90.99,Successful,txn_81db046ce6dd42469f01cd62fd6994f3,1,
316,302,2024-06-19,Gift Card,80.04,Successful,txn_38800a399c6e48e1b01419244514b539,1,
317,303,2025-01-14,Credit Card,641.32,Successful,txn_97c377d982684fe9a2474b09498ca2f2,1,
318,304,2024-01-09,Gift Card,446.88,Successful,txn_2dc37086cbbb416cabd896beb7224919,1,
319,305,2025-06-24,Gift Card,661.92,Successful,txn_a3678fb674044d0ab014befd15671041,1,
320,306,2024-09-18,Credit Card,273.32,Successful,txn_0693e106edaa44eabfa7d2838527665b,1,
321,307,2024-03-21,Debit Card,486.21,Successful,txn_5938efe7c89842659d1a5511a0e349e2,1,
322,308,2024-07-04,PayPal,6.9,Successful,txn_d43df2d53be24ab9b25e858498a1d957,1,
323,310,2025-01-02,Gift Card,309.26,Failed,txn_85327c9a608340f5ab0066d45932511c,1,
324,310,2025-01-04,Gift Card,309.26,Successful,txn_270d463408f7487fbf158c9181d0f602,2,323.0
325,311,2025-07-14,Debit Card,794.7,Successful,txn_10925d71401b429592ff906b4274840f,1,
326,312,2024-01-26,Amazon Pay,360.18,Successful,txn_112f2b3498fd45978c1ff96154ffd8d0,1,
327,313,2025-07-18,Credit Card,548.48,Successful,txn_f4692f3a99734bc69bb7da60ec16f41d,1,
328,314,2025-02-25,Gift Card,169.62,Failed,txn_7f94819c67b64c339f98965a9186e58e,1,
329,314,2025-02-26,Gift Card,169.62,Successful,txn_3305835b94294dc391faf0234b231bfa,2,328.0
330,315,2024-11-29,PayPal,402.78,Successful,txn_89b50a35b357490281db57631bac4696,1,
331,316,2025-11-06,Amazon Pay,577.65,Successful,txn_efae7984cd1a41a7a0722377c1a4fe72,1,
332,317,2025-11-14,Amazon Pay,1834.42,Successful,txn_1718b4b4f9174042ba73534b4db4d16d,1,
333,318,2025-08-03,Amazon Pay,24.01,Successful,txn_7039c9a6bd2f4836945680004ec74f7f,1,
334,319,2024-10-07,Amazon Pay,969.3,Successful,txn_19bfb593392d4d5ebcf4b059b33ea54d,1,
335,320,2025-02-26,Amazon Pay,75.4,Successful,txn_348be8301d4a4d1397690e6c7acbf8ca,1,
336,321,2024-05-04,Debit Card,149.04,Successful,txn_d4fe47833a8f4652ad7dbe10ca517929,1,
337,322,2025-03-06,PayPal,141.9,Successful,txn_dd71b4fed98e45d09775cd031fe67142,1,
338,323,2024-03-31,PayPal,15.15,Successful,txn_6e3d4d98bd274c158ef4ad596de67e8d,1,
339,324,2025-10-12,PayPal,353.12,Successful,txn_f6c6cde2550d48169cc758406d206955,1,
340,325,2025-06-12,Credit Card,175.75,Successful,txn_9a411be05b084f3e8888bbb449878309,1,
341,326,2024-08-15,PayPal,148.96,Successful,txn_0475ceddb6aa4369823f4301b7da5753,1,
342,327,2025-04-26,Gift Card,222.09,Failed,txn_d078f855d4fd47d3b558e1b6592ceae0,1,
343,327,2025-04-28,Gift Card,222.09,Successful,txn_b20300be9e8e42a992259411597639c6,2,342.0
344,328,2024-03-11,Credit Card,314.68,Failed,txn_a56a0d0bf5df4f339a2adfcadd60f190,1,
345,328,2024-03-12,Credit Card,314.68,Successful,txn_498bc92f36dc4bad8be1fb4fe1020b13,2,344.0
346,329,2024-01-16,Debit Card,69.66,Successful,txn_85c618c86ff147e78e73f183b6a7b440,1,
347,330,2025-05-02,Gift Card,456.73,Successful,txn_56e7cd2329bb419db1235a7acd783446,1,
348,331,2025-10-29,Gift Card,370.2,Successful,txn_b7fd5bd14b5d49538e2be7bb2e8c077d,1,
349,332,2025-07-22,Gift Card,160.33,Successful,txn_706a600515f44c78b994fd21533071dd,1,
350,333,2024-05-25,Gift Card,271.01,Successful,txn_a26bb35e7bd746ceaa1236becc91bad4,1,
351,334,2024-05-09,Credit Card,776.07,Successful,txn_7f5e947ff73d4db8be246576cb88bb17,1,
352,335,2025-03-19,Amazon Pay,912.0,Successful,txn_632771d4ccd14f7280e7406e993647b0,1,
353,336,2024-07-17,Gift Card,149.04,Successful,txn_ba8d31a7e4b745e1ae3cd82de9828406,1,
354,337,2025-01-26,Debit Card,2155.36,Successful,txn_bad6e77884164ab9a9b9a88d9eb6e34e,1,
355,338,2025-02-25,Gift Card,823.32,Successful,txn_9bed5c990d77416aa6ae9d57d2d80e88,1,
356,339,2025-09-18,Gift Card,312.3,Successful,txn_796c7d2ac2084a6a91859f31d513e655,1,
357,340,2024-04-12,Gift Card,250.56,Successful,txn_1f349d5c182f443b874c6fd2f58ab967,1,
358,341,2024-04-06,Credit Card,21.77,Successful,txn_137fb9300ca54b098335cb7fc0ba90e6,1,
359,341,2024-04-06,Debit Card,5.73,Successful,txn_f74f0b7bbdae43e4a0773d252881ddd6,1,
360,342,2025-11-26,Debit Card,451.5,Successful,txn_b3c88698600a49b1a972ecb56c441d27,1,
361,343,2025-11-04,Gift Card,261.63,Successful,txn_37ddf697c033412e91181d49a79f6554,1,
362,344,2025-12-12,Debit Card,573.3,Successful,txn_7260e019cf3c420da07dde619a30bc28,1,
363,345,2024-05-23,Credit Card,499.85,Successful,txn_9537118aac5945b58e5e4f0cd8f7706e,1,
364,346,2024-08-14,Credit Card,895.45,Successful,txn_9575071b011445febd7902ccb87d079c,1,
365,347,2024-09-27,Amazon Pay,238.94,Successful,txn_3a707da4b0af465c9d90f8127d857e55,1,
366,348,2025-01-24,Debit Card,156.24,Successful,txn_4fa6ca1a5adc49ba9df258e5d707c1b7,1,
367,349,2025-04-19,Amazon Pay,55.35,Successful,txn_666a5a9defed4ff6a7c8074475a0dca0,1,
368,350,2025-07-01,Debit Card,278.28,Successful,txn_c787578a5ec34724a0103607638d5d18,1,
369,351,2024-02-28,Gift Card,173.28,Successful,txn_b5483a86c7bd4c648c73107b9c198fd2,1,
370,352,2024-08-20,PayPal,278.08,Successful,txn_13e7d2861e974a65987f612f1459fcd0,1,
371,352,2024-08-20,Debit Card,621.92,Successful,txn_e8deacf87c4c4c63bd7afae34a889dff,1,
372,353,2024-04-25,PayPal,153.8,Failed,txn_2e83a4b45f9a4b6e8ba2a37b98fb15dd,1,
373,353,2024-04-27,PayPal,153.8,Successful,txn_4ea67b763f9b43b6872c5f6766ec057e,2,372.0
374,355,2025-02-23,Amazon Pay,241.68,Successful,txn_2076d21fba8647d386a82a5f4f40c12b,1,
375,356,2024-01-20,Debit Card,248.94,Successful,txn_c474bfdd26ff4d25808e3735d4bc33d7,1,
376,357,2025-01-24,Amazon Pay,138.45,Successful,txn_24335e05b72946f3b1875d070355f76f,1,
377,358,2024-01-17,PayPal,767.36,Successful,txn_29a5108ef6794167b83d31e4a0215f45,1,
378,359,2024-10-17,Gift Card,924.14,Successful,txn_327ef18dfc634b1c85189e0925730a15,1,
379,360,2024-08-17,Gift Card,28.38,Successful,txn_2e82cfbe1972466bb64dd2ecac299427,1,
380,361,2024-05-12,PayPal,486.0,Successful,txn_d83cff1e30c24b2eb7e6e8ee579b4bf0,1,
381,362,2024-09-10,Credit Card,160.8,Successful,txn_63bfc59ec0c749678b9808c078d5a117,1,
382,363,2025-12-26,Debit Card,1453.95,Successful,txn_28ccf0e032304bc09716b8ba597a7826,1,
383,364,2024-11-14,Credit Card,212.04,Successful,txn_f83fe0322a4a4ca99fb42faaadbcd0db,1,
384,365,2025-06-19,Debit Card,1026.93,Successful,txn_e4408a62e9f647f78d914ad06a6d97f9,1,
385,366,2024-03-02,Credit Card,2675.66,Successful,txn_1b6e8cbf1eaa4dbcbdabe13bdec9c410,1,
386,367,2024-10-31,Gift Card,1337.83,Successful,txn_b6ca2402a6a74a7f89a2621b8b1f36fa,1,
387,368,2024-07-10,Credit Card,716.82,Successful,txn_f2e3480cf6414e4aa4db5101ca769d70,1,
388,369,2024-07-27,Gift Card,55.72,Successful,txn_4fc46aec37de40d5b1698e60a9cea8df,1,
389,369,2024-07-27,Debit Card,132.18,Successful,txn_93bf9d7fa3354f5f9358bf0193ebe959,1,
390,370,2025-10-01,Gift Card,490.6,Successful,txn_807084c521a444519da3fea9e2aac753,1,
391,372,2024-07-01,Credit Card,169.62,Successful,txn_570efeae38404ef89c8e6974c6e1cccb,1,
392,373,2024-05-01,Debit Card,2155.36,Successful,txn_3a2fc3937a3a40f7873403bac6282c8f,1,
393,374,2025-01-20,Gift Card,60.6,Successful,txn_10e9a842fdff4090854041cc430e7926,1,
394,375,2025-02-07,Amazon Pay,149.8,Successful,txn_8c56c0756734422996dacfd922cdb7e1,1,
395,376,2025-11-12,Credit Card,917.21,Successful,txn_889806c8757440aaa73f1d996da95327,1,
396,377,2024-03-10,Amazon Pay,28.31,Successful,txn_2e691d0475f1471e8a3da4920c0607fb,1,
397,377,2024-03-10,PayPal,98.49,Successful,txn_ac29dcf5ea784994ad1b1fd56660a6d3,1,
398,378,2024-10-06,Amazon Pay,22.71,Successful,txn_cfa7e4bba07b4f55a407dd4ad5cc5714,1,
399,379,2024-09-07,Amazon Pay,107.42,Successful,txn_46196b369d72495495a4f5c99b8b4789,1,
400,380,2024-12-20,Debit Card,564.52,Successful,txn_c3499e4b33a14ffbaaba2212fa19926d,1,
401,381,2025-12-20,Gift Card,47.22,Successful,txn_51e80a1ba7e34b67b455c4c65e674613,1,
402,382,2024-10-15,PayPal,220.36,Successful,txn_0ce73847889546e39c14d70ff2aa82aa,1,
403,383,2024-03-05,Credit Card,986.78,Successful,txn_3f5b9cc49fc74a0e955bf39f69441bef,1,
404,384,2025-06-30,PayPal,98.36,Successful,txn_6d49ea5192de409292ce65529cf03f89,1,
405,386,2025-08-10,Debit Card,311.35,Successful,txn_3b4fac54e1e34aa591c2e2b3891def7b,1,
406,387,2024-04-26,Gift Card,241.68,Successful,txn_da6ba95a2c2e450db43ff703dd1d2f8b,1,
407,388,2025-06-22,Gift Card,25.83,Successful,txn_c3fb49ef78874d8ca38520dc1e62b119,1,
408,388,2025-06-22,Debit Card,25.41,Successful,txn_354a049c5c29453d9789e375700aed36,1,
409,389,2025-01-02,Amazon Pay,302.58,Successful,txn_666901b760e54dfab70ba1ca8277989e,1,
410,390,2024-08-31,Debit Card,975.9,Successful,txn_13b9dccc24d348fd904e73ad1bbe691f,1,
411,391,2024-03-22,Debit Card,2285.38,Successful,txn_3aaf1645d9134ae2bcc4fab65a2a5c9b,1,
412,392,2025-02-16,Credit Card,89.28,Successful,txn_2c09f49745984172adc91fe141c95e82,1,
413,393,2025-03-01,Credit Card,975.9,Successful,txn_a2d705537d0842e498b30f1d5a2917f5,1,
414,394,2025-08-13,Credit Card,347.07,Successful,txn_797493c4464e47a3ab58b217b07be2b9,1,
415,396,2025-11-26,Gift Card,674.56,Successful,txn_e8b42740665841bd837c4e9d44f5f08f,1,
416,397,2025-07-19,Gift Card,917.21,Successful,txn_26b48108731d492497be0e996c5ec5cd,1,
417,398,2024-08-11,Debit Card,43.15,Successful,txn_b68bf92069b94789b650e3a83e553e70,1,
418,399,2025-04-12,Gift Card,35.04,Successful,txn_2fe3434b3e0447b58d92db99de680b33,1,
419,400,2025-11-01,PayPal,170.31,Successful,txn_81d43b2a6a3f4494ac85ea3c2ad7af3e,1,
420,401,2025-08-18,PayPal,220.36,Successful,txn_c2bdc7ba56aa4cd3aa2cda9c0e7ef39f,1,
421,402,2024-11-09,Debit Card,302.58,Successful,txn_98d8b65f7bf241cabd2af3a10584382a,1,
422,403,2024-03-25,Credit Card,243.83,Successful,txn_bab71b26dc294da7b5d8a83dc7675f29,1,
423,404,2024-09-04,PayPal,618.52,Successful,txn_8ab57f82110d4143b0a48b29ea212e76,1,
424,406,2024-12-12,Amazon Pay,292.86,Successful,txn_feb32373d57842febb40c1d26d001a2a,1,
425,407,2024-08-11,PayPal,196.5,Successful,txn_68e5f28b2b6a467490a54fb5fe3e2b2c,1,
426,408,2025-03-23,PayPal,913.46,Successful,txn_df53d1f742a24e2a9b7165f062889ddb,1,
427,409,2024-06-06,Debit Card,230.56,Successful,txn_be53e6818ea44182b387c58214e5b060,1,
428,410,2024-03-12,PayPal,192.5,Successful,txn_045bd949a0204a088e650b75e7280c3a,1,
429,411,2024-10-11,Gift Card,51.24,Successful,txn_4d0bb5ae044b418c81885016457a66f8,1,
430,412,2025-05-15,Gift Card,204.74,Failed,txn_aaf300eb0d4942df911a2ee033cc54f7,1,
431,412,2025-05-17,Gift Card,204.74,Successful,txn_c1feb79d74c54fa9bfabc565462acecb,2,430.0
432,413,2025-11-03,Amazon Pay,222.12,Successful,txn_6811eaa5f3024db89445a4aeadf0cb8f,1,
433,414,2025-10-01,Amazon Pay,335.8,Successful,txn_e908cc84ee3f4697988f42e0338857a9,1,
434,415,2025-05-25,Gift Card,1077.68,Failed,txn_f7a0e36fe9cd411b8cc1ecb7d0a5b870,1,
435,415,2025-05-27,Gift Card,1077.68,Successful,txn_9619cd285656443584cf678f5bbc037c,2,434.0
436,416,2025-11-16,Gift Card,275.0,Successful,txn_769d6936770b4821b5d13ef3a9a62709,1,
437,417,2024-08-19,Gift Card,287.26,Successful,txn_acc615a0b8b64ee68538e2ac3995a057,1,
438,418,2025-10-23,Credit Card,307.17,Successful,txn_e2c0c1314f7f42eab22712818bad9aca,1,
439,419,2025-05-15,Gift Card,45.45,Successful,txn_bd52e720924e4361b55198103186d4f6,1,
440,420,2025-02-26,Credit Card,969.3,Successful,txn_be61107482e3433ba3b7de10c453a6a9,1,
441,422,2025-12-02,Gift Card,89.28,Successful,txn_46530e71a8484eec8bf86a6cf7d0e147,1,
442,423,2025-03-30,Amazon Pay,204.74,Successful,txn_eeb167f78cf742dd9abab2926284650d,1,
443,424,2025-10-17,Amazon Pay,1391.28,Successful,txn_82552be9e06442cabc275f42f30fcfd8,1,
444,425,2025-07-25,PayPal,51.6,Successful,txn_350b6c489c6d4620a78e0bd94ab09d7f,1,
445,426,2024-10-06,Gift Card,639.02,Successful,txn_10378658646d44cc952836cf725e75c6,1,
446,427,2024-02-09,Debit Card,417.94,Successful,txn_1d496093ad3e4fa7abbb42636c20aaf8,1,
447,428,2024-09-14,Debit Card,288.05,Successful,txn_356a18b480a848bda0f52d45662c270d,1,
448,429,2025-06-25,Debit Card,156.53,Successful,txn_93a48a597bc24cbb9a657086e55e7191,1,
449,430,2024-02-09,Credit Card,503.7,Failed,txn_1aff6b0a73a349b79eee580a6d39d6ef,1,
450,430,2024-02-09,Credit Card,503.7,Successful,txn_120b825b6d22499bbd7d115b6b068ae9,2,449.0
451,431,2024-08-11,Debit Card,51.54,Successful,txn_e4421382e7164c809f05d3020b445da9,1,
452,432,2025-02-20,Gift Card,1350.92,Successful,txn_f36a888d3a004b929dd3e2c561017337,1,
453,433,2025-03-23,Gift Card,603.66,Successful,txn_d2a29899e92447d8814b594891a78c62,1,
454,434,2024-04-26,PayPal,46.46,Successful,txn_ff0989c0a1ff4aa4b5181137341076b0,1,
455,435,2024-10-15,PayPal,57.61,Successful,txn_4f884009933d41dcaff8073459c38de8,1,
456,436,2024-07-07,PayPal,238.94,Successful,txn_3b36c660435e4ca28c0e9d13ccbff747,1,
457,437,2025-01-11,Amazon Pay,104.34,Successful,txn_01eeb0c1f0464ac68cc5f4cd0f3c8df5,1,
458,438,2025-09-26,Credit Card,11.68,Successful,txn_356310279d774784b339d9f54df2c943,1,
459,440,2024-05-30,Gift Card,96.66,Successful,txn_3c233cc9966f4798a0c02520282426a1,1,
460,441,2024-05-07,Debit Card,281.07,Failed,txn_d1af23eccdd243a0add3977f82bc094b,1,
461,441,2024-05-08,Debit Card,281.07,Successful,txn_9ced44b498474e9fb8cda01a57137430,2,460.0
462,443,2024-12-26,PayPal,241.68,Successful,txn_ef74185f4d8b4492861d5327b1e5f0b4,1,
463,444,2024-08-23,PayPal,705.24,Successful,txn_e48dadcac44b4be1bf873462b4a28e82,1,
464,445,2024-05-08,Amazon Pay,337.28,Successful,txn_36719f521cbc42c39f040f3b70f69a82,1,
465,446,2025-11-19,Amazon Pay,1487.23,Successful,txn_fab2dbb1feb14897bbfeb9dffc072eeb,1,
466,447,2024-07-03,Amazon Pay,165.48,Successful,txn_27089fc061f24cf1afdc9a687c3d6fe9,1,
467,448,2025-01-16,PayPal,414.22,Successful,txn_92bcddfe662443c69b603d22e0895611,1,
468,449,2025-03-01,Amazon Pay,313.2,Successful,txn_5cca405be1d04535a8c7251f856ec4fa,1,
469,450,2025-07-15,Amazon Pay,106.28,Successful,txn_9da8ee0c30b14dfe92857829d24dccda,1,
470,451,2024-11-10,Amazon Pay,823.32,Successful,txn_262286a95c194e6abdf3d0632ebdcf43,1,
471,452,2024-08-10,Debit Card,90.84,Successful,txn_4f84d76e2cf842af92bb54501632b2f6,1,
472,453,2025-09-14,Amazon Pay,503.7,Successful,txn_6b003ca5424e4cc0afce7b28556a055b,1,
473,454,2024-05-20,Credit Card,113.46,Successful,txn_1437a370d1a54ffd80c8fd8db0318288,1,
474,455,2024-08-04,PayPal,1096.96,Successful,txn_1964807cdaf2438692ca75714a3725fe,1,
475,456,2024-01-10,Amazon Pay,972.42,Successful,txn_1651000fd52945cfa5371486122a5a3c,1,
476,457,2025-06-10,Amazon Pay,167.6,Successful,txn_2733b203fa1e4e93a2638745dd0bdf2a,1,
477,459,2025-02-07,Debit Card,111.06,Successful,txn_c525551ae781401b9bc9ee3b45eed0a9,1,
478,460,2025-09-06,PayPal,2675.66,Failed,txn_37d1d53524e04751a815c25be1f8526d,1,
479,460,2025-09-06,PayPal,2675.66,Successful,txn_a925e895dbd840838a668e300c89afa7,2,478.0
480,461,2025-06-06,Credit Card,353.12,Successful,txn_dd1dc6f23fd2402f9fae621066972d47,1,
481,462,2025-10-30,Gift Card,4.6,Failed,txn_ce5fae96fc504108889d9cddefd363b8,1,
482,462,2025-10-31,Gift Card,4.6,Successful,txn_f8ccc576c3b0439bb2628900a3d70140,2,481.0
483,463,2024-10-22,Amazon Pay,230.52,Failed,txn_fed7227c7cd140238182e68384b5c509,1,
484,463,2024-10-23,Amazon Pay,230.52,Successful,txn_965eed244ff448e1bfc2d878ac6ff551,2,483.0
485,464,2025-12-31,Debit Card,505.56,Successful,txn_ad524c3d90534486a1e338f5f44ef76a,1,
486,465,2024-01-03,Amazon Pay,51.24,Successful,txn_15ad03534c8e41b59cb6a4ce5742211e,1,
487,466,2025-11-22,PayPal,72.03,Successful,txn_4af97af627bb4d8aa98f77fd110877b9,1,
488,467,2024-04-09,Debit Card,223.56,Successful,txn_e040f7c28f8a4fc1a96b8fb8a1d36e35,1,
489,468,2024-05-15,Debit Card,172.2,Successful,txn_658ceb063f8a44938191a374f687285c,1,
490,469,2025-01-03,PayPal,34.36,Successful,txn_03f7ef12b5e34643adce18a5247a0273,1,
491,470,2024-05-02,PayPal,291.6,Successful,txn_cbf6cb357b3e45059ec350b41d27c621,1,
492,471,2025-11-26,Debit Card,143.63,Successful,txn_322722fa493b43348fe7d49d5a6d60ef,1,
493,472,2024-08-05,Gift Card,174.96,Successful,txn_c9bbcd64a0514359bc405df2ba9a3a9a,1,
494,473,2025-12-04,Gift Card,270.34,Successful,txn_8c428a53eeee4986bc468620d51eeb8d,1,
495,474,2024-12-25,Gift Card,221.38,Successful,txn_e4f2503498bb4bcf81f1db7168eb446f,1,
496,475,2024-01-23,Debit Card,264.84,Successful,txn_4a43de347b914441bc35d620f3aa78d5,1,
497,476,2025-10-10,PayPal,80.7,Successful,txn_9b8593abe0d64174a1a436e2a7135533,1,
498,477,2025-02-16,Credit Card,185.52,Successful,txn_99339ff7cb654c638d9750751de66c4c,1,
499,478,2024-07-20,Debit Card,192.5,Successful,txn_6ffe01ff95974284b9ffd74d6201b66d,1,
500,479,2024-08-26,Gift Card,107.87,Successful,txn_97d5c3ab02c44775a6917dc9f56b4c9e,1,
501,480,2025-07-18,PayPal,153.72,Failed,txn_9a03cdd35929466f9d031e4e9bc8bfc2,1,
502,480,2025-07-18,PayPal,153.72,Successful,txn_46429916d7f64ee1a177b991b7b4054c,2,501.0
503,481,2024-02-13,Gift Card,127.71,Successful,txn_347634b6cd604c2b9331635659c9245f,1,
504,482,2025-06-26,Debit Card,259.82,Successful,txn_675129584f58418bb53b34e96c3ffbd2,1,
505,483,2025-06-10,Debit Card,369.82,Successful,txn_9e0683c4c5ad4869ba9f740d9223ce00,1,
506,484,2024-03-29,Amazon Pay,20.68,Failed,txn_c4378b993c284091878c5e363e90228b,1,
507,484,2024-03-31,Amazon Pay,20.68,Successful,txn_f9a75c07048142c7bf6c883b192f75e6,2,506.0
508,485,2024-01-07,Debit Card,174.96,Successful,txn_929017d9c57444c096c6d83463ed8ae6,1,
509,486,2024-01-22,Amazon Pay,1350.92,Successful,txn_f640b957e5e94a75824128647a9cd8bb,1,
510,487,2025-07-07,PayPal,2.3,Successful,txn_5cb71aba31c34108ad4520cf1223635c,1,
511,488,2024-10-11,Credit Card,1239.09,Failed,txn_6a2120977ffb4b47b1889780b73184be,1,
512,488,2024-10-11,Credit Card,1239.09,Successful,txn_a919d29a143b41489e935945a926ee9e,2,511.0
513,489,2025-08-20,Amazon Pay,160.49,Successful,txn_fa58c389ee634922b1cb594066286c75,1,
514,491,2024-11-16,Gift Card,148.64,Successful,txn_4e9c78933d2a4200ab25d9c4cd553fa6,1,
515,492,2025-03-07,Gift Card,718.15,Successful,txn_f138552f643b48a1b15417ad6d75760b,1,
516,493,2024-09-29,PayPal,216.8,Successful,txn_852aaa97c8e44e3bafd04ac0e6f5ebb3,1,
517,494,2025-10-28,Gift Card,226.92,Successful,txn_2a69185675864572b3c67c7d648b748f,1,
518,496,2024-10-02,Credit Card,87.12,Successful,txn_d9885fe9685f4334986d7bf4eb417c2b,1,
519,497,2025-05-29,Gift Card,113.36,Successful,txn_d89d8456f1eb400a936af65b20f48e94,1,
520,498,2025-12-15,Gift Card,625.15,Successful,txn_10a08dc2d5ff47898cbcb35385c48534,1,
521,499,2024-03-05,Debit Card,135.9,Failed,txn_b1639f960055490f962fc3c221df35ff,1,
522,499,2024-03-05,Debit Card,135.9,Successful,txn_f60b700a642b48b08f902f654568065a,2,521.0
523,500,2024-02-17,Debit Card,150.48,Successful,txn_3b4611939e744f948c07081d5cdd0aca,1,
524,501,2025-11-27,Gift Card,102.56,Successful,txn_0b390b61a8b0432e8e5249e414725691,1,
525,502,2025-11-17,Amazon Pay,223.56,Successful,txn_365b8d7c8a9a4188a07f5a274d75fad8,1,
526,503,2025-10-03,Gift Card,15.08,Successful,txn_b9827b608c4a458da5f366f1feefb690,1,
527,504,2025-02-06,PayPal,276.66,Successful,txn_8bc52e4223f74d4a92ed3913f572dfa8,1,
528,506,2024-03-08,Gift Card,259.92,Successful,txn_9cd5d36c0c5747acb91ef0baf8974d65,1,
529,507,2024-05-01,Debit Card,274.44,Successful,txn_50ad0b5accc746f8ad8a48cd451877cc,1,
530,508,2025-03-22,Debit Card,499.85,Successful,txn_0ebe9e8d93024333a1431033de61136e,1,
531,509,2024-12-23,Amazon Pay,64.12,Successful,txn_60adfc61e49d474b829bf322a91ea4a1,1,
532,510,2025-10-30,Gift Card,776.07,Successful,txn_1f0419336e674eb8ab6c0d437a252fca,1,
533,511,2024-08-25,Amazon Pay,60.32,Successful,txn_fa8d8fbb922f456a9955816c63667906,1,
534,512,2024-08-25,Credit Card,322.26,Successful,txn_a10d2241cb4b40d3adcf76fef81a9185,1,
535,513,2024-10-26,Credit Card,125.7,Successful,txn_11e08b96d673457b8565c309550d0669,1,
536,514,2024-03-06,Debit Card,1142.69,Successful,txn_e52c430896f34a558e3a9a3606a1fb94,1,
537,515,2024-11-04,Amazon Pay,138.06,Successful,txn_824c93397c014934b4d754a9c0c080bb,1,
538,516,2024-11-26,Gift Card,301.0,Successful,txn_97f0bceec9174dfe8ee3588debff9aff,1,
539,517,2025-08-01,Credit Card,161.13,Successful,txn_913cd71197cd48209b71d6e40e46d949,1,
540,518,2024-12-25,Debit Card,1834.42,Successful,txn_5229367268fa408a9ec1f1e727e76ac6,1,
541,519,2025-01-15,Credit Card,339.08,Successful,txn_8f2c7c28036b4b07a888cd44aef0598f,1,
542,520,2024-04-15,PayPal,229.6,Failed,txn_61126188ad8844f2b0a68a8520fe2de8,1,
543,520,2024-04-16,PayPal,229.6,Successful,txn_fc43cb9e63a3432ba01eb50f14161947,2,542.0
544,521,2024-10-19,Debit Card,30.3,Successful,txn_7c9ea88eeb414a9881295a0b706e453c,1,
545,522,2025-11-01,Debit Card,50.4,Successful,txn_ce3e2606a177431594b96b1ef61a114b,1,
546,523,2024-02-05,PayPal,1242.66,Successful,txn_9f7e5977bb884175b36e6c66b504581c,1,
547,524,2025-06-15,Debit Card,17.83,Successful,txn_b183c0e9ff2a4bcaa2858e3a6a309b0c,1,
548,525,2025-06-10,Credit Card,49.44,Successful,txn_708a48cc99754b2887ac9a96edf678a3,1,
549,526,2025-12-04,Credit Card,1391.28,Successful,txn_2ba5776dc7c3428fb7ce6389760a5d28,1,
550,527,2024-10-11,Credit Card,529.8,Successful,txn_a330ba9fa36d43c2adfa18e014611351,1,
551,528,2025-08-26,Credit Card,35.25,Successful,txn_dc3a68fd33e24632a0d990b53ad9d241,1,
552,529,2024-05-15,Credit Card,311.35,Successful,txn_52bc52746cc2446eb5f71781ed2b1e3f,1,
553,530,2024-07-22,Credit Card,62.46,Successful,txn_cf556dda017f447eb526c6a9cc87ea8e,1,
554,532,2025-09-29,Amazon Pay,130.28,Successful,txn_732117efba034ecd937343799b74787b,1,
555,533,2024-08-05,PayPal,314.68,Successful,txn_797f101ccd1449e08ad8e039eff4786d,1,
556,534,2025-09-17,Debit Card,175.32,Successful,txn_092c61169e364000a9770e163d2b3a03,1,
557,535,2025-03-13,Amazon Pay,442.76,Successful,txn_51bdc6302c9d4f369ef198d05b6344e6,1,
558,536,2024-01-18,Debit Card,461.04,Successful,txn_5f0b2ab86d77425ba14818504473dfd5,1,
559,537,2025-04-23,Credit Card,575.84,Successful,txn_32e23fb2239f4ec594be98b8f92cc4f4,1,
560,538,2024-01-30,Debit Card,264.84,Successful,txn_52b704f9c4294e16a631ea20173d6697,1,
561,539,2025-01-03,Amazon Pay,238.94,Successful,txn_1e12e2ca91dd4026b4eb0a5babfede8a,1,
562,541,2025-10-15,Amazon Pay,102.37,Successful,txn_4268a74f8d6b4b84b9746490bdcad678,1,
563,542,2024-02-13,PayPal,1964.49,Successful,txn_9d132179ceeb4da38019b9b48ae084b2,1,
564,543,2024-04-25,Credit Card,147.72,Successful,txn_4a9b524c28d5402799a2270ff2ef12e6,1,
565,544,2025-06-19,PayPal,913.46,Successful,txn_fa058e80ad45474fa04254486558f4e4,1,
566,545,2024-05-02,Amazon Pay,45.45,Successful,txn_d2c3e62ee5ef4a1c91680dc0ab9029c3,1,
567,547,2025-10-26,PayPal,46.53,Successful,txn_a719039aa3d44bbf889133b39d9bd749,1,
568,548,2025-10-10,Gift Card,175.89,Failed,txn_004d2e06e61b43b8b746f34d40cef67b,1,
569,548,2025-10-11,Gift Card,175.89,Successful,txn_bc9fbe80c6df441cb5c2681d96f1a0e0,2,568.0
570,549,2024-01-15,Amazon Pay,17.83,Successful,txn_f05afa5f156b46bfa5e487933283a7d6,1,
571,550,2025-02-16,PayPal,27.5,Successful,txn_ade5b0d0f75540b3a3dde8c4699f9dd1,1,
572,551,2024-06-18,PayPal,50.5,Failed,txn_11c1bd3bb1b141b9a5a90b7bafb42c2c,1,
573,551,2024-06-20,PayPal,50.5,Successful,txn_17ccbb79d3a14d7490bbda093ee3f4e9,2,572.0
574,552,2025-07-10,PayPal,246.75,Successful,txn_b277ee5db421460ab73c22ce59b216e8,1,
575,553,2024-02-18,Credit Card,113.36,Successful,txn_b736d0f7edcc4d51992ac181388902c1,1,
576,554,2024-05-11,Credit Card,259.92,Successful,txn_1dd38944144241688f0c6194fc248618,1,
577,555,2024-01-11,Credit Card,553.32,Successful,txn_8908fce1686049778efb0753fec8f841,1,
578,556,2025-01-20,Amazon Pay,675.46,Successful,txn_7b230db6cdb441898aeebbc734701177,1,
579,557,2024-02-10,Debit Card,214.84,Successful,txn_c7520cc6369543dfb63121ad0f234bc6,1,
580,558,2025-05-17,PayPal,1242.66,Successful,txn_4d4e903840834dd89526c6f7a3b9efb9,1,
581,559,2024-01-14,Debit Card,402.78,Successful,txn_bc620e7d2c2249f59da8f051f9baf65b,1,
582,560,2024-10-20,Amazon Pay,70.68,Successful,txn_2393dc1e82e548c4a6793e97be1a2a61,1,
583,561,2024-06-30,Amazon Pay,136.4,Successful,txn_9de03047bb6644baae29f584927a10ac,1,
584,562,2025-12-15,Amazon Pay,214.84,Successful,txn_dbae992f97874057a24001ae49632bfd,1,
585,563,2025-05-25,Amazon Pay,163.5,Failed,txn_6e7d33e2a4ef4e76b4fda4e6c78b85cd,1,
586,563,2025-05-26,Amazon Pay,163.5,Successful,txn_5518c49f429e4d129bb646f2fb088870,2,585.0
587,564,2025-11-16,PayPal,294.75,Successful,txn_fed6235493a643138dda12945e3e25d6,1,
588,565,2025-05-10,PayPal,79.71,Successful,txn_199299455aaa44bc89504022f247612e,1,
589,566,2025-06-07,Gift Card,327.0,Successful,txn_21de6e43d80c405caf200c26f89dff85,1,
590,567,2024-06-03,Debit Card,257.28,Successful,txn_3c2d92c15c174744ae998a3520d19904,1,
591,568,2024-03-30,PayPal,35.34,Successful,txn_91b55823181641a882873f9929794478,1,
592,569,2025-09-27,Gift Card,348.84,Successful,txn_7929a3bb30ec48178c586a3d6fa10879,1,
593,570,2024-07-24,Amazon Pay,157.89,Successful,txn_d8f8cc3eda0a4d04ae71e97edb9da0c6,1,
594,571,2025-01-05,Amazon Pay,234.52,Successful,txn_66be05e6a9424f8cb7967924735711ce,1,
595,572,2025-10-19,Credit Card,576.3,Successful,txn_7a805139191047449f69c3893b12e6a3,1,
596,573,2025-02-28,Debit Card,143.96,Successful,txn_452c1b092ef54bc096e1bbf522e19a5f,1,
597,574,2024-12-09,Credit Card,1151.04,Successful,txn_40ccfdc9f26042feb3b17b6688fc149f,1,
598,575,2024-02-27,Amazon Pay,193.36,Successful,txn_48e4e9fdac5c4c1b997488764af26985,1,
599,576,2024-02-19,PayPal,17.18,Successful,txn_71ae5b3c1a3b4fbd8f40c284f1fc093b,1,
600,577,2025-08-17,Debit Card,194.4,Failed,txn_40eb463d9283493dad93b616943bc662,1,
601,577,2025-08-17,Debit Card,194.4,Successful,txn_6269d4d4f8d4443398de8717241529ba,2,600.0
602,578,2024-03-26,Amazon Pay,51.6,Successful,txn_c9ce027b170a45bcb1da99d599df322f,1,
603,579,2024-06-16,PayPal,548.88,Successful,txn_78958d1f313547fd951607c4ed6b23e6,1,
604,580,2025-04-13,Credit Card,813.03,Successful,txn_3f6117e10e654152a64fc7373f0de6a3,1,
605,581,2024-11-02,Gift Card,1242.66,Successful,txn_5378a1d3e602478b81fc26ff40aadd19,1,
606,582,2024-02-28,Amazon Pay,150.5,Successful,txn_a857d4bdb8ca4cef93b34d5c3ecfd29b,1,
607,583,2024-12-12,Amazon Pay,414.22,Successful,txn_055d54aa50c64471b7ffc9195e60ed1f,1,
608,584,2024-08-06,Gift Card,153.72,Successful,txn_2bfc59672a28478384669283f02f00a5,1,
609,585,2025-10-21,Debit Card,975.9,Successful,txn_7078885b0b914491a69d8621ac7228f5,1,
610,586,2024-11-06,PayPal,278.58,Successful,txn_ffb477683a91492a84603425fae3fa3e,1,
611,588,2025-12-21,Credit Card,353.12,Successful,txn_ad19f84e87a34df2a452d4ed1ac33e54,1,
612,589,2025-12-20,Gift Card,975.9,Successful,txn_a8269b0c5f4748fab07485cf354c2c7c,1,
613,590,2025-10-09,Amazon Pay,235.08,Successful,txn_c691512fcc474f4e93ee6e0454863c3d,1,
614,591,2024-04-11,PayPal,23.36,Successful,txn_ef089e23bf3a4650b8e289367f201044,1,
615,592,2024-09-20,Debit Card,145.02,Failed,txn_40f5b1c0f82f47789bedc326106e5f5f,1,
616,592,2024-09-22,Debit Card,145.02,Successful,txn_e15d928924014ccc8fad4032f53e7641,2,615.0
617,593,2025-12-13,Debit Card,684.62,Successful,txn_7c23b0e0270a4636b13515b79ad115b0,1,
618,594,2025-06-06,Debit Card,214.06,Successful,txn_765c1e79d98345fba8ce04ab3bc14603,1,
619,595,2025-11-22,Credit Card,231.38,Successful,txn_d386279139a544498bc11369c1a04b4f,1,
620,596,2025-05-21,PayPal,96.66,Successful,txn_251ee5f9fe92451eaaf4229af8b383b5,1,
621,598,2025-01-20,Debit Card,207.98,Successful,txn_d68f7e5b911749598c84789c8c2cd72c,1,
622,599,2025-04-06,Gift Card,147.72,Successful,txn_ef2264758a00413caabceb261fa6ba81,1,
623,600,2025-06-12,PayPal,46.15,Successful,txn_57978dffaa9149ed921a1c1d37a7bec9,1,
624,601,2025-03-09,PayPal,242.1,Successful,txn_3d887ad1fc9a480aab41e572df8ebbe8,1,
625,602,2025-10-21,Amazon Pay,309.26,Successful,txn_2c4735eef57d43469956820366c1647a,1,
626,603,2025-10-03,Credit Card,569.52,Successful,txn_f1f3cdafce104271b9da1c8aa807de10,1,
627,604,2025-08-04,Debit Card,154.63,Successful,txn_6e85f4e8c4bf4a3cb8bccd4fad99f9b0,1,
628,605,2025-03-02,Amazon Pay,45.66,Successful,txn_077cdb2d62c6426095891c5d6441e477,1,
629,606,2024-05-26,Gift Card,293.54,Successful,txn_c1f4175517d946f98b3568fc329bbead,1,
630,607,2025-08-12,Gift Card,24.01,Successful,txn_b1384741524c4b869726501c3c6f38de,1,
631,608,2025-04-18,Debit Card,400.2,Failed,txn_91708e5ced2842efbba996b131832bc0,1,
632,608,2025-04-18,Debit Card,400.2,Successful,txn_da0435ef8eb1441e95f08bc403af556f,2,631.0
633,609,2024-05-25,PayPal,241.65,Successful,txn_d049befa696b497aa66ae5a663a2e51c,1,
634,610,2025-09-03,Debit Card,442.76,Successful,txn_e336d8a40b714e789c5d93d78efaf702,1,
635,611,2024-05-12,PayPal,222.92,Successful,txn_9d020291457a4ff58f00c101d8880e79,1,
636,612,2024-07-31,Credit Card,34.5,Successful,txn_5975e312a7ae4ea48901a49ba494c595,1,
637,614,2025-03-07,Debit Card,232.56,Successful,txn_d5d299069ecb4e1cb9df2ba6b83e724a,1,
638,615,2024-12-23,Credit Card,151.2,Successful,txn_0ee6414c568f4663acb67020fb5c3882,1,
639,616,2025-05-14,Gift Card,175.89,Successful,txn_b708a7c66767456eb60c046908b645f0,1,
640,617,2024-10-01,Amazon Pay,575.84,Successful,txn_2f815a33ebf9456d9e382cd7ad7ad961,1,
641,618,2025-01-09,Gift Card,490.6,Failed,txn_200f4cb604184d3e823b04a1b8f3e29c,1,
642,618,2025-01-09,Gift Card,490.6,Successful,txn_9cbbbb012cac4b13a2705627ba761f29,2,641.0
643,619,2025-10-27,Debit Card,10.1,Successful,txn_16f8f2e40cbc461fa006d776bce91270,1,
644,620,2025-04-19,Credit Card,51.28,Successful,txn_b9e69cb01afe466c95d3a236ca16a698,1,
645,621,2024-04-09,PayPal,823.32,Failed,txn_17adf882fa6945f1b440afc60c93fc8b,1,
646,621,2024-04-11,PayPal,823.32,Successful,txn_723417a31ce644acbcebc0999735d077,2,645.0
647,622,2024-04-26,Gift Card,99.61,Successful,txn_1366b8223ec44a9690932fe259bf1729,1,
648,623,2024-06-07,PayPal,86.64,Successful,txn_e59af75f0c87484d91d0955835153e8f,1,
649,625,2025-07-28,Credit Card,55.35,Successful,txn_fe09ce42dbe64800a1df0462c945c2ea,1,
650,626,2024-08-20,Credit Card,278.76,Successful,txn_8ef56b0ab4bf49a083d6d486077c8a48,1,
651,627,2024-07-21,Credit Card,388.8,Failed,txn_c530dcd01e6842e48474035b4fcb5c6c,1,
652,627,2024-07-21,Credit Card,388.8,Successful,txn_d3d942f18aaa4651b08e3b0af0c976de,2,651.0
653,628,2025-11-23,Debit Card,78.38,Successful,txn_5365f149176e4acc98baccde001056a7,1,
654,629,2025-03-05,Credit Card,335.8,Successful,txn_61c8a45cb20c447b831ab7ca30af833b,1,
655,630,2025-03-13,Debit Card,53.79,Failed,txn_a0189b5e4a174dbd91163ecc7b19878c,1,
656,630,2025-03-13,Debit Card,53.79,Successful,txn_6f203bb9da024440b9ae50f091f845ee,2,655.0
657,631,2025-03-03,PayPal,86.34,Failed,txn_6ec92e39c220484b8e7050ff9491246c,1,
658,631,2025-03-05,PayPal,86.34,Successful,txn_373c961158bd4028af92074a333f918f,2,657.0
659,632,2025-08-12,Amazon Pay,113.84,Successful,txn_656fad4944d0495f82e2f1c3289ee139,1,
660,633,2025-06-16,PayPal,57.56,Successful,txn_833afd0b008f4607be4023ba3bb5ae24,1,
661,634,2024-04-23,PayPal,307.6,Successful,txn_73c12e5279c44abb9850ead5ec470c46,1,
662,635,2024-02-20,Amazon Pay,75.4,Successful,txn_4e5b160642fb44fb8584fd3f03caa457,1,
663,636,2025-05-19,Debit Card,103.99,Successful,txn_a678658f37fe43d6a5496c25cc3b962e,1,
664,637,2024-01-22,PayPal,291.6,Failed,txn_0e52f760d1df49abb6ceba4809ee50b8,1,
665,637,2024-01-22,PayPal,291.6,Successful,txn_ddb8b0e5f8324a2398859f1050584497,2,664.0
666,638,2025-08-21,Amazon Pay,113.52,Successful,txn_1e1a92eec7a3460eb57e8004c3e35e33,1,
667,639,2024-10-17,Gift Card,176.56,Successful,txn_4d1edef7edcc4695a2e5d2f7cee0df5b,1,
668,640,2025-01-22,Credit Card,309.26,Successful,txn_191e8ca2d01d401f8932e532d130cc93,1,
669,641,2024-07-24,Debit Card,63.4,Successful,txn_654c18ead5e94b89b0b43f659edf4bf3,1,
670,642,2025-02-19,PayPal,161.58,Successful,txn_88707fa580c54e8387f118238849968f,1,
671,643,2025-10-20,PayPal,286.65,Successful,txn_9b7870239fb0414fad5829c9477a877f,1,
672,644,2024-05-20,Amazon Pay,230.7,Successful,txn_e6443c6caae8409caf27e5d8dcd50c94,1,
673,645,2025-05-28,PayPal,11.5,Successful,txn_bc2fd91955794048bf50fdbeae79c339,1,
674,646,2024-05-11,Debit Card,641.32,Failed,txn_fcaed320e91f424d82e53623929dedf5,1,
675,646,2024-05-11,Debit Card,641.32,Successful,txn_8f10a48572e243bb9a40ff0fdfdbf55c,2,674.0
676,647,2025-04-15,Amazon Pay,342.31,Successful,txn_d77bf34aeab9487b8360bf4c20abff48,1,
677,648,2024-06-05,PayPal,302.5,Successful,txn_29626e6b7c214cbb9073b77e03a8c49f,1,
678,649,2024-01-27,PayPal,278.58,Successful,txn_2409550c66d24785b2d9986d6d8f935a,1,
679,650,2024-11-10,Gift Card,286.65,Failed,txn_2cd01b5605c24b41961724a3f7ea2b88,1,
680,650,2024-11-11,Gift Card,286.65,Successful,txn_50f0ec5c52c84464b851e7467df57350,2,679.0
681,651,2025-06-23,Credit Card,295.2,Successful,txn_988185fa45164e20963b366ada22ab6a,1,
682,652,2025-08-27,PayPal,100.8,Successful,txn_c329d9fcc62843f9abc46f797a9c8d94,1,
683,653,2024-03-07,Amazon Pay,117.26,Successful,txn_fd0419d235274c938dfae992007bfa53,1,
684,654,2024-12-21,Amazon Pay,33.62,Successful,txn_b79d81aacc3b4d24a09a0ec3ae261305,1,
685,655,2024-05-18,Gift Card,975.9,Successful,txn_5be83ca7a15a4c1691d81439259bf0ec,1,
686,656,2024-04-01,Amazon Pay,28.46,Successful,txn_d40fd982e918418f9d763917d25d43f9,1,
687,657,2025-06-27,Credit Card,625.15,Successful,txn_1806bcf2e29741058a8a785281a464ff,1,
688,658,2025-03-09,PayPal,314.68,Successful,txn_09c3eac9b4ea4ff281ef83d9ac936b85,1,
689,659,2025-05-06,Debit Card,975.9,Successful,txn_37519006ddcd46918db76166d32c307e,1,
690,661,2024-01-26,Gift Card,295.56,Successful,txn_719cf1e71f2747428733ceeacc767572,1,
691,662,2025-09-27,Debit Card,703.0,Successful,txn_dd0d8ca6c0cb4e81ae008442adfceb8f,1,
692,663,2025-03-01,Gift Card,98.52,Successful,txn_bc359b10880c4374a77c1a350bb3eafc,1,
693,664,2025-04-11,PayPal,69.66,Successful,txn_bf97801db7a64d848f1fc4ec6d6f22f8,1,
694,665,2024-03-27,Amazon Pay,107.72,Successful,txn_afb7a2f3cbd44c85926e2b4d7f9fa0a0,1,
695,666,2024-01-08,PayPal,526.95,Successful,txn_f810bcd30b8344c3b4415bacbdae4159,1,
696,667,2024-05-08,Credit Card,150.48,Successful,txn_1473440f959446ee99bf10769bf1c264,1,
697,668,2024-07-14,Debit Card,13.8,Successful,txn_ec16918fea7d4a879de30c5234038c79,1,
698,670,2024-03-16,Amazon Pay,1515.73,Successful,txn_c133de9624f54ad5a4b0e8b9b3978893,1,
699,672,2024-10-22,Credit Card,42.12,Failed,txn_f366256f76a34840aebe3a9e9d4080be,1,
700,672,2024-10-22,Credit Card,42.12,Successful,txn_cc455f9f88e54c38b56ee77d27a552cc,2,699.0
701,673,2024-02-05,Amazon Pay,594.56,Successful,txn_e1097b3cf6f04874a3dff59764fb48a3,1,
702,674,2025-05-14,Amazon Pay,51.54,Successful,txn_edbb76344ab34bfea898181c279b711a,1,
703,675,2024-07-15,Credit Card,166.4,Successful,txn_06a933e72ddb4672a244eae7bdc374da,1,
704,676,2024-05-10,Debit Card,320.16,Successful,txn_ca2ee1b6de7446e0b16c5cfe4ee0f073,1,
705,677,2024-05-21,Credit Card,185.72,Successful,txn_561390c1f7504ceb9d2f7b373cedf990,1,
706,678,2025-04-09,Gift Card,725.04,Failed,txn_a9622330d76e442ca2fc0cd467cde333,1,
707,678,2025-04-11,Gift Card,725.04,Successful,txn_f0bbda43bb394890ba657306438c0fe9,2,706.0
708,679,2024-10-24,Debit Card,548.48,Successful,txn_46ada3e3db104b90b0957b1b4669a495,1,
709,680,2025-10-05,Amazon Pay,144.99,Successful,txn_bfb971f6c3ab4a6fb4d0296656b8a4e5,1,
710,681,2025-03-15,Gift Card,235.08,Successful,txn_1077a950e6054d4985f4fd597fce2bd1,1,
711,682,2025-05-29,Credit Card,674.56,Successful,txn_1b554ebe9a2e453e81a73da188342c9f,1,
712,683,2025-11-15,Debit Card,1278.04,Successful,txn_862da9ec14764f6ca914e401304b760e,1,
713,684,2024-10-01,Amazon Pay,826.06,Successful,txn_33586c4cd89d4b908163512bb98c6c58,1,
714,686,2025-04-20,Debit Card,631.95,Successful,txn_4e95f0f2d6b0496e86fbff9782d4ec32,1,
715,687,2025-12-20,Debit Card,107.2,Successful,txn_ba8d9f1170a9437caa7b34e7c008cfaa,1,
716,688,2025-06-22,Amazon Pay,353.12,Successful,txn_1885b4bf86a64d85a31bc9dc99c15fd3,1,
717,689,2025-03-16,Gift Card,238.94,Successful,txn_78b082f714284441a54ada994ce36634,1,
718,690,2025-07-30,PayPal,98.25,Successful,txn_125754f4081844b78e6ca6aad673c41a,1,
719,692,2024-08-04,Amazon Pay,8.59,Successful,txn_bae1bf7b7e394fc4a329c3bc7da3609c,1,
720,693,2024-02-29,Amazon Pay,35.34,Successful,txn_b44c7503d7a648eaa49e22043e3a7fc3,1,
721,694,2024-11-29,Gift Card,496.44,Successful,txn_f517ca9a13b84052b40f92ea96fb2c53,1,
722,695,2024-12-10,PayPal,270.82,Successful,txn_80c47eeb0bab429ba850d30d0a5b79af,1,
723,696,2025-10-11,PayPal,174.96,Successful,txn_e5bf56e2987c45c68489c8d88606fa5a,1,
724,697,2025-12-14,PayPal,226.28,Successful,txn_2467835076eb4d0bad6b541a3f4b8fc2,1,
725,698,2025-03-04,Credit Card,136.4,Successful,txn_ca500e9f136d4cf49e509b808a4971e8,1,
726,699,2024-11-19,PayPal,56.57,Successful,txn_88170673ec7442d9ab30357b702a61c8,1,
727,700,2025-05-24,Gift Card,249.84,Successful,txn_6370077891534f33986af07b6b1fc9df,1,
728,701,2024-05-25,Gift Card,38.7,Successful,txn_ce200ea57f2b484caafd1c67a0f2d9f1,1,
729,702,2025-11-13,Debit Card,82.4,Successful,txn_ea9d23d3b2204cc0a1c3685fc10343f4,1,
730,703,2025-10-25,Credit Card,327.0,Successful,txn_85d7dc25414b49d0a8faba76df255bc7,1,
731,704,2025-07-27,Debit Card,83.05,Successful,txn_51bd862ecbfd406581df5ab97232eda4,1,
732,705,2025-01-07,Debit Card,149.04,Successful,txn_14329f6548a548369fc6bf2103b8e19a,1,
733,706,2025-07-23,Debit Card,56.57,Successful,txn_0180a61c80894d839727d9035bc08093,1,
734,707,2024-05-12,PayPal,35.34,Successful,txn_3b382afdbc694b148bafe7251cd1c4d9,1,
735,708,2024-02-20,PayPal,343.04,Successful,txn_0851de93a72a47858ec3e1833ddbff09,1,
736,709,2024-12-14,Credit Card,2974.46,Successful,txn_8524f37ae24a4c8ea441b80cfd4432c3,1,
737,710,2024-11-06,Credit Card,296.16,Successful,txn_47c42db11a894cf795b1eb222d105684,1,
738,711,2025-05-11,Amazon Pay,135.9,Successful,txn_58811751eddd49e2a74674c92c1b8143,1,
739,712,2025-05-01,Credit Card,340.08,Successful,txn_1ae87812ccb744fa9edbc9b6feda71e5,1,
740,713,2025-02-23,Amazon Pay,578.45,Failed,txn_96a8284f901646a580e834239fe201e3,1,
741,713,2025-02-23,Amazon Pay,578.45,Successful,txn_fdc82e35045d42b6875187d865eeca2d,2,740.0
742,714,2025-03-22,Amazon Pay,124.92,Successful,txn_45a8acbbfc4247d2b9e04111533f183a,1,
743,715,2025-08-06,Credit Card,268.95,Successful,txn_43fabefee4f240538254b9638aeeb87f,1,
744,716,2025-11-05,Credit Card,226.92,Successful,txn_f462c894e1354a3c90ebb1933481d3af,1,
745,717,2025-11-14,Gift Card,153.8,Successful,txn_e1143e2f3acc441ca7a043f2d2730e37,1,
746,719,2025-03-19,Gift Card,201.6,Successful,txn_f7731915e644447d9ab39ed83441adec,1,
747,720,2025-06-19,Credit Card,343.04,Successful,txn_4c8eda34c9d44e4082e6e02cb767213d,1,
748,721,2025-02-03,Credit Card,424.08,Successful,txn_ee17aba304cc49e0b462bbcfaf2f75dc,1,
749,722,2024-06-09,Debit Card,100.86,Failed,txn_56cc887d317d46f4a4ddb08329268e0b,1,
750,722,2024-06-09,Debit Card,100.86,Successful,txn_d7085d064cd34006b7dc095382ac1b4f,2,749.0
751,723,2025-09-25,PayPal,719.8,Successful,txn_af2e06afafc44584a08f788f6a6801f7,1,
752,724,2025-01-08,PayPal,108.4,Successful,txn_36172eb27d78435ca5c31279a28fc4b2,1,
753,725,2025-11-06,Gift Card,46.38,Failed,txn_fccf0873ac4848f597d87351c50350a5,1,
754,725,2025-11-07,Gift Card,46.38,Successful,txn_83cfcd9b0d204e3498dd7df8c055728a,2,753.0
755,726,2024-07-26,Amazon Pay,256.4,Successful,txn_758779a9f535418181e27d0d7aa1b6e4,1,
756,727,2024-08-19,Debit Card,148.08,Successful,txn_deaa93ad48044e9f87f6ba0552bcbec6,1,
757,728,2024-05-24,Credit Card,63.4,Successful,txn_6c340e5e94f74bbeb8fe386634071d9c,1,
758,729,2025-07-17,PayPal,986.78,Successful,txn_0ceb6e31e0c44e4392089fdda45b56af,1,
759,730,2025-11-28,Amazon Pay,92.92,Successful,txn_d40b308035964d549f8eba1cb6953217,1,
760,731,2024-10-07,PayPal,92.92,Successful,txn_cc708fd8164d4e8dabe87bdcb3ba9e0c,1,
761,732,2025-05-23,Amazon Pay,470.16,Successful,txn_6d4df547d40d4d43943bd3e12be9b6ce,1,
762,733,2025-12-20,Debit Card,243.83,Successful,txn_9340bcb4e67846e7992abb4b421dea8f,1,
763,734,2024-02-22,PayPal,144.99,Failed,txn_e4f1d23095aa4e7ea77e672186ec6663,1,
764,734,2024-02-23,PayPal,144.99,Successful,txn_0ac8986831c8489f8ab096c7eccaaefe,2,763.0
765,735,2024-02-09,Amazon Pay,215.74,Successful,txn_67391a559aa94c3e98bf08829e126d3b,1,
766,736,2024-03-27,Amazon Pay,215.74,Successful,txn_ceab2fbd06b343d2846d2c1ce827cb51,1,
767,737,2024-11-25,Gift Card,491.3,Successful,txn_d00d87889dee447fb21b767ea7889b03,1,
768,738,2025-03-22,PayPal,60.6,Successful,txn_9cb5da026de14922b4b3741087e86688,1,
769,739,2024-03-01,PayPal,174.24,Successful,txn_8aabd700012f4b1a9ddb72a62ffa0239,1,
770,740,2025-05-11,Debit Card,230.52,Successful,txn_d9d5aa3b51e44afca61feaa3d85d56a3,1,
771,741,2024-05-08,Debit Card,975.9,Successful,txn_809e1d07e4df40b484e7beb0721f2077,1,
772,742,2025-03-02,Debit Card,10.34,Successful,txn_4f4a31b6ba5b4b15b635b917337dfd31,1,
773,743,2025-05-28,Credit Card,69.56,Successful,txn_607750b8595442f8b3bc9722953f412e,1,
774,744,2025-09-27,Credit Card,182.5,Successful,txn_4b9a3bd69fbf4e3d9e6b8ae1021da22d,1,
775,744,2025-09-27,Amazon Pay,244.64,Successful,txn_52aba2399c3e4e60b988da687283f71c,1,
776,745,2025-02-16,Gift Card,115.12,Successful,txn_aeb539719255412796ee4c503293ba67,1,
777,746,2025-09-14,Credit Card,330.54,Successful,txn_1e218aab3ff840aa84c78b949836f720,1,
778,748,2025-01-19,Amazon Pay,320.66,Failed,txn_5fb5efc488104026bb081eefec9e011c,1,
779,748,2025-01-19,Amazon Pay,320.66,Successful,txn_18b739f6bd5d4e7aa0a17b1144528a5b,2,778.0
780,749,2024-10-03,Debit Card,325.2,Successful,txn_e42ec4e90bd34f81966e74e74b991f5b,1,
781,750,2024-06-05,Debit Card,156.24,Successful,txn_5a8fb5e6228f4a51a9d8e0a75c0a1e34,1,
782,751,2025-10-31,Debit Card,473.82,Successful,txn_35d542fdf29d413f8b6a1a532167d243,1,
783,752,2025-02-03,PayPal,161.58,Successful,txn_062b4a091b234ccb9c3590da08b45cec,1,
784,753,2024-04-01,Credit Card,35.66,Successful,txn_d08458fb3055457193322029130ddf24,1,
785,754,2024-12-25,Amazon Pay,493.39,Failed,txn_f968907b6dbe410382f25f59a8a84a13,1,
786,754,2024-12-27,Amazon Pay,493.39,Successful,txn_5c1844df29bd42e5a24e80c6b818576b,2,785.0
787,755,2024-06-11,Credit Card,91.32,Successful,txn_18e44a009a2a499aaaa0f63543e56e7a,1,
788,756,2024-04-21,Credit Card,197.04,Failed,txn_e4c9a3cf86044ce8b54caacc641e85d5,1,
789,756,2024-04-23,Credit Card,197.04,Successful,txn_5d2136d50e224a6c98fa04b2bb514f27,2,788.0
790,757,2025-08-16,Gift Card,486.21,Failed,txn_fae1e4c58a264c82853a1bf798592f69,1,
791,757,2025-08-18,Gift Card,486.21,Successful,txn_208bbed612f347ad8ee82fd0a6cae1d1,2,790.0
792,758,2025-03-05,Amazon Pay,387.02,Successful,txn_d2875ef4d7854498820749473f30b4eb,1,
793,759,2024-11-11,Debit Card,1515.73,Successful,txn_d0c1f1dd9f824d49973743f1aaf1b149,1,
794,760,2025-11-20,Gift Card,57.56,Successful,txn_7f2f12a879cc4102a6fc79e38ae636a2,1,
795,761,2025-12-05,Debit Card,317.25,Successful,txn_d805744bcc4b43bca871bf3360d1cee2,1,
796,762,2024-02-09,Amazon Pay,140.95,Successful,txn_bbfdb80bc86d4c699e3941f6d960a16d,1,
797,763,2025-06-27,Debit Card,343.53,Successful,txn_aed15f34b522485887f62f51a99f025f,1,
798,764,2025-12-06,Credit Card,481.47,Successful,txn_7aa5d4136838438ea98ddae13c05b08e,1,
799,765,2024-01-29,Amazon Pay,895.45,Successful,txn_9bba51e916fb455785d839939ca9555d,1,
800,766,2025-04-23,Amazon Pay,150.6,Successful,txn_5ef11b95283f437fa2f93132f4be656e,1,
801,767,2025-05-04,PayPal,149.04,Failed,txn_fcb85497a82d425593e3cd099ebb3d67,1,
802,767,2025-05-06,PayPal,149.04,Successful,txn_6769fa3ddb6f45e4ae151652884c46b9,2,801.0
803,768,2024-05-25,Gift Card,102.39,Successful,txn_19483ad017504feeaae005514ee871b4,1,
804,769,2024-01-04,Debit Card,150.6,Successful,txn_f044d314272b44998ae4058b2d6c88cc,1,
805,770,2024-03-06,Amazon Pay,96.18,Successful,txn_c6817deb6ef241df910b01210936eb7e,1,
806,771,2025-12-13,Credit Card,83.05,Successful,txn_081a0672ca3347d0bc24a1ca7e02ca1b,1,
807,772,2025-01-19,PayPal,1487.23,Successful,txn_42247398f89045cdaeb185722b67bdb3,1,
808,773,2024-05-04,Amazon Pay,1026.93,Failed,txn_5f75bd2219e544b1bf551b6325738a59,1,
809,773,2024-05-05,Amazon Pay,1026.93,Successful,txn_a4e8a8554c244ebf80fb8c6289028a2f,2,808.0
810,774,2024-01-24,Amazon Pay,3928.98,Successful,txn_88dc4b0cae9d425f8e198d7834a8368c,1,
811,775,2025-07-06,PayPal,1471.8,Successful,txn_772b82a2d8e2473598c87e439ec30232,1,
812,776,2025-06-07,Gift Card,297.25,Successful,txn_ce67dff80ac44cbc917dccfc4adf9d25,1,
813,776,2025-06-07,Debit Card,172.91,Successful,txn_e3ff17c17cd5439db905eb9059d9b6cf,1,
814,778,2024-04-17,Debit Card,390.48,Successful,txn_eb3932dc6aea4f2d96b7f7d8f3e16cc6,1,
815,779,2025-09-27,Debit Card,62.04,Successful,txn_12ceda5f9f4b4d39b067d4e3c7cce93f,1,
816,780,2025-01-15,Debit Card,245.25,Successful,txn_46306d2e68114c4089baa4c75fdf5001,1,
817,781,2024-04-08,Gift Card,490.6,Successful,txn_9f115c0e5287480e97758a46c93a97f3,1,
818,782,2024-06-10,Gift Card,85.38,Successful,txn_2995aa991ccb452c84650ee804f5ac3d,1,
819,783,2025-05-25,PayPal,5.4,Successful,txn_bd78ce33b0fd4ec285dd5bc025dc84f2,1,
820,784,2025-08-10,Debit Card,37.7,Successful,txn_ffec195cb9b242859db83819ff7b71ac,1,
821,785,2025-05-23,PayPal,79.71,Successful,txn_2f61450b237c41a99c5070fcf2db213e,1,
822,786,2024-12-05,PayPal,130.16,Successful,txn_f4db3a9bd95e466c82e9cc0eec6a8bba,1,
823,786,2024-12-05,Debit Card,88.54,Successful,txn_834c4a495d764983b4eeb6d23d1bfbf3,1,
824,787,2025-04-28,Debit Card,333.18,Successful,txn_e0921e9fcc32413ab1fcba0ba4c6c728,1,
825,788,2025-04-09,PayPal,480.99,Successful,txn_dddfc87f13d64e57a27984f21b411432,1,
826,789,2024-03-03,Amazon Pay,408.75,Successful,txn_6033f9bd73a1440792ba761199ccacd3,1,
827,790,2025-01-17,Gift Card,575.84,Successful,txn_56660d5d974647848069e011369e9c6d,1,
828,791,2024-03-29,Amazon Pay,161.37,Successful,txn_2904a46659094c7794d2207641ab34a8,1,
829,793,2025-01-19,Debit Card,325.2,Successful,txn_c6e4b77105b94188a43ff4feb50d6d81,1,
830,794,2024-05-14,Debit Card,102.3,Successful,txn_32ebac4fdb2d48efb3d9b1b28c9cb6d0,1,
831,795,2025-04-09,PayPal,134.26,Successful,txn_9d78c01b28ec485ca0b81a603c049c6e,1,
832,796,2025-05-27,Gift Card,127.38,Successful,txn_ec376358b0a94f40b4a5247acf4997ec,1,
833,797,2024-08-31,Credit Card,417.89,Successful,txn_e036006739184aa5bf4c63aef4da39a4,1,
834,798,2025-05-17,Credit Card,160.49,Successful,txn_44ad810e998e4e8c9f05a34bf39293e4,1,
835,800,2024-02-16,PayPal,160.08,Successful,txn_727e365b20a8497fa4d35d1d3dde2844,1,
836,802,2025-12-04,Debit Card,299.91,Successful,txn_8835587ca7084a9591840d4ae2c6f566,1,
837,803,2025-03-13,Debit Card,314.68,Successful,txn_13d913d7dfbf4f5bb1ebb664041aa146,1,
838,804,2024-12-29,Gift Card,150.48,Successful,txn_e1692200a5164847bf2117b52f13a6e7,1,
839,805,2024-11-08,Debit Card,27.6,Successful,txn_f87ab96c91d448c9978d79f10a1c1744,1,
840,806,2025-07-04,Credit Card,64.12,Failed,txn_9ae6a445df3348b1a6c545331b541321,1,
841,806,2025-07-04,Credit Card,64.12,Successful,txn_f7084618d77e46a283668c46834dd743,2,840.0
842,807,2024-06-29,Amazon Pay,345.84,Successful,txn_5e0128bc80b449d7ad19952fcb0f9fd5,1,
843,808,2024-04-24,Gift Card,294.78,Successful,txn_2d5b07963f904f83815bddd5b8ca3d95,1,
844,809,2024-10-22,Debit Card,626.91,Successful,txn_181062f8fff74c01b0ff1ef34bc47bd4,1,
845,810,2024-04-17,PayPal,234.52,Successful,txn_3ff9ac31b9704d4890e525d5dd5b864a,1,
846,811,2025-08-13,Credit Card,575.84,Successful,txn_377e09278eef40e8aff5bbd96c528d23,1,
847,812,2025-12-12,Credit Card,42.46,Successful,txn_86c584957f7c4227ade9cc82acdbc46a,1,
848,813,2025-08-29,Debit Card,113.55,Successful,txn_2b3c5a27ec5a4ec9bcc47b7a857ae468,1,
849,814,2025-06-25,Credit Card,636.12,Successful,txn_6d3406d5ac3348a1890776c419940784,1,
850,815,2024-11-19,Amazon Pay,96.18,Successful,txn_4ba1ccb6de7d4448b446b2e9aeb022a7,1,
851,817,2025-06-23,PayPal,55.35,Successful,txn_7f39234a21064aaf8d96ba1a43aea606,1,
852,818,2025-06-06,Debit Card,1790.9,Successful,txn_4302152ba13f4d1fa702a4bd43624745,1,
853,820,2024-11-25,Amazon Pay,340.08,Successful,txn_ee986e5d8a614ce6bee379fd0bb424be,1,
854,821,2025-07-22,Credit Card,3928.98,Successful,txn_f7b731e3bbb645d98de8add41ae0047f,1,
855,822,2025-03-04,Credit Card,705.24,Successful,txn_beb89f52f7e04076afa29c6bb8b4401f,1,
856,823,2025-09-12,Credit Card,144.51,Successful,txn_89f218809a5449e0aa9ee5ed52763651,1,
857,824,2025-08-01,Debit Card,622.7,Successful,txn_76d6645834984d2aa6a08c1d5e09d1f8,1,
858,825,2024-11-03,Credit Card,130.28,Successful,txn_0dd16c76d7e441edbbfa67da37bf6f64,1,
859,826,2024-03-03,Gift Card,417.94,Successful,txn_44c6dc4d28624a4cb930016fd0ecf200,1,
860,827,2024-02-28,Credit Card,230.56,Successful,txn_18b68724bfd74e0db4b753767fefc2c5,1,
861,828,2024-07-12,Debit Card,56.54,Successful,txn_0fd6a2744f1546f59a02b14c4a5692b6,1,
862,829,2024-02-15,Debit Card,102.3,Successful,txn_356c58b88f544e75a93ff047a55ffeff,1,
863,830,2024-07-19,Credit Card,339.08,Successful,txn_47e3575f824041fe9ec3ec68c72884b4,1,
864,832,2024-08-05,Gift Card,1834.42,Successful,txn_70db64776ecc404a8c0721d91125b717,1,
865,833,2025-06-23,PayPal,122.95,Successful,txn_ebd4c42baf3b4e5d97a28b19db915694,1,
866,834,2024-12-16,Gift Card,1239.09,Successful,txn_f0c001aced584eb48608d18e25235840,1,
867,835,2024-04-06,Debit Card,32.6,Successful,txn_f0e4ed9cdfc34b9083e851fba7404d43,1,
868,836,2024-08-15,Amazon Pay,235.08,Successful,txn_34afdeee68774ff38240679118f71234,1,
869,837,2024-12-31,Amazon Pay,705.24,Successful,txn_060f3f64f1ef45ef9bca8fa4b976148c,1,
870,838,2024-12-18,Amazon Pay,2974.46,Failed,txn_7e91f9d43e304cf087a51f96f551d783,1,
871,838,2024-12-18,Amazon Pay,2974.46,Successful,txn_bbf572d2acae4541a3bf84709f4eed95,2,870.0
872,839,2025-03-03,Amazon Pay,152.2,Successful,txn_53cd751ab5c74bfc8f6985380c2b36fe,1,
873,841,2025-01-02,Credit Card,1386.21,Successful,txn_bcded06c8597438e9d0c97b7c99fe54c,1,
874,842,2025-03-12,PayPal,146.77,Successful,txn_9a870de9275a4f97beb24b1436538786,1,
875,843,2024-11-16,Credit Card,166.4,Successful,txn_4b4a6542213a4c839f45f1ff580746ee,1,
876,844,2024-06-07,PayPal,913.46,Successful,txn_a6df882462f54a33ab559eb44f653657,1,
877,845,2024-01-19,Gift Card,88.26,Successful,txn_82d379dfd4f94da997d756b2e0841186,1,
878,846,2024-12-18,PayPal,626.91,Successful,txn_fc6ce95fc1ba446ca8398507ec00c25e,1,
879,847,2024-01-16,Amazon Pay,70.86,Failed,txn_3b6dd59c8f954dea8a428d236ff97146,1,
880,847,2024-01-17,Amazon Pay,70.86,Successful,txn_41af6c3cbbaf4b418aa70c4e19e18f53,2,879.0
881,848,2024-06-25,Gift Card,529.8,Successful,txn_e4fa6e3c09884053894b1189f4fe88fd,1,
882,849,2024-09-07,Debit Card,390.48,Successful,txn_4919736a72fe446a98d7dcb12fa44b63,1,
883,850,2025-07-14,Debit Card,385.1,Successful,txn_f178fd124c5b49e8b671f15075b6be8d,1,
884,851,2024-11-26,Credit Card,74.52,Successful,txn_dc7ebd5597084a499f2bda434fe67b8e,1,
885,852,2025-07-30,Gift Card,96.66,Failed,txn_91109a6942094b09b11df3bc0363620f,1,
886,852,2025-07-30,Gift Card,96.66,Successful,txn_63461c2372654bc2be110c20c96c85d2,2,885.0
887,853,2025-12-26,Credit Card,49.83,Successful,txn_892c8c8535174646aefca8ea4dda3499,1,
888,854,2024-06-01,Credit Card,1304.73,Successful,txn_53ab227b8d9f47d1ba1c052c7830529b,1,
889,855,2025-06-15,PayPal,56.87,Successful,txn_1c9157a290524851911580f426ccd890,1,
890,856,2024-08-11,PayPal,229.6,Successful,txn_7fa3c2f3bda64e83bfbe39428f1ef5aa,1,
891,857,2025-09-05,PayPal,57.61,Successful,txn_828723961bee4de29443b631db1be8d8,1,
892,858,2024-08-11,Gift Card,490.6,Successful,txn_0ea6f13fac144003a3c488d9929e65e6,1,
893,859,2024-02-02,Credit Card,165.48,Successful,txn_272bb5612e3c4ae9822a6e865bb2cd48,1,
894,860,2025-03-12,Debit Card,307.17,Successful,txn_a995a017012a4e80a2fae556a457321f,1,
895,861,2025-03-25,Gift Card,913.46,Failed,txn_476f690549c7416a8180691faba0cb2e,1,
896,861,2025-03-25,Gift Card,913.46,Successful,txn_cddd48e2e08d4f8986e6b9eb7986c8f1,2,895.0
897,862,2025-02-28,Credit Card,345.15,Successful,txn_40896e46c6914d328667841a32561d65,1,
898,863,2025-06-15,Debit Card,345.84,Successful,txn_4f6f478b028e4662bf4c89a84a68c5fc,1,
899,864,2024-03-30,Amazon Pay,212.3,Successful,txn_ebbb721bd1124c5697081229c247990f,1,
900,865,2025-02-20,PayPal,359.48,Successful,txn_d3616311ba4c4f2f908d743f62944ad7,1,
901,866,2024-10-22,Amazon Pay,32.06,Successful,txn_92e3db7e800b42bc823d214b8721ef22,1,
902,867,2024-05-07,Credit Card,115.28,Successful,txn_f0a6f03f8aa346aa928bd8c17377e998,1,
903,868,2024-03-31,Gift Card,438.3,Successful,txn_70028611726f40a1a94f85dc51173ae9,1,
904,869,2024-03-19,Gift Card,150.6,Successful,txn_3f935446a12b4d4599e0f52ac8f145b6,1,
905,870,2025-12-09,Gift Card,154.63,Successful,txn_92be40d87b744b00806186b3e89e324d,1,
906,871,2025-12-06,Amazon Pay,1337.83,Successful,txn_276490985a9b4dab9c310b4741d6c598,1,
907,872,2025-06-06,PayPal,92.3,Successful,txn_822b1de3f0044238845cd04c906e5781,1,
908,873,2024-12-26,Credit Card,13.8,Successful,txn_fc2c690c234446d18a635e7e5214d2bc,1,
909,874,2025-12-14,PayPal,626.91,Successful,txn_4999af600e674ce49ba0da48fff41002,1,
910,875,2025-08-14,Debit Card,169.84,Failed,txn_a06d16cc40f74ac6b6012f8a555638d8,1,
911,875,2025-08-15,Debit Card,169.84,Successful,txn_ef702a530a0b407f8c8928c3577e2b02,2,910.0
912,876,2024-05-16,PayPal,82.4,Successful,txn_6ea317715c7146a5aa36ee7846c76060,1,
913,877,2024-05-04,Credit Card,564.84,Successful,txn_0b28e793676b4dd4bea2f51fe4266609,1,
914,878,2024-01-03,Debit Card,85.38,Successful,txn_e26fb37058dd40e09e3e621285e01706,1,
915,879,2025-08-02,Amazon Pay,383.68,Successful,txn_cad46defab6643cd8f455cd8c50c82a7,1,
916,880,2024-12-10,Gift Card,55.55,Successful,txn_b7efb1c6c55e41078d9133fbefe39fd4,1,
917,881,2024-02-12,Credit Card,383.68,Successful,txn_5bc62c4504a54e3b85c9b02b64938a44,1,
918,884,2025-09-25,Gift Card,123.1,Successful,txn_acaa65a53fa34de1a7cfdf03b8272576,1,
919,885,2024-01-07,Debit Card,283.44,Successful,txn_c14266bd35cd483da88696300892079c,1,
920,886,2025-04-25,Debit Card,161.13,Successful,txn_e01f9e3c16514516b28f8885ec338b4d,1,
921,887,2024-05-31,Debit Card,218.7,Failed,txn_24c49775c95646e29dc1891ada0fb221,1,
922,887,2024-06-01,Debit Card,218.7,Successful,txn_48dbec0b3f6b42769b8c189120170271,2,921.0
923,888,2024-04-15,Credit Card,286.65,Successful,txn_c412d89316254005aefc4a95825b67b3,1,
924,889,2024-05-13,Amazon Pay,160.49,Successful,txn_c87bcde6179944efb343be46a86a82e4,1,
925,890,2024-12-02,Debit Card,222.12,Successful,txn_bdc2a06e0e1b42e482c9aaa8862a5262,1,
926,891,2024-02-20,PayPal,93.95,Successful,txn_0ae175b29dd64ed29b0c633d65bb5329,1,
927,892,2025-01-03,Amazon Pay,774.04,Successful,txn_ad2e46b45da34a8b804bd61dfdd76b52,1,
928,893,2025-06-30,Amazon Pay,341.52,Successful,txn_65e419623d764dc9808f6d6144f12f9a,1,
929,894,2024-12-27,Gift Card,81.75,Failed,txn_44793e5be74542d3ba6c1b3f4db76377,1,
930,894,2024-12-27,Gift Card,81.75,Successful,txn_71f7e9b21b184df581b03810f014abd8,2,929.0
931,895,2025-05-26,PayPal,153.72,Successful,txn_6ecc65f29ef443428d059f8582f6233d,1,
932,896,2024-02-08,Gift Card,376.56,Successful,txn_2c4b9ad7a6e04b7dbb407990ee7f6009,1,
933,897,2024-10-03,PayPal,68.49,Successful,txn_fab275680e3642d2b7774324a19db1ea,1,
934,899,2025-10-07,PayPal,345.78,Successful,txn_3696d3c5e6e74a45987529de4f64af6d,1,
935,902,2024-09-30,Debit Card,64.5,Successful,txn_ec535281d0434f8cbae601b061764aca,1,
936,903,2024-10-28,Debit Card,625.15,Successful,txn_72897fe8807c44ea84c2566636ad7760,1,
937,904,2024-05-15,Amazon Pay,114.8,Failed,txn_7cee7d1c68a9450f8c94eef876c19ad9,1,
938,904,2024-05-17,Amazon Pay,114.8,Successful,txn_ff1f102ac11c4af687208075eb989310,2,937.0
939,905,2024-04-27,Credit Card,93.95,Successful,txn_9f4e2038fb654ddca7e99ed2c64fe4c9,1,
940,906,2025-08-13,Credit Card,152.2,Successful,txn_2a2923676e3b4105a6793072bf7e3967,1,
941,908,2024-10-21,Debit Card,484.65,Successful,txn_9be2cb0823b445e1965a73a84cf78a9a,1,
942,909,2025-12-06,Credit Card,969.3,Successful,txn_d7aa6dd8dd22444fa94c4823204cd9e0,1,
943,910,2025-04-16,Credit Card,23.36,Successful,txn_af8044c66c904cf1b251704d15cfc5db,1,
944,911,2025-05-07,Credit Card,78.7,Successful,txn_c82979c4ace84680a37103eb357e3855,1,
945,912,2024-04-08,PayPal,197.04,Successful,txn_01196203557442faa7c94a520ab7c16e,1,
946,913,2025-11-19,PayPal,188.28,Successful,txn_47070aa48da24d438fa889ac0f82cdd8,1,
947,914,2025-08-02,Debit Card,21.13,Successful,txn_d629bcd7f3b44964a90378af1e7be4ca,1,
948,914,2025-08-02,PayPal,39.47,Successful,txn_c7cd1e4077f448489fcdc6bab453a9cd,1,
949,915,2024-11-22,PayPal,88.56,Successful,txn_5a615b6c113d4e34ae70b6635b0faeb9,1,
950,916,2025-03-20,Gift Card,73.86,Successful,txn_82249816f10942b4971c7e59bb66df5b,1,
951,917,2024-12-17,Gift Card,423.84,Successful,txn_31ad31f3c71a4cac9c895c5adcbe46d3,1,
952,918,2024-07-17,Debit Card,417.94,Successful,txn_2096a3117b4b494599d8f5c1dd29cd83,1,
953,919,2025-06-26,Credit Card,431.88,Successful,txn_5df9d20920a64f3c982a6bef0094546e,1,
954,920,2025-08-18,Gift Card,427.14,Successful,txn_4593debdf880457ea97f0588309f7938,1,
955,921,2025-07-14,Amazon Pay,167.6,Successful,txn_a91ba1af7c744a8c9ae457a465101b32,1,
956,922,2024-12-11,Debit Card,63.4,Failed,txn_6d3d2fcd08b74496b8fe589841ced86b,1,
957,922,2024-12-12,Debit Card,63.4,Successful,txn_b8b500d8970047d9b75dfd20a3ffed5b,2,956.0
958,923,2025-07-18,Amazon Pay,417.89,Successful,txn_69fc439c20634be887829ad5107a0b5e,1,
959,924,2024-11-01,Credit Card,30.61,Successful,txn_4be7b0fd666b46c195a09fcf1e70b725,1,
960,924,2024-11-01,Amazon Pay,11.51,Successful,txn_011c46baa99e4ffba032a132979d75b4,1,
961,925,2024-04-08,Credit Card,671.3,Successful,txn_1d83ae53802040f5b032aaa6c541a5ea,1,
962,926,2024-07-26,PayPal,172.6,Successful,txn_f8baffa11bb64a2da38e1e70a42d4707,1,
963,927,2025-11-14,PayPal,207.09,Successful,txn_60c227f4ce9443e88a7403c5a88af93b,1,
964,928,2025-09-12,Debit Card,172.83,Successful,txn_2af745574b11434088faa559b061571d,1,
965,929,2025-09-24,Credit Card,161.37,Successful,txn_f8fbf1dc855c437eb764b64d278118ee,1,
966,930,2025-12-11,Gift Card,157.34,Successful,txn_ce6064d2cad94531a7347f112682b239,1,
967,931,2024-08-06,Gift Card,110.18,Successful,txn_3838339b337a4fd0b7f827040cbc2e8b,1,
968,932,2025-11-02,PayPal,132.85,Successful,txn_175a915029fe42af9dee3cf4ee26c515,1,
969,933,2025-02-28,Credit Card,281.88,Successful,txn_517d2ccfb6dd4cb4adac2927f5c9fd67,1,
970,934,2024-07-30,PayPal,104.49,Successful,txn_7cedadc2dae8477c97d6f5f46a24b52d,1,
971,935,2025-05-25,Amazon Pay,74.03,Successful,txn_721ebb14edd045478b52ec99f67b4384,1,
972,936,2025-09-17,Gift Card,87.12,Successful,txn_ba4b12e8ee09412ea00404390496bfd4,1,
973,937,2025-12-25,Gift Card,212.04,Failed,txn_17fd169d36084fa29aaf07df5e70788a,1,
974,937,2025-12-26,Gift Card,212.04,Successful,txn_56738d859a584bd39b1944abd50f7d80,2,973.0
975,939,2025-04-03,Debit Card,263.2,Successful,txn_caf1cf356b1c4f2583503a3038f9ae1d,1,
976,940,2025-11-25,Gift Card,794.7,Successful,txn_305a924697904904b982256171304de3,1,
977,941,2024-07-20,Debit Card,190.2,Successful,txn_bda018bb85e642f2ba1f9b4804211477,1,
978,942,2025-05-01,PayPal,92.76,Successful,txn_018520d3964648f3bf65ab93500bdd8e,1,
979,944,2025-10-05,PayPal,68.13,Successful,txn_9687241919524e21b201e844c62cff7a,1,
980,945,2024-08-22,PayPal,8.59,Successful,txn_837de56bbc5146ccbfda507ca53d8ca8,1,
981,946,2024-03-13,PayPal,72.03,Successful,txn_fb4a5dc517d240d1a8936bbe84cfe8ec,1,
982,947,2025-10-07,Gift Card,200.64,Successful,txn_3760bcf9b89a48abb165dd1ed20af9bc,1,
983,948,2024-03-01,Gift Card,2976.6,Successful,txn_c29f3fa0a2d14094a8589f18aa9493f2,1,
984,949,2024-12-08,PayPal,245.25,Successful,txn_39fdc05b983544f2aef98a630290413c,1,
985,950,2024-05-26,Debit Card,220.0,Successful,txn_ed03ae9d37d3400e9442035f6593e45f,1,
986,951,2024-01-08,Gift Card,288.05,Successful,txn_2007d444e14145d3ab281f6b2df29da1,1,
987,952,2024-02-02,Amazon Pay,134.0,Successful,txn_e8531c83adf14b30811f121aa0e09f0f,1,
988,953,2025-07-10,Amazon Pay,1964.49,Successful,txn_d1565afd6ca14d968ab76b0fcb6001a4,1,
989,954,2024-05-16,Debit Card,297.92,Failed,txn_847f7952a4ba46919c3ab8e3a5119552,1,
990,954,2024-05-16,Debit Card,297.92,Successful,txn_3be9c3178a32426297bf1a826822a697,2,989.0
991,955,2024-08-15,PayPal,330.96,Successful,txn_c625a1a2c34a48d7989c223177595727,1,
992,956,2024-06-09,PayPal,981.2,Successful,txn_f0f414a1ae3a4ab1b74e067b8518c89f,1,
993,957,2024-06-20,PayPal,140.95,Successful,txn_cfd70ddf5b374d28830e96c01e9bafaf,1,
994,958,2025-03-05,Gift Card,64.5,Failed,txn_2f44d0851972403d8bc501bb4b29d934,1,
995,958,2025-03-05,Gift Card,64.5,Successful,txn_6e7a1e0bc8bd40a391fccf81a155f93b,2,994.0
996,959,2024-04-06,Credit Card,304.0,Successful,txn_33a2dd1db70b4f63a579b4f8d3d0addc,1,
997,960,2025-07-18,Gift Card,245.72,Successful,txn_d5f80deb6ea74474bb0fe053b2c51490,1,
998,960,2025-07-18,Debit Card,245.58,Successful,txn_4fc40a74bfba4ae783d19c85de46964c,1,
999,961,2024-06-28,Amazon Pay,74.03,Successful,txn_aeb310fb897d47a7b3fe45e01f92b89b,1,
1000,962,2024-01-02,Credit Card,243.83,Failed,txn_8624d55a341b4422b87053e557b62a88,1,
1001,962,2024-01-03,Credit Card,243.83,Successful,txn_8c42480754094a86984bbdfb2cb4155b,2,1000.0
1002,963,2025-03-30,Credit Card,1458.63,Successful,txn_ac23c23835ca43868c69321ff9dac60a,1,
1003,964,2025-06-20,Credit Card,118.08,Successful,txn_7f6d1e73ff814fda9fb32164b95674ad,1,
1004,965,2025-12-02,Debit Card,330.54,Successful,txn_ac700d77a41847de8df6287dc9131f34,1,
1005,966,2024-02-03,Gift Card,222.09,Successful,txn_3c71be003e4a4e2cba2d17c158687e82,1,
1006,969,2024-06-09,PayPal,232.15,Failed,txn_5cf16302f86c40ea9f45c35ae3dfc13a,1,
1007,969,2024-06-10,PayPal,232.15,Successful,txn_0d416c18222c4329ace6d9418c5a8219,2,1006.0
1008,970,2024-09-07,Amazon Pay,81.2,Successful,txn_5966ce5557df46b4aed1a9751d89cdeb,1,
1009,971,2025-10-13,PayPal,311.35,Successful,txn_abcf0ae270124382b4b8328da3c7cf22,1,
1010,972,2024-06-02,Gift Card,32.96,Successful,txn_2fbe615de5fe407c8f10b288bcaab03a,1,
1011,973,2024-06-14,Gift Card,215.74,Successful,txn_fc4a124c0fcb47e9b0c8a55370dbffca,1,
1012,974,2025-11-16,Debit Card,304.0,Successful,txn_efa4956650e646faa1220ec98477a65d,1,
1013,975,2025-11-30,Credit Card,261.36,Successful,txn_877ef6c1639f4285ae09c9fe7aacf25d,1,
1014,976,2025-09-13,Gift Card,115.12,Successful,txn_f60fba9babb14a988641686e8b3922ea,1,
1015,977,2025-01-09,Credit Card,161.4,Successful,txn_1a917fec3bdb442a9fe069a2aee8b7ad,1,
1016,978,2025-03-27,Amazon Pay,143.96,Failed,txn_2a0603fd3eaa4451917d445581f2d067,1,
1017,978,2025-03-29,Amazon Pay,143.96,Successful,txn_535865fbe1d54c90af261a1bfcd77d46,2,1016.0
1018,979,2025-05-30,Amazon Pay,1253.62,Successful,txn_87fc807a9ae34ebeb87a53425098e7d2,1,
1019,980,2024-05-01,Gift Card,1350.92,Successful,txn_298b3bfbc60546539bee353c5c9b45a6,1,
1020,981,2024-03-15,PayPal,49.18,Successful,txn_a7274325373240fc816bc08d6963d0ce,1,
1021,982,2025-01-08,PayPal,33.22,Successful,txn_1dc64b4e2d25433e8fcd7d7e1eb10a93,1,
1022,983,2025-06-05,Amazon Pay,149.8,Successful,txn_989d1651cf6a4335ab4237206df34d68,1,
1023,984,2024-10-16,PayPal,895.45,Successful,txn_6a0a3f4a4f7442b6a9cedb3bef9cec66,1,
1024,985,2024-11-18,Amazon Pay,583.68,Successful,txn_84bd14b920764b5b871587d31066c232,1,
1025,986,2025-07-28,Credit Card,85.76,Successful,txn_c6365b313918442fbebb92efb1b81f33,1,
1026,987,2025-03-06,Credit Card,503.7,Successful,txn_bad0b1e0a99e4b96ab9c5ba5ba99c4b6,1,
1027,989,2024-12-05,Amazon Pay,225.9,Successful,txn_97d780310f92422ca5df12a8f42a7352,1,
1028,990,2024-11-08,Credit Card,68.2,Successful,txn_806d902fa9044fddb8ac3bd144bf6c3c,1,
1029,991,2025-09-27,Debit Card,102.48,Successful,txn_6f4dc5ea8f024f758cfa2c7f7ec3c218,1,
1030,992,2025-08-16,Gift Card,156.53,Successful,txn_bdbe068abf2c4cda963c22f945e4d287,1,
1031,993,2025-12-29,Amazon Pay,58.84,Successful,txn_e8b26d59206f49e09117f3cd71d8d69c,1,
1032,994,2024-04-11,Amazon Pay,89.88,Successful,txn_c220aa63a84d44f9ae0a76c33d563b2d,1,
1033,995,2024-11-30,Amazon Pay,408.75,Successful,txn_27629a278a9643ad9878adb1706482fb,1,
1034,996,2025-02-09,Gift Card,128.24,Successful,txn_c34e52f7e86c4c74a3f240f8ffd29f97,1,
1035,997,2025-08-12,Amazon Pay,28.78,Successful,txn_45f1c93f62d44d3e96d34eafd509ddee,1,
1036,998,2024-06-23,Gift Card,389.12,Failed,txn_b5c83e0f4f2347a28658a6cc2076591d,1,
1037,998,2024-06-25,Gift Card,389.12,Successful,txn_c2ccd736c090403baea50e088caa8a20,2,1036.0
1038,999,2025-04-03,Debit Card,138.3,Successful,txn_ba592b217ef64f2fb51f55251f7ea4fa,1,
1039,1000,2025-09-28,Credit Card,45.66,Successful,txn_66f69e54ecd2454c8dbf1600b5c3dabb,1,
1040,1001,2024-10-31,Debit Card,65.8,Successful,txn_d2a49b201d9442cbac5e330f138fcba8,1,
1041,1002,2024-10-04,Amazon Pay,54.36,Successful,txn_737f9f09e51e48b2b05927d8416c1a26,1,
1042,1003,2024-12-14,Debit Card,254.31,Successful,txn_a0a022eb651f4a6894a9196f27e79782,1,
1043,1004,2024-02-17,Credit Card,26.08,Successful,txn_668556e34bfb48ca96697559977b6b1c,1,
1044,1005,2024-09-23,Debit Card,259.92,Successful,txn_95fbdf240ec64b4983b61093e329b8f0,1,
1045,1007,2024-01-10,Amazon Pay,136.4,Successful,txn_a1befaffb27545b6bf9c47b0e80ddf76,1,
1046,1008,2024-08-18,PayPal,661.92,Successful,txn_b7f40782610941f8aeec2ceb423db633,1,
1047,1009,2024-11-06,Amazon Pay,330.54,Successful,txn_b217d9b67c0b4c5bbb521849b114eb9b,1,
1048,1010,2025-09-22,Debit Card,93.96,Successful,txn_1ca70787b50240f0b19364b8e92f1700,1,
1049,1011,2024-05-24,PayPal,521.12,Successful,txn_fe1c3a51d7d94cf1bce998e4813bcd9c,1,
1050,1012,2025-05-13,PayPal,87.08,Successful,txn_da49be27bb76486ba52e3e408b42c59d,1,
1051,1013,2024-08-24,PayPal,232.3,Successful,txn_414b545452be4d4aaede1a3575c02f52,1,
1052,1014,2025-10-17,Amazon Pay,1488.3,Successful,txn_e71284b39d4b4776adcfe6df3075e049,1,
1053,1015,2024-06-27,PayPal,281.88,Successful,txn_2563530b0b2349f2b8256c63a073fbd5,1,
1054,1016,2024-10-13,Credit Card,196.52,Successful,txn_ade39b8631e74896b67eadf9423d18df,1,
1055,1017,2024-07-09,PayPal,106.02,Successful,txn_4ff8280626c0459fbefcf8465b90ad83,1,
1056,1018,2025-05-02,Debit Card,389.12,Successful,txn_771cd9b492c942e8b72a8c7415c20143,1,
1057,1019,2025-07-26,Amazon Pay,193.36,Successful,txn_2590db1c25b54eb292375a250ab799d8,1,
1058,1021,2025-06-13,Debit Card,1350.92,Successful,txn_a322cac0c61a47c3aea3cf8f4806d6a6,1,
1059,1022,2024-03-19,Credit Card,211.5,Successful,txn_fbce97702bd74b4ca0693d29af188d93,1,
1060,1023,2024-08-14,PayPal,477.88,Successful,txn_e265c4ce359b4971b25c80c3c84caf16,1,
1061,1024,2024-10-23,Gift Card,53.14,Successful,txn_997ec7cb46d5427eb00f75eaef772f04,1,
1062,1025,2024-01-12,Debit Card,87.21,Successful,txn_f08f043cb3c04a7a8fbd754e2f3a48a0,1,
1063,1026,2025-11-07,Amazon Pay,718.15,Successful,txn_9c976026ff30451e8bb380e95f8adc3f,1,
1064,1027,2024-06-04,Debit Card,58.63,Successful,txn_08fdf4eb516d48f6b59e987c9cfb454e,1,
1065,1028,2024-12-24,Debit Card,15.15,Successful,txn_afc4e1fca19c4d87ad7697f02dc22f5f,1,
1066,1029,2025-08-23,Amazon Pay,82.5,Successful,txn_21be9a6e549f4f189d2f7eb45675e5f0,1,
1067,1030,2025-02-17,Debit Card,413.03,Successful,txn_b2952207da5448b4b7d496fb5ce3df6a,1,
1068,1031,2025-07-13,Debit Card,144.51,Successful,txn_4e244ed8568a4e00934fcd560f18eb5a,1,
1069,1032,2024-03-12,Amazon Pay,141.13,Successful,txn_8488010152c1468fb3e722aed99a167c,1,
1070,1033,2024-02-26,Gift Card,126.36,Successful,txn_0c06ffe8aadd4cf1b81ebf0085dddbe4,1,
1071,1034,2024-03-23,PayPal,1096.96,Successful,txn_9c5bfaf8594d49338d4ee2e8e59940ef,1,
1072,1035,2025-09-27,Amazon Pay,79.2,Successful,txn_7158734953f14c9d9d93993897d29132,1,
1073,1036,2025-01-19,PayPal,41.6,Failed,txn_567c8afa4c254f21a06791b4de4564bb,1,
1074,1036,2025-01-19,PayPal,41.6,Successful,txn_f93181c424ac40fcb76a79016dc5e288,2,1073.0
1075,1037,2024-07-14,Credit Card,59.4,Successful,txn_473b5b17ad5842f0934e4c896787a38d,1,
1076,1038,2025-05-16,PayPal,82.4,Successful,txn_a50f42286ab449b599e6f9af9ec50b73,1,
1077,1039,2025-05-23,Amazon Pay,125.28,Successful,txn_0047cc67b01e41a092ecbd30d2422c20,1,
1078,1040,2025-01-28,Credit Card,526.95,Successful,txn_3662bad9094d4eb4bb55bf10a8f6866b,1,
1079,1041,2025-03-15,Gift Card,345.15,Successful,txn_8d923846381749ea88772c4686cf681b,1,
1080,1042,2025-07-27,Amazon Pay,826.06,Successful,txn_a0fb3cb4909e4333b66e9c6d398a9ce2,1,
1081,1043,2025-09-20,Debit Card,153.84,Successful,txn_f6f8abfff4d6430c83a744c8cb4fb61a,1,
1082,1044,2024-07-11,Credit Card,11.07,Successful,txn_addadd5ec66f44dd9351175b1474ae07,1,
1083,1045,2025-02-08,PayPal,2609.46,Successful,txn_9ba7c3bfbb904531b7b30a0a7527cae3,1,
1084,1046,2025-03-31,Amazon Pay,44.28,Successful,txn_66b9b76333034c5da78f411ea6fecbf9,1,
1085,1047,2024-03-17,Amazon Pay,147.6,Successful,txn_47b4fc3aab3f4d2481584c769ae807a0,1,
1086,1048,2024-02-03,Gift Card,89.88,Successful,txn_0eef5cc92275473b9fda8937f9f9de56,1,
1087,1049,2025-11-19,Debit Card,1421.46,Successful,txn_9ecc6545d375496ab1e5181bd69801d9,1,
1088,1050,2025-07-25,PayPal,17.83,Successful,txn_01de4c22e0d2428392ac2d3e5240f0a3,1,
1089,1051,2024-12-04,Credit Card,29.52,Successful,txn_7acd931da3cc4f549289067114bf7232,1,
1090,1052,2025-07-09,Credit Card,196.8,Successful,txn_f263fc41a169499c95c0ec93fd0b1076,1,
1091,1054,2025-12-10,Credit Card,1964.49,Successful,txn_f3f41ab82e3c417db90bc6dd9fde4112,1,
1092,1055,2025-12-18,PayPal,511.06,Successful,txn_6958a32f7c7942a68a2971463ee46b7d,1,
1093,1056,2025-07-04,Gift Card,2974.46,Failed,txn_922786b681b24dcabada7304a37b3dc7,1,
1094,1056,2025-07-04,Gift Card,2974.46,Successful,txn_9dfd9a8fc3234cb8b43b95453775a069,2,1093.0
1095,1057,2024-11-21,PayPal,240.12,Successful,txn_5d75ea877a8d4d989bc4496952bfc05f,1,
1096,1058,2024-03-16,PayPal,332.07,Failed,txn_803db9ae427e46e5943f1dc98e25b031,1,
1097,1058,2024-03-18,PayPal,332.07,Successful,txn_318d0ce214734c4d884f1b5139590cab,2,1096.0
1098,1059,2024-08-22,Amazon Pay,46.38,Successful,txn_575cba390cdb442da71aa76afb56d5f8,1,
1099,1060,2025-06-27,Debit Card,147.6,Successful,txn_c7f0bb3b96ff4be7b1357c105a59bba1,1,
1100,1061,2024-10-15,Amazon Pay,307.6,Successful,txn_7d5936fe141a4130aa4e086c220649d3,1,
1101,1062,2025-06-02,Gift Card,118.08,Failed,txn_6d841e144c9f40fd95bcee44838e879f,1,
1102,1062,2025-06-02,Gift Card,118.08,Successful,txn_2640ef547a674c2595665b4f5b166e44,2,1101.0
1103,1063,2024-08-07,Amazon Pay,124.8,Successful,txn_611049ba5ec04319a25cf3629f8fd133,1,
1104,1064,2024-09-16,PayPal,69.66,Successful,txn_b08da173fb154a98b19a046c01f3be23,1,
1105,1065,2024-07-11,PayPal,20.2,Successful,txn_1911a8fb2105444daf3519f5e3eff99e,1,
1106,1066,2024-06-05,Gift Card,175.75,Successful,txn_d1396a390cf14ee190cb9b1ddb165a3b,1,
1107,1067,2025-09-25,Gift Card,65.92,Successful,txn_f5537ff63db84b4b851690f66d9f3a0f,1,
1108,1068,2025-09-24,Gift Card,78.38,Failed,txn_5c34b7571f1f42adb7a77c794a33d86d,1,
1109,1068,2025-09-25,Gift Card,78.38,Successful,txn_6f69e4c429d04796bf24493022a3eaa8,2,1108.0
1110,1069,2025-11-27,Credit Card,141.13,Successful,txn_854712e567f0437d8d5dd585a2fc4aa7,1,
1111,1070,2024-03-28,Amazon Pay,320.66,Successful,txn_b4271b95baa74c2294c2250f28edb7d5,1,
1112,1071,2024-09-30,Credit Card,1304.73,Successful,txn_6c4684f5fc3346d8bf6c021656cfabd8,1,
1113,1072,2025-01-08,Credit Card,46.43,Successful,txn_2cda09b381f64610ae3823069f1b7a82,1,
1114,1073,2024-01-13,Credit Card,278.76,Successful,txn_20b4a9e6234e41a8b88fb228faa8ad41,1,
1115,1075,2025-05-07,PayPal,42.12,Successful,txn_9a27d5e59a2b466596a167541a224958,1,
1116,1076,2025-03-16,Debit Card,193.32,Successful,txn_5728cdd4d44f47ed9f670a39842e55cf,1,
1117,1077,2024-08-31,PayPal,1239.09,Successful,txn_01e96f78a0f64a8999ff8ca74dfbd4e3,1,
1118,1078,2025-09-28,Debit Card,34.78,Successful,txn_88184d263a7e4be08a62f6d63618103d,1,
1119,1079,2024-03-27,PayPal,195.95,Successful,txn_5bf70c4736174272a9c0c489b8a251c5,1,
1120,1080,2024-03-05,Credit Card,564.84,Successful,txn_2e4241f439f14892a4cf8e2cf95322cd,1,
1121,1081,2025-04-04,Gift Card,22.71,Successful,txn_f874eebc87a94ab9b798a99c3f12acd0,1,
1122,1082,2025-08-22,PayPal,115.12,Successful,txn_eeadf5c54ef947df9a6a5c95e8af8cac,1,
1123,1083,2024-03-17,PayPal,48.34,Successful,txn_deb7a9450afe40ca9fa41ae288e70d78,1,
1124,1084,2024-09-08,Debit Card,25.77,Successful,txn_d4e53963703b45a88473989348db97f4,1,
1125,1085,2025-12-02,Credit Card,626.91,Successful,txn_37a20b7041d3402399ac20525ceba561,1,
1126,1086,2025-04-12,Amazon Pay,143.96,Successful,txn_bf28eaa1d63d4d1da74bd1a0a1a41154,1,
1127,1089,2025-02-11,Gift Card,129.0,Successful,txn_cd7678574f3048d2910c3d7351b602f0,1,
1128,1090,2024-10-20,PayPal,342.31,Successful,txn_9ca84990ee214c54a5beef233488727c,1,
1129,1091,2024-06-11,PayPal,70.68,Successful,txn_3efdb7130d0948049b8d1c0f001bcf82,1,
1130,1092,2025-08-29,Amazon Pay,25.77,Successful,txn_40259e264f044c67a2f5f9f10398ae75,1,
1131,1093,2024-07-27,Debit Card,229.6,Successful,txn_7b491c3731bd4745a9b61016c5df4830,1,
1132,1095,2025-12-22,Amazon Pay,539.22,Successful,txn_cf570cdb78784d18b7082c5e0c4e3166,1,
1133,1097,2024-01-28,Credit Card,60.6,Successful,txn_ee2e28b2abbf4f5b822ce253ddaed405,1,
1134,1098,2024-03-21,Credit Card,1386.21,Successful,txn_0076b60691224e6b8801309e988364b9,1,
1135,1099,2025-10-15,Credit Card,97.2,Successful,txn_5641cdbf5008424594af88150c3e5f83,1,
1136,1100,2025-04-03,PayPal,483.36,Successful,txn_bc701389327e4484a00801983e100d4f,1,
1137,1101,2025-05-15,PayPal,139.32,Successful,txn_3ea2248f580a43cd8f68895553f17b51,1,
1138,1102,2025-11-17,Debit Card,11.5,Successful,txn_c7eb304c65f24d96952d6b200780e08b,1,
1139,1103,2025-08-02,Gift Card,312.3,Successful,txn_da6213d753464d1ab24915ee375507a1,1,
1140,1104,2025-06-29,PayPal,210.6,Successful,txn_212482df30e142eb8a35001ea6a011e1,1,
1141,1105,2024-09-07,Amazon Pay,24.01,Successful,txn_754c4787baba465ea8f7aa2eece94d07,1,
1142,1106,2025-10-18,Debit Card,125.7,Successful,txn_0f7d6850b9144725878e024b4bcc836b,1,
1143,1107,2024-03-22,Amazon Pay,2155.36,Successful,txn_e3f7b0d219634748980d1c40b8bf8c37,1,
1144,1108,2024-11-01,Gift Card,243.83,Successful,txn_7c824c29f4e640cc863179372a8dffb3,1,
1145,1109,2024-08-26,Amazon Pay,252.78,Successful,txn_c5ad49b090da4eceb4bf518071736566,1,
1146,1110,2025-12-09,Debit Card,26.8,Successful,txn_e2be66132fd04d868951f328dbdc9dc1,1,
1147,1111,2024-06-17,Credit Card,230.44,Successful,txn_816fac87070741c380d2f55531cc2a71,1,
1148,1112,2025-02-27,Credit Card,102.48,Successful,txn_6fd6a0bd0d1940788fd6e05f45e4d5c1,1,
1149,1113,2024-04-18,Credit Card,264.9,Successful,txn_2f1f68f4693f4a0aaa53a3de48e673d1,1,
1150,1114,2025-02-23,Credit Card,45.42,Successful,txn_4c13682142a24c4fb8ebf193725a3cf5,1,
1151,1115,2024-12-17,Debit Card,3928.98,Successful,txn_7f3b672a49604746a4f7f628ad0dd9c5,1,
1152,1116,2025-04-06,PayPal,35.34,Successful,txn_c77648c0f3ac4bfdb4581fe9d31b6887,1,
1153,1117,2025-12-30,Amazon Pay,139.12,Successful,txn_29109e9c160243769a04bdaeb43a220f,1,
1154,1118,2025-10-14,Gift Card,115.12,Successful,txn_ecb2e405637d4b3eb603d001c326b26e,1,
1155,1119,2025-02-18,Credit Card,402.78,Failed,txn_806994b764d84d7c8e728c2bf8567d19,1,
1156,1119,2025-02-19,Credit Card,402.78,Successful,txn_bd76ef0a291941b8b03601b6a855d051,2,1155.0
1157,1120,2024-05-14,PayPal,113.14,Successful,txn_8fe5f34a2006495ea15253ada30d3dd2,1,
1158,1121,2025-02-23,Gift Card,222.09,Successful,txn_8ed7c920651b4116a3721bb229175a95,1,
1159,1122,2025-06-22,Amazon Pay,207.98,Successful,txn_d158a7a9100c440c81c9d8d5cad7e743,1,
1160,1123,2025-08-12,PayPal,895.45,Successful,txn_a7c67c837e9342528d8cd2458dfea016,1,
1161,1124,2025-06-26,PayPal,300.16,Successful,txn_c7fd3a7751894d0d9b7a39a2a3f5f6c2,1,
1162,1125,2024-04-02,Debit Card,175.75,Successful,txn_e8e97eb955df48fbbbfb8c97b19d4dd2,1,
1163,1126,2025-07-16,Debit Card,59.4,Successful,txn_07fad036ec604a82ae43bdfc28e3f4a6,1,
1164,1127,2024-01-05,Debit Card,11.5,Successful,txn_44c1e2ef1acb4638b5e38804f473d3fd,1,
1165,1128,2025-04-23,Amazon Pay,82.4,Successful,txn_778f3cf7d8ec47418c1d181ccc875dd2,1,
1166,1129,2025-01-19,Credit Card,1350.92,Successful,txn_dabc469edb844d2eac2282ad40f545ee,1,
1167,1130,2025-06-28,Debit Card,65.31,Successful,txn_4bb2f06785024ad99f0d9a5249ebe6a0,1,
1168,1131,2025-02-19,PayPal,160.49,Successful,txn_f4304bac3c7041afb7f0e3fdafc8201c,1,
1169,1132,2024-01-28,PayPal,152.25,Successful,txn_148000221ef44cc7a343d16935bbffd9,1,
1170,1133,2025-04-04,Amazon Pay,307.11,Successful,txn_c0bf5fb894694591b5db96c2261ef901,1,
1171,1134,2025-12-21,Credit Card,2609.46,Successful,txn_992edf1136f94e44a39d21c11a8ed150,1,
1172,1135,2024-10-18,Debit Card,913.46,Successful,txn_60fe007688604796819c7395c4ca801c,1,
1173,1136,2025-01-15,PayPal,573.3,Successful,txn_66282dff6c934c92ac9be825d77b8aa8,1,
1174,1137,2025-12-12,Debit Card,60.32,Successful,txn_1f38f811ddd7417e8807a8c51f08680b,1,
1175,1138,2025-02-02,Gift Card,2976.6,Successful,txn_16dd5c73029f4082b24aaae8cbab1a66,1,
1176,1139,2024-08-02,Credit Card,1096.96,Successful,txn_64bb9f643c8144b9876387fcf57e2b70,1,
1177,1140,2024-06-25,Debit Card,564.52,Successful,txn_513d8525c4c0469bb6f89778126a3805,1,
1178,1141,2025-06-14,Credit Card,264.84,Successful,txn_13a41d3ceddc48618f845f015be05268,1,
1179,1142,2024-06-03,PayPal,99.0,Failed,txn_50de3e4b6d55499593ada955c9754062,1,
1180,1142,2024-06-03,PayPal,99.0,Successful,txn_79425bd1cd264765aae8b70c90ae3fb0,2,1179.0
1181,1143,2024-02-12,Debit Card,1077.68,Successful,txn_0bf5101fc64a46fe99f76ab69b98683b,1,
1182,1144,2024-12-20,PayPal,29.42,Successful,txn_b3f1d6cb546d49d1a749704b1eef60df,1,
1183,1146,2024-01-14,Debit Card,3031.46,Successful,txn_63f2f80a70004ef5bfc9396b3a63b8e0,1,
1184,1147,2024-11-14,PayPal,242.1,Successful,txn_64bcb80c73db40628dbf721fa52e4092,1,
1185,1148,2024-06-18,Gift Card,453.44,Successful,txn_20721f7abc89469aa5b762b3f17dd7cd,1,
1186,1149,2024-04-20,PayPal,129.45,Failed,txn_21c338bd5936416bbcfb5edf1252c114,1,
1187,1149,2024-04-20,PayPal,129.45,Successful,txn_791b292a1b244e4289743d5e4e9534c5,2,1186.0
1188,1150,2025-10-15,Credit Card,46.15,Successful,txn_161b38ba452e4f1998ccb45fedb7e835,1,
1189,1151,2025-12-31,Debit Card,631.95,Successful,txn_d4fa1311e2534b8d831318ee8a5aac4d,1,
1190,1152,2024-08-25,Amazon Pay,430.89,Successful,txn_4d4440e80dce4b67bf5192961b1cfaad,1,
1191,1153,2025-05-15,Amazon Pay,1242.66,Successful,txn_337dc8972d5f428ebee4141f82df0ed0,1,
1192,1154,2025-07-20,Amazon Pay,243.6,Successful,txn_e41e7896da754c04b6afcd2f21d32920,1,
1193,1155,2024-02-01,Credit Card,847.68,Successful,txn_7acf39169b824d61b54dc2b7657aa7b2,1,
1194,1156,2025-02-21,PayPal,25.3,Successful,txn_57074aaea0994b6dacf3a4ae4622ed3e,1,
1195,1157,2025-02-13,Credit Card,1386.21,Successful,txn_5d7f5ed0c537488fab9053fe21182ffc,1,
1196,1158,2024-02-18,PayPal,81.75,Successful,txn_1ac31c2679f747769324ebb1ee3653ca,1,
1197,1159,2024-05-04,Debit Card,107.42,Successful,txn_c71824ffc6164f15950e6dd9049c286c,1,
1198,1160,2024-01-02,Debit Card,2675.66,Successful,txn_3d09890327f7430984cea4369fa6a276,1,
1199,1162,2024-12-04,Debit Card,81.54,Successful,txn_c36011a744f84bb490b891bd68237cb9,1,
1200,1163,2024-10-23,Debit Card,345.78,Successful,txn_d7865d5ed9ae4a2499985c64e790b917,1,
1201,1164,2025-10-28,Credit Card,136.35,Successful,txn_d825ac9bc1b5452e841ea0881d110a57,1,
1202,1164,2025-10-28,Gift Card,70.74,Successful,txn_a162b2aad8fc4b6581514b19c735e40b,1,
1203,1165,2024-06-16,Credit Card,188.28,Successful,txn_c8a2aaf8302942f291e398c61b23951f,1,
1204,1166,2024-04-03,Credit Card,423.85,Successful,txn_38c25edf4271448eb2460b96fd6f7a8b,1,
1205,1167,2024-04-25,PayPal,241.68,Successful,txn_46832f4f0a2e4414842b8ee28b7f1843,1,
1206,1168,2025-12-08,Credit Card,216.8,Successful,txn_514017b65bab436ba2de15d5718f64da,1,
1207,1169,2024-11-14,Debit Card,453.44,Successful,txn_dbc7d961d80d415fa1fa614da89a5736,1,
1208,1170,2024-10-25,Debit Card,719.8,Successful,txn_a486c0803dc9491e801c478a1c57b745,1,
1209,1171,2025-12-09,PayPal,1488.3,Failed,txn_b95a6ef005e240c09da9e59656c648ae,1,
1210,1171,2025-12-09,PayPal,1488.3,Successful,txn_3f699242a36c4f52a488adf2b9d71d03,2,1209.0
1211,1172,2024-02-04,Amazon Pay,35.66,Successful,txn_7ea6bc03afbc42c78d4659b98b066a18,1,
1212,1173,2025-12-22,Amazon Pay,813.03,Successful,txn_c1286afcf215466f91d9e3d87d1fa3c6,1,
1213,1174,2024-10-29,PayPal,1151.04,Successful,txn_03bfdecafbcb4061acbeb4453c1b2a07,1,
1214,1175,2025-08-21,Gift Card,51.6,Successful,txn_accc3d1ee1304d4090f7a73ecc29a2b7,1,
1215,1176,2025-02-16,Gift Card,209.5,Successful,txn_e65e114673724ff68ff8abdd299efbfc,1,
1216,1177,2024-03-16,Debit Card,705.24,Successful,txn_38e1bbca99a448a99616b9bcf17ab7b4,1,
1217,1178,2024-08-21,Amazon Pay,417.94,Successful,txn_95577112fbd441719152c4b9115ad6c7,1,
1218,1179,2024-11-01,Debit Card,281.85,Successful,txn_52c838d4a20f4baea8ccc95c63f018c8,1,
1219,1180,2025-09-02,Amazon Pay,490.6,Failed,txn_f6e7e20b7ce04760ac3d231ebb39c9df,1,
1220,1180,2025-09-03,Amazon Pay,490.6,Successful,txn_814ecd5b9e57406e80eb381f94c7edd3,2,1219.0
1221,1182,2025-08-30,PayPal,98.52,Successful,txn_edf17cae49ca4ec9b20f1c8e26403431,1,
1222,1183,2024-10-31,Amazon Pay,41.9,Successful,txn_ade1ca21d6974690b438332120f975ad,1,
1223,1184,2024-10-11,PayPal,145.35,Successful,txn_2b5c413cdf6d4fdc90be944d60acf8aa,1,
1224,1185,2025-04-20,Amazon Pay,74.03,Successful,txn_4c9eb3e810b04859ab37f20f2997f356,1,
1225,1186,2024-07-06,Debit Card,286.65,Successful,txn_2d12cf653fe14518b497e83aeba50bf3,1,
1226,1187,2024-05-07,Debit Card,171.52,Successful,txn_ee9ac38d414847048aae8783d658b934,1,
1227,1188,2025-07-04,Debit Card,444.24,Successful,txn_13842c03aae54d1eb50a5dd2be3c69f7,1,
1228,1189,2024-11-11,PayPal,185.1,Successful,txn_109f5c2555fb47ecbfd978385c6a6c90,1,
1229,1191,2024-04-19,Gift Card,100.86,Successful,txn_c2600063d4a44058a7e44e77b0641332,1,
1230,1192,2024-03-18,PayPal,426.9,Successful,txn_88d90d2228624560aceae5582f986dfb,1,
1231,1193,2025-04-24,PayPal,2155.36,Successful,txn_e726ea4e7c964d86be1d6482bf7f8fea,1,
1232,1194,2024-08-02,Credit Card,1142.69,Successful,txn_fc67489976db44dcac8c7103b5413841,1,
1233,1195,2024-06-21,Credit Card,31.48,Successful,txn_c05bb0bae44c40649a018d03190fc0ff,1,
1234,1196,2024-05-26,Debit Card,241.65,Successful,txn_3c59d9f7c985403695263e365f7bfee8,1,
1235,1197,2024-09-07,Gift Card,75.3,Successful,txn_ddf5650ea91443dda82bf5d5d8eed8fa,1,
1236,1198,2024-06-10,PayPal,108.4,Successful,txn_6ff1011fd807490a986c4e7e45cbdff1,1,
1237,1199,2024-07-25,PayPal,2285.38,Successful,txn_c35ece129fb345878a8327b274f948f1,1,
1238,1200,2025-01-13,Debit Card,431.48,Successful,txn_6f18e43fc9e24793981ea8d5f1186788,1,
1239,1201,2025-01-01,PayPal,82.4,Successful,txn_b11e67d9862f447d8b9529ddceb64ccb,1,
1240,1203,2024-05-19,Amazon Pay,70.68,Successful,txn_982d95193dd1467284bc4073955c4998,1,
1241,1205,2025-07-30,Debit Card,110.69,Successful,txn_76bdf53c833f47eb921ad0e6d55e41da,1,
1242,1206,2025-11-18,Amazon Pay,81.66,Successful,txn_98baf1956e18430bb4a1d5e60b28741f,1,
1243,1207,2025-01-26,Amazon Pay,423.85,Successful,txn_ea988d2552d240c58b1e29d7983c8d7b,1,
1244,1208,2025-08-15,Amazon Pay,311.97,Successful,txn_adcb87b2d0eb4ad9b0148293f5f3825d,1,
1245,1209,2024-05-04,Debit Card,190.2,Failed,txn_9cdd6316087b4b24a87fbec8e487098e,1,
1246,1209,2024-05-04,Debit Card,190.2,Successful,txn_b3fe806733b94f61912f83b2c7339606,2,1245.0
1247,1211,2024-08-03,Gift Card,53.86,Successful,txn_189125bd975f4826b8376900dacc62db,1,
1248,1212,2024-07-01,Credit Card,1386.21,Successful,txn_3f8d667682dc47bea63d37c728b4aa75,1,
1249,1213,2025-07-24,Debit Card,108.4,Failed,txn_5e62ebddf19d4ebf8c63d782f0c04d23,1,
1250,1213,2025-07-25,Debit Card,108.4,Successful,txn_ce9c56b291b7453192890cc70542d4ae,2,1249.0
1251,1214,2024-01-09,Amazon Pay,31.32,Failed,txn_9985c5f141984dc0b897b9866ba36571,1,
1252,1214,2024-01-09,Amazon Pay,31.32,Successful,txn_3cc51fd9a3e94a388603e3fed1d33ba7,2,1251.0
1253,1215,2025-07-13,Credit Card,89.88,Successful,txn_c917dac213fd4a3a8ebba53ad6ca685c,1,
1254,1216,2024-08-25,Debit Card,25.25,Successful,txn_57ee17e9964d4b9fbb167f95a2f2fa43,1,
1255,1217,2024-04-03,Gift Card,20.2,Successful,txn_e6ed14a8feaa450389771e97e6aa86bd,1,
1256,1218,2024-06-28,Gift Card,267.84,Successful,txn_a04d3e96919c4c208af60bcd69af29dd,1,
1257,1219,2025-04-22,Credit Card,88.56,Successful,txn_718a2782ed6d463c88980dfab1603aef,1,
1258,1220,2024-07-21,Gift Card,169.42,Successful,txn_a2612e89e944462f864b1b1a37b78b9a,1,
1259,1221,2024-04-18,Credit Card,472.02,Successful,txn_1c82eacdcb9d44d8b0e56898e405cc3c,1,
1260,1223,2025-06-21,Debit Card,608.0,Successful,txn_4c34717ce0ef4211abf558e7f6e6c836,1,
1261,1224,2024-02-16,PayPal,268.96,Successful,txn_2313dfe346a5436fa22e207500d6cd68,1,
1262,1225,2025-04-15,Amazon Pay,107.03,Successful,txn_c520b0c1aded4124a86a9abff325d80e,1,
1263,1226,2025-08-10,Amazon Pay,1386.21,Successful,txn_3b7bed17bfdc496fab881321238ed811,1,
1264,1227,2024-02-04,PayPal,345.78,Successful,txn_4f6a09e8e0d64ce2bb4d41218b5271e7,1,
1265,1229,2024-08-22,Amazon Pay,423.84,Successful,txn_fd3dcfbc588d4c50904f1fca3fdd3dff,1,
1266,1230,2024-06-15,Amazon Pay,169.62,Successful,txn_5907452629004f5ea8e4ae78e569442c,1,
1267,1231,2024-09-15,Credit Card,113.36,Failed,txn_a12080a553ca4a08ab08d2ce5e132d49,1,
1268,1231,2024-09-15,Credit Card,113.36,Successful,txn_f38b867ea43d457fa4a9aaa216dbe765,2,1267.0
1269,1232,2024-03-03,Debit Card,342.31,Successful,txn_3d737b5dd36e4f8b8d6f94aed9ac517f,1,
1270,1233,2025-08-26,Amazon Pay,517.38,Successful,txn_8fb5f8464d284b9cafcb5870012d1ae4,1,
1271,1234,2024-02-16,Debit Card,481.47,Successful,txn_62620ec2a1d34ebf91a7a5d69b7fc486,1,
1272,1235,2025-03-28,Amazon Pay,243.6,Successful,txn_1fb6bede61494d61a67a3e094d3c6cc3,1,
1273,1236,2025-12-01,PayPal,651.4,Successful,txn_168bf09656544c70b4297baaf0d7b088,1,
1274,1237,2024-10-24,PayPal,331.92,Successful,txn_27b5d9f5d7ae45c7ada5a5576286a1d5,1,
1275,1238,2025-10-18,PayPal,150.5,Successful,txn_cffa851759554bceb7c66baa5f3ae4eb,1,
1276,1239,2025-12-21,Gift Card,1834.42,Successful,txn_1cbac73c51a14d12bd402a8ed1e9d838,1,
1277,1240,2024-07-13,Gift Card,428.8,Successful,txn_6e9c5c3f84e9484fa1b157a69d78937a,1,
1278,1241,2024-09-17,Amazon Pay,464.6,Successful,txn_94e788ce76c34c6ca80055c1ff6b57ef,1,
1279,1242,2025-12-03,Amazon Pay,15.74,Successful,txn_f931c067c4a74ff9bdb1fcd49e183b31,1,
1280,1243,2025-03-30,Credit Card,65.2,Successful,txn_ed0794d1acfa48b7937d7d3b3961bbe5,1,
1281,1244,2024-07-24,Debit Card,776.07,Successful,txn_cdfa5e474f8447709a82af873d3e3ca6,1,
1282,1245,2024-04-29,Debit Card,675.46,Successful,txn_fbf1c59888d44d8a9c8c4a71ca4d8d5d,1,
1283,1246,2025-07-10,Amazon Pay,270.82,Successful,txn_249bda2aabc44c19845d2f3f9dda23a9,1,
1284,1247,2025-04-13,Amazon Pay,629.36,Successful,txn_0d8cffc90d3c4048a07c5edf7d4d612e,1,
1285,1248,2025-05-14,Gift Card,216.8,Successful,txn_640c53531f0440beb70a60a1c01cdebb,1,
1286,1249,2025-05-07,Amazon Pay,216.8,Failed,txn_ea8f944fbbc14703ab06497b3dfed875,1,
1287,1249,2025-05-08,Amazon Pay,216.8,Successful,txn_834075e1ed49447e9df44506bad05474,2,1286.0
1288,1251,2024-06-24,Debit Card,212.58,Failed,txn_ed53c7d90cf4447d92ee2b64932482ba,1,
1289,1251,2024-06-26,Debit Card,212.58,Successful,txn_800a713801c14732b1b7fc7f17e886e5,2,1288.0
1290,1252,2024-02-17,PayPal,899.79,Successful,txn_2d1d11d31fd741be93f7da6da0d22340,1,
1291,1253,2025-03-18,Gift Card,681.24,Successful,txn_19ad2ffe8bc542d78cc72c17f6016176,1,
1292,1254,2024-09-20,Debit Card,203.0,Successful,txn_9451f7e657424da1817cb246449bfd03,1,
1293,1255,2024-10-14,Debit Card,65.92,Successful,txn_802068292b4841719338305ba9c1eb0d,1,
1294,1256,2025-01-06,PayPal,23.62,Successful,txn_4bd762b01e1f45cbaa2407c0fde301c0,1,
1295,1257,2025-01-15,Amazon Pay,296.16,Successful,txn_8d27a077849947be9a050fb575653479,1,
1296,1259,2024-04-01,PayPal,33.6,Successful,txn_0af6bcf34512436599f980c7469a5193,1,
1297,1260,2025-05-23,Debit Card,205.12,Successful,txn_ff251ed472234a8994cfd19ea0026eae,1,
1298,1262,2024-07-22,Credit Card,93.95,Successful,txn_bf7b730d2b044e52a865c5780a0aa80a,1,
1299,1263,2025-08-11,Gift Card,194.56,Successful,txn_ddb7e1bf0ff54c97939d3e03b545368f,1,
1300,1264,2024-12-22,PayPal,2976.6,Successful,txn_5637e47bcbdf49c681bb1543509a1928,1,
1301,1265,2024-09-25,Gift Card,472.02,Successful,txn_91b5a28564fb4400959bd12224fc45a8,1,
1302,1266,2024-12-09,Debit Card,78.24,Successful,txn_28588439c9864a1aa8e925663030f67c,1,
1303,1267,2024-02-19,Gift Card,312.3,Successful,txn_e6969183e7ab4bcc868114e124d6d15c,1,
1304,1268,2024-08-02,PayPal,393.6,Successful,txn_ac54e086c74e478d9c9f0a66c3e914ca,1,
1305,1269,2025-05-20,Debit Card,863.09,Successful,txn_d3d623786b8f4b09bbfe3c72a6ae6fb7,1,
1306,1269,2025-05-20,Amazon Pay,625.21,Successful,txn_e77f00b2790a44f9a10d16c25af9591a,1,
1307,1270,2024-11-22,PayPal,87.48,Successful,txn_dc39e8a7e3cd49ac81def0f686d84db5,1,
1308,1271,2025-05-29,Amazon Pay,270.34,Successful,txn_196166f4f4d3449b9760f311b2657f16,1,
1309,1272,2025-01-16,Credit Card,84.24,Successful,txn_db08e8c6d79e47a08908ecd1e1a86b66,1,
1310,1273,2024-03-12,PayPal,1278.04,Successful,txn_39e625b119ab4c4089dccc4fd6dcd583,1,
1311,1274,2024-06-07,Debit Card,421.56,Successful,txn_e62053f25ecc41e28f84fdafb08698df,1,
1312,1275,2024-04-18,Gift Card,345.84,Successful,txn_188184522f3e4082903ad38777df1f35,1,
1313,1276,2024-09-12,Amazon Pay,222.09,Successful,txn_5e2700c6ff7f453a8372ba233a836451,1,
1314,1277,2024-10-28,PayPal,338.84,Successful,txn_0da644fe9932426a883ad14ddcc18e56,1,
1315,1278,2024-08-19,Debit Card,130.22,Successful,txn_0d6e28cd09a94d81a18cdb6c9e99b50e,1,
1316,1278,2024-08-19,PayPal,201.7,Successful,txn_dd49d5c12f8b4143a67b4bf0182b7e14,1,
1317,1279,2025-01-15,Credit Card,511.06,Successful,txn_92ccc676030e4def93f8d33f45a5fadc,1,
1318,1280,2024-03-06,Gift Card,329.0,Successful,txn_26d140a47195471bbfe08ba9f704899d,1,
1319,1281,2025-07-05,Debit Card,503.7,Failed,txn_58ba1b803f244e599a93f62e14a4a0a3,1,
1320,1281,2025-07-07,Debit Card,503.7,Successful,txn_5d343a00548e478893f2d78a52879df9,2,1319.0
1321,1282,2024-10-02,Credit Card,96.04,Successful,txn_cadfb61a6e9d45a3808a720350b9f448,1,
1322,1283,2024-01-15,Amazon Pay,135.17,Successful,txn_1bef431d6d6b4354abf3daff4baa930d,1,
1323,1284,2024-07-20,PayPal,481.47,Successful,txn_17146952daf841819244dc91632fe52e,1,
1324,1285,2025-05-18,Amazon Pay,179.76,Successful,txn_1ec1934470744a098ef552b42801c0f6,1,
1325,1286,2024-05-23,Credit Card,44.28,Successful,txn_5f614f35e1454d8b95fb93691076834b,1,
1326,1287,2025-01-30,Gift Card,69.03,Failed,txn_56425fec4d0a4d0cb0f3e4bfbef3b233,1,
1327,1287,2025-01-31,Gift Card,69.03,Successful,txn_c0054e4562be441e8c1820fdf17068d1,2,1326.0
1328,1288,2025-06-09,Credit Card,375.8,Successful,txn_9ffc85a58a5045e2a5f5b230972bf03c,1,
1329,1289,2025-04-21,Amazon Pay,171.52,Failed,txn_e2424a1f6bfb4570b7db20a70ee0ee57,1,
1330,1289,2025-04-21,Amazon Pay,171.52,Successful,txn_17a532397aaa4e6090e84855b0990f4c,2,1329.0
1331,1290,2024-09-21,Debit Card,134.0,Successful,txn_6bc3b5b2495241b5aa255f03da2719e6,1,
1332,1291,2024-08-18,Gift Card,51.7,Successful,txn_23e41d83effd47eb9afdb20e1b7d3139,1,
1333,1292,2024-08-06,PayPal,230.56,Successful,txn_995f064b5f9f449b8ad6e83ac645e73d,1,
1334,1293,2024-08-07,Debit Card,172.83,Successful,txn_df22076cf5ae4b8986369603fb151f5e,1,
1335,1294,2025-02-19,Amazon Pay,33.6,Successful,txn_e1c89493eb6e46a0b7abe0fc91801f09,1,
1336,1295,2024-05-17,Gift Card,78.7,Successful,txn_76b0d6dc5a28453f8dbba43f2e80fbfb,1,
1337,1296,2025-12-05,Debit Card,53.49,Successful,txn_871f6b1cb39c464c9a0a523b7de2d3f2,1,
1338,1297,2024-08-20,PayPal,981.2,Successful,txn_ac0895623b2b45589accd441f9b938c9,1,
1339,1298,2024-07-02,Credit Card,37.7,Successful,txn_54ed04d1a626415fa66973e5625e49df,1,
1340,1299,2025-07-10,Credit Card,293.15,Successful,txn_52f0b32c81634d9694459247d5d90d8b,1,
1341,1300,2025-06-23,Amazon Pay,85.38,Successful,txn_bdda419a1094481492736ca5a0913985,1,
1342,1301,2024-04-06,Gift Card,1488.3,Successful,txn_7ebb5d6464444647925294df7b969fa0,1,
1343,1302,2025-02-11,Amazon Pay,433.53,Successful,txn_be5b3d4a3f1349a9994f76e6b58063d3,1,
1344,1303,2025-10-21,Credit Card,1142.69,Successful,txn_fb2ff3e3b02f41afa4a303dcfc5499eb,1,
1345,1304,2025-01-22,Amazon Pay,1278.04,Failed,txn_b6c4b4b74c034391bddc8933b9eed0e3,1,
1346,1304,2025-01-23,Amazon Pay,1278.04,Successful,txn_2bd085fd3a7642cb882b8a857c1a656e,2,1345.0
1347,1305,2025-11-06,Debit Card,204.15,Failed,txn_31a3dc4c4e8048e4af975dd3260b4038,1,
1348,1305,2025-11-07,Debit Card,204.15,Successful,txn_323ba8056de84f78820c431df26d1693,2,1347.0
1349,1306,2025-01-26,PayPal,153.3,Successful,txn_bf3606faa8ae401293c46b16783b9bd9,1,
1350,1306,2025-01-26,Credit Card,43.2,Successful,txn_dfbb87672d004b36a9099e992b0d5ff4,1,
1351,1307,2025-10-22,Debit Card,826.06,Successful,txn_88962b2380824bebbd7a6fcf6655fb02,1,
1352,1308,2025-12-18,PayPal,25.3,Successful,txn_eb6714092895447ca9231f00c63d5782,1,
1353,1309,2025-03-29,Credit Card,28.78,Failed,txn_f66e6447cd3344559a251965e4418049,1,
1354,1309,2025-03-31,Credit Card,28.78,Successful,txn_b1d5bedd92554ca8b12a363a84a0ae72,2,1353.0
1355,1310,2025-12-22,Amazon Pay,917.21,Successful,txn_e14337b63d9d4b1b802c374f69a9061a,1,
1356,1311,2025-04-28,Gift Card,221.38,Failed,txn_5d4b6727ca7047969d4958f7b8c81265,1,
1357,1311,2025-04-28,Gift Card,221.38,Successful,txn_36cd0b7e34d7478ca66ea82e23f01c60,2,1356.0
1358,1312,2025-09-12,Amazon Pay,16.2,Successful,txn_900d4289a19e4b389dbdfa5810396f60,1,
1359,1313,2025-01-17,Debit Card,6.52,Successful,txn_658d324a65454922950bfe4d1912dc05,1,
1360,1314,2024-06-27,Gift Card,190.2,Successful,txn_b995e245e2274d989b732239580941ee,1,
1361,1315,2025-08-07,Amazon Pay,11.07,Successful,txn_7c78a79b25c6467c8afcc8198a3f5b27,1,
1362,1316,2025-08-03,Gift Card,126.36,Successful,txn_c5b84edcdc504faf85b6143d5047cb11,1,
1363,1318,2025-11-04,Debit Card,197.04,Successful,txn_dee4602e97a14778bbd83672f67b4dbb,1,
1364,1320,2024-04-10,Gift Card,22.14,Successful,txn_2ff0eb84f6eb41e19e5976fd335fb8fe,1,
1365,1321,2024-09-27,Gift Card,196.52,Failed,txn_fc41b936f87f4ccebf239fdd3aeb04de,1,
1366,1321,2024-09-29,Gift Card,196.52,Successful,txn_829bcba7a989454e99c3d649088a1530,2,1365.0
1367,1322,2025-11-27,Amazon Pay,718.96,Successful,txn_f1bd106e479c41428a55bd37189f5041,1,
1368,1323,2025-08-01,Debit Card,583.68,Successful,txn_888f858cd3f44a8394d41dc46a265594,1,
1369,1324,2025-07-08,Amazon Pay,96.66,Successful,txn_9b22087d07f7414cb86d4a906f5f3e37,1,
1370,1325,2025-08-29,Amazon Pay,1421.46,Successful,txn_c157b40d70d24e9fa7376e9b1d483769,1,
1371,1326,2025-05-16,Credit Card,98.25,Successful,txn_d00126e3215e4c89add95c8dc45aef6d,1,
1372,1327,2025-10-20,Credit Card,99.97,Successful,txn_81cd2736e6f24647ba2ffec36dd5a730,1,
1373,1328,2025-12-11,Credit Card,3928.98,Failed,txn_11964fce56c841a19660f925a6ea3417,1,
1374,1328,2025-12-12,Credit Card,3928.98,Successful,txn_cd99ec35181e46e78b30165734071c52,2,1373.0
1375,1329,2024-05-28,Gift Card,293.15,Successful,txn_4653f00325f54798863e36e0bb1a6bb2,1,
1376,1330,2024-03-24,Amazon Pay,230.75,Successful,txn_5f8ed7710a4c482899b9ef4966cfaafe,1,
1377,1331,2024-10-12,Gift Card,338.84,Successful,txn_3b5733374f1e4632b9598b885b807518,1,
1378,1332,2025-04-07,Gift Card,276.66,Successful,txn_43872a4971924c098bce6c7998e6e5bc,1,
1379,1333,2024-09-17,Gift Card,34.1,Successful,txn_8cd14ec0eb684addbd4438c0e39e5c3b,1,
1380,1334,2024-07-28,Credit Card,912.0,Successful,txn_9c95a8fc6cc64afcade84ff428c2c229,1,
1381,1335,2025-05-25,PayPal,564.52,Successful,txn_4f03e5612d6143ca9ff235a1aae4d955,1,
1382,1336,2024-08-07,Debit Card,216.8,Successful,txn_f5a0f3e43e0045aba1a6d30b7b7e9e67,1,
1383,1337,2025-09-20,Amazon Pay,207.09,Successful,txn_a9779ca71a6149c181503dabc2fba1a5,1,
1384,1339,2024-05-22,Amazon Pay,776.07,Successful,txn_ad62fcc9d86b43ed8797962b809b5e10,1,
1385,1340,2025-06-13,Amazon Pay,193.51,Successful,txn_9b44b463a85643b7adaaf8217af6a1a5,1,
1386,1341,2024-08-12,Credit Card,81.66,Successful,txn_71dd82c3568541c5b03f0c552ed57028,1,
1387,1342,2024-05-31,PayPal,517.38,Successful,txn_dcf42d20d00f481ea7b3f67e4451e16f,1,
1388,1343,2025-12-22,Debit Card,487.66,Successful,txn_15ca57623d854b1f8046ecfef2cceca3,1,
1389,1344,2025-12-13,PayPal,487.66,Successful,txn_7085b5e3a63048c6b42343112e470410,1,
1390,1345,2025-03-13,PayPal,230.52,Successful,txn_c69f64a069b641488a6480798a740db1,1,
1391,1346,2025-05-26,Debit Card,49.83,Successful,txn_b263501236374ed18b6ad5285d324c2c,1,
1392,1347,2024-07-20,Gift Card,89.1,Successful,txn_e74035a54c5d4a4283d0ff6f7db008bd,1,
1393,1348,2025-02-17,Debit Card,30.44,Successful,txn_4a8fd14c02084815bbc05960f82ef778,1,
1394,1349,2024-05-05,PayPal,261.36,Successful,txn_06583477221648528963e39890f9e5d6,1,
1395,1350,2025-07-09,Amazon Pay,192.55,Successful,txn_f8edebcc97da482ebc66672cacad16ca,1,
1396,1351,2025-10-09,Gift Card,28.78,Successful,txn_49b89dd89c984ae3b67a0518d4f2a209,1,
1397,1352,2025-02-07,Credit Card,464.6,Successful,txn_62916648727047dabc50064818c7484a,1,
1398,1353,2024-08-26,Credit Card,776.07,Successful,txn_409fe12becae444caac6fe29b245eaaa,1,
1399,1354,2024-08-20,Debit Card,553.45,Successful,txn_f220f8fff83a4221886d3939a9d55d75,1,
1400,1355,2024-10-18,Amazon Pay,287.92,Successful,txn_a2f5f51b1e604becb25dc0ee00c7f552,1,
1401,1356,2025-07-08,Amazon Pay,1304.73,Successful,txn_78a17a716d004809b96bf22f7e060df4,1,
1402,1357,2024-07-27,Credit Card,847.68,Failed,txn_2a0f430b7d164d48a62b6ed0d754fb92,1,
1403,1357,2024-07-28,Credit Card,847.68,Successful,txn_15ba8a4bcd704b21be05156b884d48de,2,1402.0
1404,1358,2025-08-12,Debit Card,31.48,Successful,txn_148a2c1d39bd4998930f98bae6bd6c16,1,
1405,1359,2024-10-26,Gift Card,117.26,Successful,txn_f418c72f28504ea3b7664788551c1784,1,
1406,1360,2025-02-25,Gift Card,1488.3,Successful,txn_42e0d6c2bab3449887b76665c2be68b9,1,
1407,1361,2024-05-18,Credit Card,1488.3,Successful,txn_19eec863210246bebc917433402ba568,1,
1408,1362,2024-08-19,Credit Card,1142.69,Successful,txn_05e448639bc5463ab97a4c09ab42a9f3,1,
1409,1363,2025-06-03,PayPal,260.56,Successful,txn_32bd9bf8596c4fbd8ffc4a8b8d8ce7a3,1,
1410,1364,2025-05-23,Debit Card,333.18,Successful,txn_ba708c09d77044cd9e1391e9b7689484,1,
1411,1365,2025-04-16,Amazon Pay,113.08,Successful,txn_23a6f24324cc441188c17db13670ba94,1,
1412,1366,2025-02-22,Debit Card,578.45,Successful,txn_85086a908c0642998874aeb29fe7cf61,1,
1413,1367,2025-12-09,Credit Card,2155.36,Successful,txn_0fefbae0ea8d4a51a9c9eb56771191d9,1,
1414,1368,2025-06-05,Gift Card,199.94,Successful,txn_203be5227691492a893748ff70187cae,1,
1415,1369,2025-10-04,PayPal,48.02,Successful,txn_228117c034c9451492f6f017172db541,1,
1416,1370,2024-11-27,Gift Card,261.36,Successful,txn_9cb98c4812914036bdb9307712bb1175,1,
1417,1371,2025-01-04,Gift Card,113.08,Successful,txn_13d6bd31c9a2459e8f620814786e4d95,1,
1418,1372,2024-06-20,Gift Card,91.32,Successful,txn_97ca6f9c461c41129a1b79cd54e477e6,1,
1419,1373,2024-10-17,Credit Card,413.03,Successful,txn_73a8245f28dd42a080ea66f657d82be2,1,
1420,1374,2024-10-26,Amazon Pay,2285.38,Successful,txn_774582fd757b47a985f2db9fae796ae4,1,
1421,1375,2025-09-26,Amazon Pay,347.07,Successful,txn_4fcb7425ff414e6f978895de2acc1b1c,1,
1422,1376,2024-12-21,Credit Card,445.92,Successful,txn_fed6d5649ca94a35b05ede4560ffdc26,1,
1423,1378,2024-05-23,PayPal,34.83,Successful,txn_e784b4e1a6514a84a7cf0649b9bd343e,1,
1424,1379,2024-07-11,Debit Card,139.32,Successful,txn_abf0b05d0f704ebba53195463eddd0e2,1,
1425,1380,2025-05-10,Gift Card,153.8,Successful,txn_c1acf4e6cf3841e5840fc10b5eb464cd,1,
1426,1381,2024-04-25,Credit Card,141.13,Successful,txn_af2d940692ff4b74a857093ee77926ab,1,
1427,1382,2025-12-11,Credit Card,2675.66,Failed,txn_60620cb9098d4d8e8cf6fbb88a043ed7,1,
1428,1382,2025-12-13,Credit Card,2675.66,Successful,txn_d003f161c6cc4d60b682efb4d610df1f,2,1427.0
1429,1383,2024-06-01,Credit Card,148.96,Successful,txn_9dfb8324aac246ca8777808b1ebb3b67,1,
1430,1384,2025-01-09,Gift Card,150.5,Successful,txn_1404f8472a57474a88a1003bda00b9aa,1,
1431,1385,2024-10-15,Amazon Pay,423.84,Successful,txn_f6a63160ed9346b988cd24761f7bc562,1,
1432,1386,2024-07-24,Gift Card,50.75,Successful,txn_29c3c377ddb24b74976f099566113c17,1,
1433,1387,2025-12-30,Amazon Pay,72.03,Successful,txn_8055c3b8ac4248edbf1a55cc8d77caf0,1,
1434,1388,2025-03-03,Credit Card,58.84,Successful,txn_4bfdc440643343faa350fb5a1520f361,1,
1435,1389,2024-01-20,Credit Card,540.27,Successful,txn_34f0290e0fe1498d9c462618d8f93231,1,
1436,1390,2024-10-24,PayPal,1077.68,Successful,txn_7295290fa9884cd696fe7f4e0eaad887,1,
1437,1391,2025-06-26,Amazon Pay,1151.04,Successful,txn_a76b7e698d7a455eacf4a336a3655daf,1,
1438,1392,2025-02-22,Amazon Pay,337.28,Successful,txn_8c1f6ac3759641f39190a26ef4b64969,1,
1439,1393,2025-01-18,Credit Card,1096.96,Successful,txn_2aa43a3575fc44af9703c565534b7768,1,
1440,1394,2024-10-08,Debit Card,625.15,Successful,txn_e576f1acef384fceb48a1e6e93b5ccfb,1,
1441,1395,2025-05-10,Amazon Pay,276.66,Successful,txn_e49d1fc4ada943e29b0662088566c394,1,
1442,1396,2024-04-28,PayPal,190.2,Successful,txn_4c4f3d779cc346938080188a7697b5e1,1,
1443,1397,2025-10-20,Credit Card,214.4,Successful,txn_099d9f216b7d46cab1814bc7d8e2a1ed,1,
1444,1398,2025-02-05,PayPal,75.3,Successful,txn_965ef365b93246de83314e42036750d6,1,
1445,1399,2024-08-31,Amazon Pay,321.09,Successful,txn_6d35583d93f24d7b8ed324376bd5eeb6,1,
1446,1400,2025-09-15,Gift Card,390.84,Successful,txn_abf3353ef0174e24b59bcf41099f9c45,1,
1447,1401,2024-06-02,Gift Card,208.97,Successful,txn_f88e8c130803495dab321a9430330645,1,
1448,1402,2025-09-20,Credit Card,350.64,Successful,txn_921fbfe31c5140678fc665820c4d9ec8,1,
1449,1403,2025-08-07,Credit Card,320.66,Successful,txn_3f31022ec0c74107b4579a6afd163443,1,
1450,1404,2025-06-12,Credit Card,262.98,Successful,txn_316702a770db4721a41b4434b08bcf92,1,
1451,1406,2024-08-19,Credit Card,390.48,Failed,txn_7060a39636164a609f1fe412257ffaf5,1,
1452,1406,2024-08-21,Credit Card,390.48,Successful,txn_bcab4fe72dbf492b8bc7addbad4f9c64,2,1451.0
1453,1407,2025-02-10,Debit Card,58.84,Failed,txn_46989d6a0c21486da0673041bd51921a,1,
1454,1407,2025-02-12,Debit Card,58.84,Successful,txn_6521addbb39c4ebeb669a83f29d3aae2,2,1453.0
1455,1408,2025-05-29,Gift Card,59.92,Successful,txn_a57f9cd8cf7f495daf9fb13691793bd6,1,
1456,1409,2024-10-21,Amazon Pay,166.59,Successful,txn_d1aa1e04f5f84666be9cecc62d575c7d,1,
1457,1410,2025-03-31,Amazon Pay,35.66,Failed,txn_06c2f0f31bb74e088843ad5137972f61,1,
1458,1410,2025-04-02,Amazon Pay,35.66,Successful,txn_d5472793099e4176b34582a2e9adf7eb,2,1457.0
1459,1411,2024-12-13,Gift Card,493.39,Successful,txn_59d3fa49950541c693a95eb5533e5ff9,1,
1460,1412,2025-11-20,Credit Card,406.0,Failed,txn_03385d72f17f40d09341e108af3d1238,1,
1461,1412,2025-11-21,Credit Card,406.0,Successful,txn_d0f9a53d351640e89c263009ac826a6f,2,1460.0
1462,1413,2024-04-05,Credit Card,27.66,Successful,txn_2f225617b0c74a7aac0b7c567ef8cf17,1,
1463,1414,2024-06-20,Debit Card,576.3,Successful,txn_37fe429118ea4b448d6abb5e8decb921,1,
1464,1415,2025-12-03,PayPal,46.15,Failed,txn_e003b777067d4258872eea7a81271a19,1,
1465,1415,2025-12-03,PayPal,46.15,Successful,txn_a25c051ad77d4514a24dca76ee63d42b,2,1464.0
1466,1416,2025-12-10,PayPal,102.39,Successful,txn_a28d8977f2d540dd96a7040e15b1e7cb,1,
1467,1417,2025-12-22,Credit Card,393.6,Failed,txn_6f40c3c2e27c4212993d28eb778ca8ac,1,
1468,1417,2025-12-24,Credit Card,393.6,Successful,txn_cc659447296c44a38c9af94a8ccf04e5,2,1467.0
1469,1418,2025-05-03,Debit Card,484.65,Successful,txn_040e5f432833481ebbca20f4420f7cf0,1,
1470,1419,2025-03-22,Gift Card,301.83,Successful,txn_03c9efd237da474dac613c1e41fa1e55,1,
1471,1421,2025-09-18,Gift Card,32.25,Successful,txn_ca6f21a399e24a91a3a5e8950f11703d,1,
1472,1422,2025-11-27,Credit Card,1278.04,Successful,txn_c1ba42e39b0b4cefabbab81e4f2215dd,1,
1473,1423,2025-06-12,Credit Card,29.7,Successful,txn_9134871dde0c4fe89529a2e325887682,1,
1474,1424,2025-09-12,Amazon Pay,486.21,Successful,txn_63f8028a9b21490da4e141fca4d4bb40,1,
1475,1425,2025-10-03,Credit Card,564.84,Successful,txn_cea61bf7b3e14235a625d9b6064889ab,1,
1476,1426,2025-11-22,Credit Card,241.68,Successful,txn_ceb9905cf54a4ff092f0d22f6692e375,1,
1477,1427,2025-05-05,Debit Card,161.25,Failed,txn_b5649f2090544e43899c482cc378ad8c,1,
1478,1427,2025-05-06,Debit Card,161.25,Successful,txn_7f24a96744b144cbbd09901b46a2cac1,2,1477.0
1479,1428,2025-12-24,Amazon Pay,311.35,Successful,txn_2ada3014d6524163bf484e438d5a184f,1,
1480,1429,2025-03-23,Debit Card,74.52,Successful,txn_60fbc9f059a04fb38665b256a32815af,1,
1481,1430,2025-07-26,Gift Card,546.64,Successful,txn_76df6ab649c54517ad0b98e37b0b3616,1,
1482,1431,2024-06-25,PayPal,265.93,Successful,txn_ad5952a3c7f947499bd3d0f6047e1ecb,1,
1483,1432,2024-12-09,Debit Card,126.39,Successful,txn_ce85003edf604201adf1c9a955d2860d,1,
1484,1434,2024-06-30,Gift Card,67.24,Successful,txn_404fc274222b47ec8f56a25498d61432,1,
1485,1435,2024-01-14,Debit Card,986.78,Successful,txn_2c29c6d76e4e4d84af5d34bdbf170086,1,
1486,1436,2024-04-18,Gift Card,895.45,Successful,txn_4f34d1b3f03d4a519bcb3e0b43552921,1,
1487,1437,2024-12-08,Amazon Pay,913.46,Successful,txn_a7c61d29989144c39bb8b0ef30ab5607,1,
1488,1438,2025-05-12,Debit Card,87.08,Failed,txn_c9a15a2dcc4e4d3bb13479d0430e7d5a,1,
1489,1438,2025-05-13,Debit Card,87.08,Successful,txn_bde60c42ceea4c7886959c3203016554,2,1488.0
1490,1439,2024-06-09,Credit Card,222.09,Successful,txn_1a2cfcdf7bcf4c4c9873897e484774d9,1,
1491,1440,2025-10-15,Debit Card,369.82,Successful,txn_04286162c78943b889e52c22bf830343,1,
1492,1441,2025-07-14,Credit Card,68.2,Successful,txn_a69157cb44b543a5b100b319ee8ad3da,1,
1493,1442,2024-08-13,PayPal,81.54,Failed,txn_de5160fb6b054d88ab11dae653f7ef7a,1,
1494,1442,2024-08-15,PayPal,81.54,Successful,txn_b2d38c36eac74af68d1ddbdc2dc129c8,2,1493.0
1495,1443,2025-09-24,PayPal,389.12,Successful,txn_82208f30277d4571b75d2a321f0ffdc2,1,
1496,1444,2025-04-11,Debit Card,147.72,Successful,txn_530d4c06fd9545fca7605eb82f673041,1,
1497,1445,2025-11-02,Debit Card,618.52,Successful,txn_e9406422476f47369cbd2c9e17edc1cd,1,
1498,1446,2024-11-06,Amazon Pay,193.51,Successful,txn_a59c5999a82643a7bf68be1b5a4340bd,1,
1499,1447,2024-06-16,PayPal,53.71,Successful,txn_47fdc6c2903740a1b15ba074f4319c03,1,
1500,1448,2024-12-19,Debit Card,75.3,Failed,txn_31a59997d8204616bc8a72b45cc8460c,1,
1501,1448,2024-12-20,Debit Card,75.3,Successful,txn_8a9c633a86174f12b3f21526f6bf3f8d,2,1500.0
1502,1449,2025-05-15,Credit Card,161.58,Successful,txn_63148b105a534db8a20822512f49df0f,1,
1503,1450,2025-11-04,Debit Card,341.91,Successful,txn_5eaa7f5153cc4b93bbeb63d74dd68f1a,1,
1504,1451,2025-08-04,Credit Card,917.21,Successful,txn_3c9d85f1c6364959baaef4d7bece8bdc,1,
1505,1452,2024-11-04,Gift Card,265.93,Successful,txn_59604e4604d5448594ce89d8a0dfce0e,1,
1506,1454,2025-07-15,Credit Card,243.6,Successful,txn_3f7595a97b4d466d9411a8edc6e965e5,1,
1507,1455,2025-11-29,Gift Card,115.26,Successful,txn_fbf4e9edc011463fa86b384eaf0ad05b,1,
1508,1456,2025-09-29,PayPal,626.91,Successful,txn_7a1c8a5bd4c94041be7d6f3e03ada16a,1,
1509,1457,2024-05-04,Amazon Pay,100.86,Successful,txn_9f766005592b4f89846a5020c7eb7fe5,1,
1510,1458,2024-02-11,Debit Card,27.18,Successful,txn_450606e37dd74ed2956f8d35dd821a91,1,
1511,1459,2025-01-18,Gift Card,83.2,Successful,txn_a999ad3773af433b8e0ef30ff4b98d06,1,
1512,1460,2025-07-07,Debit Card,695.64,Failed,txn_e4fc5205afe04a07a1a593b2646bc13c,1,
1513,1460,2025-07-08,Debit Card,695.64,Successful,txn_cebc538342364a1cad84617cd70f578e,2,1512.0
1514,1461,2024-04-05,Gift Card,143.96,Successful,txn_02d390422c4144f3a24ccc99e2cc3a5d,1,
1515,1462,2025-03-18,PayPal,10.1,Failed,txn_4f851a7d6a804688a1ede20a22706b1e,1,
1516,1462,2025-03-19,PayPal,10.1,Successful,txn_961863637bd64f70b3ef4f06642290d4,2,1515.0
1517,1463,2024-06-20,Credit Card,83.2,Successful,txn_e2e2f80222a54168bb5951e6bd186d00,1,
1518,1464,2024-09-22,Debit Card,150.5,Successful,txn_e8638a568f3e4259b23064aab0900b7b,1,
1519,1465,2024-08-01,Debit Card,639.02,Failed,txn_5e425c05e14e467aaee7921ebd1c1c6d,1,
1520,1465,2024-08-03,Debit Card,639.02,Successful,txn_b7fa960a74284738b0a26a8164792504,2,1519.0
1521,1466,2025-04-09,Credit Card,40.83,Successful,txn_607de848f5894651bf5558eb159c9949,1,
1522,1467,2025-06-04,Debit Card,160.8,Successful,txn_0033ada95f444c79a4f231a37ad8f9ca,1,
1523,1468,2025-04-16,Credit Card,540.68,Successful,txn_db6c102d7eae443887f8d2cd5ee71d84,1,
1524,1469,2024-08-20,Gift Card,548.48,Successful,txn_47459d84513e4e1680d1759f41c12e5c,1,
1525,1470,2024-06-25,Amazon Pay,442.76,Successful,txn_57a770228ea04c2fa3fdf9b3bbf104a8,1,
1526,1471,2024-02-03,Credit Card,23.36,Successful,txn_41baeb12270243d08fe6bb3a17b8b7be,1,
1527,1472,2024-11-21,Gift Card,24.59,Successful,txn_ce1484b682534b9783318bbc5392f680,1,
1528,1473,2025-07-12,Debit Card,235.08,Successful,txn_48e9d507574047d0914c3e2e75bc5aee,1,
1529,1474,2025-05-18,Amazon Pay,161.58,Successful,txn_a76670f8c5a94d2f8911497d1282c8b2,1,
1530,1475,2024-11-18,Gift Card,290.04,Successful,txn_095746c299af43a69f4fd6443cbdb04b,1,
1531,1476,2024-04-06,Credit Card,389.12,Successful,txn_6587066ad699411dac44cbc412c5a4e5,1,
1532,1477,2024-07-17,Gift Card,383.68,Successful,txn_972f929716c14fdcafe7e890a642901c,1,
1533,1479,2025-09-10,Gift Card,254.13,Successful,txn_f206d3cec19446f2b431dedbb1437179,1,
1534,1480,2025-04-12,Amazon Pay,142.3,Successful,txn_70b333c4a22449ec88a52e1888e17967,1,
1535,1481,2024-05-15,Credit Card,244.98,Successful,txn_0e52c88a4de44406a406c74fabdd02fc,1,
1536,1482,2025-04-03,Gift Card,360.18,Successful,txn_650b842032e04414b021581719a37d35,1,
1537,1483,2024-03-17,Gift Card,55.55,Successful,txn_6b9316f5a558489baa8b6f4baf674d6d,1,
1538,1484,2024-05-12,Debit Card,462.76,Successful,txn_eaabad1d92fa4578b8f984688dbe8677,1,
1539,1485,2025-08-27,Amazon Pay,30.3,Successful,txn_6070e1d4d4a649e086c5e33ff1749c10,1,
1540,1486,2025-08-20,Amazon Pay,75.75,Successful,txn_12865069000d4f7ba51c58a7af87335b,1,
1541,1487,2024-08-27,Credit Card,105.39,Successful,txn_f7c307ba8a9d45ef9fdba77612ee1229,1,
1542,1488,2024-08-16,Debit Card,102.37,Successful,txn_6f7224eb82e1497aa0d42f88d1160660,1,
1543,1489,2024-08-11,Amazon Pay,107.03,Successful,txn_14e669916b774779a4a47564596b3ca1,1,
1544,1491,2025-08-25,Gift Card,776.07,Successful,txn_a46fc12284454ede8fe158253d8818b6,1,
1545,1492,2024-08-06,Amazon Pay,370.15,Successful,txn_37a321b3696c4e09a74473fc2d3b7f96,1,
1546,1493,2024-10-09,Amazon Pay,64.5,Successful,txn_6a1bcdd6540e4ef9b0d42b9047945b08,1,
1547,1495,2025-12-17,Debit Card,225.9,Successful,txn_e830848612704d279e1f33e755686d75,1,
1548,1496,2025-11-05,PayPal,767.36,Successful,txn_d7a18985bcd24160b7b2b54b1ebbdc3b,1,
1549,1497,2025-11-07,Debit Card,51.28,Successful,txn_7e1a516c4f9c448ca58a0c30dc108db1,1,
1550,1498,2025-05-14,Debit Card,30.44,Successful,txn_fffaad730ab84b18b999d4ee92c42cec,1,
1551,1500,2024-08-22,PayPal,226.72,Successful,txn_a6c86ca32b3a40759ab18fbe5d879a66,1,
1552,1501,2025-01-10,PayPal,243.6,Successful,txn_eabb9344b530481995e4d1680fe5df58,1,
1553,1502,2025-05-28,Credit Card,30.44,Successful,txn_d20d454ee1a84e14967940b40bf95ad0,1,
1554,1503,2025-05-18,PayPal,55.55,Successful,txn_d599e3f6dfc944e1882867354a3e3f85,1,
1555,1504,2024-07-18,Amazon Pay,42.95,Failed,txn_cf222a99e70546e98c4f9ef84e551d81,1,
1556,1504,2024-07-20,Amazon Pay,42.95,Successful,txn_dec0bef5e1dc4c789a8be2b5421538b0,2,1555.0
1557,1506,2024-12-09,Amazon Pay,481.47,Successful,txn_c825d57984c648bfb032bc49f9a7b5f6,1,
1558,1507,2025-05-07,Gift Card,1799.58,Successful,txn_2d90fd3c22fb475ea66dbd64d581dd68,1,
1559,1508,2025-08-25,Debit Card,1421.46,Successful,txn_af33934682d448a195ca64e19c58728d,1,
1560,1509,2025-05-20,Amazon Pay,293.54,Successful,txn_5c33cf1c2fb744dda577acbbffd884a6,1,
1561,1511,2025-12-15,PayPal,102.3,Successful,txn_e88c47d51fd14fd8b67e3b7f720efc6a,1,
1562,1512,2024-09-16,Gift Card,15.74,Failed,txn_aa49381864774888bfe461638118b0f0,1,
1563,1512,2024-09-16,Gift Card,15.74,Successful,txn_66711da2961d485f9afae5eb186fd0f5,2,1562.0
1564,1513,2024-12-05,Amazon Pay,49.05,Successful,txn_276192c7daf14f25a981b4284687dad8,1,
1565,1514,2024-12-28,Amazon Pay,207.98,Successful,txn_717e0ba6460348f8a91742b7123842f3,1,
1566,1515,2024-03-27,Debit Card,153.84,Successful,txn_e439e1efab784668b2f7feaa42d5b743,1,
1567,1516,2024-07-27,Credit Card,107.03,Failed,txn_f78bc4853bd94579bcf19f514b0d5d84,1,
1568,1516,2024-07-28,Credit Card,107.03,Successful,txn_52b31257347344998b08bea23b4fc55c,2,1567.0
1569,1519,2025-07-24,Debit Card,113.08,Successful,txn_ecb47d69cd9e481fa1919eac8fb8828f,1,
1570,1520,2025-03-10,Amazon Pay,135.9,Successful,txn_154e6b1ece18498a85925f0eb11cd5c3,1,
1571,1521,2025-03-23,Gift Card,826.06,Successful,txn_4dfc658d1f6a4e9280bb099311285055,1,
1572,1522,2025-11-08,PayPal,215.16,Successful,txn_47112adf098f4ecea0a1a53de9da96c9,1,
1573,1523,2025-06-17,Debit Card,153.72,Successful,txn_2b5785e7a95b44f7a80db7e25efe6769,1,
1574,1524,2025-05-17,Amazon Pay,491.3,Successful,txn_2fc0f2b0c65244faa35299f99647bd60,1,
1575,1525,2024-11-25,PayPal,137.5,Successful,txn_3aa568786f2b401599445bc8f3b1d0c6,1,
1576,1526,2025-12-20,Debit Card,215.16,Successful,txn_cbfdcd0d4c994719879e941cd037dc3d,1,
1577,1527,2025-12-04,Amazon Pay,79.71,Failed,txn_be7b7e2d4a4a44fd9b692bbf7eb57dd4,1,
1578,1527,2025-12-04,Amazon Pay,79.71,Successful,txn_7b62e3ea61f0461abdfca000fe87daa2,2,1577.0
1579,1528,2024-11-10,Gift Card,80.04,Successful,txn_fb9ba9cabda34de19bf75019dc43f283,1,
1580,1529,2024-01-05,Amazon Pay,212.3,Failed,txn_8e6f1afd25d14d358fd3a31f7a918edc,1,
1581,1529,2024-01-07,Amazon Pay,212.3,Successful,txn_3ea10a46427548ab96463da6b9eb2010,2,1580.0
1582,1530,2024-03-19,Credit Card,304.5,Successful,txn_06ef5898c75348ed83aad0ea8f24180b,1,
1583,1531,2024-10-18,Credit Card,2285.38,Successful,txn_2d39247230ae46598e63fe0b57f4670d,1,
1584,1532,2024-07-04,PayPal,259.14,Successful,txn_e8a1a96b07ac4131a82398017173b3f8,1,
1585,1533,2024-12-23,Amazon Pay,1421.46,Successful,txn_43985ff17e69417592ba6867e37311ba,1,
1586,1534,2025-06-28,Amazon Pay,50.75,Failed,txn_d36056a3910a42eebb5a35720922ff02,1,
1587,1534,2025-06-28,Amazon Pay,50.75,Successful,txn_45e0d0df3c1e4bafbe2a8f6511b50494,2,1586.0
1588,1535,2025-07-17,Credit Card,74.52,Successful,txn_b0218429351a442bb1a53b0ff8816e4d,1,
1589,1536,2024-11-29,Gift Card,113.55,Failed,txn_66c8c11e299a4eb3b44b824abcb8ceea,1,
1590,1536,2024-11-29,Gift Card,113.55,Successful,txn_bbeb7dc99710411688a5e82bafd38dc2,2,1589.0
1591,1537,2024-02-21,Debit Card,169.62,Successful,txn_354c3f37dcba48febd60a07e1b711642,1,
1592,1538,2024-03-13,Debit Card,716.82,Successful,txn_0015101d4e3c41c7b7664465a817569c,1,
1593,1539,2024-03-15,Amazon Pay,144.51,Successful,txn_02f77015484f4845acb09ca43a15e7e5,1,
1594,1540,2025-02-27,Debit Card,45.66,Successful,txn_52280faa2e884b33b9a0bd289f672a47,1,
1595,1541,2024-03-14,Amazon Pay,409.98,Successful,txn_d4cd1f9473754e538cfc7e9de5ced385,1,
1596,1542,2024-09-05,Debit Card,406.0,Failed,txn_4e98b3f2a5744370a79b80916f4ea24b,1,
1597,1542,2024-09-07,Debit Card,406.0,Successful,txn_94dae8b59b6a4be7aa41e63f1a8b4028,2,1596.0
1598,1543,2025-11-23,Debit Card,31.23,Successful,txn_07f59f24a81042339c607811cad21eeb,1,
1599,1544,2025-04-18,PayPal,577.65,Successful,txn_065072f8aecb4fc685e8e4df7e79a927,1,
1600,1545,2025-09-18,Amazon Pay,235.08,Successful,txn_4f1d40356a494fe0b7318cdc19417016,1,
1601,1546,2024-10-01,Credit Card,30.16,Successful,txn_c65f60b7f1ca41ef9e27853532d0b96a,1,
1602,1548,2024-09-14,PayPal,169.42,Successful,txn_09f18283607549fe8dc879f385e0b329,1,
1603,1549,2025-12-24,Gift Card,66.44,Successful,txn_a4821fdc04894755928fef4f9439406e,1,
1604,1550,2024-01-09,Debit Card,24.59,Successful,txn_b6332dffd64e452ba554d4f9dd04d958,1,
1605,1552,2025-04-17,PayPal,57.4,Successful,txn_840b4ce98f874930bd1b9b0020485b5b,1,
1606,1553,2025-11-01,Credit Card,91.32,Successful,txn_e366c51071e940e296d5fbfdb0799ca7,1,
1607,1554,2024-02-28,Credit Card,453.44,Successful,txn_358953c1a35947fb83416067c94c96d6,1,
1608,1555,2025-01-27,Gift Card,423.85,Successful,txn_e3b5a79851cf43c08d601ba6fee8d2c9,1,
1609,1556,2024-09-20,Gift Card,194.4,Failed,txn_83bc20207567485e9a268d78a859c5bb,1,
1610,1556,2024-09-21,Gift Card,194.4,Successful,txn_548d4b0ab3a843378d6fae81136b9789,2,1609.0
1611,1557,2024-02-09,Debit Card,389.12,Successful,txn_616c2e6750ea4525b9d1b6575587609b,1,
1612,1558,2024-01-08,Gift Card,681.24,Successful,txn_7f6b8a6180574aa2a1c51b01eebf8690,1,
1613,1559,2025-04-29,Gift Card,548.88,Successful,txn_b48723328c0c4407add45927ed92681c,1,
1614,1560,2024-10-13,Gift Card,69.3,Successful,txn_963ade7b226647d1ae5e27e218d3842d,1,
1615,1561,2025-07-12,PayPal,208.97,Successful,txn_69040c67f7c040b5bda1034524f4ca1a,1,
1616,1562,2024-12-06,Credit Card,718.15,Successful,txn_76c475f8dcd6416fa00cf4b6f88f4fbb,1,
1617,1563,2025-11-11,Debit Card,86.34,Successful,txn_868118ef76a9449784dde19fca7f2d0f,1,
1618,1564,2025-09-22,Amazon Pay,1239.09,Successful,txn_a783df0f476c4503892e88e39c9d514a,1,
1619,1565,2025-06-09,Credit Card,431.88,Failed,txn_e54429b2fddc4a738507e5abb280d0e9,1,
1620,1565,2025-06-09,Credit Card,431.88,Successful,txn_9583e4722b2341bca60d2268ecafc930,2,1619.0
1621,1566,2025-01-13,Amazon Pay,169.84,Successful,txn_0537c98c0db94192916580e7d852de78,1,
1622,1567,2024-11-07,Debit Card,243.83,Successful,txn_181a863dbbe947dfb042b578f67086f5,1,
1623,1568,2025-06-09,Debit Card,264.9,Successful,txn_9655f70d74ba427db8c4e4973a4c0ed9,1,
1624,1569,2024-11-07,Debit Card,60.88,Successful,txn_f704b34570a44da3acf76f91431ba38b,1,
1625,1570,2025-07-22,Amazon Pay,195.95,Successful,txn_fdb3017934da4c0db01684d3eaf94848,1,
1626,1571,2024-02-14,PayPal,491.25,Successful,txn_454bb575c4964d6fb39db2cef71ce57b,1,
1627,1572,2025-01-17,PayPal,342.31,Successful,txn_3c987b1ab0e3413a81ae43cd1a8af51f,1,
1628,1573,2024-11-21,Gift Card,170.76,Failed,txn_3caa3af386474a27803be25ac3089c92,1,
1629,1573,2024-11-23,Gift Card,170.76,Successful,txn_dff5d4242d1b49839c5e65dd60c51fec,2,1628.0
1630,1574,2025-02-13,PayPal,187.9,Successful,txn_e6ecd6873aac4a249ccebd7b388e7cbf,1,
1631,1575,2025-07-17,Gift Card,2155.36,Successful,txn_03241a1075994cb2af3857868f974ff1,1,
1632,1576,2024-02-03,Debit Card,296.12,Successful,txn_b71f5540a5c042258dc0910c10bd7caf,1,
1633,1577,2025-01-24,PayPal,160.08,Successful,txn_8ec8c601b25e42d1b4a264b3f5787024,1,
1634,1578,2024-03-20,PayPal,314.68,Successful,txn_c146c0b8549144fc93f48673228c3c93,1,
1635,1579,2025-07-05,Amazon Pay,39.6,Successful,txn_3e6041e2124c4e4fa2d7766179f86f2f,1,
1636,1580,2024-05-02,Amazon Pay,115.22,Successful,txn_3ae6ff1b2eb8401ba55ccaea16e4aa5b,1,
1637,1581,2025-01-04,PayPal,197.04,Failed,txn_f241e8712abc48f6b26fbee70f25c97a,1,
1638,1581,2025-01-04,PayPal,197.04,Successful,txn_9ad51e1dec2e42b1a252484f4a6647e2,2,1637.0
1639,1582,2024-01-22,PayPal,553.45,Successful,txn_e8355f26d99843b9b1b1594057925008,1,
1640,1583,2025-11-12,PayPal,47.24,Successful,txn_cb0a4cd82d8742169ec30bf37ce5d364,1,
1641,1584,2025-12-11,Gift Card,343.04,Successful,txn_faef020fbb4f472da568d3d2d12d80d2,1,
1642,1585,2025-06-23,Debit Card,87.12,Successful,txn_f10981e1253d41baaec5ff4fb8d4c551,1,
1643,1586,2024-03-11,PayPal,284.76,Successful,txn_28be52707ad44dbcb3803cfcf4e18a54,1,
1644,1587,2024-04-18,Gift Card,826.06,Successful,txn_f449922cc3f84f3e94157e69a4a4d8d3,1,
1645,1588,2025-03-06,Credit Card,1964.49,Successful,txn_3bff67848ea64cf180769cb6b23b6ec4,1,
1646,1589,2025-09-06,Credit Card,64.12,Successful,txn_4bfd519a11394ba78b9d47824b07bd7f,1,
1647,1590,2024-12-19,Amazon Pay,25.25,Successful,txn_93a8ed77ddf14a0a85b1e68833038dc1,1,
1648,1591,2025-03-03,Amazon Pay,176.89,Successful,txn_2d667502217f44dca15176ac96fa8b67,1,
1649,1591,2025-03-03,Credit Card,65.21,Successful,txn_3b76580c79b249ea9da8b61b40bd11ef,1,
1650,1593,2024-11-07,Gift Card,337.28,Successful,txn_9f44ddbba3ca47e2b23ba49c348141bb,1,
1651,1594,2025-05-20,Gift Card,179.76,Successful,txn_bbec0f6420c1489e9aeecd47eb0f5ef6,1,
1652,1595,2024-04-20,Credit Card,49.18,Successful,txn_ad12978e13eb4623aacb247155c1575c,1,
1653,1597,2025-07-06,Amazon Pay,301.83,Successful,txn_971d41988d144b28a377544f69f3f10b,1,
1654,1599,2025-07-04,Gift Card,1242.66,Successful,txn_b465d5b2161e489f944dca99085fe999,1,
1655,1600,2024-11-01,Debit Card,3031.46,Successful,txn_6acdd1c1d5c8481190c21d61de3f408a,1,
1656,1602,2025-08-28,Credit Card,106.02,Successful,txn_22f3a9ac4a9e42b9960bafdb9fe49276,1,
1657,1603,2025-02-01,PayPal,124.8,Successful,txn_4ed03575ce92475eb305ecc8e79fd741,1,
1658,1604,2025-01-05,Gift Card,264.9,Successful,txn_f2d3e27396a14a9abf5e04a12b83c0e1,1,
1659,1605,2025-08-28,Debit Card,674.56,Successful,txn_fc88212c6c2140a889318c418c0979f8,1,
1660,1606,2025-06-07,PayPal,212.58,Successful,txn_ced276a34b2f4ebc90d136918df3bdcc,1,
1661,1607,2025-08-25,Amazon Pay,91.32,Successful,txn_aa45c26c86324525bc4eac076f7ec770,1,
1662,1608,2025-01-19,Amazon Pay,16.61,Failed,txn_0a360c6500fc49e19a71798796b99d65,1,
1663,1608,2025-01-20,Amazon Pay,16.61,Successful,txn_7ffbbf552f8d4c8cb96f9cf4ac896705,2,1662.0
1664,1609,2025-02-16,Gift Card,408.75,Successful,txn_d77fc034501a4917a3c820a1a4db311e,1,
1665,1610,2025-11-15,Gift Card,52.63,Successful,txn_9c2adb09d3714a66b048a03761d2a75b,1,
1666,1611,2025-02-06,Debit Card,289.02,Successful,txn_4cf7ca6ffec649ca834298eb4f08b317,1,
1667,1612,2025-05-08,Credit Card,16.35,Failed,txn_f1fbfb3298b24a6a9f60cdf566707f82,1,
1668,1612,2025-05-09,Credit Card,16.35,Successful,txn_945f50d866de4d5883eb6c5a8c21e3c8,2,1667.0
1669,1613,2025-08-22,Gift Card,221.28,Successful,txn_97eacb8c1d40401ebe7614d060c9060f,1,
1670,1614,2024-06-26,Debit Card,115.26,Successful,txn_6055f73ead7947e19852386b08160e28,1,
1671,1615,2024-02-01,Gift Card,28.78,Successful,txn_94348ce983844d6fa4fe30f70aa5f175,1,
1672,1616,2024-12-03,Amazon Pay,208.97,Successful,txn_4ea74db3d1544b04a22fb5f8694752ba,1,
1673,1617,2024-08-02,Amazon Pay,342.31,Successful,txn_aac92003ee8d43229e571ad67ebdf469,1,
1674,1618,2024-02-01,Credit Card,573.3,Successful,txn_b66084d6c03e4d608c6a7c34681bc193,1,
1675,1620,2025-02-11,PayPal,399.88,Successful,txn_44d62d042f714f14a6d592bf3d969ef0,1,
1676,1621,2024-08-24,PayPal,69.66,Successful,txn_c60e77fc222e46fbaaf0a100446697eb,1,
1677,1622,2025-10-06,PayPal,527.25,Successful,txn_7fc998d29bf4444c8fc8ffd4bbe60a9d,1,
1678,1623,2024-02-22,Debit Card,324.8,Successful,txn_8a57686f1f4d48cb9b6ac999ab6a5d99,1,
1679,1624,2025-04-26,Debit Card,65.8,Successful,txn_d41054994011403b974e11634330c976,1,
1680,1625,2025-03-16,Amazon Pay,147.6,Successful,txn_e9ba3bdd28dc440bb866ff7a5b57a514,1,
1681,1626,2024-01-24,Gift Card,59.04,Successful,txn_8a07757c16374bf0b414ea3f9afcab66,1,
1682,1627,2024-11-13,PayPal,56.57,Successful,txn_ed5b7434ca6e4ac7907751156ad3930f,1,
1683,1628,2024-12-24,Debit Card,46.15,Successful,txn_550cbbda0ee54b329de1128c629b387c,1,
1684,1629,2024-01-28,Amazon Pay,107.03,Successful,txn_af0460821959495ca252480629b054ac,1,
1685,1630,2025-04-01,Debit Card,115.28,Successful,txn_204575c24aa840669b91b2ea0394348b,1,
1686,1631,2024-05-09,Amazon Pay,317.0,Successful,txn_0dad446eb4f7403b9ccdbddd27fc7bb3,1,
1687,1633,2024-08-15,Gift Card,35.35,Failed,txn_7dd3b178da14428a8d6548ef84a19e0b,1,
1688,1633,2024-08-16,Gift Card,35.35,Successful,txn_253b1561e0564d5094b6318cd5ce3eca,2,1687.0
1689,1634,2024-06-16,Gift Card,215.74,Successful,txn_84738d1bf6a64d32825b29a198f9b5dd,1,
1690,1635,2024-05-29,Credit Card,72.03,Successful,txn_f63880806e7c48bca20844a7d2d86200,1,
1691,1636,2024-06-25,Gift Card,1453.95,Successful,txn_a57d3132fc1b45bd8d10c83bcd0d77b8,1,
1692,1637,2024-03-06,Debit Card,136.66,Successful,txn_2824137e2c3247be9610ecda262c3a55,1,
1693,1638,2025-04-19,Gift Card,480.99,Successful,txn_37a639e239c643c39dfa6472b41cfc53,1,
1694,1639,2025-06-04,Amazon Pay,199.94,Successful,txn_c57074d21ab846daa8ba92f36f3c71e5,1,
1695,1640,2024-12-15,Gift Card,774.04,Failed,txn_85c4724e8c4448b2a754070e47b44f00,1,
1696,1640,2024-12-16,Gift Card,774.04,Successful,txn_b8591c44f5174dd99cde7b23a362b937,2,1695.0
1697,1641,2024-10-23,Credit Card,156.24,Successful,txn_0392148a4e0845b5a3fae069428632c9,1,
1698,1642,2025-06-15,PayPal,268.52,Failed,txn_3e17dba4b7634b0a88c1dbf7443992e1,1,
1699,1642,2025-06-17,PayPal,268.52,Successful,txn_e7733c9ce42c45e086c1e430ab53a2ec,2,1698.0
1700,1643,2025-06-28,Gift Card,170.76,Successful,txn_6273d7e81dfa48e9ba780f941bc1dc1e,1,
1701,1644,2025-01-31,Debit Card,576.3,Successful,txn_cf88f0cc3b92430dbadb97081ac8bb75,1,
1702,1645,2025-02-16,Credit Card,34.78,Successful,txn_8bb119b1295f4c58817526cfbf80770b,1,
1703,1646,2024-07-11,Gift Card,626.91,Successful,txn_c899f76772ad42b0b32378ca3b7f26eb,1,
1704,1647,2024-05-05,Amazon Pay,286.65,Successful,txn_af2d9461c491439a97dd726a628b286f,1,
1705,1648,2025-08-29,Debit Card,160.33,Successful,txn_6e749b3f6e6f4b56b17021e9fafdcc97,1,
1706,1649,2025-07-05,Credit Card,243.83,Successful,txn_770631300e4447018dea69f2c25f317f,1,
1707,1650,2025-03-28,Debit Card,260.56,Successful,txn_644a68e7398b4f62ad54e346687d5666,1,
1708,1651,2025-07-03,Amazon Pay,453.44,Successful,txn_4b88a60ca12d4e09958aca98fdcccc8c,1,
1709,1652,2025-06-13,Gift Card,295.56,Failed,txn_1c188e6f56974a6eb89e1e46afbec55c,1,
1710,1652,2025-06-14,Gift Card,295.56,Successful,txn_7c5cc78485ac45899404707fcba09aee,2,1709.0
1711,1653,2025-01-15,PayPal,379.17,Successful,txn_580a62f6c7254e54a12993fca82a08ab,1,
1712,1654,2025-08-12,Credit Card,1253.62,Successful,txn_468638911b8f4875b79583b628797240,1,
1713,1655,2025-04-11,PayPal,264.84,Successful,txn_889b9911962e40efb4426b3f03d09c8d,1,
1714,1656,2025-08-06,Credit Card,1421.46,Successful,txn_8debbe32acc34527a4c4686d78bbdcb4,1,
1715,1657,2025-10-15,Credit Card,2675.66,Successful,txn_439aedb20f97430e83e334296aca9736,1,
1716,1658,2024-03-20,Credit Card,431.88,Successful,txn_f7d0602a5bf14816a48e90e1a756583c,1,
1717,1659,2025-09-02,Amazon Pay,46.43,Successful,txn_748c499dccc84eedab6fe731c607b95e,1,
1718,1660,2025-04-13,Debit Card,175.75,Successful,txn_c8cb386f55bc43c6950176b289401b8e,1,
1719,1661,2024-04-25,PayPal,99.0,Successful,txn_a3dfe254464c4e6897e94f4c00cbd8da,1,
1720,1662,2025-06-24,Credit Card,81.2,Successful,txn_74c1de3ac97743408ad48a7752838822,1,
1721,1663,2024-04-03,Amazon Pay,505.56,Failed,txn_c97795f631a04c278987145af0fc9f8b,1,
1722,1663,2024-04-04,Amazon Pay,505.56,Successful,txn_784ceb0469e94263b2cc80951d7a902e,2,1721.0
1723,1664,2024-01-17,Credit Card,287.92,Successful,txn_9950f42031ce429da72468d9e504cdde,1,
1724,1665,2024-10-06,PayPal,913.46,Successful,txn_ff2509d9744b405ea0e702f4ac9b54e8,1,
1725,1666,2025-09-23,Debit Card,430.89,Successful,txn_4079640d2666483da4ac22a3307ff165,1,
1726,1667,2024-07-20,Amazon Pay,46.72,Successful,txn_7738de8290c6472a8a3327ab945aa24e,1,
1727,1668,2025-11-20,PayPal,185.52,Successful,txn_ede6cd89ac8d4f30b805e9043ff7da86,1,
1728,1669,2025-01-01,Debit Card,16.35,Successful,txn_99719a2587f54ac0a8c1626f074f2b42,1,
1729,1670,2025-12-02,Credit Card,103.99,Successful,txn_4b8d6a6727ef4a0c8a587b6c56f61db7,1,
1730,1671,2025-05-01,Credit Card,11.5,Successful,txn_0f8e87b55d7a4069b410e2718dae297d,1,
1731,1672,2024-03-23,Gift Card,674.56,Successful,txn_4e290a9d8ca94560b6419dea23a7722f,1,
1732,1673,2025-11-09,Debit Card,31.32,Successful,txn_72f288481f87480ca66260d47f9df7c6,1,
1733,1674,2024-07-15,PayPal,70.68,Successful,txn_e62f78cc696247f7b7bfe3a7079723b4,1,
1734,1675,2025-09-02,Debit Card,126.8,Successful,txn_8a4145d3b0f8409daf0777a995539f55,1,
1735,1676,2024-11-23,PayPal,169.42,Successful,txn_461606f04fb14546add0a00b22090204,1,
1736,1677,2025-06-10,PayPal,1487.23,Successful,txn_8b5921018b5440e48323f62c1218bee8,1,
1737,1678,2025-10-22,Amazon Pay,58.84,Failed,txn_e7d784a11d3f4310b61253dee55887c9,1,
1738,1678,2025-10-22,Amazon Pay,58.84,Successful,txn_140dc214fd074250be6c1db6964f395a,2,1737.0
1739,1679,2024-03-25,Credit Card,196.5,Successful,txn_b6216531c27046d5b5a78f29457f4d55,1,
1740,1680,2024-09-20,Debit Card,2974.46,Successful,txn_cf0c15f97096429a8aa1093e783affc5,1,
1741,1683,2025-03-14,Credit Card,636.12,Successful,txn_4c7b20b99ed44211afdb6a65ce67e485,1,
1742,1684,2025-08-19,Credit Card,1391.28,Successful,txn_3d8e1497e6824e629ee913ca5dda2d5a,1,
1743,1685,2025-04-15,Credit Card,212.04,Successful,txn_69cc2673c5784cedb994edae00e24a94,1,
1744,1686,2024-12-15,Amazon Pay,215.75,Successful,txn_18aa48c46be74ff494f2f27446e0331c,1,
1745,1687,2024-06-25,Amazon Pay,166.59,Successful,txn_a1c3a4b282214551b1e0e755e0c8f5e1,1,
1746,1688,2025-01-31,Gift Card,81.75,Successful,txn_eb4170df179340de8050491688940464,1,
1747,1690,2025-03-23,PayPal,1253.62,Successful,txn_22dc3a84aaeb494f9a94eaa60fb3a1e5,1,
1748,1691,2024-09-15,Gift Card,277.65,Successful,txn_18a31667c70441c98a8fa2b0f2cc75d1,1,
1749,1692,2025-12-27,Amazon Pay,553.32,Successful,txn_8e1d4ba9ab004a56a4c7914ca2139fea,1,
1750,1693,2024-01-05,Gift Card,31.48,Successful,txn_fa684593ab974400a321c2774d51292f,1,
1751,1694,2024-01-28,Amazon Pay,96.75,Successful,txn_19a79c006d2b475e919af21f5efe0db6,1,
1752,1695,2025-06-26,Gift Card,913.46,Failed,txn_4f41272c712141d7aafbb10db897d0ae,1,
1753,1695,2025-06-27,Gift Card,913.46,Successful,txn_2e035b1d62b94f369fd9248d60853ad3,2,1752.0
1754,1696,2024-10-31,Gift Card,204.15,Successful,txn_545a247dca59473fa3e59a147fc9677a,1,
1755,1697,2024-07-10,Gift Card,44.64,Successful,txn_0075323d88834fa890d22a2d56560421,1,
1756,1698,2024-09-24,Credit Card,1799.58,Successful,txn_583f62e2a3a84be49979bf0fa355a5ef,1,
1757,1699,2025-06-05,Debit Card,5.4,Successful,txn_f860c7499e1740f0bf7ed10e59f6fa75,1,
1758,1700,2025-11-05,Amazon Pay,33.62,Successful,txn_d9eae466236845c98a6c032eb8aea8a1,1,
1759,1701,2024-09-22,Credit Card,375.8,Successful,txn_d89df5b74eee4611bfef5e3058d8b9a3,1,
1760,1702,2024-08-03,Gift Card,43.74,Successful,txn_fd686fed888a42a2801108a602ddc43d,1,
1761,1703,2024-08-16,Debit Card,445.84,Successful,txn_a9d04e9de44d4ec2886df049fec5e70d,1,
1762,1704,2024-01-03,Amazon Pay,89.88,Successful,txn_f6b810b5ef1b43c38e7f50d03709c88b,1,
1763,1705,2025-08-24,Gift Card,360.18,Successful,txn_1eec2c8dcfa443ee94302d307ea3c40e,1,
1764,1706,2025-04-23,Amazon Pay,345.84,Successful,txn_ace5f1b8c66844788a87da4f2452f444,1,
1765,1707,2024-06-25,Credit Card,636.12,Successful,txn_98a967a3e38644c5b1dc7aea88f2dd46,1,
1766,1708,2025-07-07,Credit Card,254.31,Successful,txn_7259d294ee2a4416ae907bd9a8666a58,1,
1767,1709,2025-11-02,Amazon Pay,89.88,Successful,txn_a3f8e0f02b0849a28431b15019e2157f,1,
1768,1710,2024-09-08,Credit Card,42.95,Successful,txn_717d74d7383f4529aa4823f91e1d1eb0,1,
1769,1711,2024-11-04,Gift Card,207.09,Successful,txn_71de8b3f0562426589e30e2553202c65,1,
1770,1712,2025-07-04,Credit Card,126.39,Successful,txn_6f87c114e579415f8b80bcf5ba1ee41e,1,
1771,1713,2025-01-19,Debit Card,163.5,Successful,txn_cd140d24087e4142a358f88cafbe742c,1,
1772,1714,2025-08-28,Debit Card,226.16,Failed,txn_508718eaf3114eb68963107def3ad44f,1,
1773,1714,2025-08-30,Debit Card,226.16,Successful,txn_9d6c126ed43347c6a7f68b49725486f2,2,1772.0
1774,1715,2024-01-11,Amazon Pay,290.04,Successful,txn_c0aa4429ac114576b94e8546b78d98d7,1,
1775,1716,2025-11-13,Gift Card,57.4,Successful,txn_fbbeda1d11fe400998bec9bb5095d7fb,1,
1776,1717,2024-01-01,PayPal,375.8,Successful,txn_d4b488f64a674adc8d0d6746a53cd8cb,1,
1777,1718,2024-04-01,PayPal,133.92,Successful,txn_2e16833ea5904a69b5037e1892d00687,1,
1778,1719,2025-06-17,PayPal,48.02,Successful,txn_b5316f8839284ac79ac1aec5a5bd3ff2,1,
1779,1721,2025-02-12,PayPal,847.68,Successful,txn_354a2573b7734eefa26881a12fe89bef,1,
1780,1722,2025-01-31,Debit Card,913.46,Successful,txn_231393c05f6848f09cf062503dd4ecc1,1,
1781,1723,2025-12-20,Debit Card,46.53,Successful,txn_cc744eb93a174211b4da043aee14b939,1,
1782,1724,2025-06-24,Credit Card,194.4,Successful,txn_ab26f2f11e5645e999cfbf19419260f2,1,
1783,1725,2024-08-05,Gift Card,49.83,Successful,txn_d7ca9ac8905540ef972709207ba27096,1,
1784,1726,2025-10-09,PayPal,212.04,Successful,txn_8f93c1b20b00497d951820580a85fcc5,1,
1785,1727,2025-02-27,Debit Card,92.3,Successful,txn_5667bf0317b54b938bda67161f1eee89,1,
1786,1730,2025-05-18,Amazon Pay,314.68,Successful,txn_6eadad4616cc4b0e83845030c6004bad,1,
1787,1731,2024-03-23,Gift Card,271.01,Successful,txn_25c00d9f7ccf4c93ab730663c13bb3dc,1,
1788,1732,2025-03-20,Credit Card,192.5,Successful,txn_8afa96a69cca4a2dafcd187958fd339a,1,
1789,1733,2025-12-22,PayPal,56.38,Successful,txn_cfc76553b17b479b9dd58a7b16e14b13,1,
1790,1734,2024-12-29,Credit Card,126.8,Successful,txn_9d11f8ff4810448c8344db3d86a2f76c,1,
1791,1735,2025-04-05,Credit Card,102.48,Successful,txn_91849e2bc4e84001b20346f271b1e76e,1,
1792,1736,2024-09-11,Debit Card,29.52,Successful,txn_5396509d6c8d4ee1a51d4911e937ce8b,1,
1793,1737,2024-04-25,Credit Card,913.46,Successful,txn_265683f2fe7a49e6832df3e2f9e8d46a,1,
1794,1738,2025-06-27,PayPal,539.22,Failed,txn_603bf9b8f81c42099d6c275f60a96f0d,1,
1795,1738,2025-06-29,PayPal,539.22,Successful,txn_16f2916b2e2c456f93f2eec257152722,2,1794.0
1796,1739,2025-01-03,Amazon Pay,564.84,Failed,txn_52ab08043885423187d05245408d5731,1,
1797,1739,2025-01-05,Amazon Pay,564.84,Successful,txn_5b4ac6a59d9640498af3b271b2e7602b,2,1796.0
1798,1740,2024-12-15,PayPal,278.28,Successful,txn_b5a4bb796ed240698b534c72acda366f,1,
1799,1741,2024-07-02,PayPal,414.22,Successful,txn_2d6f6ee3d32949ba9825cf83429ba8f0,1,
1800,1742,2024-06-08,PayPal,297.92,Successful,txn_af5a045b2c6a4dd5a1aeb82db687375d,1,
1801,1743,2024-09-14,PayPal,238.94,Successful,txn_ec410ace4dd94208b46e867b06339ba4,1,
1802,1744,2024-12-05,PayPal,115.69,Successful,txn_34c6f1cc73bc4e7dac678f86c840f3e2,1,
1803,1745,2024-07-10,Gift Card,134.48,Successful,txn_8eaa974a113e4131a389a4bd9cbee3c0,1,
1804,1746,2024-10-29,Gift Card,49.44,Successful,txn_9ff0b6d01a74414bb1b37334a0da7463,1,
1805,1747,2025-12-18,Gift Card,221.38,Successful,txn_85291b0b092044b5b30073fa7553dcfb,1,
1806,1748,2025-08-22,Amazon Pay,196.52,Successful,txn_2aa0d77e321e488bab7b9a5cf0506d22,1,
1807,1749,2024-11-21,Debit Card,414.22,Successful,txn_813bd23afcbb4dfb8f34ef1300a04902,1,
1808,1750,2024-01-02,Amazon Pay,440.31,Successful,txn_2ddfb684e99c4b90b5831a857c488a02,1,
1809,1751,2024-01-13,Gift Card,193.36,Successful,txn_2b5b0407c0064fd586cd5e7f867b1888,1,
1810,1752,2024-04-21,Amazon Pay,287.0,Successful,txn_cb21722385214148b594b8e36afa0315,1,
1811,1753,2025-01-27,Debit Card,424.08,Successful,txn_76198b7149354884bdb999292c353440,1,
1812,1754,2024-01-10,Amazon Pay,165.96,Failed,txn_9bc47354e3014b599e7493687369118e,1,
1813,1754,2024-01-10,Amazon Pay,165.96,Successful,txn_d996f899e3c84232b26fa8a48f74ff5d,2,1812.0
1814,1755,2024-11-20,Debit Card,35.66,Successful,txn_0eed80a1f4684efc8814654fcc2d3208,1,
1815,1756,2024-08-12,PayPal,393.6,Successful,txn_8095098594994374963cd000e471bcc4,1,
1816,1757,2025-06-16,Credit Card,311.35,Successful,txn_12fb798146404e69b3f89fdfed63e9fa,1,
1817,1758,2024-06-04,Debit Card,1011.84,Successful,txn_ce7e7275b5fe496a8b8e76817edc0099,1,
1818,1759,2024-08-16,Amazon Pay,226.92,Successful,txn_9a5b685faffd46679bd72ee8aad1628a,1,
1819,1762,2024-11-17,Credit Card,339.08,Successful,txn_0dd368fd586349d7a85cf92b11b27bd0,1,
1820,1763,2025-01-25,Amazon Pay,684.62,Successful,txn_a2416aafd4cb48588b9876071996901e,1,
1821,1764,2025-06-16,Gift Card,127.38,Successful,txn_ba9b70c891c84e8f90481bdc01435e89,1,
1822,1765,2024-05-16,PayPal,295.2,Successful,txn_990d1ac020f24a139973448888f76b35,1,
1823,1766,2025-10-04,Credit Card,339.08,Successful,txn_e8f78b36837e49e6a28896351a16fd6d,1,
1824,1767,2025-08-15,Amazon Pay,573.3,Successful,txn_06ba8ea381d147a18d0a57058ea698c6,1,
1825,1768,2024-12-27,Amazon Pay,35.35,Successful,txn_beee4b9291ba4b55b8ea6edec56f831e,1,
1826,1769,2024-04-11,Credit Card,2507.24,Successful,txn_62d03cf609cd41dda3113fefe6242990,1,
1827,1770,2024-12-01,Debit Card,127.38,Successful,txn_efe49d36a74343fba2611fb95e8a92d7,1,
1828,1771,2024-08-09,Amazon Pay,98.1,Successful,txn_6e3667d3f5ab4b8ab52bb82a12bcba49,1,
1829,1772,2024-12-20,Amazon Pay,2609.46,Successful,txn_71382cf6266f4f0bae65cc873e6952ad,1,
1830,1773,2025-05-01,Credit Card,258.69,Successful,txn_2770a4b7ac784c33917e35b138ef9bf5,1,
1831,1774,2024-02-19,Debit Card,631.95,Successful,txn_ec7e7869a0694c0dbd772b707c186b05,1,
1832,1775,2024-07-24,Amazon Pay,321.09,Successful,txn_1c4acc85d5a74f6c91c093727799abba,1,
1833,1776,2025-03-21,Amazon Pay,240.12,Successful,txn_abb460b4e8e443f1be2ebe5efa7e9952,1,
1834,1777,2024-11-08,Amazon Pay,152.2,Successful,txn_ad28741be9ae44ba90b57077bed15afb,1,
1835,1778,2025-08-21,Credit Card,156.76,Successful,txn_05a23752c11143dca6f0063b05aecbce,1,
1836,1779,2024-01-05,Debit Card,1011.84,Successful,txn_5b1c530be63e4018b3e6e15ec5de07ae,1,
1837,1780,2025-09-05,Amazon Pay,1337.83,Successful,txn_2f1909f3b38a468d8265b7914acb1e4e,1,
1838,1781,2024-06-28,Credit Card,47.93,Successful,txn_7e20c92880db4bd0b2ec95163cd09155,1,
1839,1781,2024-06-28,Debit Card,131.83,Successful,txn_c15435abec15448cbf3284ea5073327b,1,
1840,1782,2024-12-21,Amazon Pay,88.26,Successful,txn_c968577e73a64c8bb2fd1f250391d9aa,1,
1841,1783,2025-12-25,Credit Card,173.28,Successful,txn_4c6e3211c8144ded89035670457591bf,1,
1842,1784,2025-04-20,Credit Card,25.8,Successful,txn_c05e90f7eea043aebd1db408cb4bb9ea,1,
1843,1785,2025-11-25,Debit Card,317.0,Successful,txn_165cef939f984a42aab54dd103ad323c,1,
1844,1786,2025-03-07,Amazon Pay,564.52,Successful,txn_494cde30dec545428d6cb2dffaef7e18,1,
1845,1787,2025-10-04,Credit Card,274.44,Successful,txn_ca48c3a7116b40099fd7cd4697748fbc,1,
1846,1788,2024-06-10,Debit Card,15.15,Successful,txn_0c8e1b2121d246bab5356af4bc88e545,1,
1847,1789,2024-08-28,PayPal,87.12,Failed,txn_75bfb9897bdb4994ab7a77ea25627639,1,
1848,1789,2024-08-28,PayPal,87.12,Successful,txn_18839d1f11c6413db7ddef17fc84e1a8,2,1847.0
1849,1790,2025-05-25,Credit Card,625.15,Successful,txn_5fed8dc03963474ba2a01bad7f6cae12,1,
1850,1791,2024-01-13,Debit Card,423.84,Successful,txn_7b9c3eedda3245c2921c20b2441149ba,1,
1851,1792,2024-08-31,Debit Card,487.95,Successful,txn_884face5acfd4fba88a67dd61dfe856f,1,
1852,1794,2025-09-30,Credit Card,625.15,Successful,txn_03d08a7eee644d06b56fe85d215c28fc,1,
1853,1795,2025-10-10,Debit Card,273.32,Successful,txn_abd1c4f757be45588cb3c189243c06d4,1,
1854,1796,2025-07-31,Debit Card,92.86,Successful,txn_012c58b8f6644e3086f8682df9b35d60,1,
1855,1797,2024-05-02,PayPal,185.84,Successful,txn_38acc0682f364dcfb6856c96c22d8843,1,
1856,1798,2025-11-02,Gift Card,548.48,Successful,txn_b8c36a2bf15644c09ffff60b0d429630,1,
1857,1799,2024-06-14,Gift Card,281.85,Successful,txn_7ad8740c88d040068cbc5f64dc255fb0,1,
1858,1800,2025-07-10,PayPal,424.08,Successful,txn_27e246bbe7c84ba89bef3e87c89056d1,1,
1859,1801,2024-12-03,Gift Card,216.8,Successful,txn_72f11f4f68354ae292c87241aaddf61f,1,
1860,1802,2025-08-13,PayPal,73.77,Successful,txn_ebd9413d42b44b639e328bf6da0ea70f,1,
1861,1803,2024-01-03,Debit Card,1790.9,Successful,txn_aa5e527154294fe8838746747ed4cbb3,1,
1862,1804,2025-06-06,PayPal,301.83,Successful,txn_8ef66ce117084fc38c77cb3aeb4b6d57,1,
1863,1805,2024-04-19,PayPal,823.32,Successful,txn_c33fdc6ca1c643158bc6312778cf8269,1,
1864,1806,2024-12-26,Credit Card,161.37,Failed,txn_169dbd2f00f5429c9b130ec2ee305d19,1,
1865,1806,2024-12-27,Credit Card,161.37,Successful,txn_0f5068d41a0b4ae19e3d990018379af4,2,1864.0
1866,1807,2024-08-28,PayPal,30.3,Successful,txn_82e114f3a060492589bae7deaaf2c7e5,1,
1867,1808,2024-03-31,Gift Card,230.56,Successful,txn_a0d0bae5e2c5482e9df765bd59f9a195,1,
1868,1809,2024-07-09,Debit Card,719.8,Successful,txn_576e324d6610498ca6cc35ef48fd60fe,1,
1869,1810,2024-07-03,Debit Card,112.01,Successful,txn_f2faf29e47534a18ab612d98c10d8326,1,
1870,1810,2024-07-03,Amazon Pay,88.87,Successful,txn_644ec40ff3f643fc8601515742960c76,1,
1871,1811,2025-12-10,Debit Card,23.62,Successful,txn_c4da304f8f6c4388a9deb6228df5eea2,1,
1872,1812,2024-11-30,Amazon Pay,40.4,Successful,txn_5ead4f7255944dff971db9da398e5fe8,1,
1873,1813,2024-01-16,PayPal,169.54,Successful,txn_03fa482b4f1f4f919d987b4d9ee95591,1,
1874,1814,2024-02-16,PayPal,423.0,Successful,txn_c7072800f64b42d28c52d424c359a6b2,1,
1875,1815,2024-05-08,Gift Card,169.62,Successful,txn_a534c63fa675483c8d17bc8a5bec0a7b,1,
1876,1816,2025-04-12,Gift Card,107.03,Failed,txn_2a2416ee3366458688694cf778fc8d5e,1,
1877,1816,2025-04-14,Gift Card,107.03,Successful,txn_8fa1a83e5ded47ec873a24148a089329,2,1876.0
1878,1817,2025-03-20,Debit Card,88.28,Successful,txn_dcf1b67b4f014bb28c9402a3dda49da2,1,
1879,1818,2024-10-07,Amazon Pay,503.7,Successful,txn_dfaf63c59413417da926f81733e1c968,1,
1880,1819,2024-07-24,Credit Card,450.0,Successful,txn_4954c7884def4711bb39f64a4ddbdc4b,1,
1881,1821,2025-10-16,Gift Card,540.27,Successful,txn_82af83f52a6a4bd4858eaa25bb94a088,1,
1882,1822,2024-07-11,Credit Card,23.36,Successful,txn_157b6b90a2a045d2932618afb5fbfc24,1,
1883,1823,2025-08-29,Gift Card,139.14,Successful,txn_3e0530e24f524753bac7d2f3d2181a33,1,
1884,1824,2024-07-14,PayPal,370.15,Successful,txn_930c3ed0d56b49348face1e9e4592aa9,1,
1885,1825,2024-06-03,Credit Card,185.52,Successful,txn_a720afc468f74145a93c2803d8601ba7,1,
1886,1826,2024-03-26,PayPal,794.7,Successful,txn_e0382f1922ed4d0b84ad4e2a4247a08b,1,
1887,1827,2025-07-17,PayPal,46.38,Successful,txn_d6ac8186072f47eebc84f72256975823,1,
1888,1828,2024-12-16,PayPal,39.19,Successful,txn_6b0f2664272f485b84bf5e7bfc905dd7,1,
1889,1829,2025-09-07,Gift Card,67.6,Successful,txn_2c6304a48f1f4489864d25815cb43872,1,
1890,1829,2025-09-07,Amazon Pay,214.28,Successful,txn_259e0eceb93a475090b7dd48cf22caa4,1,
1891,1830,2025-01-20,Credit Card,1242.66,Successful,txn_ed7752b0a7394a0d814f9a7c215378e2,1,
1892,1831,2025-09-30,Credit Card,156.09,Successful,txn_70de2b6e0b0f4488896a51bf6a850bfd,1,
1893,1832,2024-09-20,Gift Card,2507.24,Successful,txn_d74c2ef150ce4f948b885d35e93bcdd2,1,
1894,1833,2025-06-30,Credit Card,440.31,Successful,txn_f1661011f35c47a7ac92dd5c45f76591,1,
1895,1834,2025-04-27,Gift Card,484.65,Successful,txn_f47114a4aefc4aa3b4e966b20c921ceb,1,
1896,1835,2025-12-28,Credit Card,240.12,Successful,txn_e443cf18e251419baf50703246154d62,1,
1897,1836,2024-03-21,Debit Card,180.09,Failed,txn_2508500321ad4ad4899710ffef19457d,1,
1898,1836,2024-03-23,Debit Card,180.09,Successful,txn_f55e62c267e14b29b01dabde2bc92c6f,2,1897.0
1899,1837,2024-08-19,Gift Card,169.14,Successful,txn_a74e5b436c4b40ad8b62487ab458bfcd,1,
1900,1838,2025-12-19,Amazon Pay,1471.8,Successful,txn_5be94aa15f5e4f7d96168e64d9142150,1,
1901,1839,2025-01-20,Credit Card,86.3,Successful,txn_79bcbe1c5e724b5cbd5d98481409e171,1,
1902,1840,2024-11-25,PayPal,5.05,Successful,txn_4efea8bd783048dd9447bc4deff402c9,1,
1903,1841,2024-12-08,PayPal,87.66,Successful,txn_ac82592f13df40c6b0c690b76af95853,1,
1904,1842,2024-08-05,Amazon Pay,70.68,Successful,txn_1dccbaef8fb645c3818aa30a0635766c,1,
1905,1843,2024-01-04,Amazon Pay,1096.96,Successful,txn_8fed91eddcce45a78a88d0e248917671,1,
1906,1844,2024-01-30,Debit Card,414.22,Successful,txn_6e709a81cbfb4b34850abdabddbf53d8,1,
1907,1845,2025-02-10,Credit Card,144.51,Successful,txn_1b51ea993b1347f6bd5c8d3053c0ad10,1,
1908,1846,2025-01-26,Credit Card,284.76,Failed,txn_b24df9beadf648cb92b811bb3de754a1,1,
1909,1846,2025-01-28,Credit Card,284.76,Successful,txn_fdfb47976d3c405c930f7bec5236e5a3,2,1908.0
1910,1848,2024-10-10,Amazon Pay,1487.23,Successful,txn_066ae380d87c492181bceeea8242d59e,1,
1911,1850,2025-07-16,PayPal,142.38,Successful,txn_57fcb6ad3d1f44a5a78b78345763fb2a,1,
1912,1851,2024-09-21,Amazon Pay,212.04,Successful,txn_79c6c6ebe2d3405096e52869fec39335,1,
1913,1852,2024-05-03,Debit Card,88.26,Failed,txn_cbde245b31c04a7ebbad427ab2475734,1,
1914,1852,2024-05-05,Debit Card,88.26,Successful,txn_9b756fda7c984af3936bf7e1f09bbdb9,2,1913.0
1915,1854,2024-12-06,Credit Card,59.92,Successful,txn_4d3fb560dd1f421eaa8e062a97d15543,1,
1916,1855,2024-11-07,Gift Card,296.12,Successful,txn_68de509c479a4dfdaa8f6dda66b42051,1,
1917,1856,2024-03-06,Gift Card,226.16,Successful,txn_b5e6a9d211f64f31a91f607625d2eef9,1,
1918,1857,2025-09-26,Debit Card,263.2,Successful,txn_0240c8a16ed14ed9bed2034780ff024a,1,
1919,1859,2024-05-10,Gift Card,238.94,Successful,txn_f6348ef5d76e4d94b39bd560639082f7,1,
1920,1860,2024-10-12,Gift Card,575.84,Successful,txn_2301b5f9524e44b7a85dcf92f9ad1ccf,1,
1921,1861,2025-07-06,Amazon Pay,127.38,Successful,txn_56366a2e539d4a578041b062471f0a16,1,
1922,1862,2024-07-14,PayPal,330.54,Successful,txn_49e3bf485dcb484ca0919d5939501fe7,1,
1923,1863,2025-01-20,Gift Card,235.34,Successful,txn_a2026a1280544cdbbd33a345789ef731,1,
1924,1864,2024-05-09,Debit Card,341.52,Successful,txn_0ea55e2671434e669f8493fcf72d25d2,1,
1925,1865,2024-01-19,Credit Card,15.74,Successful,txn_e4dd2bf2ba2b470dbd29c22c1d30bea3,1,
1926,1866,2025-01-14,Debit Card,847.68,Successful,txn_32897a79980341b58f03b3f55149f4d1,1,
1927,1868,2024-02-06,Gift Card,969.3,Successful,txn_e578eff8fdce41108579ab680e8889e5,1,
1928,1869,2025-09-07,Credit Card,126.8,Successful,txn_ea552198caf7476a9e9ec5256cf9b909,1,
1929,1870,2024-12-06,Gift Card,296.12,Successful,txn_96120736e0ba4d0fa64fa480fa16dac3,1,
1930,1871,2024-06-23,Debit Card,96.68,Successful,txn_72e94c90aa47462d8740b5d4f738bb35,1,
1931,1872,2025-03-17,Debit Card,56.54,Successful,txn_55fddf11d14a40fcaa24c0f5d37ac6da,1,
1932,1873,2025-01-09,Gift Card,243.6,Successful,txn_ec706ce27c8e4fdfb84c9b47d6909f91,1,
1933,1874,2024-10-27,PayPal,35.04,Successful,txn_d47162275b6145e78784e8436458c4fd,1,
1934,1875,2025-01-18,Gift Card,160.08,Successful,txn_8d656f1217004db0a8139d51f8222a3d,1,
1935,1876,2024-07-11,Credit Card,80.7,Successful,txn_44bf2764853943e79903f66ad212fbc0,1,
1936,1877,2025-08-23,Credit Card,337.28,Successful,txn_b1307a2ab4a74f22aa6e2fe3c228e992,1,
1937,1878,2025-08-24,PayPal,157.89,Successful,txn_8dd9db2df10d46bb945e7397a42aba57,1,
1938,1879,2024-06-21,PayPal,39.6,Successful,txn_f8836c7ff94747e29788cda883d34bc5,1,
1939,1880,2024-03-02,Credit Card,74.03,Successful,txn_665cdff61e0b4293b55ce6891a4c8619,1,
1940,1881,2025-09-13,Credit Card,170.31,Successful,txn_b894da5f68014503a1db4769f91b2ea2,1,
1941,1882,2024-08-28,Debit Card,246.75,Successful,txn_c92a867648aa4979b724685ed4833a96,1,
1942,1883,2025-07-27,Gift Card,165.96,Successful,txn_f5f2b7989ada47b5abe29e9ab71c7e1e,1,
1943,1884,2025-03-30,Credit Card,223.56,Successful,txn_6b92f1d396eb42b5b076e4a1a8893a77,1,
1944,1885,2024-04-07,Debit Card,332.07,Successful,txn_7eab0e44bc404fe7a1ba684e8d90e607,1,
1945,1886,2025-06-12,PayPal,72.03,Successful,txn_0f2a68a63bd64cf19e4647369c314559,1,
1946,1888,2024-10-08,PayPal,564.84,Successful,txn_5c0acea27e214059bfe5ffb631a91ad6,1,
1947,1889,2024-04-02,Amazon Pay,43.15,Successful,txn_89f1d60954744285920c65a3306aac31,1,
1948,1890,2025-11-25,PayPal,383.68,Successful,txn_980ef1b594624fbc88030ff1db406adc,1,
1949,1891,2025-01-09,Amazon Pay,527.25,Failed,txn_cddde2c1c05f4b8a81bec1f8038a85de,1,
1950,1891,2025-01-10,Amazon Pay,527.25,Successful,txn_076155f5435348169bf514b688136ff0,2,1949.0
1951,1892,2025-06-09,Debit Card,503.7,Successful,txn_a62b073cdcaa43ceab735c15099c042e,1,
1952,1893,2024-07-31,Gift Card,83.8,Successful,txn_706cebfe36074a2fb729c827d16d9fac,1,
1953,1894,2025-12-10,Debit Card,3928.98,Successful,txn_be8c8b91b4984a3cac1dd946b45fb767,1,
1954,1895,2025-03-17,Debit Card,57.4,Successful,txn_5243e61cb8894a62b500480fabf35c3f,1,
1955,1896,2025-10-20,Debit Card,934.05,Successful,txn_2c766ce158a649479a1b114abcadcf7f,1,
1956,1897,2024-03-26,Debit Card,719.8,Successful,txn_6136fbdfa06d44ae96de2b166539616e,1,
1957,1898,2024-10-07,PayPal,934.05,Successful,txn_a114e13e6361417d99a1c7a901b9fcc7,1,
1958,1899,2025-11-20,PayPal,390.84,Successful,txn_8e95d57b8ca54dd78fa5af32181e5f94,1,
1959,1900,2024-06-19,Gift Card,1253.62,Successful,txn_b58c5ac54b384d28898dfc83d56b3bf2,1,
1960,1901,2024-08-02,Amazon Pay,2155.36,Successful,txn_e04b4a8d580c44f08ae953e1bfe1a6bd,1,
1961,1903,2025-07-30,Debit Card,340.62,Successful,txn_625c6db1459c4fc299a73415c57a8589,1,
1962,1904,2025-09-10,Amazon Pay,160.33,Successful,txn_f843d637d20c4a1eb6f3021cf7b4503c,1,
1963,1905,2025-12-30,Gift Card,149.04,Successful,txn_60d516911fdd4a5b9aa7b8dc54cf4961,1,
1964,1906,2024-09-21,Debit Card,27.48,Successful,txn_5ad41be81c54465599183fec6637b19a,1,
1965,1906,2024-09-21,Credit Card,53.22,Successful,txn_7a29f7b9c1e24d309a4a24d9672ea958,1,
1966,1907,2025-07-28,Debit Card,406.0,Successful,txn_045b8d2ca85a433eb63514f6caa10ad0,1,
1967,1908,2025-12-04,Gift Card,235.14,Successful,txn_8df7f5ecde2f47ba965540f75cbd68c9,1,
1968,1910,2025-02-27,PayPal,503.7,Successful,txn_79f4ce5b32c040eca91f9191ec7ce762,1,
1969,1911,2025-03-26,Credit Card,6.35,Successful,txn_4f356adf2e434246a507d5bb9bdeca6e,1,
1970,1911,2025-03-26,Debit Card,2.85,Successful,txn_0981bdad056f448b9bb171722118c434,1,
1971,1912,2024-06-02,Debit Card,323.61,Successful,txn_798f75c384a74e4d8febed01fcc7c5ec,1,
1972,1913,2025-04-10,Amazon Pay,2976.6,Successful,txn_a5beddfd0bba40f99b42a92dfcd53614,1,
1973,1915,2025-12-23,Debit Card,115.28,Successful,txn_bd970c4720bb437786e190e570e1087d,1,
1974,1916,2024-09-25,Amazon Pay,986.78,Successful,txn_7fcb97278b5648f18d8a9bc84bb59eff,1,
1975,1917,2025-05-06,Gift Card,641.32,Successful,txn_315f79359ab943f4b3066936d1a8f477,1,
1976,1918,2025-06-29,Amazon Pay,105.39,Successful,txn_bf12832150664e7ebae93d2be73e7d33,1,
1977,1919,2024-03-13,Amazon Pay,65.8,Successful,txn_f0146b93f8d4435eb7c15f6ed86d5f3b,1,
1978,1920,2024-12-26,PayPal,9.2,Successful,txn_40798425a48e4329a46d640dd6d3a4e2,1,
1979,1921,2025-04-10,Credit Card,50.5,Successful,txn_168ef0797a234053bd53778a944b5faa,1,
1980,1922,2024-12-20,Gift Card,794.7,Successful,txn_f115054ec4d84d75962604f3daf9f69d,1,
1981,1923,2025-04-19,Gift Card,88.26,Successful,txn_b345fbde94d7461ea445085740be818f,1,
1982,1924,2025-12-11,Gift Card,222.12,Successful,txn_d03857eb95104a91b92665987788d20e,1,
1983,1925,2024-11-02,Amazon Pay,307.17,Successful,txn_1580feeeef4f49cb90e8b2d772bbd766,1,
1984,1926,2025-11-29,Amazon Pay,900.0,Successful,txn_38aac284f1d249bc91f1007bfd2127d1,1,
1985,1927,2024-03-25,Credit Card,287.92,Successful,txn_0b272e962ad9419c81f4ad6ba50d5722,1,
1986,1928,2025-12-11,Debit Card,92.92,Failed,txn_1e2afdc77c9742efa8b1b0d71b807365,1,
1987,1928,2025-12-11,Debit Card,92.92,Successful,txn_37567be4c33f4e4196f5bf106cc42dba,2,1986.0
1988,1929,2024-02-28,Debit Card,430.89,Failed,txn_f01a2809c711443491e41be43289addd,1,
1989,1929,2024-03-01,Debit Card,430.89,Successful,txn_d30c6681b06e4bb8887916dcabd7230b,2,1988.0
1990,1930,2024-04-08,PayPal,389.12,Successful,txn_46e21720a0c946caa510e62954b4e654,1,
1991,1931,2024-01-15,PayPal,553.32,Successful,txn_9a54c2d9554747aa88833d58c81e8215,1,
1992,1932,2025-05-11,PayPal,393.04,Successful,txn_192654c9da4a46bb9372390dd1a8b245,1,
1993,1933,2025-09-22,PayPal,2974.46,Successful,txn_bf0f9fd4827e4f48a00bf3387100b00c,1,
1994,1934,2024-03-07,Debit Card,339.08,Successful,txn_780bb602620d45e88dac5bc3e2e67e77,1,
1995,1935,2025-01-22,Amazon Pay,899.79,Successful,txn_90f73e66a6b24838b7ebcccddc984a99,1,
1996,1936,2024-04-15,Amazon Pay,705.65,Successful,txn_16517b4fe20c4a79bbf6bdeed50c1786,1,
1997,1937,2024-09-25,Amazon Pay,229.6,Successful,txn_4a49a8786329401197d15b8858744cd7,1,
1998,1938,2025-04-04,Amazon Pay,193.32,Successful,txn_49bc4aca0c47446084eb72a8e5cce1b5,1,
1999,1940,2024-10-06,Credit Card,695.64,Successful,txn_628a384e12f14ca48b3248350e3dda28,1,
2000,1941,2024-07-06,Debit Card,92.86,Successful,txn_3607841481e049f396880580acbcce34,1,
2001,1942,2025-08-18,Debit Card,52.78,Successful,txn_3056f12d9c404fe99f7185b6c48c6915,1,
2002,1943,2024-04-06,Gift Card,423.85,Successful,txn_6afd8b2f7bb94e8cbb5636686747bdc8,1,
2003,1944,2024-12-17,Amazon Pay,207.09,Successful,txn_a3441354047c4f318e034b151cd3d49c,1,
2004,1945,2024-04-14,Credit Card,156.6,Successful,txn_591096437fee40879487df8c16ab4c23,1,
2005,1946,2025-07-08,Gift Card,52.63,Successful,txn_f3fc7c98ae9c4d4aa7b655845dbfd0fa,1,
2006,1947,2024-02-21,Debit Card,510.93,Successful,txn_c2652ae2853845aab6c03ce46f9ea4e9,1,
2007,1949,2024-02-28,Credit Card,393.04,Successful,txn_f5653caf97274a80a0f234e585d1b777,1,
2008,1950,2024-10-29,PayPal,87.12,Successful,txn_d84b7896a1af4bfdabfd94283506428c,1,
2009,1951,2024-05-19,Amazon Pay,73.77,Successful,txn_7f5ee0aeb16c428d9b9b56b33596de30,1,
2010,1952,2024-07-27,PayPal,1421.46,Successful,txn_67153ff75cfa475f8fb0c5141aea0f33,1,
2011,1953,2025-01-14,Gift Card,74.03,Successful,txn_58355fdf1fac4fa89f07c52ebc45296e,1,
2012,1954,2024-09-23,Gift Card,595.84,Successful,txn_8ef9301c38b04c06bdf2362622e9531f,1,
2013,1956,2025-10-27,Credit Card,166.4,Successful,txn_4b14d0cb18074c03adf731f01036e045,1,
2014,1957,2025-08-02,PayPal,36.19,Failed,txn_aa4486c341d84069aeca87de9b76ec4e,1,
2015,1957,2025-08-03,PayPal,36.19,Successful,txn_b727aeff092246b192702140c5bb85f0,2,2014.0
2016,1958,2024-06-04,Credit Card,49.05,Successful,txn_5d8437680ca14d6bbacb85a4877ae344,1,
2017,1959,2025-12-06,Credit Card,859.95,Successful,txn_24f3516520074c98bbb31ba9b7b3ae7f,1,
2018,1960,2025-09-06,Credit Card,34.5,Successful,txn_91a9127d184d46fa80693725c684bce0,1,
2019,1961,2025-09-26,Credit Card,244.98,Successful,txn_917e3befce074f70b186d6e896bb2482,1,
2020,1962,2025-05-18,PayPal,290.7,Successful,txn_426643c869e94a7182d09536872081ec,1,
2021,1964,2025-05-20,Debit Card,314.68,Successful,txn_dfd5e5786ec8495d8bd7a767d11df7aa,1,
2022,1965,2025-02-22,Credit Card,499.85,Successful,txn_d8d8ea133b924e9bacdf84dba0134cf4,1,
2023,1966,2025-04-22,Credit Card,150.5,Successful,txn_de2c8437dc5c4a24a760ec53a4c09f17,1,
2024,1967,2024-04-22,Amazon Pay,264.9,Successful,txn_60ef534d4509431b9a17de580a0b434b,1,
2025,1968,2024-12-02,Credit Card,115.26,Successful,txn_a9bd497b946b4285aa1c3fc9453426a2,1,
2026,1969,2025-10-10,Debit Card,342.31,Successful,txn_1611fdbc51b34caeac3daa6b5a810057,1,
2027,1970,2025-03-02,Credit Card,487.95,Successful,txn_9867671affb34cb09a4919545b8f3898,1,
2028,1971,2024-03-20,PayPal,169.14,Successful,txn_4efff6a4c90e43849e6f499e3c0eac75,1,
2029,1972,2025-10-02,Debit Card,215.16,Successful,txn_016e9265427c4e3ea35db5ffec578f88,1,
2030,1973,2024-05-26,Credit Card,823.32,Successful,txn_dab4841754284064874d844ff88d3df5,1,
2031,1975,2025-04-29,Amazon Pay,99.97,Successful,txn_b3429112115740d992eadec96fc014d6,1,
2032,1976,2024-01-20,Debit Card,49.05,Successful,txn_8af60df3855c417b8b122e567a27c150,1,
2033,1977,2024-01-18,Credit Card,564.84,Successful,txn_61afc41aef104a6ab986c8cb0fe22d5b,1,
2034,1979,2024-02-07,Credit Card,48.02,Successful,txn_4ae85725c5d045caae1db5f5864dfa4e,1,
2035,1980,2025-07-02,Gift Card,94.48,Successful,txn_db807a3be4434daf99ac95ab0cc0af32,1,
2036,1981,2025-02-04,Amazon Pay,56.76,Successful,txn_2e87e9d9199c44cc8da1a5147d7b684a,1,
2037,1982,2024-05-02,Amazon Pay,375.8,Successful,txn_9a2ef85c92e14742bc35457e12371be5,1,
2038,1983,2025-03-05,Debit Card,150.48,Successful,txn_fa42c1da75ea4968acf32e81424b04ce,1,
2039,1984,2024-03-11,Gift Card,27.27,Successful,txn_6faddf8eece14ec8aed388e39ff605a9,1,
2040,1985,2025-01-11,Credit Card,165.48,Successful,txn_de2928f5462e44e6a83efeec9d0d5b22,1,
2041,1986,2025-04-11,PayPal,297.92,Successful,txn_09fad6f0e6764c568b8f97ebc3e4c625,1,
2042,1987,2024-10-04,Amazon Pay,1337.83,Successful,txn_8d52a23af82649618bbfc9559cfefb76,1,
2043,1988,2024-08-09,Debit Card,144.06,Successful,txn_e0ca15daea6c4729bb1589edf90d4fdb,1,
2044,1989,2025-05-10,Amazon Pay,2155.36,Successful,txn_fcaac7eb4df442dd801a08683eb7ec6c,1,
2045,1991,2024-06-19,PayPal,174.42,Successful,txn_a5824f12a502482fab23df1a412009d0,1,
2046,1992,2025-12-28,Gift Card,57.61,Successful,txn_6f0ac31e1d494c289e8bd5eecb3d8dd0,1,
2047,1993,2025-04-14,PayPal,1337.83,Failed,txn_36d79f1aed584f1ab83cb4c728ba3715,1,
2048,1993,2025-04-14,PayPal,1337.83,Successful,txn_ad4cc7fb2d8f4876a1ef2169de9720ee,2,2047.0
2049,1994,2025-10-21,Debit Card,214.06,Successful,txn_b94491ad974a468fa6c832ce52ad6f9b,1,
2050,1995,2024-07-29,Gift Card,278.28,Successful,txn_6a7a244f153740c1aabaedd17b07c1d3,1,
2051,1996,2024-02-23,Gift Card,139.12,Successful,txn_dfcd4dc84e884bb4964bb5de5ba9bbc5,1,
2052,1997,2024-08-16,Gift Card,229.6,Successful,txn_f23f4cb22f394d7881dcd7ac4523c726,1,
2053,1998,2025-07-13,Gift Card,148.08,Successful,txn_4f251c76c7094a6a82907ee91f5f7384,1,
2054,1999,2024-03-03,PayPal,56.54,Successful,txn_125ef426684242b58dc7b088675f8f14,1,
2055,2000,2024-07-03,PayPal,136.4,Successful,txn_353e7e9e007e44a98f0bfd1823d064c8,1,
2056,2001,2025-04-18,PayPal,88.26,Successful,txn_2b45dc0c3e064bd4b25c9bd187974aa6,1,
2057,2002,2025-06-15,Debit Card,231.38,Successful,txn_0bebbe4ceca3449db10ba69d5b35518f,1,
2058,2003,2025-04-09,Debit Card,81.75,Successful,txn_1de304e1fffb49989201c8036b0df51b,1,
2059,2004,2025-04-26,Gift Card,24.59,Successful,txn_f3939fd97b1d47d0825e31f58f3c8aff,1,
2060,2005,2025-04-18,Credit Card,295.56,Failed,txn_ac40068eaa6b4ecf98bcd24b09c010fb,1,
2061,2005,2025-04-18,Credit Card,295.56,Successful,txn_02187796c30a4769a366fc9088cde251,2,2060.0
2062,2006,2025-05-26,Amazon Pay,220.36,Successful,txn_029671898b8146ccaf9b1357f6c74b78,1,
2063,2007,2024-06-15,PayPal,156.6,Successful,txn_85e23eaa7eec4ef9a0183e345f54373d,1,
2064,2008,2024-09-27,Gift Card,53.49,Successful,txn_2b90825c9b7a4264af799ecf2348884f,1,
2065,2009,2025-10-16,Credit Card,180.09,Successful,txn_574388d1674d4c75a8dbe28072c738d4,1,
2066,2010,2025-06-30,Amazon Pay,207.98,Successful,txn_255deb2b63ba4affa3949ab1402faee9,1,
2067,2011,2025-03-18,Amazon Pay,48.34,Successful,txn_0174bbf42eca43579b348674488effba,1,
2068,2012,2024-09-11,Gift Card,540.27,Successful,txn_e7d7b62d9fbe4fe580b168eebd41b653,1,
2069,2013,2025-10-12,Debit Card,487.95,Successful,txn_2bae49dda6144bde971b9e6b009d7458,1,
2070,2014,2024-06-20,Debit Card,264.9,Successful,txn_c5f0b74063584b11b3fe0ff662f2dcfe,1,
2071,2015,2024-01-16,Amazon Pay,22.62,Successful,txn_614db4c588d049fab5f27382b92e84f3,1,
2072,2016,2024-03-28,Credit Card,30.16,Successful,txn_dd1ef5e23607431f81f3241f7f1e7e04,1,
2073,2017,2024-05-09,Amazon Pay,98.52,Failed,txn_5f93dcd47ab8427d96205bce55ccb464,1,
2074,2017,2024-05-10,Amazon Pay,98.52,Successful,txn_a8cf0e2b17f54c68a110c6f296286f12,2,2073.0
2075,2018,2024-03-23,PayPal,118.1,Successful,txn_208f38f1a294474bb97929db38222978,1,
2076,2019,2024-03-23,Debit Card,103.99,Successful,txn_9d3103835eff4f229e8f84da3e9d9acd,1,
2077,2020,2025-03-06,Amazon Pay,481.47,Successful,txn_a0dc8f01688d4c42958020a41344a4fa,1,
2078,2021,2024-11-20,Amazon Pay,81.75,Successful,txn_fcf98cc8a5bb48f485b03e31c176ca28,1,
2079,2022,2024-02-04,Gift Card,11.68,Successful,txn_27b672e1aa3a4af0bd693f54cd2a4171,1,
2080,2023,2025-02-25,Gift Card,668.76,Successful,txn_21f2d024fd874bc58c37fb5d1607f106,1,
2081,2024,2025-12-12,Credit Card,141.0,Successful,txn_6b2d33576b4b4718866816f3e54e5e0e,1,
2082,2025,2025-12-21,Amazon Pay,187.9,Successful,txn_bfc1aa8e55b5412ab4f108196a7ed458,1,
2083,2026,2024-07-08,Amazon Pay,180.09,Successful,txn_a68bc299f0ff4823a3cf68e8e6bcde3d,1,
2084,2027,2025-12-11,PayPal,49.05,Successful,txn_5f3adf4946cf4bfc8566a56816134221,1,
2085,2028,2025-06-09,Credit Card,453.44,Successful,txn_9011a35c4e024c80aa9fee101db0b5a1,1,
2086,2029,2025-03-14,Credit Card,612.06,Successful,txn_873e5116db9742da808a24b49f1fede8,1,
2087,2029,2025-03-14,Debit Card,399.78,Successful,txn_9ed50bfedbec4f9093b130e53dcdd48c,1,
2088,2030,2025-01-02,Amazon Pay,486.0,Successful,txn_a8c6d58e6b5c44de953d16385ace8898,1,
2089,2032,2024-07-10,Credit Card,173.28,Successful,txn_e535a378a4e448b48e13224c2da25f26,1,
2090,2033,2024-09-01,Debit Card,65.31,Successful,txn_a225798f012c43c7be5b7910a107c34a,1,
2091,2035,2025-02-06,PayPal,67.24,Successful,txn_eb350125538b4c8f8187f20a244483d7,1,
2092,2036,2025-10-01,Gift Card,527.25,Successful,txn_d936345f128148e0be1109c50023375b,1,
2093,2037,2024-04-30,PayPal,117.57,Failed,txn_e52c3cde46da4d34afaec3f5a08cf6a5,1,
2094,2037,2024-04-30,PayPal,117.57,Successful,txn_e7ffa74242544556bc6b603e0265c970,2,2093.0
2095,2038,2024-06-29,Amazon Pay,147.72,Successful,txn_805480fba8474b8c954d1b9c81a2d75d,1,
2096,2040,2025-11-16,Gift Card,418.14,Successful,txn_4f2605454f814bd7ad8c3d4e014eab7e,1,
2097,2041,2024-09-28,Gift Card,161.25,Successful,txn_fd66993488314267bd523fde4c8bf756,1,
2098,2042,2024-02-16,Credit Card,29.96,Successful,txn_a242e81b273d480d88dfb6c927dd4ef5,1,
2099,2043,2024-07-06,Debit Card,44.28,Successful,txn_321be3d9d1b444dca8eeb09543e71986,1,
2100,2044,2024-04-07,Credit Card,81.75,Successful,txn_2d13da1bd26a42a3ad6515d20c2656e1,1,
2101,2045,2024-09-06,Gift Card,445.84,Successful,txn_822aa70c7f5c49268d35c40dc8d9bb29,1,
2102,2046,2024-05-03,Debit Card,553.32,Successful,txn_74c865463d0f43e7a022f5d69967709a,1,
2103,2047,2024-09-10,Gift Card,149.04,Successful,txn_e138160b2c0b4dc9b11793d90b55ac70,1,
2104,2048,2024-02-03,Amazon Pay,235.14,Successful,txn_1f0d3466c7a1435fbf20c0a3ec1fed54,1,
2105,2049,2024-12-16,Amazon Pay,323.61,Successful,txn_a4f66fcd06564ca49eed2c8577f1f09b,1,
2106,2050,2025-12-30,Credit Card,74.52,Successful,txn_63c155576b4b4d4896d45e12e2ae7f93,1,
2107,2051,2025-10-26,PayPal,110.69,Failed,txn_a2ddce37382846eeb5d683b935d1cb65,1,
2108,2051,2025-10-28,PayPal,110.69,Successful,txn_2d2a800185f1427ca1f305cfe7d1ae6d,2,2107.0
2109,2052,2025-12-15,Debit Card,75.75,Successful,txn_1d2472a5d27a4349b35146873f9071fb,1,
2110,2053,2025-03-27,Amazon Pay,414.22,Failed,txn_5150c96bb9104d119f76fde413ef4f0d,1,
2111,2053,2025-03-28,Amazon Pay,414.22,Successful,txn_3970c4ffc43b4bd7ade906f25f984562,2,2110.0
2112,2054,2025-02-25,PayPal,215.74,Successful,txn_312443970a56423a9e085b03ce44ef58,1,
2113,2055,2025-08-25,Amazon Pay,174.42,Successful,txn_1e671e3825204d9281165db4a56db3f9,1,
2114,2056,2024-05-22,PayPal,481.47,Successful,txn_14841c7836794083a7643605465f856c,1,
2115,2057,2025-10-22,Credit Card,87.48,Successful,txn_f83782f82aeb4777a00792e29da299b5,1,
2116,2059,2025-07-31,Debit Card,119.84,Failed,txn_89f5bc0e69784cd58fb9cfce20d754a1,1,
2117,2059,2025-07-31,Debit Card,119.84,Successful,txn_88396c2cea4844c1b4eb561701327c2a,2,2116.0
2118,2060,2025-07-18,Debit Card,972.42,Successful,txn_132c6ff7dbc04ed88149e51ea8223b06,1,
2119,2061,2024-11-05,Amazon Pay,521.12,Successful,txn_07050ed051eb4601aea5e16a6bb3edf6,1,
2120,2063,2025-08-28,Gift Card,235.14,Successful,txn_4e25f073df7241eda2a3a6f7bd541fb9,1,
2121,2064,2024-06-29,Debit Card,33.21,Failed,txn_0fd1f36116e345f980899d12666b63b3,1,
2122,2064,2024-06-30,Debit Card,33.21,Successful,txn_532c5ef68d4f40878dd9ee8bc837b78a,2,2121.0
2123,2065,2024-04-20,Gift Card,360.18,Successful,txn_dac143a992684a90ac239c78e07ea691,1,
2124,2066,2025-10-22,Gift Card,99.97,Successful,txn_e04e81a4a8444adaa8f6f244ef497385,1,
2125,2067,2024-02-25,Credit Card,668.76,Successful,txn_c4fcf098814f40f99ea945b8cf1867c7,1,
2126,2068,2024-04-27,PayPal,413.03,Successful,txn_ca07360649b7437fab9d3a5176409a45,1,
2127,2069,2024-09-08,Gift Card,281.85,Successful,txn_d003a10c579040c2b9fbed4d3b8f31ec,1,
2128,2070,2024-02-14,Gift Card,483.36,Successful,txn_eb3ca7015f944e69b8210098ebb855e6,1,
2129,2071,2025-12-21,PayPal,15.15,Successful,txn_5bc6859debea40a2b3f57f3b4b198f8e,1,
2130,2072,2025-10-30,Gift Card,60.6,Successful,txn_20c3c4b663fe423eacfa920ee39d2f85,1,
2131,2073,2025-12-09,Credit Card,115.28,Successful,txn_bd646432b3da45a18a88c601a9edba41,1,
2132,2074,2024-08-09,Gift Card,220.36,Successful,txn_e766a5a677594f878221203e57df17cd,1,
2133,2075,2025-02-23,Gift Card,81.75,Failed,txn_e776e724eb4e4bcca078eab795805161,1,
2134,2075,2025-02-23,Gift Card,81.75,Successful,txn_1006840a323048fd956bc2d62c83ddb6,2,2133.0
2135,2076,2024-05-01,Debit Card,244.98,Successful,txn_74f2eb284c2047fdb55286e62f19fb9d,1,
2136,2077,2025-04-09,Credit Card,823.32,Successful,txn_f7d78f7dc64548f0807245b222fcb24a,1,
2137,2078,2024-01-31,Credit Card,661.92,Successful,txn_722cd84a741a4e16bac50ade44305efb,1,
2138,2079,2024-09-12,Credit Card,470.16,Successful,txn_22a38f7c062d459685b8645f87ddd069,1,
2139,2080,2025-05-16,Gift Card,296.12,Successful,txn_715bdb5f9fc2472db2daa21db5714a1f,1,
2140,2081,2025-11-18,PayPal,975.9,Successful,txn_4d8bf40cf0fe43748af6e3c652b8632d,1,
2141,2082,2025-01-25,Gift Card,174.96,Successful,txn_4537a189c0e54eca8ca04ea266a387b3,1,
2142,2083,2025-08-27,Gift Card,329.0,Successful,txn_ae94d742bc634bb4bb9e90f0cc48c0b4,1,
2143,2084,2025-10-13,Credit Card,917.21,Successful,txn_76db279254d64823abbdd742a0d9e8e0,1,
2144,2085,2025-04-15,PayPal,477.88,Successful,txn_b126dddb169646d98b529b93b1ebd699,1,
2145,2086,2025-04-04,Credit Card,74.52,Successful,txn_638a16bfb2394f59a745574d1501f8e0,1,
2146,2087,2024-06-20,PayPal,101.5,Successful,txn_02f23a53ea4b47128e148b85439b1ccf,1,
2147,2088,2024-10-28,Credit Card,75.75,Successful,txn_db9072da26e04f82a38ae68d899441f0,1,
2148,2089,2024-10-23,Debit Card,182.64,Successful,txn_276fa3688e8e43839eab71ea667c13df,1,
2149,2090,2024-02-26,Gift Card,74.52,Successful,txn_20eb44a1309c4d4d87e2ce0cd6fbf80c,1,
2150,2091,2025-04-02,Gift Card,185.52,Successful,txn_3ec740ab9be948b2bbfe7f88e854fad0,1,
2151,2092,2024-04-16,PayPal,153.8,Failed,txn_2ea55b6c82964a3eb0751af1f6d6a1f0,1,
2152,2092,2024-04-18,PayPal,153.8,Successful,txn_7c8c49de7e92436cab7d4bcc058a83b5,2,2151.0
2153,2093,2024-05-11,Amazon Pay,244.98,Successful,txn_237e8bf1c34f4dc7b54a9752768b2c9c,1,
2154,2094,2025-08-05,Credit Card,301.83,Successful,txn_77171e8399e14e219f94f3a59f4d3067,1,
2155,2095,2024-11-03,PayPal,108.4,Successful,txn_5e55de6b940b48c181f214580de59c96,1,
2156,2096,2025-11-01,Amazon Pay,324.8,Successful,txn_113de483483342b0993bfd0a3b16b698,1,
2157,2097,2024-01-16,PayPal,146.77,Successful,txn_dd99681c7ff941c0b707586291e76832,1,
2158,2098,2024-03-04,Debit Card,423.84,Successful,txn_8731f175a41e490799076af45e12e0c2,1,
2159,2099,2025-03-31,Debit Card,230.44,Successful,txn_e4c1fd2e30114f599f42b8f5ceae53f7,1,
2160,2100,2025-02-22,PayPal,91.32,Successful,txn_138eae66719c49b88f196d66aaeaa666,1,
2161,2101,2025-05-07,Amazon Pay,1488.3,Successful,txn_3cd9381c00114410938e221255960f31,1,
2162,2102,2025-05-17,Gift Card,986.78,Successful,txn_ada06f4e503043a6adcf843d0aa83d34,1,
2163,2103,2024-02-11,Gift Card,276.66,Successful,txn_24d9ffc502f946739c1a55f41144491c,1,
2164,2104,2025-05-26,Gift Card,99.0,Successful,txn_72bcb24d6ac44a8c8ec36b3e33cfd4a7,1,
2165,2105,2024-02-10,Amazon Pay,80.7,Successful,txn_e1822695f3c946d9bc580c3e2af405e1,1,
2166,2106,2024-12-06,Debit Card,34.83,Successful,txn_f3b74713431c460fb5873a5589d0225d,1,
2167,2107,2024-08-14,Credit Card,286.65,Successful,txn_2c4b6f2ee02c4b5bb8df4d7859a5a268,1,
2168,2108,2025-09-01,PayPal,31.48,Successful,txn_2bf067876a41490f90d1715b066d0d63,1,
2169,2109,2024-11-12,Credit Card,293.54,Successful,txn_37d81026dfe140ddabb93703a4fdf716,1,
2170,2110,2024-04-29,PayPal,583.68,Successful,txn_8fa174e91d5346a4b7421a8f0e5de84a,1,
2171,2111,2025-03-06,Debit Card,241.68,Successful,txn_3f8b6750fc2e43e68985bbed46418b1f,1,
2172,2112,2024-05-03,Amazon Pay,981.2,Successful,txn_6790037c770a4a958dbfaa79ffb4631f,1,
2173,2113,2025-12-13,Debit Card,96.66,Successful,txn_8aaee8b113a44f64bed0ce2526eb5f8a,1,
2174,2114,2024-11-23,Credit Card,34.78,Failed,txn_2d010f96c6fe440c9d01ab6f624dc620,1,
2175,2114,2024-11-24,Credit Card,34.78,Successful,txn_411e26ef13bf41e69cdc9e4047de3a03,2,2174.0
2176,2115,2025-12-08,Credit Card,241.65,Successful,txn_4979d4cfd7fe43b8b21a8d0a2f1a7bd0,1,
2177,2116,2024-12-22,Credit Card,44.28,Successful,txn_dd8c2a9438144ffe9777b6b7232eef61,1,
2178,2117,2025-10-13,PayPal,100.32,Successful,txn_6976c198618c48a0bf7bfc0a13ebead0,1,
2179,2118,2025-08-16,Credit Card,317.25,Successful,txn_496dba11115947e8b3c8308bce11b7f7,1,
2180,2119,2024-12-30,PayPal,29.7,Successful,txn_0fdeb9bbae8244dc9a3baec72c0f2da8,1,
2181,2120,2024-11-17,Amazon Pay,112.76,Successful,txn_a730eea83ed246d99832c4283110c8b2,1,
2182,2121,2025-09-22,PayPal,539.22,Failed,txn_86e19423e4fe4e2eac109da9810cd71f,1,
2183,2121,2025-09-24,PayPal,539.22,Successful,txn_fe269f057d8848a7ae90cf11ad3de248,2,2182.0
2184,2122,2025-12-12,Credit Card,912.0,Successful,txn_65144940cd2745b59b43708af289c311,1,
2185,2123,2024-03-31,Gift Card,583.68,Successful,txn_de7dc7f879d44e1e987d0725b3c8cdef,1,
2186,2124,2024-08-20,Amazon Pay,86.34,Successful,txn_82de9fd007804e6fb8fb995b0ed265b7,1,
2187,2125,2024-10-25,Credit Card,1458.63,Successful,txn_e7cf45c7f83b409b87f3e34cf255d37b,1,
2188,2126,2025-03-07,PayPal,473.82,Successful,txn_92cf36ab17c649908a93bb9e397deb0a,1,
2189,2127,2025-01-08,Gift Card,282.26,Successful,txn_c01cb652bd1742bfbf144a7d195be21b,1,
2190,2128,2025-03-13,Gift Card,113.84,Successful,txn_7d042049ab1543f5b43a60acd6cbba9f,1,
2191,2129,2025-04-30,PayPal,603.66,Failed,txn_f810b694815a4aa192cad8a85ba25542,1,
2192,2129,2025-05-02,PayPal,603.66,Successful,txn_7f33f0088b644b6ba43dfecf6e582c75,2,2191.0
2193,2130,2025-10-31,Amazon Pay,96.75,Successful,txn_b610a0ec41944ddf9a8d2fbe3f70a4ad,1,
2194,2131,2024-05-21,Credit Card,196.5,Successful,txn_18de103546a548e898ace3a46bdf96e9,1,
2195,2132,2025-05-20,Debit Card,981.2,Failed,txn_d28da4d50ac040ca976c66f870e11b91,1,
2196,2132,2025-05-21,Debit Card,981.2,Successful,txn_04451e46ff5e49d68fe00b6fceae1049,2,2195.0
2197,2133,2024-10-25,Debit Card,575.84,Successful,txn_50a7f03e022148e29b1c223b1515a29c,1,
2198,2134,2024-11-07,Amazon Pay,214.84,Successful,txn_33b5349cdbad4588a53d1fb1049dbd41,1,
2199,2135,2024-05-06,Credit Card,671.3,Successful,txn_182c5244dc77492f91af1b85bda49d97,1,
2200,2136,2025-11-09,Gift Card,118.1,Successful,txn_4fbc684eb345488396723ffacd2fd0e7,1,
2201,2137,2025-05-11,PayPal,195.95,Successful,txn_810e64cde02e486890866297a8246d64,1,
2202,2138,2024-06-21,Amazon Pay,23.0,Failed,txn_a9cc5acaba4f4fc6bfda9955e603cb66,1,
2203,2138,2024-06-23,Amazon Pay,23.0,Successful,txn_e7d6f4b5e0e04fa49a14c481584a8b7f,2,2202.0
2204,2139,2024-04-12,PayPal,157.34,Successful,txn_8513a15cd1ec4316a8ff7864f4c1489d,1,
2205,2140,2024-05-27,Gift Card,42.95,Successful,txn_9d207222167744559d196db48d46f79e,1,
2206,2141,2024-10-17,Credit Card,102.48,Successful,txn_d89a6b2ba71d4e34a5827dab6453fef8,1,
2207,2142,2025-05-20,Credit Card,102.39,Failed,txn_2a4aa93c7a254164b33b5b0e7a207da1,1,
2208,2142,2025-05-20,Credit Card,102.39,Successful,txn_d1930e9d188041d8a396ce2dd987e5e2,2,2207.0
2209,2143,2024-05-18,Debit Card,859.95,Successful,txn_7ebb8746cc2c400a86fde87467a6cdb3,1,
2210,2144,2024-03-23,Amazon Pay,59.92,Successful,txn_4ef67c987b8b4567a21acafe4082f5c0,1,
2211,2145,2025-05-06,Credit Card,1253.62,Successful,txn_4bf48dd2483d4ec5a14bc721499ed604,1,
2212,2146,2025-09-12,Credit Card,1488.3,Successful,txn_adc2d7fbbd7a4790b7ec00286a0b4033,1,
2213,2147,2025-06-04,Credit Card,235.34,Successful,txn_50f2430601e74510907f3cb2059d9f36,1,
2214,2148,2025-10-17,PayPal,182.64,Successful,txn_931eaf5f99924e28944698e0d7bf4c3f,1,
2215,2149,2024-01-11,Debit Card,716.82,Successful,txn_49424d49c4a44e91a2c7d9930732b3b0,1,
2216,2150,2025-01-07,Amazon Pay,27.0,Successful,txn_7d06b3e841d040a9875245d3f3a3242c,1,
2217,2151,2025-11-28,PayPal,1471.8,Successful,txn_04c048c1f1f94b50832543eaed8f8da6,1,
2218,2152,2025-08-13,Gift Card,151.2,Successful,txn_6097ecb70de74342b803c0145a4e5979,1,
2219,2153,2024-06-03,Credit Card,204.74,Successful,txn_6cd31178024b4fa58f68d1b320ca648c,1,
2220,2154,2024-11-25,PayPal,15.74,Successful,txn_b3c3c9165a7b49d1891f34dd262ec6c5,1,
2221,2155,2024-05-07,Amazon Pay,22.71,Successful,txn_13d515ce373e42e094e199a2663fd3ca,1,
2222,2156,2024-03-30,PayPal,278.58,Successful,txn_e2386bc1575f42e286ce4e5ac42b4ec7,1,
2223,2157,2025-01-30,Gift Card,347.07,Successful,txn_8211f14d23c4457e9964a57337ea16c5,1,
2224,2158,2024-01-19,PayPal,204.78,Successful,txn_ea2eed66cb754bcf98fb4eee516fa86d,1,
2225,2159,2024-12-13,Credit Card,91.32,Successful,txn_fd60304dba0b46f2b8832ff596289aec,1,
2226,2160,2025-03-05,Amazon Pay,83.8,Successful,txn_3dd7ed096a034edfb652b1425f913e4c,1,
2227,2161,2025-07-14,Amazon Pay,144.51,Successful,txn_c3bf12498f894d059dcc1bb876fa8bc1,1,
2228,2163,2025-12-17,Credit Card,218.7,Successful,txn_f8bb8831c285425db8aec6998836fa8d,1,
2229,2164,2024-07-22,PayPal,34.78,Successful,txn_433a53bc6f2e4cb48f8e06ee50169271,1,
2230,2165,2024-06-18,Debit Card,823.32,Successful,txn_1be4261df9d2433f960a90264b7fbcbf,1,
2231,2166,2025-08-31,Gift Card,548.48,Successful,txn_1b91f0064edf404abd15a56107f71b78,1,
2232,2167,2025-05-08,Gift Card,493.39,Successful,txn_d13676454ce74c728e517e77d49ccd7b,1,
2233,2168,2025-04-13,Debit Card,13.8,Successful,txn_db82301d52f045098e9e1dfb5e7d1f75,1,
2234,2169,2025-10-27,Debit Card,104.49,Successful,txn_94d5772562f047c8bae12a5aa05672eb,1,
2235,2170,2025-02-21,Gift Card,113.08,Successful,txn_9c55c7f03d3c43f48fe920f4866e991d,1,
2236,2171,2024-07-02,Amazon Pay,2285.38,Successful,txn_7afc69174ff741cfa8c63cf802e590a1,1,
2237,2172,2025-10-31,Credit Card,193.36,Failed,txn_3015912d18494471a09ef3667be23504,1,
2238,2172,2025-11-01,Credit Card,193.36,Successful,txn_cdd6474e21074d9eb9717043ddcfa13e,2,2237.0
2239,2173,2024-08-24,Credit Card,553.45,Successful,txn_3f51feaf54984590929ceedf9ddb5b1d,1,
2240,2174,2025-04-07,Amazon Pay,25.3,Successful,txn_7df70ffc256f40b594615fd2b5efcb49,1,
2241,2175,2024-09-10,Credit Card,418.14,Successful,txn_f31ff9269f4940898a713dd8c31a6beb,1,
2242,2176,2025-04-11,Gift Card,132.85,Successful,txn_0b953bb4cbe64d33b4c89e9b07277fac,1,
2243,2177,2025-07-20,PayPal,58.84,Failed,txn_7d9af21ceeee4c15a2644ee701caed28,1,
2244,2177,2025-07-21,PayPal,58.84,Successful,txn_adde26d2d8e14ef389b129ae0e69865b,2,2243.0
2245,2178,2024-11-22,Debit Card,226.28,Successful,txn_f2efc44f6837419caf014b4c6ad4f17d,1,
2246,2179,2025-09-13,PayPal,440.31,Successful,txn_27d4e298233e4dca851ce85b76244b55,1,
2247,2180,2025-12-01,PayPal,260.56,Successful,txn_8a53046f697c46fbad7fc7b43ec7f5c6,1,
2248,2181,2024-07-15,Credit Card,408.75,Successful,txn_df689e172794484682420d06ff5588f9,1,
2249,2182,2024-02-02,PayPal,58.63,Failed,txn_777e175b4cee4c84bb2b9159a64b49cd,1,
2250,2182,2024-02-02,PayPal,58.63,Successful,txn_d29b35a3e6a148a6bdc1866a172b3629,2,2249.0
2251,2183,2024-04-06,Debit Card,20.68,Successful,txn_a1e079385a5640a88b56865b16e71027,1,
2252,2184,2025-11-21,PayPal,204.74,Successful,txn_c3ef99521d84407da5e35162aad9412a,1,
2253,2185,2025-01-07,Amazon Pay,136.66,Successful,txn_5e2532ea16244f4e89a87f4f01f8f2d3,1,
2254,2186,2024-08-24,Gift Card,63.89,Successful,txn_d8890940926045a1af6370d7d87ff9cb,1,
2255,2186,2024-08-24,Amazon Pay,80.62,Successful,txn_b3390657731644d194a89755de61f57f,1,
2256,2187,2025-12-29,Amazon Pay,204.78,Successful,txn_f1916c8b67914b8cbc179069e1f06f73,1,
2257,2188,2025-04-20,Amazon Pay,128.64,Successful,txn_718937ffa8ee433ab810461ac8a5d997,1,
2258,2190,2025-12-09,Gift Card,162.4,Successful,txn_8e35120a82b64d9db8a78865b4b54bc7,1,
2259,2191,2025-04-21,Amazon Pay,175.32,Successful,txn_1ccd0f84974f4cf1990fc0ae5d1bdd4d,1,
2260,2192,2024-02-03,Amazon Pay,1304.73,Successful,txn_0797e4f906074feb94c20f4f4029c067,1,
2261,2193,2025-05-18,Debit Card,1515.73,Successful,txn_cb1166c2b31c4a36ba15f8f08d5c8e7b,1,
2262,2194,2025-09-20,Amazon Pay,353.12,Successful,txn_2394f9034b504e2a8394707e8e89d205,1,
2263,2195,2025-11-09,Amazon Pay,55.0,Successful,txn_11e08b2530ea46bd96b684f7e6eb1699,1,
2264,2196,2024-04-28,PayPal,43.74,Successful,txn_55420944dbe74acfbd8d6c0c3318e4c8,1,
2265,2197,2025-03-10,Amazon Pay,847.68,Failed,txn_1b24ecfa7cb24a6bb43dd21cc70bdce6,1,
2266,2197,2025-03-11,Amazon Pay,847.68,Successful,txn_2b05bedbba144c92bea38e357c826e62,2,2265.0
2267,2198,2025-08-04,PayPal,110.18,Successful,txn_a133033b8f1f4dea9df62ca67c756cba,1,
2268,2200,2024-09-27,Credit Card,445.84,Successful,txn_c5a970786aaf4415867345c11f009f9e,1,
2269,2201,2025-06-26,Gift Card,548.48,Successful,txn_b24047dc3f3149f2830b6818875421d1,1,
2270,2202,2025-03-08,Debit Card,150.6,Successful,txn_c5185744a3124887bed7afbf9765515d,1,
2271,2203,2025-09-04,Amazon Pay,776.07,Successful,txn_6bae03e754e640a0b8bdd01ae51a3c05,1,
2272,2204,2025-11-26,PayPal,107.03,Successful,txn_80cc3b9803fc4f98befd369b567abb17,1,
2273,2205,2025-07-11,PayPal,14.23,Successful,txn_5e31ee13def14f6ea1e89db449ba1bf2,1,
2274,2206,2025-09-27,PayPal,90.56,Successful,txn_5966c496d8cc4866ab668f2c86df12f5,1,
2275,2207,2025-01-14,PayPal,1391.28,Successful,txn_cea5cba0098b41adac57c389c458913a,1,
2276,2208,2024-12-29,PayPal,148.96,Successful,txn_bb08a183714c4d429821e83bd944da2a,1,
2277,2209,2024-05-22,Credit Card,193.36,Successful,txn_d2d66fd2cd144d1989ac7f4d2f1d672d,1,
2278,2211,2024-08-05,Gift Card,150.6,Successful,txn_0aedba4607964506b12705ec0120b2c3,1,
2279,2212,2025-04-19,Credit Card,113.36,Successful,txn_ade8c0ac41564cefa0fa768fca182128,1,
2280,2213,2024-08-08,Amazon Pay,203.0,Successful,txn_a36f1c1f4cb8491f8b45dac6e6ca3b51,1,
2281,2214,2024-06-15,Credit Card,195.95,Successful,txn_add996d7266b468cb322a597dd7773a0,1,
2282,2215,2025-12-29,Credit Card,900.0,Successful,txn_4db0ced5640d4dfc950d2dfcc084b1b6,1,
2283,2216,2025-04-17,Amazon Pay,17.83,Successful,txn_a49711984ea147dab845ed31f9cd2c11,1,
2284,2217,2024-04-16,PayPal,81.54,Successful,txn_d53ffacb045445049581ba9dfc7ae051,1,
2285,2218,2025-02-11,PayPal,22.71,Successful,txn_3648295bcaa54a55b33d179719973f38,1,
2286,2219,2024-01-19,PayPal,122.95,Successful,txn_8b0ed919d140418ba4083fe77c0c8d15,1,
2287,2220,2024-04-07,Gift Card,96.75,Successful,txn_a0af67b780b649a2a46bfbcd6feef439,1,
2288,2221,2024-03-21,Amazon Pay,98.36,Failed,txn_1e27600204074af98a61d54fde82c58c,1,
2289,2221,2024-03-21,Amazon Pay,98.36,Successful,txn_4ac166443ea544baa07291288df9165f,2,2288.0
2290,2222,2025-10-15,Credit Card,972.42,Successful,txn_75511eb73340457f9b869884e1bcc967,1,
2291,2223,2025-05-22,Credit Card,314.68,Successful,txn_e3543b639bd240e59fda9f974a2dd411,1,
2292,2224,2025-02-27,Gift Card,268.55,Successful,txn_60f8896ae39f412bb71e0e6e866be595,1,
2293,2225,2024-09-20,Gift Card,323.61,Failed,txn_b6f8e9b41a074e0d9382dbcc014143bf,1,
2294,2225,2024-09-21,Gift Card,323.61,Successful,txn_36b768ea42a64638b9344c5b9dafb079,2,2293.0
2295,2226,2024-06-28,Credit Card,83.8,Successful,txn_551a024a34d340449ff0811a94afb3e2,1,
2296,2227,2025-08-07,Amazon Pay,2155.36,Successful,txn_ed635467d9154ca8bb865600b630dbea,1,
2297,2228,2025-03-21,Amazon Pay,222.92,Successful,txn_eba5bc41a93c49a88baa5725b46bf948,1,
2298,2229,2025-02-14,PayPal,259.92,Successful,txn_182b4670a5e34112b595b1ab3674b395,1,
2299,2230,2024-03-20,Debit Card,430.89,Successful,txn_7e352352c9ff466fb23814637113f9a3,1,
2300,2232,2025-09-09,Gift Card,230.44,Successful,txn_fb3b393d4ae64c64a6e038790820e2a3,1,
2301,2233,2024-04-16,Credit Card,719.8,Successful,txn_35396435c4794e3cb389b57f3ba7f79b,1,
2302,2234,2025-07-10,Credit Card,340.08,Successful,txn_edb3f9202fb0420fa1c6198729ac775f,1,
2303,2235,2025-12-18,PayPal,225.9,Successful,txn_c76f0891cb0d47d0a9f081fe99fa5ac5,1,
2304,2236,2025-08-03,Debit Card,264.9,Successful,txn_3e31d6b80f744bc9a86dc8b90915b715,1,
2305,2237,2024-10-13,PayPal,268.55,Successful,txn_bbffb9b08e6847d2814a779bf4eeccb4,1,
2306,2238,2025-01-22,Debit Card,118.08,Successful,txn_ef22a22804c547df86bd2d736a0eb1c3,1,
2307,2239,2025-09-28,Debit Card,374.76,Successful,txn_e7ea26596ebc464a8bed5278408455e1,1,
2308,2240,2024-12-08,Debit Card,230.52,Successful,txn_4a14b78be1c6475eb8611c5ac9eaffa7,1,
2309,2241,2024-05-24,Gift Card,11.5,Successful,txn_5ca9c1c90471420984caad7c65428ebd,1,
2310,2243,2025-04-08,Credit Card,5.4,Successful,txn_dd4dea3ade10467aac764badad3d9c11,1,
2311,2244,2025-06-12,PayPal,472.02,Successful,txn_9fdc7899837842729bd78780ec9d5613,1,
2312,2245,2024-12-28,Gift Card,441.4,Successful,txn_9f42d03cb2cb4e73be6bc2eb23de0d18,1,
2313,2246,2024-10-14,Gift Card,295.2,Successful,txn_65bd06f870874d2ba4072bb849dcbfba,1,
2314,2247,2024-03-04,Credit Card,226.4,Successful,txn_d955d3d574d949b79850ec4a7f94c3a0,1,
2315,2249,2025-10-22,Gift Card,58.84,Successful,txn_e0b0166cefd04a12a6e78c41d5d6729b,1,
2316,2250,2024-07-25,Credit Card,22.32,Successful,txn_05d6c49455004773845e9b59e58b8fb2,1,
2317,2251,2025-09-13,PayPal,170.76,Successful,txn_2daca3a28eec4f6185e2cb963469da58,1,
2318,2252,2025-12-30,PayPal,1391.28,Successful,txn_d155e25484f64f84a6d03076908c0a0e,1,
2319,2253,2025-05-17,Gift Card,87.12,Successful,txn_aac628de4a2b4a0e8e09f440e1f35195,1,
2320,2254,2025-05-29,Amazon Pay,75.3,Successful,txn_8b5b490c182d4025a47865f6a9200aeb,1,
2321,2255,2024-04-08,PayPal,105.39,Successful,txn_919a7693288a4575af6bcab975c4ef15,1,
2322,2257,2024-03-26,Amazon Pay,321.09,Failed,txn_f4efc113eb5c473a9ce1cfd80b2c60d9,1,
2323,2257,2024-03-28,Amazon Pay,321.09,Successful,txn_f100f32486a3469bbc09905df954f293,2,2322.0
2324,2258,2025-04-01,Gift Card,175.32,Successful,txn_a30d7a2eb1f048dba46695602d9d8681,1,
2325,2259,2024-04-23,Debit Card,293.54,Successful,txn_f2b9ebd6560448e18e6b25ca42595fcb,1,
2326,2260,2024-12-27,PayPal,1096.96,Successful,txn_73068e1f04cb4cff92ef150358bda33f,1,
2327,2261,2025-09-19,PayPal,96.66,Successful,txn_07a7ffc45f354fda97a4d35bd8e83ca4,1,
2328,2262,2025-05-08,Credit Card,148.96,Successful,txn_f6daead08a2142e2bf5f31373a597664,1,
2329,2263,2025-02-21,Credit Card,569.52,Successful,txn_f3e1674e98ae4a2a887bca1b7fabc4c7,1,
2330,2264,2025-05-23,Amazon Pay,718.15,Successful,txn_d9d507ae4a1c44789f830bb4468525b3,1,
2331,2265,2024-10-04,Debit Card,215.74,Failed,txn_60abb7ded43341d39a2e9d14c307c157,1,
2332,2265,2024-10-05,Debit Card,215.74,Successful,txn_07e8da4822014b5195b0aadfadea109e,2,2331.0
2333,2266,2025-08-31,Amazon Pay,87.12,Successful,txn_f7b990ddb6ab4ff9818e00b6ae44683f,1,
2334,2267,2024-01-31,Gift Card,847.68,Failed,txn_ea3f6cdb37d045feab6968c7c4854021,1,
2335,2267,2024-02-02,Gift Card,847.68,Successful,txn_622c289f9ccd454787e8b38784bc0f7d,2,2334.0
2336,2268,2025-03-29,Credit Card,413.03,Successful,txn_a3e90f554deb458faf832218513a0962,1,
2337,2270,2025-04-29,Credit Card,165.48,Successful,txn_c7e31a06d50a4d97944e365e55c235d8,1,
2338,2271,2025-12-18,PayPal,223.56,Successful,txn_7e6aef2e09dc41fc960876a8104e5bb1,1,
2339,2272,2024-05-09,Debit Card,28.19,Successful,txn_e405d980a394466da5cb941c69b9ddec,1,
2340,2273,2024-08-03,Credit Card,426.9,Successful,txn_1560081a07a540a2a067d5ebde4fa97d,1,
2341,2274,2024-05-31,Amazon Pay,423.84,Successful,txn_5fd895f88c524533916a08cb8299f0af,1,
2342,2276,2024-12-06,Amazon Pay,38.7,Successful,txn_7011510f23244b24b1ad56db72686bfd,1,
2343,2277,2025-09-09,Gift Card,1453.95,Failed,txn_49dd0edc88a74933b768a10b7f64e8b6,1,
2344,2277,2025-09-11,Gift Card,1453.95,Successful,txn_0923f9079bb14411ae285cd507f39f71,2,2343.0
2345,2278,2024-10-07,PayPal,307.17,Successful,txn_dfa3685e421e488d9961fe26977bde52,1,
2346,2279,2025-06-22,PayPal,133.92,Successful,txn_62a6ef58832f4e658563c8bb1fc091d3,1,
2347,2280,2024-04-22,Gift Card,173.28,Successful,txn_4eb0c06f31b748829b2d43ebc52ae0c8,1,
2348,2281,2025-07-25,Debit Card,403.44,Successful,txn_f13cc21881da4b54896403b74e06bc83,1,
2349,2282,2025-11-27,Credit Card,254.13,Successful,txn_0df223c2d7764c48b2278d07550f1388,1,
2350,2283,2025-04-25,Amazon Pay,553.32,Successful,txn_5bf34abf63ca41db9cf5fbd68d2aefe4,1,
2351,2284,2024-03-07,PayPal,19.8,Successful,txn_2c59e95f275c4305bb69a556c3f289c9,1,
2352,2285,2024-10-03,Amazon Pay,86.64,Successful,txn_007db09651514283911bdb579f9f03fe,1,
2353,2286,2025-09-01,PayPal,135.17,Successful,txn_8d3566969e15498e8cc443c73befc15c,1,
2354,2287,2025-11-12,PayPal,718.96,Successful,txn_fcdd19a2b68247458d12fd68f13afcaf,1,
2355,2288,2024-01-19,Debit Card,156.09,Successful,txn_c686d58b07d440e2a0f9b46ce17e783c,1,
2356,2289,2025-06-13,PayPal,230.52,Successful,txn_89f40520183c41068193e51c2ac15b6a,1,
2357,2290,2025-08-10,Debit Card,141.36,Successful,txn_1aa465fcdfdb4cdba945dbe241ec775e,1,
2358,2291,2024-06-26,Debit Card,143.9,Successful,txn_d8b61d0b9d5346cba3c862c975d97985,1,
2359,2292,2024-04-20,PayPal,214.84,Successful,txn_84bb9e80d0d14bb6b8b757caac93e946,1,
2360,2293,2025-10-24,PayPal,580.53,Successful,txn_2d7858259717408cadcb25d5730a8090,1,
2361,2294,2024-01-27,Amazon Pay,160.49,Successful,txn_93b35004f6a048b6a979e15bf37d1b8d,1,
2362,2295,2025-09-08,PayPal,124.8,Successful,txn_48a76044064f4109b57da0d09b393e6f,1,
2363,2296,2024-07-16,Gift Card,57.4,Successful,txn_7be2ad6827644d02a4b192c6e2e92ade,1,
2364,2297,2025-06-10,Credit Card,297.28,Successful,txn_02b28f73386e4e9bbf0b45c33f77649a,1,
2365,2298,2025-03-16,Credit Card,340.38,Successful,txn_0452724fca104311affda86fbba1436d,1,
2366,2299,2025-10-17,Amazon Pay,917.21,Successful,txn_6728a4e1765b4bf982ca12f4e9f70f13,1,
2367,2300,2024-02-06,Gift Card,330.0,Successful,txn_2aa75ba68f994ecbbb5127d93f379c6c,1,
2368,2301,2025-01-02,Gift Card,913.46,Successful,txn_916dfb1b1fea405aaf51a7c4630f9d5d,1,
2369,2302,2024-12-02,Debit Card,21.6,Successful,txn_effee5ffb4874791977b6e81114a1862,1,
2370,2303,2025-06-03,Debit Card,89.28,Successful,txn_5323545032f04cdbb43694320d135f11,1,
2371,2304,2024-08-03,PayPal,184.6,Successful,txn_73c6cd7355eb40fc8f1debf7e0b7d99a,1,
2372,2305,2024-11-10,Debit Card,60.88,Successful,txn_890c1e58f4444f10a6f7af068c5c6818,1,
2373,2306,2025-09-17,Debit Card,56.57,Successful,txn_6e622f45ac3d4b8ba85f8d04b503afd2,1,
2374,2307,2024-01-01,Debit Card,148.08,Successful,txn_c7e1f4ef94914f2ebefe9e9c0bd48cd2,1,
2375,2308,2024-10-20,Amazon Pay,826.06,Successful,txn_8aef6658170c45acb930f92d0c22a7ad,1,
2376,2309,2025-10-01,Debit Card,126.36,Successful,txn_5786a57a14c14eebb95ba73227d3ab25,1,
2377,2310,2025-08-30,Gift Card,360.18,Successful,txn_04a82e48836341149fa6802658747108,1,
2378,2311,2025-08-28,Debit Card,39.6,Successful,txn_e43b3ff0e98d4d62b8bb7c3a2f47fcb4,1,
2379,2312,2024-08-30,Gift Card,309.26,Successful,txn_0665582a13804e9d8cf26f1574f2407e,1,
2380,2313,2025-04-29,PayPal,917.21,Successful,txn_d1d651df67d94ea4a7b527978fc2850d,1,
2381,2314,2024-04-28,Gift Card,172.83,Successful,txn_a66408a326474e848aef0074fd305a1d,1,
2382,2315,2025-03-24,Debit Card,153.8,Successful,txn_b1fcf3f457b04773b1c09f5beb765742,1,
2383,2316,2024-04-04,Gift Card,118.08,Successful,txn_58f444b41b4045cd82ee3bca0d9d876e,1,
2384,2317,2024-09-04,Gift Card,564.84,Successful,txn_cb9cbbd83ec045e6a4c2ffc2354957c4,1,
2385,2318,2025-03-08,Debit Card,64.5,Failed,txn_a303c21cf4cd48438dba24ebced11f40,1,
2386,2318,2025-03-10,Debit Card,64.5,Successful,txn_a4f305ab20a74977b1c7a02b80228292,2,2385.0
2387,2319,2024-05-16,Credit Card,2155.36,Successful,txn_1c87db4e1fe24f73ba5f4b2eb068fab2,1,
2388,2320,2024-04-19,Debit Card,288.05,Successful,txn_5161317f804942f7bbf9205ac31d5af0,1,
2389,2321,2025-05-22,Gift Card,481.47,Successful,txn_1be2b0fb2b964d2bbaa5c5837c95ef38,1,
2390,2322,2024-08-08,PayPal,151.96,Successful,txn_835e8ebf49264e0f929a7686f2145098,1,
2391,2323,2024-10-02,Credit Card,327.0,Successful,txn_b57ebbb1f87b4c21ad7ab2415f2d249b,1,
2392,2324,2025-10-24,Credit Card,74.03,Successful,txn_f8610e7be949477b82711a3710afc3c2,1,
2393,2325,2025-04-22,Credit Card,477.88,Successful,txn_cd732138f1444140934794adba0643cd,1,
2394,2326,2024-11-12,PayPal,297.28,Successful,txn_ee761e51304e4b07b1a66cafe031d631,1,
2395,2327,2024-11-14,Credit Card,274.44,Successful,txn_bc0700de0c894a2eb542bb194130152a,1,
2396,2328,2025-02-12,PayPal,111.6,Successful,txn_e1ae47fd8aaf4b739bbc8f84130396db,1,
2397,2329,2025-09-07,Gift Card,375.8,Successful,txn_4a21e9e7ee6a452db763a0ac50810174,1,
2398,2330,2025-03-19,PayPal,34.1,Successful,txn_1a1e867acf844d15b10c64d6ec0642a6,1,
2399,2331,2025-07-10,Debit Card,45.24,Successful,txn_26e4babeeec74c9f966ad7c4c0300d09,1,
2400,2332,2024-05-05,Credit Card,274.44,Successful,txn_311e968dbda04c439091cf6c541c5f02,1,
2401,2333,2024-09-30,PayPal,718.96,Successful,txn_2d2c9a1a0c8e4bc49d1a263f1afce51f,1,
2402,2334,2025-04-17,Credit Card,168.48,Failed,txn_04bda1b194694c3d8b993222d54a0d82,1,
2403,2334,2025-04-19,Credit Card,168.48,Successful,txn_4a2304e7df1f4fbbae27d4d7a7a08ffa,2,2402.0
2404,2335,2024-07-12,Amazon Pay,106.28,Failed,txn_03694caefe7f4bacb474da03e0632a14,1,
2405,2335,2024-07-14,Amazon Pay,106.28,Successful,txn_a74506e69f51459f9bd41bec8711cfbd,2,2404.0
2406,2336,2025-06-18,Debit Card,1337.83,Successful,txn_20ce8dd91ff0498ca3f89d81ae1a5684,1,
2407,2337,2024-02-04,Debit Card,540.27,Successful,txn_b51a59ffd9c14780843fad9d386ca5bc,1,
2408,2338,2025-06-28,Credit Card,341.52,Successful,txn_04498091582d432ab500dbcb2a376a31,1,
2409,2339,2025-03-20,Gift Card,108.4,Successful,txn_4b2a7cbe458741ec90f0b5d6bcb4957e,1,
2410,2340,2024-07-05,Gift Card,99.61,Successful,txn_a41a05154c9049b4819e7a6f8f22507e,1,
2411,2341,2025-01-01,Amazon Pay,131.6,Successful,txn_e63dec012fb94485aad3b5ab102ffa29,1,
2412,2342,2024-05-20,Debit Card,527.25,Successful,txn_db035c49d4784277b9cfaaef7a66b784,1,
2413,2343,2025-04-21,Debit Card,37.99,Successful,txn_753f26372dd04e2789a8152cc872bdb1,1,
2414,2344,2025-03-03,Debit Card,695.64,Successful,txn_36afda03436a4ea1afec81e68cba3779,1,
2415,2345,2024-04-25,PayPal,187.9,Successful,txn_416f4bd5d6be4549bef2a3aaaa52b713,1,
2416,2346,2024-12-05,PayPal,170.31,Successful,txn_764e733800fa4dc3a57e73b6a0304168,1,
2417,2347,2025-09-29,Amazon Pay,81.75,Successful,txn_c7bbce168a94453abf0293f3dfcd90ad,1,
2418,2348,2024-08-19,Gift Card,46.53,Successful,txn_3badfcd2d2a541d582900d77c76e7269,1,
2419,2349,2025-03-08,Debit Card,34.36,Successful,txn_7c3c6bbafc2c498dbf02bca1e6007cbf,1,
2420,2350,2025-10-08,Amazon Pay,160.8,Successful,txn_31e016460d974b8d847d45e06c9b244f,1,
2421,2351,2025-09-06,Amazon Pay,81.75,Successful,txn_12714b6d7f9543a3b02facfed0e6384c,1,
2422,2352,2024-08-07,Credit Card,45.24,Successful,txn_ebaa50a2017a4fb29dbcec5d337e2e0c,1,
2423,2353,2025-11-27,Amazon Pay,390.48,Successful,txn_4df900dbfcc447fb8b718335c68e484b,1,
2424,2355,2024-12-17,Gift Card,147.72,Successful,txn_a0a25bd23ee54f4f9bbcf27658379366,1,
2425,2356,2024-08-22,Credit Card,113.36,Successful,txn_7c9daae6f2b248e5943abfde115d4276,1,
2426,2357,2025-10-15,PayPal,210.6,Successful,txn_23ca7663fd4443e6b2b1ab4932de9b2e,1,
2427,2358,2024-09-01,Gift Card,291.6,Successful,txn_af77830f9ed24d75a7b799d3e8d26a53,1,
2428,2359,2024-06-18,PayPal,414.22,Successful,txn_72c9156330604a6dbefa0bc9f3da5829,1,
2429,2360,2025-10-26,Credit Card,417.94,Failed,txn_a57201d4f0264f7d88ba30576dd4fafe,1,
2430,2360,2025-10-26,Credit Card,417.94,Successful,txn_3bc86fea4caf42eea3adf1bbc873bd06,2,2429.0
2431,2361,2025-12-26,Amazon Pay,353.12,Successful,txn_ce8442f0dddb4d7da194d302879cea51,1,
2432,2362,2024-06-09,Credit Card,258.69,Successful,txn_569caae2bee54c2b8106aace92a05a02,1,
2433,2363,2025-03-10,Debit Card,167.6,Successful,txn_0af2caa6309d40538600bc2fd3adecf2,1,
2434,2364,2025-08-01,PayPal,245.25,Successful,txn_e5cf4f1c0a3644808649251d0718a4d0,1,
2435,2365,2024-12-19,Amazon Pay,258.69,Successful,txn_7f17e77d70d241b1b9af69158b808174,1,
2436,2366,2025-03-26,Gift Card,157.34,Successful,txn_8a6a9f3a514d4c409f7c03134ec5461a,1,
2437,2367,2024-09-07,PayPal,574.52,Successful,txn_0fb9d8b10ab74b97bfb9a30cec5806e5,1,
2438,2368,2025-09-07,Credit Card,1453.95,Successful,txn_19185137d5b94d688d6aee3ed813c2d6,1,
2439,2369,2024-12-14,Gift Card,194.56,Successful,txn_354a762549b04c39972b2be97588c264,1,
2440,2370,2024-06-03,Gift Card,96.18,Successful,txn_e72f0aa3eb3e4624af36cccf2677cb1a,1,
2441,2371,2025-10-10,Gift Card,142.38,Successful,txn_669d2c8405d34241af66f7b868be53f1,1,
2442,2372,2024-06-14,Debit Card,152.2,Successful,txn_669a9d336786444ab4f6df25228b0b11,1,
2443,2373,2024-08-03,PayPal,455.88,Successful,txn_6282dd4223de4a10b91d21f78bc83ce8,1,
2444,2374,2025-10-17,Credit Card,51.24,Successful,txn_c2e2ea056c5047a58fca6a913f49e90d,1,
2445,2375,2025-03-19,Amazon Pay,134.0,Successful,txn_c28ca348742b4f6e911a1705131ae37d,1,
2446,2376,2024-11-09,PayPal,41.6,Successful,txn_454a4840f30d49a2a181b81171ba30da,1,
2447,2377,2024-09-16,Debit Card,2285.38,Successful,txn_dd02142a32484dbbb8ef69d9a54beb35,1,
2448,2378,2024-05-10,Credit Card,205.12,Successful,txn_d62a639ffd554ea8813ff76588324b52,1,
2449,2379,2024-09-15,Debit Card,695.64,Successful,txn_42d46eb65b114989a3671d29987c37d7,1,
2450,2380,2024-07-19,Gift Card,48.57,Successful,txn_b4eadede28a1495d81c2d74047d78cac,1,
2451,2380,2024-07-19,Debit Card,193.53,Successful,txn_c98f58594bf745629eae92417f0cdc8a,1,
2452,2381,2025-01-20,Debit Card,231.9,Successful,txn_d1b196435b4844bf910aac08a056fdef,1,
2453,2382,2024-04-23,PayPal,145.02,Successful,txn_4f408c53feaa4d50aff34752e9940239,1,
2454,2383,2024-03-16,Credit Card,268.52,Successful,txn_115f0eb05d2846989cf0a94b796c8c9e,1,
2455,2384,2024-11-27,PayPal,115.69,Successful,txn_5aa79a5ce64644f79a4e3e6c9c594c52,1,
2456,2386,2024-10-01,Gift Card,423.85,Successful,txn_0e593f3018c04ca991bbcc8f02aefa55,1,
2457,2387,2024-11-09,Credit Card,215.75,Successful,txn_9a4a52923c1947d0ae38c029c162d113,1,
2458,2388,2025-12-05,Credit Card,36.19,Successful,txn_1961f09db3b946d3a3389f549340ece0,1,
2459,2389,2025-11-28,Gift Card,75.4,Failed,txn_8090cd751b6b4781bf92d0a80092a374,1,
2460,2389,2025-11-28,Gift Card,75.4,Successful,txn_5789c75a779342318ed6e587dc34af78,2,2459.0
2461,2390,2025-10-29,Gift Card,35.66,Successful,txn_7f9cdce1acff484daa28be075b138135,1,
2462,2391,2024-11-19,Amazon Pay,1337.83,Successful,txn_9232c3816bf44f4184f8f035d8501c69,1,
2463,2392,2025-09-28,Amazon Pay,316.17,Successful,txn_d53a27be109e475685bdf8282a8e6622,1,
2464,2393,2024-02-10,Credit Card,194.4,Successful,txn_e58510027b4e4e30b48cc8cc5cbf88de,1,
2465,2394,2025-01-17,Amazon Pay,895.45,Successful,txn_ac040990da064fd58746ad329ce630e6,1,
2466,2395,2024-11-22,PayPal,1077.68,Successful,txn_730c051455674cb29b1eddad77059764,1,
2467,2396,2025-08-08,Gift Card,60.88,Successful,txn_2f9cc31a2da74b29b2353d1b479c65af,1,
2468,2397,2025-08-28,Gift Card,776.07,Successful,txn_636084c554954f9597b24d598e631b53,1,
2469,2398,2025-09-01,Credit Card,153.84,Successful,txn_06d61ed49662414c86b14e295bd0409b,1,
2470,2399,2025-01-08,Debit Card,229.6,Successful,txn_84323befaa64459c83635af1d5c38121,1,
2471,2400,2024-11-11,PayPal,254.31,Successful,txn_a3ef4ec052634f7eaeae0e73bd03ca7b,1,
2472,2401,2025-12-02,Amazon Pay,107.42,Successful,txn_2c679880e5224b17a2f5dadd333e2b99,1,
2473,2402,2025-11-02,Gift Card,107.2,Successful,txn_8291a0370f7c4a6ca378811337367a62,1,
2474,2404,2024-12-20,Gift Card,96.18,Successful,txn_900923b8e35c4a01bf2918e161e5c374,1,
2475,2405,2024-04-23,Amazon Pay,56.57,Successful,txn_8c915512855848af88a8d73ed5489123,1,
2476,2406,2025-05-04,PayPal,1253.62,Successful,txn_b77612d3aa064ed4a4f7124d78e13cbf,1,
2477,2407,2025-07-18,PayPal,291.6,Successful,txn_fae0c83e9c6b4b8e8ad20fc7104aeedc,1,
2478,2408,2024-02-26,Amazon Pay,60.6,Successful,txn_e3f72e24762d40c28dcc0195ec37c240,1,
2479,2409,2025-12-10,PayPal,34.78,Successful,txn_064133c97a2240f8828f8541e45a3497,1,
2480,2410,2024-04-04,Amazon Pay,406.0,Failed,txn_00bed502ee924f03a86209c83c2a9ad6,1,
2481,2410,2024-04-05,Amazon Pay,406.0,Successful,txn_fbcd0fe3b3fc44cb979d611f81463de4,2,2480.0
2482,2411,2025-04-27,Amazon Pay,141.72,Successful,txn_dbaa5b067cdb456b81b2c0cd5b1c3ce7,1,
2483,2412,2024-02-06,Gift Card,1386.21,Successful,txn_bd703f9d11f04a6ebf31d303606c0aaf,1,
2484,2413,2024-09-29,Amazon Pay,282.0,Successful,txn_9610462d8762415fab9be72bf93f8a56,1,
2485,2414,2025-04-09,Debit Card,64.12,Successful,txn_7fc2570009094c938b24b920db955186,1,
2486,2415,2024-05-16,Debit Card,33.22,Successful,txn_2eea0b87a8924d7cb97e9cf10aa2f2fe,1,
2487,2416,2025-04-12,Amazon Pay,109.08,Successful,txn_8d4c07f11aa54e42b8036e5d3447f2e5,1,
2488,2417,2024-01-01,Debit Card,241.68,Successful,txn_1b858164212d486aaab28f9e2d68726d,1,
2489,2418,2024-01-15,PayPal,393.0,Successful,txn_d21cebb5452d412f8a62651b32948696,1,
2490,2419,2024-11-02,Debit Card,134.26,Successful,txn_16a5a5732fc74c42b00087ef0916e889,1,
2491,2420,2024-09-01,PayPal,338.84,Successful,txn_f142a7ebabd243179073f11e6a761d27,1,
2492,2421,2025-08-26,Credit Card,188.28,Successful,txn_f1a8363049b34804a6dd49bb877dba56,1,
2493,2422,2024-04-22,Debit Card,64.12,Successful,txn_89f011d7db2842ec81e546ae310de286,1,
2494,2423,2025-08-15,Amazon Pay,273.32,Successful,txn_0c5588506b6d4ea0a762dc9b1b578416,1,
2495,2424,2024-09-05,Credit Card,111.06,Successful,txn_7a47ada33dd14dcf8f1233ce1478eb27,1,
2496,2425,2024-07-26,Debit Card,3031.46,Successful,txn_e648ce3703394bde9f8d9e25322cca81,1,
2497,2426,2025-01-23,Gift Card,622.7,Successful,txn_3a148d1ce8db4558bf210de99d358dab,1,
2498,2427,2024-09-03,Debit Card,330.54,Successful,txn_3488ab6b83e74fe9aef7c4dafd4272a6,1,
2499,2428,2024-08-21,Gift Card,230.44,Successful,txn_b6dbefcc580a46a684ac0d6ec17589cc,1,
2500,2429,2024-07-28,Credit Card,84.71,Successful,txn_17682a2d07e34f049d2933be5b0adef0,1,
2501,2430,2025-05-10,Debit Card,289.02,Successful,txn_52e6e5a6e7fe48529ae9ff44791b7e10,1,
2502,2432,2024-09-25,PayPal,226.4,Successful,txn_bf66640746cf4277bb057bb9b6ab46eb,1,
2503,2433,2025-10-18,PayPal,150.48,Successful,txn_394513c5ad7b44d28a24beeb6acba22a,1,
2504,2434,2025-09-15,Gift Card,141.47,Successful,txn_6c517c4a2b3349d7a81f769f0cae4b5e,1,
2505,2434,2025-09-15,PayPal,77.77,Successful,txn_cb4ff68d2d5c40d8876ab39abdfb1d23,1,
2506,2436,2024-01-04,Debit Card,102.48,Successful,txn_69a6a96689bb4ff08c914ae30fbce982,1,
2507,2437,2025-02-23,Credit Card,1350.92,Successful,txn_d29ee67e12eb4bf99962fd93b3542eea,1,
2508,2438,2025-04-22,Amazon Pay,197.04,Successful,txn_cc19a9ea89a44d9baaa7b69c45456646,1,
2509,2439,2025-09-16,Debit Card,345.84,Successful,txn_de901278a5c74039bb11deac1d50f278,1,
2510,2440,2024-03-07,PayPal,511.06,Successful,txn_a4d42895a20043eeaeebabbdfdf39d5d,1,
2511,2441,2025-04-18,Credit Card,71.72,Successful,txn_8b78d7c8aeec4cf78102b5d1538a4a5e,1,
2512,2442,2024-11-14,Credit Card,975.9,Successful,txn_bd92fe3b8d3848e5b21e0e46276e788d,1,
2513,2443,2024-02-21,PayPal,129.45,Successful,txn_c293cdb51e744abc990711afe45962c4,1,
2514,2444,2024-06-01,PayPal,242.1,Successful,txn_f48de6479ed4455cb007c1deaa850772,1,
2515,2445,2025-02-02,PayPal,58.4,Successful,txn_04d353b1535543edb87f0ceb4f95521f,1,
2516,2446,2025-12-20,Credit Card,126.39,Successful,txn_85371077940a4bdfad31f6e6cae95496,1,
2517,2447,2024-09-09,PayPal,160.33,Successful,txn_fe758c7e16094910b1325326cc251835,1,
2518,2448,2024-04-28,Gift Card,63.63,Successful,txn_4f7f0bee81974b73a673a80614812103,1,
2519,2449,2024-04-02,Credit Card,59.92,Successful,txn_6e58e8c91e4d4f88baba06ca2172c87b,1,
2520,2450,2025-10-24,PayPal,204.74,Successful,txn_e0b30c99204a4b0e890e1f30ae1bfd47,1,
2521,2451,2025-10-19,Debit Card,913.46,Successful,txn_fe7a0370e69645c1a91e19367cdd6284,1,
2522,2452,2024-11-13,Amazon Pay,986.78,Successful,txn_85a24bda107f414da77136792a015717,1,
2523,2453,2024-12-24,Credit Card,216.8,Successful,txn_604481b7db294ac6adac55379a2b08a5,1,
2524,2454,2024-12-22,Debit Card,1096.96,Successful,txn_539277f8155a45538b5596f08c6365a8,1,
2525,2455,2024-07-28,PayPal,90.56,Successful,txn_96fb3f6d1da542c8b9626fde217db13f,1,
2526,2456,2025-10-16,Amazon Pay,152.25,Successful,txn_39e99972982e4d5fb819ff7a46aac4cf,1,
2527,2457,2025-12-31,Credit Card,50.5,Successful,txn_7d6d36f17dc749bf96f6a80c756bda02,1,
2528,2458,2024-09-29,Credit Card,16.48,Failed,txn_6b85ffdc38ca4b078ab960ae86c5f389,1,
2529,2458,2024-09-29,Credit Card,16.48,Successful,txn_2a05bb29ad07470b98e1e870f8bf0a7c,2,2528.0
2530,2460,2025-07-09,Credit Card,661.92,Successful,txn_566461b138e2490aa225f2f78d88fa72,1,
2531,2461,2024-12-26,Credit Card,46.53,Successful,txn_8d8fa6fe7ae149f580a13198ec62639f,1,
2532,2462,2025-09-26,Amazon Pay,716.82,Successful,txn_9111fb9dfee1425ca8e856e55030a53d,1,
2533,2463,2024-10-03,Credit Card,53.86,Successful,txn_31e12b3b63ec46bfac712bc4240ce090,1,
2534,2464,2024-04-29,PayPal,527.25,Successful,txn_5c383e4d357f48cab71b06f99db5bc05,1,
2535,2465,2024-11-07,PayPal,389.12,Successful,txn_d7ae02ff30fb45c299c8b13d63b3d32e,1,
2536,2466,2024-10-23,Gift Card,286.65,Successful,txn_f1b8e154d17a4d909eb5be114492dfb9,1,
2537,2467,2025-02-28,PayPal,1096.96,Successful,txn_82aedb4b8405462488e274bc70ab6028,1,
2538,2468,2025-03-19,PayPal,117.57,Successful,txn_dfb5e9d430d0462388a2cbdebf7e7e45,1,
2539,2470,2024-03-14,PayPal,114.8,Successful,txn_e0aaba2cb85d44939a9780b7cd4dcbf9,1,
2540,2471,2025-10-03,PayPal,456.73,Successful,txn_98d277c40b5c4c7eaabbb5770da8678b,1,
2541,2472,2024-08-18,Credit Card,578.45,Failed,txn_df3b60e41a81401aa98999eb498fdca6,1,
2542,2472,2024-08-19,Credit Card,578.45,Successful,txn_947f67746119452ea7109f2c97b5ddd7,2,2541.0
2543,2473,2025-07-25,Credit Card,169.42,Failed,txn_b5ce3613cfbe48ddb7587b7a5807e211,1,
2544,2473,2025-07-27,Credit Card,169.42,Successful,txn_4aeec4a4b0e8423a915c079d16709c9c,2,2543.0
2545,2474,2025-03-25,Gift Card,243.83,Successful,txn_4ce21cde81734e94b323a553cd232693,1,
2546,2475,2025-05-20,Gift Card,414.22,Successful,txn_d7cea121f3a34e79aa34ef3fdee971c9,1,
2547,2476,2024-07-15,Debit Card,385.1,Successful,txn_fb34393b81944e15b591e10424439724,1,
2548,2478,2024-01-04,Gift Card,90.48,Successful,txn_0941305c49d544eba82bbb2bacfa21fc,1,
2549,2479,2025-10-13,Amazon Pay,254.13,Successful,txn_7e9a9f52d70344178c288f0b89c30390,1,
2550,2480,2025-12-22,Credit Card,84.24,Successful,txn_71c91f1594b048bbaabd608d9711d127,1,
2551,2481,2024-12-28,Credit Card,230.75,Successful,txn_29a74a03155d41a888615c9796881ba5,1,
2552,2482,2024-02-12,Credit Card,107.87,Successful,txn_17c11cd05a6d42cea6d02917e5c252c2,1,
2553,2483,2025-03-04,Credit Card,153.72,Successful,txn_33e4abd14f5042ee9f16d92742dce073,1,
2554,2484,2025-08-05,PayPal,986.78,Successful,txn_463619a250c84358a7c57eab294d08d0,1,
2555,2485,2024-11-01,Debit Card,37.02,Successful,txn_200a421ed8c7402790afeb211d7b21f0,1,
2556,2486,2024-12-20,PayPal,204.15,Successful,txn_d68706499aef4c1ebcc2b340ca8bc2f1,1,
2557,2487,2024-02-09,PayPal,46.43,Successful,txn_b6e93d48aaf04456b6dc813d1e8fbc6e,1,
2558,2488,2024-07-04,Gift Card,102.3,Successful,txn_94f1a20c72204ba4a917d46ca37eeacb,1,
2559,2489,2024-10-21,Credit Card,282.85,Successful,txn_0f9a6b003a4b435d83b4d1a5140570de,1,
2560,2490,2024-03-26,Debit Card,622.7,Successful,txn_2ee5ccad6a954e3da1a8fc12369bc6c1,1,
2561,2491,2024-07-05,Gift Card,487.95,Successful,txn_2218edeb36934287b3a88c9432f5321c,1,
2562,2492,2024-04-15,PayPal,268.95,Successful,txn_4ef75217482b407991b268c130d912e9,1,
2563,2493,2024-09-15,Credit Card,50.5,Successful,txn_f204ade2b37c4f06913e9e97a6b785b6,1,
2564,2494,2024-05-14,Amazon Pay,301.0,Successful,txn_5d6a466e338848929678cb0e1856dfb2,1,
2565,2495,2025-02-25,Credit Card,47.22,Failed,txn_2e0b8a1dfc70423693e8c84a467f4495,1,
2566,2495,2025-02-26,Credit Card,47.22,Successful,txn_3a6611f793644f9c9a3d5f886ef2638b,2,2565.0
2567,2496,2024-04-07,Gift Card,210.78,Successful,txn_1591e62518fa4e70be876b0814bbb238,1,
2568,2497,2025-12-29,PayPal,576.3,Successful,txn_e525b8e492e2459a9a0b7be71d47cd4b,1,
2569,2498,2024-11-18,PayPal,91.32,Successful,txn_5d62f98fcc7b4d328f456993a92fff62,1,
2570,2499,2024-05-16,PayPal,496.44,Successful,txn_177dafd9ae2041fd9876366d33050980,1,
2571,2500,2024-04-17,Debit Card,30.3,Successful,txn_2abaa180a27e41f3bf75328c71344a64,1,
2572,2501,2024-12-26,Credit Card,87.21,Successful,txn_73eeaa0646264ab2a1231f1e652d9fc8,1,
2573,2502,2024-01-12,Gift Card,526.95,Successful,txn_e691aa63775642268416d6cedc189d2e,1,
2574,2503,2024-10-31,PayPal,608.0,Successful,txn_4e2d3147b9f64acd9a793df35713be3d,1,
2575,2504,2024-07-21,Debit Card,245.25,Successful,txn_25e145e7e38d4fd8bbebd8cfc0f30690,1,
2576,2505,2024-05-19,PayPal,149.15,Successful,txn_f3176e356f134a8b9750d68d5b5d1e86,1,
2577,2505,2024-05-19,Credit Card,190.27,Successful,txn_15abe9625a9f4e68816791b0ed6f003e,1,
2578,2506,2024-08-31,PayPal,193.51,Successful,txn_4bace0cd145f450699c00a01707631e2,1,
2579,2507,2024-04-17,Amazon Pay,129.29,Successful,txn_80e8732f8e4d4fc19121cd6d9ca8125a,1,
2580,2507,2024-04-17,PayPal,79.68,Successful,txn_086633543937404c8463775e54f6d680,1,
2581,2508,2024-10-04,PayPal,264.9,Failed,txn_7420bf30e529489d854cb01ddf731118,1,
2582,2508,2024-10-04,PayPal,264.9,Successful,txn_53842685b64d4684a15018bfd1dc58a0,2,2581.0
2583,2509,2025-12-03,Credit Card,695.64,Successful,txn_6c4f5788cef54255bb45a47d7f2b08cf,1,
2584,2510,2025-07-23,Amazon Pay,564.84,Successful,txn_070389b9f2f54a19a06b08a6ff8e9e68,1,
2585,2511,2024-05-06,Amazon Pay,232.15,Failed,txn_495970defc9a49048827a5b312055f69,1,
2586,2511,2024-05-06,Amazon Pay,232.15,Successful,txn_3d734e242ac74469a0c8cccbde66890b,2,2585.0
2587,2512,2025-01-09,Debit Card,517.38,Successful,txn_c3876e3180db4fa5912b0caed20e12d2,1,
2588,2513,2025-09-12,Credit Card,44.64,Successful,txn_58234b30d2664a14a47623390f6a3efd,1,
2589,2515,2024-01-31,Debit Card,899.79,Successful,txn_70f4d176f75c4fff9ce83f7ce9aadad1,1,
2590,2516,2025-06-13,Gift Card,511.06,Successful,txn_b6b857e4b8564841a25b9b8d782ad56f,1,
2591,2517,2024-10-07,Amazon Pay,200.64,Successful,txn_ed1cbea4ecce4ce7a57f9873eae1ff90,1,
2592,2518,2025-08-02,Credit Card,75.3,Successful,txn_0b16d02f9d454fd98414613a9ab49db8,1,
2593,2519,2024-08-02,Gift Card,274.44,Successful,txn_af5ec939b47d4006b9f4ed08bea52a85,1,
2594,2521,2024-08-12,PayPal,283.44,Successful,txn_91601aa920044a5387f17d1e95268009,1,
2595,2522,2024-04-06,PayPal,168.48,Successful,txn_c3706914a4d14c1f90ec39aa521f4e54,1,
2596,2524,2025-10-04,Gift Card,276.12,Successful,txn_08bac6e008ca44999ece28ec9c2cb55c,1,
2597,2525,2025-11-16,Debit Card,201.6,Successful,txn_542108bf7cd94763bdc55be3685b8b66,1,
2598,2526,2024-06-30,Gift Card,725.04,Successful,txn_151a618148ab4844b1e6ca9d1760888f,1,
2599,2527,2025-05-24,Debit Card,2507.24,Successful,txn_f4554e855bda49d780b6d566ab369301,1,
2600,2528,2024-08-11,Amazon Pay,1799.58,Successful,txn_55b99dfb25b445e3bd77b85931128f14,1,
2601,2529,2025-03-19,Amazon Pay,80.04,Successful,txn_f48a51b860444264b2845d4c27824079,1,
2602,2530,2025-06-02,PayPal,26.57,Successful,txn_7cc354821a3a4db4ab2f49d3ceabca6f,1,
2603,2532,2025-04-06,Gift Card,1350.92,Successful,txn_3e6aa63e9ed74be59a2dec584bf6087a,1,
2604,2533,2025-06-12,Amazon Pay,69.56,Successful,txn_a7ce934311e740259547830a6f8e290c,1,
2605,2534,2024-05-09,PayPal,252.78,Successful,txn_2086898df30b4a1ba70cd4a1bdce0159,1,
2606,2535,2025-09-12,Credit Card,185.72,Failed,txn_834e607523dc4a32afe36cc41498b114,1,
2607,2535,2025-09-12,Credit Card,185.72,Successful,txn_56020b3429fe48dd927f3b741a5d011c,2,2606.0
2608,2536,2024-06-27,Gift Card,192.55,Successful,txn_db846850df4f4457a4f316eebba66a7b,1,
2609,2537,2025-07-16,Credit Card,261.36,Successful,txn_b35bf40b3c5e4b8c8a3269c7b37089d6,1,
2610,2539,2024-05-17,Debit Card,636.12,Successful,txn_b976d416d50e46ee86ba39958503512c,1,
2611,2540,2024-02-28,Amazon Pay,431.48,Successful,txn_dec35ff7668845318b58dd6935b32648,1,
2612,2541,2025-05-08,Gift Card,1453.95,Failed,txn_7e2ca18217c847c288d56fa0599e402c,1,
2613,2541,2025-05-09,Gift Card,1453.95,Successful,txn_c8a2de6c77fa475e8ee23e5241302c7a,2,2612.0
2614,2542,2024-09-18,PayPal,96.18,Failed,txn_6374819897d2455c924f856778d4a940,1,
2615,2542,2024-09-20,PayPal,96.18,Successful,txn_98cbe28315584c6d82a5dc3ba0fce310,2,2614.0
2616,2543,2025-04-30,Debit Card,527.25,Successful,txn_23974b4bb90e4e4f92459ec78182ecad,1,
2617,2544,2025-01-31,Debit Card,859.95,Successful,txn_ecc44981d00a40b7a7411947be61168c,1,
2618,2545,2025-04-30,Debit Card,350.64,Successful,txn_3ed4a8b2f76b49e8b7039a087a690440,1,
2619,2546,2024-11-06,PayPal,84.71,Successful,txn_9311b0145d5a4b169f62c13ecaaa6679,1,
2620,2547,2024-05-12,Credit Card,212.04,Successful,txn_7cda586bf6844554a93efaa76267b517,1,
2621,2549,2025-12-25,Credit Card,294.78,Successful,txn_7c3c40e5d0744162bf4fc112062a8107,1,
2622,2550,2025-01-02,Debit Card,426.9,Successful,txn_453d33916e914d0a89c1e8e90f8670b7,1,
2623,2551,2024-10-27,PayPal,220.36,Successful,txn_8041ee1770534148a0a4751f2b7e66a6,1,
2624,2552,2025-06-01,Debit Card,603.66,Successful,txn_4788420b7d744a6097ab405472c40dc3,1,
2625,2553,2024-08-06,Credit Card,1386.21,Successful,txn_40ee9054cbda4f89b394c283251f9771,1,
2626,2554,2025-01-10,PayPal,49.83,Successful,txn_01f85d567b76438ca812e1703b0c65e1,1,
2627,2555,2024-02-25,PayPal,636.12,Successful,txn_532d52b8511e42c7a1126f5ae7b77883,1,
2628,2556,2025-07-04,Gift Card,56.54,Successful,txn_74684b4d011f4c77b82f40443f6bb19e,1,
2629,2557,2025-11-17,Amazon Pay,222.09,Successful,txn_ad67815e95d3461ebb67b99ee037c0b0,1,
2630,2558,2024-10-30,Debit Card,86.34,Successful,txn_523f6937645749dbac064ef29cb76281,1,
2631,2559,2024-03-03,Gift Card,26.57,Successful,txn_6fcb3cba435743eeb0688c49c6f89cbe,1,
2632,2560,2024-12-06,Gift Card,225.9,Successful,txn_8e1786113d884434b65551118387fb7f,1,
2633,2561,2025-11-15,Amazon Pay,53.86,Successful,txn_019e4a296dae4f739b153e38cc7b8d2b,1,
2634,2562,2025-01-21,Gift Card,413.03,Successful,txn_bc2da32d2fa540d692fc1c648af639f0,1,
2635,2563,2025-01-30,PayPal,625.15,Successful,txn_df575a7c7e6d47d4a452a75fd46de5be,1,
2636,2564,2025-07-27,Debit Card,417.94,Successful,txn_c49c2fde396a43449e37dc5240421ae3,1,
2637,2565,2025-08-30,Amazon Pay,301.83,Successful,txn_ff2adbdbfdd047e38c6703c4c207335d,1,
2638,2566,2025-09-05,Amazon Pay,222.12,Successful,txn_4fc9a5d0094a4e50ae3a986e27005199,1,
2639,2567,2025-10-04,Amazon Pay,87.48,Successful,txn_8456ae220e534a31936e3df19ddbcea7,1,
2640,2568,2024-07-29,Debit Card,1834.42,Successful,txn_703c41f3497f4dbb923e44818dedc9f4,1,
2641,2569,2025-11-07,Amazon Pay,470.16,Successful,txn_c43e7cf1b337464d9b0cef470f6bf64f,1,
2642,2570,2024-07-06,Debit Card,181.12,Successful,txn_0fc358f0dbda4be3b18b8ca11bc978c0,1,
2643,2571,2024-10-27,Credit Card,1964.49,Successful,txn_9ea70aea87fc4d2ba9c508b6921e774e,1,
2644,2572,2025-10-25,Credit Card,93.95,Successful,txn_14528ebea64e4a3a9cad760603117375,1,
2645,2573,2025-04-06,Amazon Pay,45.64,Successful,txn_73433641b22e429a8a9e38313ae70010,1,
2646,2574,2024-10-02,Debit Card,69.03,Successful,txn_1413710a5c744d198dfaca980ee3444f,1,
2647,2575,2025-11-27,Debit Card,82.4,Successful,txn_6f166e125fda4ebfafe12b7bcec097c8,1,
2648,2576,2025-08-10,PayPal,74.52,Successful,txn_ec9b202d34604c258880adeee81ad04e,1,
2649,2577,2024-02-27,PayPal,56.57,Successful,txn_11c7946258574decab302a53dd3eafe6,1,
2650,2578,2024-10-28,Gift Card,222.92,Successful,txn_d6453f344e0e4bc299932e07209e8d14,1,
2651,2579,2025-01-26,Debit Card,28.19,Successful,txn_4508d642b86b48f6b2114222f25c1041,1,
2652,2580,2025-12-26,Amazon Pay,161.4,Successful,txn_9d67cbaed5b743048773c7f10b9de2ae,1,
2653,2581,2024-07-27,Gift Card,34.83,Successful,txn_947d5b93dd3b4dfba87b1a19a7a1856b,1,
2654,2582,2025-10-29,Credit Card,34.1,Successful,txn_01808ce90af046b5aeb650367833a4cf,1,
2655,2583,2025-10-26,Debit Card,53.79,Successful,txn_c9bad9b0cd584f898175884edb054493,1,
2656,2584,2025-05-25,Credit Card,290.7,Successful,txn_286ad8ed188e4f8c90ece22236e67bbe,1,
2657,2585,2025-12-12,Gift Card,261.63,Successful,txn_f72190a879054cb2aeb96f746ebf02e8,1,
2658,2586,2024-01-29,Gift Card,451.5,Successful,txn_a6485d0e588b42ecadedaab23af740b0,1,
2659,2587,2025-06-24,Credit Card,204.78,Successful,txn_dd593ec36cbd4034914f2031127d1e5f,1,
2660,2588,2024-01-11,Amazon Pay,139.32,Successful,txn_9e5119d2da254d7b830c815524216b0a,1,
2661,2589,2024-01-10,PayPal,325.2,Successful,txn_1a9b92f3a6b746b3b524d50db1272c30,1,
2662,2590,2025-05-20,Debit Card,337.28,Successful,txn_3db58012a11c498dac90db8bcfabce0c,1,
2663,2591,2025-03-03,PayPal,65.92,Successful,txn_f4837c7a23cb48f589a7acfeb2f3878d,1,
2664,2592,2024-09-11,Debit Card,1471.8,Successful,txn_143536258e9340dfb7eb8322c41e11d0,1,
2665,2593,2025-09-15,PayPal,1151.04,Successful,txn_b8e952f8e6224f6485a56f93b5a357a4,1,
2666,2594,2025-08-28,Amazon Pay,1834.42,Successful,txn_bf4181dd02434d899d39262d73d30daa,1,
2667,2595,2025-10-03,Credit Card,44.28,Successful,txn_c05b8799ac524fcbbbc2f0a67fe9393c,1,
2668,2596,2025-02-24,Credit Card,618.52,Successful,txn_0b22a76af189484384fed9313e778275,1,
2669,2597,2025-07-18,Debit Card,291.6,Successful,txn_879f523078894ca5b3a38a79e13da29d,1,
2670,2598,2025-12-30,Debit Card,345.84,Successful,txn_f727be3cd34c42879ed8035d7e68c829,1,
2671,2599,2025-12-08,Credit Card,102.48,Successful,txn_430181ebdb3d4facb3682f1b706026bf,1,
2672,2600,2025-10-02,Amazon Pay,899.79,Successful,txn_529928c7995d4cffa51edf9c169a6472,1,
2673,2601,2024-02-02,Amazon Pay,2974.46,Successful,txn_0e477af248d247148d396f6d783a3fb5,1,
2674,2602,2024-12-30,Gift Card,196.5,Successful,txn_237fb2dbfecd4c428071d6abb46ec99d,1,
2675,2603,2025-11-17,Amazon Pay,215.16,Successful,txn_82aba3133dd54e208e9fc1e1e954a08b,1,
2676,2604,2024-09-11,Gift Card,193.32,Successful,txn_bc562fb6e51649eca8156d50cf1de0c1,1,
2677,2605,2025-02-07,Gift Card,622.7,Successful,txn_42b22d0189e24eb4823b8d4fe7cdee67,1,
2678,2606,2024-11-14,Credit Card,575.84,Successful,txn_52fcf40999394563bc79c7b1c3cdb59e,1,
2679,2607,2025-04-30,Amazon Pay,268.52,Successful,txn_b405ebc6ebf94ceca5103cf78b205fbb,1,
2680,2608,2025-04-06,Amazon Pay,85.14,Successful,txn_6a16e8a01e3e4bdfa365e2b3559d11f6,1,
2681,2609,2024-09-04,Debit Card,99.33,Successful,txn_352f8a782ecc46bdab03b712f02154eb,1,
2682,2610,2024-11-09,Gift Card,1253.62,Failed,txn_badaa87b319d41e4b17a1bab31a44692,1,
2683,2610,2024-11-11,Gift Card,1253.62,Successful,txn_ace663c8717c4cb695ecf334784fc526,2,2682.0
2684,2612,2025-01-08,Credit Card,18.4,Successful,txn_86c1644766564431a49efe33ab1510d6,1,
2685,2613,2024-03-16,PayPal,81.66,Successful,txn_724e5743e302483d8d95be937bada43d,1,
2686,2614,2024-07-10,Amazon Pay,290.04,Successful,txn_d68c969fad6c4eb183564a9e289135d6,1,
2687,2615,2025-06-13,Debit Card,290.7,Failed,txn_d2fe8242f7ee4965b16ffb4899076ba7,1,
2688,2615,2025-06-14,Debit Card,290.7,Successful,txn_4ca8611ce8cf4b2ab3ccb0f42311b8cd,2,2687.0
2689,2616,2024-06-06,Gift Card,718.15,Successful,txn_de68b6fa95d14b53b278e2b18132c833,1,
2690,2617,2025-05-09,Amazon Pay,1337.83,Successful,txn_25fdbc25b87c4a3da23126f10995fd3a,1,
2691,2618,2025-02-03,Gift Card,577.65,Failed,txn_61722b4856394fa28c5c9129a98ac035,1,
2692,2618,2025-02-03,Gift Card,577.65,Successful,txn_b72c5b207cd14a02b325a0cc764c54d4,2,2691.0
2693,2619,2025-01-17,Debit Card,105.39,Successful,txn_e39d9fc19a804341b2ee01623847e3dc,1,
2694,2620,2025-08-16,Debit Card,149.04,Successful,txn_c2b95722f3e149d1a4647f6548a49c39,1,
2695,2621,2025-06-24,Credit Card,703.0,Successful,txn_3ced6c3f92294a2180c4169890a307a9,1,
2696,2622,2025-04-06,PayPal,1487.23,Successful,txn_61417a7c11be4326b3dafca520044ac9,1,
2697,2623,2024-09-14,Debit Card,486.21,Successful,txn_2b72ac39bbd94efebb2cd5e7832e2287,1,
2698,2624,2025-02-06,Amazon Pay,1515.73,Failed,txn_83f9822be11a40fc842437c448485833,1,
2699,2624,2025-02-08,Amazon Pay,1515.73,Successful,txn_4290d1409eb241e48c103f5f53113fcf,2,2698.0
2700,2625,2024-07-27,Credit Card,102.3,Successful,txn_dcc178f490244d10803a54a1a76d8d6c,1,
2701,2626,2025-03-15,Amazon Pay,199.94,Successful,txn_c6fb2d53cdb249b790b0664e38515540,1,
2702,2627,2025-05-01,PayPal,481.47,Successful,txn_3cd083127ef940368895774b3a7a7bae,1,
2703,2628,2025-03-08,Amazon Pay,110.18,Successful,txn_a6bf51db900e49348031e598215b02af,1,
2704,2629,2025-10-12,Gift Card,51.6,Failed,txn_f2c92a8a6d8747bc833eb3d141618172,1,
2705,2629,2025-10-12,Gift Card,51.6,Successful,txn_c8a97801b1b1444486c0e5ab371008af,2,2704.0
2706,2630,2024-05-22,Amazon Pay,92.76,Successful,txn_e0749a4708804d2594feee41d68fbe38,1,
2707,2631,2025-12-30,Credit Card,339.08,Failed,txn_c553f3e1c17141969ba559c7c7492fe9,1,
2708,2631,2026-01-01,Credit Card,339.08,Successful,txn_52fb8eb7df7e4bbba375f981bae886cb,2,2707.0
2709,2632,2025-04-17,Debit Card,43.54,Successful,txn_73cb2501561e40a4b0ef3230cadececd,1,
2710,2633,2025-09-12,Gift Card,969.3,Successful,txn_b8b408787f254c1a87956db22850b60c,1,
2711,2634,2024-08-29,Gift Card,487.66,Successful,txn_885fd3269a7a4b4d81271508136ca3a5,1,
2712,2635,2025-08-28,Amazon Pay,3928.98,Successful,txn_aeb7be11911943b1862e0b9bcad93bac,1,
2713,2636,2025-09-02,PayPal,58.84,Successful,txn_48a40201aa204985ae418ed4de07abee,1,
2714,2637,2025-05-01,Debit Card,102.3,Failed,txn_4e90ccc2212d4abb99116446153d703f,1,
2715,2637,2025-05-03,Debit Card,102.3,Successful,txn_2c496d64220a432fa7484e127ae8455c,2,2714.0
2716,2638,2024-05-26,PayPal,64.5,Successful,txn_2d009064a61b4a848d403be4240dcfdb,1,
2717,2639,2024-06-21,Debit Card,975.9,Successful,txn_d11531f079464d21a275213dfc1c546a,1,
2718,2640,2025-06-12,Gift Card,674.56,Successful,txn_e283fe915dfc4c37bf8e14b6cf858187,1,
2719,2641,2025-02-08,Amazon Pay,311.97,Successful,txn_b1dc657c47ca4da8bd9a03e5582947cb,1,
2720,2642,2025-01-14,Gift Card,235.34,Successful,txn_5e892b9720d4432aa717e9267fdfbb9f,1,
2721,2643,2024-02-27,Gift Card,767.36,Successful,txn_4249ce57634b4d8dacc13c00360e2bfa,1,
2722,2645,2025-05-17,Amazon Pay,230.75,Successful,txn_5785434462814006b3307c73609dbed1,1,
2723,2646,2024-08-15,Amazon Pay,97.2,Successful,txn_e6216225c54748b592e29f516cc4af94,1,
2724,2647,2024-07-02,Debit Card,295.2,Successful,txn_d5099e1583e5451f93a56fc9bb76d3cd,1,
2725,2648,2025-09-25,Debit Card,417.94,Failed,txn_64e927c4cecc4fd9bbaefdba2d61a170,1,
2726,2648,2025-09-26,Debit Card,417.94,Successful,txn_270f0c598662421b8812c0c8d0f4fc30,2,2725.0
2727,2650,2025-01-29,Credit Card,23.62,Successful,txn_eb799be87ebe4cf69f3db72d93396cf8,1,
2728,2651,2024-02-22,Gift Card,339.42,Successful,txn_c71efd64f78e4022bf492cf410f098a6,1,
2729,2652,2025-06-11,Gift Card,18.4,Successful,txn_754fe96bbf954f969896d2612903381a,1,
2730,2653,2025-11-19,Credit Card,351.5,Successful,txn_10d626685a9a4481b0b94312234ccaf0,1,
2731,2654,2024-08-22,PayPal,45.42,Successful,txn_6a0bf75db01547a580abc042337521a0,1,
2732,2655,2024-02-14,Amazon Pay,252.78,Successful,txn_5a602111790c4eed97cfbccf379f272c,1,
2733,2656,2024-05-24,PayPal,29.07,Successful,txn_068f6badeb9f40dc8369c76887730872,1,
2734,2657,2025-06-03,Gift Card,273.32,Successful,txn_e11608b0baa64a8caa0c9d4338c80c0c,1,
2735,2659,2024-02-12,Credit Card,491.3,Successful,txn_807f36c505794af5a7e57a9f50c5986d,1,
2736,2660,2024-03-31,PayPal,899.79,Successful,txn_a5d1419a61694eb3b06c7b815f673ce7,1,
2737,2661,2025-09-16,Credit Card,40.66,Successful,txn_c07eedc0a841492b8a141e3685ee8822,1,
2738,2661,2025-09-16,Debit Card,15.91,Successful,txn_1d619b054e1c4452a10dc0502d4deee4,1,
2739,2662,2024-12-22,Debit Card,169.54,Successful,txn_6eb19b549a8645649aafa51cb324ae42,1,
2740,2663,2025-08-10,Gift Card,48.33,Successful,txn_8fbf3dba1a6c4bcc8845aa674897c451,1,
2741,2664,2024-05-28,Debit Card,626.91,Successful,txn_7fac842fff314dadb25e9c50b01fa41b,1,
2742,2665,2024-02-14,Debit Card,156.15,Successful,txn_737319362ff84157b28019288c58c44d,1,
2743,2667,2024-12-08,Amazon Pay,170.76,Failed,txn_5e332bed915b419a9197cb4f63a89d56,1,
2744,2667,2024-12-08,Amazon Pay,170.76,Successful,txn_7af9bed380644006b2f879bdca4b6431,2,2743.0
2745,2668,2025-03-21,PayPal,2976.6,Successful,txn_ff3b5eb980e2463d88a2231950876d28,1,
2746,2669,2025-06-13,Credit Card,580.53,Successful,txn_b62e884d327b4caabaa9f1578eaaae16,1,
2747,2670,2025-08-20,Gift Card,1458.63,Successful,txn_af603d8c7447402e81f8652b9d94d07d,1,
2748,2672,2025-04-20,Debit Card,505.56,Successful,txn_36e18212ba254d7bb96c3f5e354f1a68,1,
2749,2673,2024-02-20,Debit Card,196.5,Successful,txn_6ca74aa8a279459980a2cb3a11750b9b,1,
2750,2674,2025-08-02,Gift Card,546.64,Successful,txn_543b5f4d079f4fd0833586328de8be10,1,
2751,2675,2025-01-26,Debit Card,144.06,Successful,txn_a34939df2637409c8fda8682b4fcc2f5,1,
2752,2676,2025-11-24,Gift Card,165.96,Successful,txn_539112d0d135463fa727e5f814178365,1,
2753,2677,2024-10-06,Credit Card,2976.6,Successful,txn_f086e07df8944274995af7359d85dc4f,1,
2754,2678,2025-12-08,PayPal,88.28,Successful,txn_7eb64dcc9ab64f2db04a8a36f362d6e3,1,
2755,2679,2025-10-10,Credit Card,341.52,Successful,txn_51a62b8fac4348b49870098c8618d8dd,1,
2756,2680,2024-11-17,Amazon Pay,174.24,Failed,txn_8228f96fc6fe48d3a36d1e64e5f70bb9,1,
2757,2680,2024-11-17,Amazon Pay,174.24,Successful,txn_67f787d543c4493087cc1dff1c4099b5,2,2756.0
2758,2681,2025-02-01,Credit Card,481.47,Successful,txn_0b7e5ffc5a5f4463832429249a5e5c60,1,
2759,2682,2025-06-04,Amazon Pay,323.61,Successful,txn_91d0e0c000ac42a78116067d0dc3fc8f,1,
2760,2683,2024-09-15,Amazon Pay,98.25,Successful,txn_30b5f0c3c6604aa1922a0670b6946139,1,
2761,2684,2024-10-26,Amazon Pay,265.93,Successful,txn_ab071912a7674c8bb93a26fcede04115,1,
2762,2685,2025-09-28,PayPal,274.44,Successful,txn_1dbd80e872e048308e16c37aea0557d1,1,
2763,2686,2024-06-04,PayPal,23.0,Successful,txn_74733bd3d10349779fbf789a4cdbaa2d,1,
2764,2687,2025-11-06,Amazon Pay,661.92,Successful,txn_b70d1f00ced3493fa1d163190c6a1df7,1,
2765,2688,2024-04-21,Amazon Pay,153.72,Successful,txn_2a17978c61f14df097766588619510e1,1,
2766,2689,2025-08-11,Credit Card,496.44,Successful,txn_8a59e96ea55f43c5ae60a67db789bef3,1,
2767,2690,2024-11-20,Debit Card,226.16,Successful,txn_e99fc3fd1b3d41ff833bfd3c21391253,1,
2768,2691,2025-04-20,PayPal,124.8,Successful,txn_d111eb4cee1447019046bee4c9e1dd34,1,
2769,2692,2025-04-12,Credit Card,169.42,Successful,txn_870ebaa12dad4a3ca2400e4abd87d4b7,1,
2770,2693,2025-04-19,Debit Card,200.88,Successful,txn_f214a79f60e945c4a1cddf35e35494eb,1,
2771,2695,2024-06-05,Credit Card,622.7,Successful,txn_52c83baf05c34f4b81dcf44cc82b21c1,1,
2772,2696,2024-03-09,Debit Card,203.0,Successful,txn_c1ef3496f6f84ff8a521ca67a5c713e8,1,
2773,2697,2024-06-21,PayPal,540.68,Successful,txn_40879b99a08f4916a49c67b61a0cea54,1,
2774,2698,2024-04-03,Amazon Pay,312.3,Successful,txn_a8939a14fd294916a053a83ad10dff5e,1,
2775,2699,2025-02-10,Gift Card,30.3,Successful,txn_6b251f5e940c4605b9a7e63bf48cce69,1,
2776,2700,2025-10-04,Gift Card,117.6,Successful,txn_f833bc4b02a94424ab0f44f5cb2063f7,1,
2777,2701,2024-06-17,PayPal,51.6,Successful,txn_244807c3c0f54be38d1db563b3147e51,1,
2778,2702,2025-05-04,Credit Card,170.76,Failed,txn_3da7b7b7795c46f0bf58c345fc8716d1,1,
2779,2702,2025-05-04,Credit Card,170.76,Successful,txn_2070627b7663488fa42f5e17e57d87f0,2,2778.0
2780,2703,2025-03-24,Gift Card,58.63,Failed,txn_8fce06af1c114752b28be8e4d7b42651,1,
2781,2703,2025-03-24,Gift Card,58.63,Successful,txn_14858065591f4be391d25ded308c1c87,2,2780.0
2782,2704,2025-12-26,Gift Card,214.06,Successful,txn_52a820e75edd45828dc87c312b97cd94,1,
2783,2705,2024-12-30,PayPal,148.06,Successful,txn_e38559aba0944986b86661e7bafc03e0,1,
2784,2706,2025-08-28,Credit Card,1142.69,Successful,txn_56bef157e2f44a879eb019298bdd4ca5,1,
2785,2707,2025-05-15,Amazon Pay,268.52,Successful,txn_564f2c2027e744308834abf858ad4f35,1,
2786,2708,2024-01-15,Gift Card,417.94,Successful,txn_c0f1cc1c16144ced96b2d21617cac222,1,
2787,2709,2025-07-05,Credit Card,1011.84,Successful,txn_8909490ff20342899d89f27bd05dc647,1,
2788,2710,2024-11-22,Amazon Pay,503.7,Successful,txn_0ca310c88bc546b5888b68e31058b02a,1,
2789,2711,2024-09-18,PayPal,684.62,Successful,txn_7fbe3c512a654879a1bb779890bf97fc,1,
2790,2712,2025-12-03,PayPal,32.96,Failed,txn_b603116590cd469c8592be9da002ce51,1,
2791,2712,2025-12-03,PayPal,32.96,Successful,txn_2cdfcfc20dcd4ee680c17afaa47db9cb,2,2790.0
2792,2713,2025-01-23,Debit Card,60.6,Successful,txn_7640d3f2b52e425ab7cd24580b725bd7,1,
2793,2714,2025-12-24,Amazon Pay,80.7,Successful,txn_584d901015d84e9ebbdaeaa39369449d,1,
2794,2715,2024-12-05,Gift Card,235.08,Successful,txn_6ffa27a16c3f4c36a5d8b66e7080c4d7,1,
2795,2716,2025-10-20,Gift Card,185.1,Failed,txn_6a433b2866494347a44ff1ca4191221c,1,
2796,2716,2025-10-22,Gift Card,185.1,Successful,txn_733ac7605018412ca46676e15755e2f7,2,2795.0
2797,2717,2025-08-29,Amazon Pay,564.84,Successful,txn_340428e7082040c3b28d1120307c4614,1,
2798,2718,2025-10-28,Credit Card,193.51,Failed,txn_6e55e113f4914f2fb99c6abf0624a4ff,1,
2799,2718,2025-10-28,Credit Card,193.51,Successful,txn_9ae1dad9255a42d58c0a2b836371a6a5,2,2798.0
2800,2719,2025-09-16,Amazon Pay,218.61,Successful,txn_1284a1700676424ba67a08ea5f534145,1,
2801,2720,2024-12-05,Gift Card,51.28,Failed,txn_91dcafe5187f4bfc81e84fe4e5e0cae1,1,
2802,2720,2024-12-05,Gift Card,51.28,Successful,txn_9b7f3102e28f4bdc85f465ba7250e9e5,2,2801.0
2803,2721,2024-02-24,Credit Card,317.0,Successful,txn_9ebcf6d6ad7345d78025c54be903044f,1,
2804,2722,2024-06-25,Debit Card,60.6,Successful,txn_a0e746f401c94b45bcb736a4befb0ce1,1,
2805,2723,2025-11-19,Amazon Pay,119.84,Successful,txn_4c4eecf0b495475b8bfbc39f7dda32a5,1,
2806,2724,2025-01-23,Credit Card,307.6,Successful,txn_5fae945e0c63451bb54291e4b20f7685,1,
2807,2725,2024-12-16,Amazon Pay,108.72,Successful,txn_431caad41c534106b1d11d5d8594e368,1,
2808,2726,2024-02-08,Credit Card,393.0,Successful,txn_f3c300cebf8542319347c32cdbd06d4f,1,
2809,2728,2024-11-06,Gift Card,287.92,Successful,txn_4e5fc7f477f6414a9e3569a46ba97282,1,
2810,2729,2025-01-23,PayPal,1834.42,Successful,txn_ef7bb8b62ca64f16872bf49563fe3e32,1,
2811,2731,2025-08-16,Gift Card,282.26,Successful,txn_f7cf1cc75252497581eb453f0018512c,1,
2812,2732,2024-10-10,PayPal,264.9,Successful,txn_a8550d42ed0445e084217f1b0e2f69f2,1,
2813,2733,2025-09-17,PayPal,143.9,Failed,txn_479d2fa6f28f4465938311b142909050,1,
2814,2733,2025-09-17,PayPal,143.9,Successful,txn_eba29026aff343029bf758dadec55454,2,2813.0
2815,2734,2025-08-14,PayPal,25.85,Successful,txn_bc1f237fccdf4b5da9d7777a24909879,1,
2816,2736,2025-01-19,Amazon Pay,445.84,Successful,txn_2e90b747e8fe4eae984c3534e1f59bc4,1,
2817,2737,2024-09-16,Gift Card,60.6,Successful,txn_f1943e2877c64ebfa98aa613876889cf,1,
2818,2739,2025-01-12,Debit Card,108.4,Successful,txn_45f75cfd4f6b4e77bf0f2a1995727f8d,1,
2819,2741,2024-10-07,Debit Card,125.7,Successful,txn_6b8f4e79946e4edbb619dd3ccd760210,1,
2820,2742,2025-05-07,Credit Card,569.52,Successful,txn_4885c5c85b8e4dcf9b93ba07ef938edb,1,
2821,2743,2024-07-01,Debit Card,220.36,Successful,txn_7b508859ab0449f4b758c071e0f3c40b,1,
2822,2744,2024-11-22,Debit Card,242.1,Successful,txn_7b93877c6892494db573de5d1a08f4a7,1,
2823,2745,2025-05-23,Gift Card,16.2,Successful,txn_7af86003a0614eaaa7079fed87d17499,1,
2824,2746,2025-11-30,Debit Card,150.48,Successful,txn_36179c95052a406a852f96717b142532,1,
2825,2747,2024-05-29,Debit Card,74.52,Successful,txn_b44d18107c7f4e7eb2f5569142bdded1,1,
2826,2748,2024-04-12,PayPal,254.31,Successful,txn_e6a5fd9ca7a242449769a744d37a876c,1,
2827,2749,2024-09-13,Credit Card,97.2,Successful,txn_33e6260b24e045b781d9f3c34be53d78,1,
2828,2750,2024-10-29,Gift Card,384.5,Successful,txn_0e7dde0fcf384f798c30f7e70214449b,1,
2829,2751,2025-05-22,Credit Card,99.97,Successful,txn_745ee8d56cd743a2a79b3a5ce2915999,1,
2830,2752,2025-01-05,Credit Card,243.83,Successful,txn_70b99170b73e47a1a8ad94470dcaa6a8,1,
2831,2753,2024-02-05,Amazon Pay,153.8,Successful,txn_95331d512feb4d9d9f2b0dbc472aae71,1,
2832,2754,2025-07-02,Amazon Pay,258.69,Successful,txn_7262840afaac491a87a1fe457e8edeb8,1,
2833,2755,2024-10-03,Amazon Pay,274.44,Successful,txn_79bfaffe29fe4b3c9d328360a4139da0,1,
2834,2756,2025-03-23,Credit Card,102.56,Successful,txn_e381534ea27549cdb70a5a61ec752b59,1,
2835,2757,2024-05-21,Gift Card,90.56,Successful,txn_b1be859476864b2ab1119f26beee2149,1,
2836,2758,2024-02-20,PayPal,68.13,Successful,txn_a941ec4de98842049de0f747fdf89b55,1,
2837,2759,2024-01-04,Credit Card,110.69,Successful,txn_c4b51f9062ce489fb334103fd195e629,1,
2838,2760,2025-11-24,Amazon Pay,288.05,Successful,txn_a40fba4c60cb49b0ac25336305cd1d8f,1,
2839,2761,2025-11-27,Amazon Pay,55.53,Successful,txn_21ab2bcf06044e7da26e2a1170bcef21,1,
2840,2762,2024-04-12,PayPal,216.8,Successful,txn_cf2e9ebc4e4e4e508988354a327b03a8,1,
2841,2763,2024-10-17,Debit Card,188.28,Successful,txn_47ad65275cdd4434880bc6d85f462ac5,1,
2842,2764,2024-07-06,Gift Card,85.76,Successful,txn_1572584b94094749ab9943122715fac5,1,
2843,2765,2024-11-30,Credit Card,187.9,Successful,txn_007969a840594cbd95a114ab3f31dd68,1,
2844,2766,2025-02-03,Credit Card,134.0,Successful,txn_3e5b3ae87bcb486aa479b83f278efa56,1,
2845,2767,2024-06-27,PayPal,28.78,Successful,txn_fe8bb865eb254bfca4cee68df4a65686,1,
2846,2768,2025-01-17,Amazon Pay,30.16,Successful,txn_c08c9304cf444d9c8b284eade8bf9c44,1,
2847,2769,2025-10-06,PayPal,214.84,Successful,txn_9a91b4bbd2134390a822368295753d96,1,
2848,2770,2024-03-22,PayPal,246.75,Successful,txn_c886b87dc419461d82489b9a83bee266,1,
2849,2771,2025-03-24,Amazon Pay,375.8,Successful,txn_61b20a3faa6f4ed98ffcef377f4c8a32,1,
2850,2772,2024-09-22,Gift Card,293.15,Successful,txn_c392751f3f8d433d99f688f7be07906b,1,
2851,2773,2024-07-03,Gift Card,360.18,Successful,txn_1bf0e151cfb74517901dd6027afa7342,1,
2852,2774,2024-11-23,Debit Card,307.17,Successful,txn_e110b78c94c4498fb2a4ebdc220f2fb5,1,
2853,2775,2025-06-17,Debit Card,548.48,Successful,txn_cd51fbe5e2f24a4fbdca12848cf5fa2b,1,
2854,2776,2025-11-03,Credit Card,88.26,Successful,txn_3ec00ae3acd04cd8b6fca94b187629dd,1,
2855,2777,2025-05-14,Gift Card,23.0,Successful,txn_288939c1242542cd83b93939d659caf1,1,
2856,2778,2024-06-05,Credit Card,144.51,Successful,txn_d2fb0fa405c5462c9e6e78861a8cb0ec,1,
2857,2779,2024-05-05,Debit Card,65.31,Successful,txn_d5be58244a354034b613b230c7ff258b,1,
2858,2780,2024-05-11,Credit Card,51.24,Successful,txn_44c251bccd3740519fb0f198075285ae,1,
2859,2781,2025-04-04,PayPal,48.34,Successful,txn_c182f42e53a84b40b122a879431eee48,1,
2860,2782,2025-05-05,Credit Card,11.03,Successful,txn_9682ba7caed54d16869bfb0b3901c2b2,1,
2861,2782,2025-05-05,Gift Card,42.76,Successful,txn_465273d74500443e9fe2f55869bfb56e,1,
2862,2783,2025-02-05,Gift Card,823.32,Successful,txn_b15966d622f3457ab3498843661750a9,1,
2863,2784,2025-07-30,Debit Card,139.12,Successful,txn_81fed556d5be477e91bf5cef6d6db229,1,
2864,2786,2024-08-31,PayPal,107.42,Successful,txn_e6313fc2f3e64dada0c0c035ca1d655a,1,
2865,2787,2025-09-03,Debit Card,477.88,Successful,txn_95a2a494ed084b4ba8106096d07ccbac,1,
2866,2789,2025-02-13,PayPal,207.09,Failed,txn_f8920508d4b5491d969db301dab2ca2c,1,
2867,2789,2025-02-15,PayPal,207.09,Successful,txn_a2ec3f2163ee49fbb1bb93ef5571b1e0,2,2866.0
2868,2790,2024-08-24,Amazon Pay,23.07,Successful,txn_aa50d15b7be44a0e811dc18121df518d,1,
2869,2790,2024-08-24,Credit Card,45.96,Successful,txn_224b82a689024256887affd6430fae9e,1,
2870,2791,2024-10-08,Debit Card,1278.04,Successful,txn_2ed652b371fc430592c9b45a36c0ebbe,1,
2871,2792,2025-03-22,PayPal,486.0,Successful,txn_9e14bdcb20504ae9a5bac9ad6b5be76f,1,
2872,2793,2025-01-18,Credit Card,268.55,Successful,txn_3da71f8f2f184234944b38bbcb8d5855,1,
2873,2794,2024-01-05,Debit Card,64.5,Successful,txn_c456b018e19441eeaf865160f964b5d7,1,
2874,2795,2024-08-26,PayPal,110.18,Successful,txn_511f2155f2a24f88b5818698046a7087,1,
2875,2796,2024-10-27,Debit Card,293.54,Successful,txn_db5cab42a69c4ea58565683b8db8a5ff,1,
2876,2797,2024-11-19,Amazon Pay,59.04,Successful,txn_8c28343cb82a4fb8852fc7bc4ed62eb0,1,
2877,2798,2025-12-31,PayPal,244.98,Successful,txn_b7e35d9ea80e486299dd4829ed9cebad,1,
2878,2799,2024-07-31,Amazon Pay,259.92,Successful,txn_8ef101a133ac4681bcc2a3b52d9bddee,1,
2879,2800,2024-10-29,Amazon Pay,1480.17,Successful,txn_4ba6a86a1b6f498b9e2710f960042aed,1,
2880,2801,2025-11-28,Amazon Pay,595.84,Successful,txn_e821157cbeda4832ac3afd0c0fb45bfe,1,
2881,2802,2025-03-14,Credit Card,142.38,Successful,txn_c7754f240bbf40c98f3846cf98be6839,1,
2882,2803,2024-11-07,Credit Card,26.8,Successful,txn_3f3acfc169f6487aa85e360e5765342f,1,
2883,2804,2025-08-10,Gift Card,456.73,Successful,txn_2654cee331ca41c9b064a4aad681d868,1,
2884,2806,2025-12-09,Gift Card,317.0,Successful,txn_5ccb910927464b1eb89e49d072242045,1,
2885,2807,2024-01-21,Amazon Pay,661.92,Successful,txn_fcfb616efe464c27abd70a9c58dd5ecc,1,
2886,2808,2025-03-15,Credit Card,1278.04,Successful,txn_d4c0aabb668c48a3ade74e3b459a4eb9,1,
2887,2809,2024-05-03,Debit Card,98.1,Successful,txn_667ab84db72d4186a334f117d1adbb10,1,
2888,2810,2025-09-03,PayPal,107.03,Successful,txn_7ab4e26c8e7d42318e5f018c1fa99846,1,
2889,2811,2024-07-03,Credit Card,311.97,Successful,txn_ceb5398541f94a52b0c5d16ce2b6fab5,1,
2890,2812,2025-10-04,Amazon Pay,1142.69,Successful,txn_0540063130a7408f867d6fccf27459b1,1,
2891,2813,2024-10-05,Gift Card,36.36,Successful,txn_07c850056287456e9ec4c3ef23410d1b,1,
2892,2814,2024-07-18,Debit Card,774.04,Successful,txn_e58c51f814a24eaea81590f572f96798,1,
2893,2815,2024-08-12,Credit Card,1386.21,Successful,txn_d8461eda53c64642abf9e866d2165e96,1,
2894,2816,2025-04-25,PayPal,276.12,Successful,txn_73469a00ba3d4be18dec36a079894844,1,
2895,2817,2025-04-23,Debit Card,668.76,Failed,txn_8eac82b7aea74a6c89c5ba12d7993fa7,1,
2896,2817,2025-04-24,Debit Card,668.76,Successful,txn_28664f587b5b4d2caea239d740620602,2,2895.0
2897,2818,2024-12-21,Amazon Pay,423.85,Successful,txn_969694490bb24ee29640f793441aea58,1,
2898,2819,2025-04-21,Credit Card,483.36,Successful,txn_8f98a6656d16493bb91ddb936f04b2e7,1,
2899,2820,2025-02-04,PayPal,65.31,Successful,txn_291f4735b1f844ac9fdffd47ebe27898,1,
2900,2821,2025-11-05,Credit Card,97.62,Failed,txn_3b649dcec080409a853ec33d4cfc3bae,1,
2901,2821,2025-11-05,Credit Card,97.62,Successful,txn_4ba06d7917ac4150811a19a40770706b,2,2900.0
2902,2822,2024-05-14,PayPal,259.82,Successful,txn_5e9e04202c124dcba15bed2e9fe32488,1,
2903,2823,2024-10-17,Gift Card,899.79,Failed,txn_a21da510eab4496e822bd3bb4d4b20e3,1,
2904,2823,2024-10-19,Gift Card,899.79,Successful,txn_2cec75bbd6b24793bc13da66ad9a170f,2,2903.0
2905,2824,2024-06-18,Amazon Pay,309.26,Successful,txn_d6a38ab04842487a92663daa5a934920,1,
2906,2825,2024-09-07,Debit Card,376.56,Successful,txn_e28ba9084df7493aa3c6bef4393aeed5,1,
2907,2826,2024-05-29,Debit Card,481.47,Successful,txn_bf17c2e6a2bb411cb1562642941682ab,1,
2908,2827,2024-07-24,Amazon Pay,290.7,Successful,txn_979bd1bce33141f098440629f428ac25,1,
2909,2828,2024-12-20,Amazon Pay,548.88,Successful,txn_b8842b9d11ca4606aac3985aa1b13f38,1,
2910,2829,2024-07-20,PayPal,51.24,Successful,txn_4c29a2755d854ec4a5bf1c274701110c,1,
2911,2830,2025-08-26,Amazon Pay,451.5,Successful,txn_ed8c31801c2444cb895b184f033d4c08,1,
2912,2831,2024-11-22,Debit Card,348.84,Successful,txn_a86493c2de8c4120a31253bdb6f4f950,1,
2913,2832,2024-10-24,Gift Card,487.95,Successful,txn_62222abec463491997ff1497e329b4f1,1,
2914,2833,2024-03-28,PayPal,481.47,Successful,txn_f6c78da672e24781b08a42503b31198d,1,
2915,2834,2025-05-22,Gift Card,333.18,Successful,txn_d8bb303d13bd48f68896113172f31369,1,
2916,2835,2024-05-17,Credit Card,34.5,Successful,txn_25e1e9e30a8b461283a571e2de6b53fe,1,
2917,2836,2024-12-26,Gift Card,22.14,Successful,txn_96d7c3cb17c84396a978f2cca9ba6078,1,
2918,2837,2025-06-13,Amazon Pay,181.12,Successful,txn_8326d82fa5284960b8d0363890744039,1,
2919,2838,2025-05-31,Credit Card,204.78,Failed,txn_4b231eb2d6eb4734af056dc6906595d5,1,
2920,2838,2025-06-01,Credit Card,204.78,Successful,txn_d5937a700c124b9388c121c067647dc1,2,2919.0
2921,2839,2024-12-11,PayPal,17.83,Successful,txn_4f9778a291134954aad23591476c76c7,1,
2922,2840,2024-01-01,Debit Card,281.85,Successful,txn_b95de2fcc07c4cbcad5ed513b3a78b8f,1,
2923,2841,2024-07-18,Gift Card,287.26,Failed,txn_c09cfb6d57654711959c5e84a8503636,1,
2924,2841,2024-07-18,Gift Card,287.26,Successful,txn_db2ca1f3b765420397a048bca8233a9a,2,2923.0
2925,2842,2024-12-01,Amazon Pay,276.66,Successful,txn_87aa92177d84439a8cd6a70c9efdf3fe,1,
2926,2843,2025-11-06,PayPal,238.94,Failed,txn_510d531ec35b4ffe9f656a171032d734,1,
2927,2843,2025-11-06,PayPal,238.94,Successful,txn_f78d8b9448c94fa7a649eb2aa911c62b,2,2926.0
2928,2846,2024-05-04,Credit Card,184.8,Successful,txn_c3043de7c77b4f529a9a720f9580e0a9,1,
2929,2847,2024-03-01,Gift Card,214.4,Failed,txn_821476dc0f4245dc8ef3b0d13ddb4bad,1,
2930,2847,2024-03-03,Gift Card,214.4,Successful,txn_684aa8fd27c84ebf91ac3123058a4a8b,2,2929.0
2931,2848,2025-12-10,PayPal,18.05,Successful,txn_0c66f5a1ddbf42619cf8317546543421,1,
2932,2848,2025-12-10,Gift Card,36.31,Successful,txn_dbb7d8074d9347e89cca0b06d217e112,1,
2933,2849,2025-05-08,PayPal,294.78,Successful,txn_ec9bd21135a44b91b81b3430f8ee18e0,1,
2934,2850,2025-07-16,Gift Card,320.16,Successful,txn_8455710066c242408d5961c899f0e07a,1,
2935,2851,2024-07-27,Gift Card,79.74,Successful,txn_389e8f4f3f4f42ed8c12cc86e73e96b2,1,
2936,2851,2024-07-27,Credit Card,63.89,Successful,txn_fda9c991b4364790aa1df9344af19a84,1,
2937,2852,2025-02-16,Credit Card,141.0,Failed,txn_18a7683690354c998778a39158480bc4,1,
2938,2852,2025-02-16,Credit Card,141.0,Successful,txn_068c7d05cfae4b0db82038b7b1a47a9d,2,2937.0
2939,2853,2024-09-11,Credit Card,161.37,Successful,txn_6ec87c746ebc42728ab179b79782f720,1,
2940,2854,2025-05-24,Debit Card,353.12,Successful,txn_5451d17c8942499683a8e2e48e101941,1,
2941,2855,2025-12-18,Debit Card,917.21,Failed,txn_837606f50f3f453581e039aa1b1c4af6,1,
2942,2855,2025-12-19,Debit Card,917.21,Successful,txn_17346f8c723e4c469f94369ab0bb8c9c,2,2941.0
2943,2856,2024-03-07,Amazon Pay,426.9,Successful,txn_9a86ee6f02f14af184b08d99b22737f8,1,
2944,2857,2024-01-03,Debit Card,490.6,Failed,txn_6f69d5def205402482b6e321ca583aae,1,
2945,2857,2024-01-05,Debit Card,490.6,Successful,txn_8254466f73c24198b135fc73c90151ba,2,2944.0
2946,2858,2025-12-13,Gift Card,388.8,Successful,txn_864b7b1793fc4cf896b5e543d75a112d,1,
2947,2859,2025-11-19,Credit Card,574.52,Successful,txn_4c59af66adb042e5b9aed0c44c6ec46e,1,
2948,2860,2025-08-09,Credit Card,216.8,Successful,txn_1e2f078228f949da98e1653ce3522d94,1,
2949,2861,2024-04-23,PayPal,81.54,Successful,txn_ac03f0ea102243f98f4e7b6033dc6360,1,
2950,2862,2025-03-01,Credit Card,295.2,Successful,txn_015810239bc448cc9e814298bc2722e6,1,
2951,2863,2024-02-04,Amazon Pay,2507.24,Successful,txn_2c11cb01569f49b1a5a1e6daf8f659f7,1,
2952,2864,2025-10-10,Gift Card,403.44,Successful,txn_47b7d8f95c644b869d28c0372a8f12fb,1,
2953,2865,2024-07-14,PayPal,174.42,Successful,txn_a85263190a37485c9dd9c049e5d62d7f,1,
2954,2866,2025-05-13,Amazon Pay,81.66,Successful,txn_0c90e7a5f0f34d3fb0c678f12b70647a,1,
2955,2868,2025-02-05,Gift Card,155.82,Successful,txn_0a43752607cb415c82c74c2babb07881,1,
2956,2868,2025-02-05,Credit Card,485.5,Successful,txn_f7ed10a572e7498abb3dfbe5aa8ffae4,1,
2957,2869,2025-11-03,Debit Card,81.66,Successful,txn_89d1e75947e146ec81c502a052d88e72,1,
2958,2870,2024-11-14,Credit Card,68.49,Successful,txn_f4173a44b16f4e46b50e0c8b1f809f79,1,
2959,2871,2025-04-03,Debit Card,60.6,Successful,txn_2d8691c0579045b48e01f5bcad581f6b,1,
2960,2872,2025-07-28,Credit Card,34.83,Successful,txn_b7d90bcf64f34af084b83d0527909eb2,1,
2961,2873,2024-02-06,Amazon Pay,102.39,Successful,txn_8e6ec0801d6a42a699f88e987c6b0be9,1,
2962,2874,2025-10-08,Gift Card,2976.6,Successful,txn_838fa4c24636497dbea86fc29b5efb66,1,
2963,2875,2024-12-20,Credit Card,440.31,Successful,txn_31add685edca43a99cc0de460271e85b,1,
2964,2876,2025-09-21,Credit Card,111.06,Successful,txn_ba237180fb4e48ca8162f012c30e659f,1,
2965,2877,2025-09-16,Debit Card,583.68,Successful,txn_5193bae961c5487e82a028f2217a75de,1,
2966,2878,2025-01-21,PayPal,1790.9,Successful,txn_8172157fa6d64f548ea75cb61b110531,1,
2967,2879,2025-10-28,PayPal,546.64,Successful,txn_455e0b26f7fb406d97bc24d92a9e4bd9,1,
2968,2880,2024-01-31,Amazon Pay,440.31,Successful,txn_c34fd3ff2a4e44cba3634c212b018cd3,1,
2969,2881,2024-03-26,Gift Card,80.7,Successful,txn_9c754c5dda474652b39541b10322310f,1,
2970,2882,2025-03-30,PayPal,79.2,Successful,txn_407a8620dd3a4125b1a8c30f5584bec2,1,
2971,2883,2024-03-08,Gift Card,564.84,Successful,txn_5688ebbaffa9401c90fdb52c5ec950fb,1,
2972,2884,2024-09-22,Amazon Pay,625.15,Successful,txn_066ba2e7a3014a9ab964f3db0e979514,1,
2973,2885,2024-09-24,Gift Card,128.07,Successful,txn_83ba7b8a0de44b05b6052788fcf59ca6,1,
2974,2886,2024-01-06,Amazon Pay,262.98,Successful,txn_bec9778717d841bc9ae277609510cf9b,1,
2975,2887,2025-02-20,Credit Card,408.75,Successful,txn_2995ffe3566f46b08732dfbb1b84cd3a,1,
2976,2888,2024-09-21,Amazon Pay,35.25,Successful,txn_5990a4900dc442bd8982e51b57b677bd,1,
2977,2889,2025-12-28,Gift Card,253.75,Successful,txn_503bb8d301b04e7b9a7db4543a1c8098,1,
2978,2890,2025-01-22,PayPal,220.36,Successful,txn_3c8796e61f8e49769e82498666919a01,1,
2979,2891,2024-02-19,Debit Card,115.12,Successful,txn_9a1dddd435f24a46a01a9fe9b28e9194,1,
2980,2892,2025-08-15,Amazon Pay,37.7,Successful,txn_51c678b1682a4f43be1981baf353383e,1,
2981,2893,2025-11-17,Amazon Pay,31.23,Successful,txn_091e69486fab40a5af5722cb12db3d9a,1,
2982,2894,2024-02-14,Credit Card,553.32,Failed,txn_f2c600fa0d854925a25e4ddcdb43fa25,1,
2983,2894,2024-02-14,Credit Card,553.32,Successful,txn_37b9b294884040de95883b72e475cd00,2,2982.0
2984,2895,2025-06-17,Gift Card,924.14,Successful,txn_01097865456645ea81bc34073573fc80,1,
2985,2896,2025-05-31,PayPal,913.46,Successful,txn_d13a47dd57d3456d8f49230c7fac2eb8,1,
2986,2897,2025-11-12,Credit Card,52.63,Successful,txn_272b39cf62ff405d8b5bcf131c51bbd2,1,
2987,2899,2024-05-17,Credit Card,42.88,Successful,txn_48bb7e571bfe4b5ba098a5373a8918bf,1,
2988,2900,2024-06-09,Gift Card,575.84,Successful,txn_bd2be99fbebf44bead2e71a777fef14a,1,
2989,2901,2025-11-09,Gift Card,320.98,Successful,txn_8579d6d382f445f283bc462dc075a3d9,1,
2990,2902,2024-08-08,Debit Card,214.84,Successful,txn_3874179e911841ff9857cf9c07a19ab8,1,
2991,2903,2024-03-08,Credit Card,639.02,Successful,txn_a4f12c05d1824090885b645fc208143a,1,
2992,2904,2024-10-30,Gift Card,59.92,Successful,txn_972e56410ff24df09adfbacfdeeaf216,1,
2993,2905,2025-10-15,Debit Card,156.15,Successful,txn_c015d2db225f4131a513a361a2a417a4,1,
2994,2906,2024-10-07,Amazon Pay,345.84,Failed,txn_87a9912d77124378a210c38b9ef37987,1,
2995,2906,2024-10-09,Amazon Pay,345.84,Successful,txn_ef9efad033b248229d92707329a63a9a,2,2994.0
2996,2907,2025-12-22,Gift Card,826.06,Successful,txn_6ca15eba5b4c487884575bb621f3da4c,1,
2997,2908,2024-11-20,Credit Card,243.6,Successful,txn_973c2a0ee0ef4c5e995d5ca3b9cd8aff,1,
2998,2909,2025-03-01,PayPal,345.84,Failed,txn_a15b5a912f9346618ecbe16a9b5a2cae,1,
2999,2909,2025-03-03,PayPal,345.84,Successful,txn_00eb71874dd740abbb861bbcbeb2e236,2,2998.0
3000,2910,2025-02-23,PayPal,111.06,Successful,txn_b4d03b36740f40f8bdd3bfd9d5b56796,1,
3001,2911,2024-05-22,Debit Card,87.66,Successful,txn_06ca56c572024f2aa609f7273adc1f38,1,
3002,2912,2024-06-10,PayPal,107.58,Successful,txn_29b2049b694b4addae04e49d70f1fb9c,1,
3003,2913,2024-03-16,Debit Card,695.64,Successful,txn_267fdcebf30a445f99898fbe7b0e8cf5,1,
3004,2914,2024-05-16,PayPal,52.16,Successful,txn_8b4685dfc8be48c3a9eabb05dd631319,1,
3005,2915,2024-10-11,Gift Card,200.88,Successful,txn_a6462a49f99342cbb06cb42d45ab8d8e,1,
3006,2916,2025-08-30,Gift Card,442.76,Successful,txn_e0d99ac3c027424fafa42e1ededca223,1,
3007,2917,2024-02-19,Debit Card,113.55,Successful,txn_e33bc002e0f9481cb4c3a9a2cf6e89cb,1,
3008,2918,2025-10-14,Amazon Pay,58.4,Successful,txn_fd8940812deb454a9a9be5d3d86ff6eb,1,
3009,2919,2025-02-07,Debit Card,323.61,Successful,txn_52bcf5276ccf4e62b2a7ed579f89e630,1,
3010,2920,2024-09-28,Credit Card,383.68,Successful,txn_c6ab2f8f6ce44e4f8bee4b924fa7fa4b,1,
3011,2921,2024-01-09,PayPal,80.7,Successful,txn_60beb32a7eda438a8f9bdf2093cb4233,1,
3012,2922,2024-11-02,Gift Card,3928.98,Successful,txn_79c8d2f8834a40e7a6b81a759c0cca11,1,
3013,2923,2024-05-19,Credit Card,160.33,Successful,txn_594f8b4d77314837af72e51ebb433fb3,1,
3014,2924,2025-12-29,Gift Card,56.54,Successful,txn_4f7a18a34c384dfa9178846814b3f895,1,
3015,2926,2024-04-25,Amazon Pay,1834.42,Successful,txn_7d66b4edba5d418685ff523ac11304f0,1,
3016,2927,2025-06-07,PayPal,46.38,Successful,txn_f41c4d527e5d417d851bc3ac95cd60ef,1,
3017,2928,2024-05-29,Amazon Pay,168.48,Successful,txn_e0900244acb34e9890f297879f281a69,1,
3018,2929,2024-10-19,Gift Card,618.52,Successful,txn_c9bb03a25c104410afff938288da8e1a,1,
3019,2930,2024-09-30,Gift Card,1790.9,Successful,txn_64a187ad39884f86b0f79f0d25eeb968,1,
3020,2931,2024-08-26,PayPal,301.0,Successful,txn_9381047a033d45158775a53c4152b375,1,
3021,2932,2025-08-19,PayPal,1026.93,Successful,txn_4ee3795e57aa4d43a3b2f0fb6b70c687,1,
3022,2933,2025-11-18,Gift Card,409.98,Failed,txn_9a62686701ba4a6794c882dba533aa35,1,
3023,2933,2025-11-19,Gift Card,409.98,Successful,txn_553db572710d4fa4b2742ce463426ede,2,3022.0
3024,2934,2025-04-21,Gift Card,486.0,Successful,txn_f4cd350050764ef88c8f81484bcb81cb,1,
3025,2935,2025-10-15,Amazon Pay,548.48,Successful,txn_8d3c8294ce614134a9e3a253282d1bd6,1,
3026,2936,2024-08-12,Debit Card,260.56,Successful,txn_2a6076a81b104376b8c28341457f51a4,1,
3027,2937,2024-09-30,PayPal,84.71,Successful,txn_2b98398a04a44b38a8d5cc98b3fa5341,1,
3028,2938,2024-08-06,Debit Card,671.3,Successful,txn_7cd806989558454b88dd164d3c778772,1,
3029,2939,2024-12-24,Debit Card,102.37,Successful,txn_e84ac9bb3bb94bda8f9c3ea8cd3939d7,1,
3030,2940,2025-04-10,Amazon Pay,29.96,Successful,txn_004d45381f974050b64dda8459d3375c,1,
3031,2941,2024-10-15,Credit Card,212.58,Successful,txn_d247a786abc54232beabb188c4a1c2d1,1,
3032,2942,2024-06-17,Credit Card,472.02,Successful,txn_8879923e56bb4ec394f4f329f745899d,1,
3033,2943,2025-01-14,Debit Card,78.7,Successful,txn_d6010c20624f4b2a8cb2e3bdaaed0771,1,
3034,2944,2025-12-18,Debit Card,8.59,Successful,txn_b97c9169966943e197b999e01ab469d9,1,
3035,2945,2025-10-15,PayPal,179.76,Failed,txn_0679d890925d4b819ca5a190acc42948,1,
3036,2945,2025-10-15,PayPal,179.76,Successful,txn_72929727132246708c4a785c831bb948,2,3035.0
3037,2946,2025-02-19,Credit Card,111.06,Successful,txn_619588470b1a4f379e2c7dec8f9145ae,1,
3038,2947,2025-04-09,Debit Card,117.57,Successful,txn_a34a991e01ac496086e0864762e93baf,1,
3039,2948,2024-09-19,Debit Card,47.22,Successful,txn_76a88d1e87bf41788b95da0c6bc32b09,1,
3040,2949,2025-11-25,Credit Card,58.63,Successful,txn_e3e055952b8f4ec0b040f9cfecbeea25,1,
3041,2950,2024-07-21,Debit Card,48.33,Successful,txn_3fb77973902c43efacd1ed7ce5994cef,1,
3042,2951,2025-12-01,Credit Card,385.1,Successful,txn_d38dec16ad3943649191db7d161be670,1,
3043,2952,2025-04-17,Credit Card,426.9,Successful,txn_c8c6eb7cd51a41c4b3c6bdae706ca01a,1,
3044,2953,2025-02-03,Amazon Pay,147.6,Successful,txn_ce21b94f5ead40799f2bc055fba9e5c9,1,
3045,2954,2025-03-14,Gift Card,282.26,Successful,txn_532ac2c4e387415da6c37f3b097b26d3,1,
3046,2955,2024-10-18,PayPal,172.83,Successful,txn_ee8c2a84f79143eb83f29da2438deb46,1,
3047,2956,2025-03-18,PayPal,464.6,Successful,txn_a2d241b014304d36a2f66d72a7700a30,1,
3048,2957,2024-03-17,Gift Card,270.82,Successful,txn_0c91b17918584d29892c1239c3fa874f,1,
3049,2958,2024-12-01,Credit Card,286.65,Successful,txn_21debfe085b24cec86732b407721d5e9,1,
3050,2959,2024-07-25,Amazon Pay,2976.6,Successful,txn_296aac33992049c5bfa5c39d05748630,1,
3051,2960,2024-12-28,Credit Card,975.9,Successful,txn_3d7013d81142431784ce952abca4619d,1,
3052,2961,2024-03-28,PayPal,35.34,Successful,txn_a2865b32595b4eb3985e2d77f6223414,1,
3053,2962,2024-01-09,Debit Card,241.65,Successful,txn_311f03d91eb04a54b1d8e4c458ad129d,1,
3054,2963,2025-06-23,Amazon Pay,847.68,Successful,txn_b9451046242f4feab336762ecd002826,1,
3055,2964,2025-08-21,Amazon Pay,3031.46,Successful,txn_8c56b236c3274ffebbaf919c453f134b,1,
3056,2966,2024-04-03,PayPal,49.18,Successful,txn_79dbb43b3a134e86ac0996e71cc12398,1,
3057,2967,2025-10-12,Gift Card,456.73,Successful,txn_2ac9b2d685ed4d269f3bba2188246c58,1,
3058,2968,2024-10-02,PayPal,695.64,Successful,txn_3d8ff8affd584cf8b80ec776d1f1a551,1,
3059,2969,2024-01-19,Debit Card,230.75,Successful,txn_95397c5ef6bd4e24bbd684256af142f3,1,
3060,2970,2025-08-24,Gift Card,75.75,Successful,txn_90c5b53afd314fcebdfdd48300b77160,1,
3061,2971,2024-05-28,Gift Card,31.48,Successful,txn_3328e1044097469db948cab459bbc65f,1,
3062,2972,2024-02-04,Credit Card,35.25,Successful,txn_809184bd946d4cc381921d5b602e0d3e,1,
3063,2973,2025-06-11,Gift Card,65.4,Failed,txn_24838977e9ae4e62913292a473135aeb,1,
3064,2973,2025-06-11,Gift Card,65.4,Successful,txn_b76bd0e821a84acb9831efb0e472f99d,2,3063.0
3065,2974,2025-09-24,Gift Card,1487.23,Successful,txn_6e8e46ec14ad4a65a1989afaddd441a7,1,
3066,2975,2025-04-02,Debit Card,119.84,Successful,txn_476dd67ab5a742b293b7e3c260294d26,1,
3067,2976,2024-07-21,PayPal,74.52,Failed,txn_5146d3cb01124a4fb07ba0e4896ce1d6,1,
3068,2976,2024-07-22,PayPal,74.52,Successful,txn_863557c6c39b4f2daea5d0f710232742,2,3067.0
3069,2977,2025-09-05,Gift Card,144.06,Successful,txn_83573458615f40d8ab576882882286b7,1,
3070,2978,2024-06-03,Gift Card,2507.24,Successful,txn_1185b26cf8cd493dabb746ab8b0a09de,1,
3071,2979,2025-02-03,Gift Card,142.38,Successful,txn_301e42bb6623425c8c82ba288e73e293,1,
3072,2980,2025-03-07,PayPal,244.98,Successful,txn_70fcf48609744647b4d2b451248b303d,1,
3073,2981,2025-05-24,Amazon Pay,62.64,Successful,txn_ace6ff3ac6584ea4ae74e89e0a4e3e24,1,
3074,2983,2025-02-06,Amazon Pay,204.15,Successful,txn_ca2c9c5976e241ac89ed60abd5a9c75b,1,
3075,2984,2025-08-01,Credit Card,110.69,Successful,txn_fb473c03ee30417ab507d60437e8804b,1,
3076,2985,2024-04-29,PayPal,150.5,Successful,txn_48279e83ca324e95821b222d0ded4a1f,1,
3077,2986,2025-07-02,Amazon Pay,51.6,Successful,txn_7c1e41265aa84c998333e88db3258e4f,1,
3078,2987,2024-08-22,Amazon Pay,289.02,Successful,txn_c723ae991fc9426fb88b01014bb5cf57,1,
3079,2988,2025-11-15,Debit Card,344.52,Successful,txn_813d6142936b4ee5a9678a332f0dde6f,1,
3080,2989,2025-10-10,PayPal,180.09,Successful,txn_1403c5fad6dc409ebeec4555d8ebdfc1,1,
3081,2990,2024-06-22,Gift Card,50.75,Successful,txn_f31ca26cbc6a4d349d1e226bcef6996c,1,
3082,2991,2024-05-22,Credit Card,196.8,Successful,txn_6e90d02fddcf42a5a3de4d02f7c077d5,1,
3083,2992,2024-08-21,Amazon Pay,107.72,Failed,txn_c37c71232d9a484c97fd9d9129717191,1,
3084,2992,2024-08-22,Amazon Pay,107.72,Successful,txn_ec4e953fd9254cc497e23f2d54ab5e50,2,3083.0
3085,2993,2025-03-09,Debit Card,375.8,Successful,txn_46420fbe3253485fac6cadfd7580f7b0,1,
3086,2994,2025-08-03,Credit Card,80.7,Successful,txn_32f747fc724a4829bc82cea5e5ffd332,1,
3087,2995,2024-02-23,Credit Card,54.54,Successful,txn_4640a5ed087a4ab59e25f186c7c0862e,1,
3088,2996,2024-05-17,Debit Card,226.72,Successful,txn_0093b4f97bc04a8bb60d287b5f394063,1,
3089,2997,2024-11-10,Gift Card,64.12,Successful,txn_60981965c23d47379716b47b64b4b1c0,1,
3090,2998,2025-05-28,Credit Card,1488.3,Successful,txn_766407f94479420ba0a710b44f10f8dd,1,
3091,2999,2025-11-26,Credit Card,148.96,Successful,txn_386410994caf461b83518e64a4c3020c,1,
3092,3000,2024-03-10,Debit Card,226.92,Successful,txn_34553fa358224992a9164130607ef28c,1,
3093,3001,2025-12-29,PayPal,69.66,Successful,txn_f0369a520c0647a1b3212644e3fb9aaf,1,
3094,3003,2024-12-24,Amazon Pay,241.65,Successful,txn_797a607b7b764c9aa833ae254f8422ab,1,
3095,3004,2024-04-29,Amazon Pay,362.03,Successful,txn_2e9ce272d08e47eabec6de92b9c422da,1,
3096,3004,2024-04-29,Gift Card,191.42,Successful,txn_44fffbf0345f448aa43de5e1ca70d115,1,
3097,3005,2024-05-17,Credit Card,2285.38,Successful,txn_b23e9222de6b4780a4823b4e558c1471,1,
3098,3006,2024-05-31,Amazon Pay,639.02,Successful,txn_cbeb6541aecb4831993db3605cd4b7c5,1,
3099,3007,2024-08-03,Debit Card,110.69,Successful,txn_733a76dc228c4419999bf6f788860d12,1,
3100,3009,2024-02-15,Gift Card,40.83,Successful,txn_73c1a3d51fdc4fd2814e9fca77ad50c4,1,
3101,3011,2024-05-10,Credit Card,423.84,Successful,txn_9ab87d782f4a49ca86d4a1d3dfeae434,1,
3102,3012,2024-08-19,PayPal,486.0,Successful,txn_5fbddb73209e4ae68c9491d6cf89f630,1,
3103,3013,2025-07-13,Credit Card,284.76,Successful,txn_b230bbe54fda449bb18728cfc67f2fe5,1,
3104,3014,2024-04-02,PayPal,43.15,Successful,txn_a7d7523706904e1a868725e6e3a000b6,1,
3105,3015,2024-08-29,PayPal,23.36,Successful,txn_8b0f80a1e8c347bead6e717ec7cc07bf,1,
3106,3016,2024-05-26,Gift Card,548.88,Successful,txn_f5d03d77befd4545af16f2b0745277ed,1,
3107,3017,2024-08-11,Debit Card,75.98,Successful,txn_73868e49f5b947aaa1eb1b5cd9e04e09,1,
3108,3018,2025-09-20,Debit Card,153.84,Successful,txn_c1c0750cd44a4e30a1907211a88c9054,1,
3109,3019,2024-06-17,Debit Card,134.26,Successful,txn_eec45bb93bfa4ce09d15b29069acf7de,1,
3110,3020,2024-11-16,Amazon Pay,15.15,Successful,txn_c04d343f83584f0793697651088e865b,1,
3111,3021,2024-10-24,Debit Card,2285.38,Successful,txn_28185fafaa594813a16d65dd013454d7,1,
3112,3022,2025-02-17,Gift Card,828.44,Successful,txn_0739a7230d0c4d348a3d4ac468e583c9,1,
3113,3023,2025-10-07,Amazon Pay,631.95,Successful,txn_609d2fb99e094608852aa875dca3c817,1,
3114,3024,2025-06-14,Credit Card,80.7,Successful,txn_84fdc97268c645c187eb8c98b561c054,1,
3115,3025,2025-01-16,Amazon Pay,283.44,Successful,txn_218e41ba6738445c81b599beec0b9d02,1,
3116,3026,2025-05-27,Amazon Pay,1488.3,Successful,txn_7d729ee0c4804c0280129c5fe54ce3f9,1,
3117,3027,2025-07-04,Gift Card,67.24,Successful,txn_a72566d00c4b44f4bef78e89932bc769,1,
3118,3028,2024-02-17,Amazon Pay,168.48,Successful,txn_4eaf3c1a25f0400aba4c8d4cfdc8065c,1,
3119,3029,2024-02-18,PayPal,11.07,Successful,txn_7de818ab073546cfbb2d163fec1047cf,1,
3120,3030,2024-04-07,Gift Card,301.0,Successful,txn_44b1b34ea9314f66bce93e29e65b0f43,1,
3121,3031,2024-09-06,Credit Card,43.54,Successful,txn_7d995bec856646bb831e830122c41cdb,1,
3122,3032,2025-10-06,Credit Card,296.12,Successful,txn_d05d14615ab34d5a99dabcb09e38613f,1,
3123,3033,2024-04-04,Debit Card,271.05,Successful,txn_4902498f16e14e3b9e0c6c5b202abd54,1,
3124,3033,2024-04-04,Credit Card,113.45,Successful,txn_2436fb244e9d43b290c668ec7448af4b,1,
3125,3034,2025-05-05,PayPal,3031.46,Successful,txn_66da74cc581b4157a98aac1a7274dca5,1,
3126,3035,2025-11-26,Amazon Pay,134.0,Successful,txn_f3e1926104814b93b89fb8f38d0095f2,1,
3127,3036,2024-08-12,Amazon Pay,209.5,Successful,txn_f56c5b3d82574bf783509ad845508e08,1,
3128,3037,2025-12-23,Gift Card,56.54,Successful,txn_535c149be24947cb8352d79891b4b0af,1,
3129,3038,2024-06-30,PayPal,487.66,Successful,txn_bab504bed421445f883a56445e351c86,1,
3130,3039,2024-11-17,Gift Card,57.4,Successful,txn_dd9437f2a6394d4d96cb42ce8ba4c98f,1,
3131,3040,2025-05-10,Credit Card,1304.73,Successful,txn_6f382397084d4d5b835fbd1bf2440b90,1,
3132,3041,2025-07-28,Amazon Pay,423.84,Successful,txn_3033886dc2614215a0a15ecb78b30f9e,1,
3133,3042,2025-10-19,Gift Card,226.28,Successful,txn_2b5e0cca75ba4cf6904e8f6ad67b31e2,1,
3134,3043,2024-01-25,Gift Card,1026.93,Successful,txn_b54e69bbc98c4d959a38dd6068c9bee0,1,
3135,3044,2025-02-17,Amazon Pay,895.45,Successful,txn_0f0e7a62a2b04289b812b3622abd8a7e,1,
3136,3045,2024-12-30,Credit Card,2507.24,Successful,txn_4f6b5034cecb48c2ad0118bd06fba9d2,1,
3137,3046,2024-11-19,Amazon Pay,327.0,Successful,txn_3980f9e971bf4aacbc267e99b885b69c,1,
3138,3047,2024-11-07,Gift Card,89.88,Successful,txn_27d4e3dcf8884547b290066e4717cfbd,1,
3139,3048,2025-07-21,Credit Card,253.6,Successful,txn_ae5beb5ad9244b5bb798f2cc0b0e3fca,1,
3140,3049,2024-03-22,Amazon Pay,102.56,Successful,txn_cb635100e6994db29e064466dd0c714b,1,
3141,3050,2025-05-22,PayPal,82.4,Successful,txn_68e556f5ab104fe1962f5d8de35e86ed,1,
3142,3051,2024-09-23,Amazon Pay,271.01,Successful,txn_deea6b134dc74b1a8ef89c43c1fcd686,1,
3143,3052,2025-03-26,PayPal,208.97,Successful,txn_c7321727eb7f404f956014fd3ffef55d,1,
3144,3054,2024-07-05,Credit Card,300.16,Successful,txn_94633840c9394ae0bf072a42393445a4,1,
3145,3055,2025-11-15,Credit Card,51.6,Successful,txn_1795fd1daca04e71af6ea8b174afdc63,1,
3146,3056,2025-12-05,Amazon Pay,1026.93,Failed,txn_6e6bccfd9fb94d6ba11810d1b6ecf5d2,1,
3147,3056,2025-12-07,Amazon Pay,1026.93,Successful,txn_dc0f16284e7f4c11b48ec84998303cc4,2,3146.0
3148,3057,2024-02-14,Gift Card,92.92,Successful,txn_9f46a053fd304844b52fb6a599c5aa9f,1,
3149,3058,2024-07-30,Credit Card,594.56,Successful,txn_46571ba4f200470590341388f256128e,1,
3150,3059,2025-01-24,Amazon Pay,83.2,Successful,txn_ea4e2cac924547fa8cb2d1c62ba67c4d,1,
3151,3060,2024-12-21,Amazon Pay,106.02,Successful,txn_78518b142f3946fcadc3bd12111a7089,1,
3152,3061,2024-10-05,Credit Card,639.02,Successful,txn_253bc1e5293a498d81b45d2208086598,1,
3153,3062,2024-10-10,Amazon Pay,169.71,Failed,txn_2970a631f35b40819b341780b2b13931,1,
3154,3062,2024-10-12,Amazon Pay,169.71,Successful,txn_80bdfac804d1400ebb158a7b347d16cd,2,3153.0
3155,3063,2024-04-25,Debit Card,167.6,Successful,txn_03596003c4414d3da92872fa49d2741f,1,
3156,3064,2024-12-03,Debit Card,222.09,Successful,txn_89444f3d066644f4b9fe81a73425ac99,1,
3157,3065,2025-12-21,Debit Card,23.0,Successful,txn_a17ad35652f64c9ab4f315ce88aa7e10,1,
3158,3066,2024-10-18,Amazon Pay,189.95,Successful,txn_af0d6b86a68145f8a218802917e43c58,1,
3159,3067,2025-12-05,Gift Card,1142.69,Failed,txn_a4b4540f18c14546a3af8c3e830d8a0c,1,
3160,3067,2025-12-07,Gift Card,1142.69,Successful,txn_0cd98fc87bab404eb81d379325b82c09,2,3159.0
3161,3068,2024-06-15,Credit Card,472.02,Successful,txn_a88139f7d81642e68ab8610c63ea3872,1,
3162,3069,2025-10-29,Amazon Pay,442.76,Successful,txn_e296cd442cce496bbcecc0a2b8f1516b,1,
3163,3071,2024-11-16,Credit Card,433.53,Successful,txn_eacc1b74f18a41e9a374575480d4b2e6,1,
3164,3072,2025-01-16,Gift Card,172.2,Successful,txn_c45c45a8d1f6446a914d0d508b7d41c9,1,
3165,3073,2024-11-27,Gift Card,68.2,Successful,txn_4cf7402ca929416ba73859e892d00aa4,1,
3166,3074,2025-09-30,PayPal,214.06,Successful,txn_c79685ad7d75430b86acc9aaf6df62f5,1,
3167,3076,2025-01-08,Debit Card,45.64,Failed,txn_726d58c20d764590acd81dd3d5cc3e4a,1,
3168,3076,2025-01-10,Debit Card,45.64,Successful,txn_bf2fb4b069d14420b7bc444462e2718e,2,3167.0
3169,3077,2025-03-15,Credit Card,794.7,Failed,txn_a7783a3eb4874e8492a1f69946d2fdb1,1,
3170,3077,2025-03-15,Credit Card,794.7,Successful,txn_0c9be87832cc4020b863630913ec4f2a,2,3169.0
3171,3078,2024-10-21,Debit Card,17.83,Successful,txn_ef43ef1f963741afbd565e26c226a91e,1,
3172,3079,2024-12-15,Gift Card,1964.49,Successful,txn_c3ed8d97c9284427a379a1be63cd556d,1,
3173,3080,2024-04-24,Amazon Pay,11.5,Successful,txn_acd49f4ef6a34621b7be382e0383afd4,1,
3174,3081,2025-06-05,Amazon Pay,481.47,Successful,txn_2e45ca791d594a4490e95de3d644a4bd,1,
3175,3082,2024-07-26,Amazon Pay,1350.92,Successful,txn_e755e86d31764b2dbba8d0f6e46717c0,1,
3176,3083,2025-06-16,PayPal,222.92,Successful,txn_9228a00b30cf4f738bccd23c4f031a09,1,
3177,3084,2024-03-16,Debit Card,19.8,Successful,txn_82c7f3cc11274a6481f130dededb7850,1,
3178,3085,2025-07-07,PayPal,450.0,Successful,txn_b5ddcc61e16b4896901708f141cace56,1,
3179,3086,2025-08-29,Amazon Pay,144.99,Successful,txn_efa608374079420d87135c80733130a9,1,
3180,3087,2025-01-31,Credit Card,981.2,Successful,txn_56c18709f12048cea88a8c0c512aef6a,1,
3181,3088,2025-03-10,Debit Card,83.2,Successful,txn_5076416541b5439a9f046ba8bc5aa53e,1,
3182,3089,2024-01-02,PayPal,53.86,Successful,txn_7066e104ccf64ec8a84e413a27e0c51c,1,
3183,3090,2024-10-27,Amazon Pay,574.52,Successful,txn_255aa2ce9e5e4309822e7e7e517e6fbf,1,
3184,3091,2025-06-20,Amazon Pay,113.55,Successful,txn_ac8c00845015445282ed45cd40bbb093,1,
3185,3092,2024-05-17,Credit Card,115.26,Successful,txn_6bf4abb6f73d4a7bac94682842438db5,1,
3186,3093,2025-11-17,Gift Card,29.25,Successful,txn_c8a1f27df8a040cb97ea004e945f430f,1,
3187,3093,2025-11-17,Amazon Pay,115.74,Successful,txn_7da96ab60bca4acabfe2e2b225609003,1,
3188,3094,2025-06-23,PayPal,92.3,Successful,txn_c88848b5e90141de8d3c3cd41e37f867,1,
3189,3095,2025-10-08,PayPal,81.75,Failed,txn_51be98878e7340aca606892e8c3d77f8,1,
3190,3095,2025-10-09,PayPal,81.75,Successful,txn_1e32b87e81bf4d73bbcf14eb4cf563c9,2,3189.0
3191,3096,2025-08-12,Credit Card,1304.73,Successful,txn_dbb7ff835da940f1bb03e43f25ee33bb,1,
3192,3097,2025-12-08,PayPal,393.04,Successful,txn_e1f9d682a724496f8aa6febd4d0131f7,1,
3193,3098,2024-09-11,PayPal,684.62,Successful,txn_839abf64fbde4575ac057ad7e2202023,1,
3194,3099,2024-07-28,Credit Card,471.68,Successful,txn_0b57d95a0ec341c7a695937e689ef370,1,
3195,3100,2025-12-19,Debit Card,115.28,Failed,txn_21e7f7fb2c7e45318850a6d1e5f1faba,1,
3196,3100,2025-12-19,Debit Card,115.28,Successful,txn_444a7321714446ec817aa7d370ae1694,2,3195.0
3197,3101,2025-04-08,PayPal,330.54,Successful,txn_2c9dbedc8afa487fa0d3f952a14a6c02,1,
3198,3102,2025-08-03,Debit Card,115.12,Successful,txn_981b3042e3d84ca89b1ff5260906fd6c,1,
3199,3104,2025-01-01,PayPal,129.45,Successful,txn_4e238feccf2e4a67b3427879ea3d7210,1,
3200,3105,2025-07-16,Debit Card,1790.9,Successful,txn_63b25f6ae60846389b90b813086bbf6c,1,
3201,3106,2025-03-13,Amazon Pay,320.66,Successful,txn_085d5dad08e24d4aa84e285b21962460,1,
3202,3108,2024-07-05,Gift Card,32.25,Successful,txn_9134be00190344649043e711ab778970,1,
3203,3109,2024-02-18,Gift Card,111.06,Successful,txn_0f92b9dbd294427487a1ad74a5e173c9,1,
3204,3110,2024-11-08,Debit Card,214.06,Successful,txn_030e65bdde304159949d9efc5447357e,1,
3205,3111,2024-03-27,Amazon Pay,423.84,Successful,txn_1bd9a173cad44922b4af2c7f64a8ed80,1,
3206,3112,2024-03-19,Gift Card,330.96,Successful,txn_3afd666e6b9d49b7972586cc73f7a680,1,
3207,3113,2025-06-07,Gift Card,2974.46,Successful,txn_4879370360f9493e9a005eb65096257b,1,
3208,3114,2024-11-03,Amazon Pay,185.72,Successful,txn_8f56bb7210ea45ecb89dece1386c695d,1,
3209,3115,2024-04-29,Debit Card,223.56,Successful,txn_ca495c842e564267bdf6b88fe506b1d5,1,
3210,3116,2025-03-22,Amazon Pay,81.75,Failed,txn_8f3cc9821a864aa5bfb6cc3842921c91,1,
3211,3116,2025-03-24,Amazon Pay,81.75,Successful,txn_69138e981c944496ba2c96c3607d8c8c,2,3210.0
3212,3117,2024-08-31,PayPal,92.3,Failed,txn_b1bd2ed0357c4378b1d21b358ce241ad,1,
3213,3117,2024-09-01,PayPal,92.3,Successful,txn_73a1e655456d4c169f7e06e2eb0ef032,2,3212.0
3214,3118,2025-07-14,PayPal,675.85,Successful,txn_d43795ba801f4cc39cbbed55cbebcf98,1,
3215,3119,2024-12-22,Amazon Pay,261.36,Successful,txn_8941e502ff5b431e83dade5b9785f050,1,
3216,3120,2025-04-20,Amazon Pay,2285.38,Failed,txn_9eed772cc890499eaa24d6cd49e51a4b,1,
3217,3120,2025-04-22,Amazon Pay,2285.38,Successful,txn_c99234fff2f646e1840b793a651660f1,2,3216.0
3218,3121,2024-09-29,PayPal,53.49,Successful,txn_f81bb899e7904a398b11de6a965f2c4f,1,
3219,3122,2024-08-24,Credit Card,22.32,Successful,txn_da0040ff1f744d3698b98778957e203d,1,
3220,3123,2025-01-19,Amazon Pay,6.52,Successful,txn_1b080109299144e6ab4a6f99b9ca2e2a,1,
3221,3124,2025-10-15,Debit Card,445.92,Successful,txn_93f27f73820f469ca78b2d0a59481909,1,
3222,3125,2025-09-06,Gift Card,636.12,Successful,txn_85f3d51860274777aefd55db63cfa3e6,1,
3223,3126,2025-12-01,Amazon Pay,49.24,Successful,txn_780defb985644c97bd9713d980a965d0,1,
3224,3127,2024-12-11,Debit Card,2974.46,Successful,txn_d9428238fb174ba3b490a45cc38e980c,1,
3225,3128,2024-01-08,Debit Card,245.52,Failed,txn_832ee2387db843f18b1e582bf645aa86,1,
3226,3128,2024-01-10,Debit Card,245.52,Successful,txn_bb4b5169aec04001bdf4b9669a75c3de,2,3225.0
3227,3129,2025-01-01,Amazon Pay,34.83,Failed,txn_60424db9c2284a0fb2055caea3c62059,1,
3228,3129,2025-01-01,Amazon Pay,34.83,Successful,txn_a8d6f848a50741b7b7a8089362b4619e,2,3227.0
3229,3130,2024-01-31,Amazon Pay,138.45,Successful,txn_b90017aca4b0484eaa991e5adfb5d0fd,1,
3230,3131,2024-09-18,PayPal,103.99,Successful,txn_055fe018974e460592b84e114eae729e,1,
3231,3132,2024-12-03,PayPal,16.35,Successful,txn_a6b7324cf2154db7aec78384d53465ba,1,
3232,3133,2024-01-02,Amazon Pay,45.45,Successful,txn_e59a89ce45304113825729f580df3998,1,
3233,3134,2025-01-21,PayPal,1337.83,Successful,txn_e404d8086f9b44609563607cd1db24b8,1,
3234,3135,2024-07-04,Gift Card,174.24,Successful,txn_1d31d882607a4d538abf6dc05942ce98,1,
3235,3136,2025-05-08,Credit Card,307.11,Successful,txn_3fe2aa154e764c5bafc38c26a36390b1,1,
3236,3138,2024-07-27,Credit Card,289.02,Successful,txn_697df1d1590c43ed93d14888d8fa8de1,1,
3237,3139,2024-04-25,PayPal,118.08,Successful,txn_25d9974db5a34436ad018fe753707c89,1,
3238,3140,2024-10-09,Debit Card,107.03,Successful,txn_b1871c71a8ab4ed3a73194c393e03da9,1,
3239,3141,2025-07-04,Amazon Pay,718.96,Successful,txn_e4983dff22ee4c55a540a01f1d2fea7c,1,
3240,3142,2025-01-12,PayPal,281.85,Successful,txn_7f97a521d6c9482780237c96098bfa45,1,
3241,3143,2024-04-11,Amazon Pay,421.56,Successful,txn_9621776793ba446bbbeaff3508ba1fd2,1,
3242,3144,2025-02-21,Credit Card,718.96,Successful,txn_4d349200a8a84e0380e63db69104653c,1,
3243,3145,2024-01-18,Credit Card,165.48,Failed,txn_fd85f25af27f4ad7bbdfe5dd2a07c027,1,
3244,3145,2024-01-18,Credit Card,165.48,Successful,txn_9e65e6e667664b8e8cfd80bff5c57ef4,2,3243.0
3245,3146,2024-10-22,PayPal,1278.04,Successful,txn_9ccfea21592c49a48c9dbd576e329410,1,
3246,3147,2025-05-02,Debit Card,463.89,Successful,txn_3922bf2ef90c49d68bd60a8034e8e0c2,1,
3247,3148,2025-05-31,PayPal,169.62,Successful,txn_f5e38a35bac9490cbb3b167c43f28be5,1,
3248,3149,2025-08-20,Debit Card,32.25,Successful,txn_e1a7bd2aa3ab4c189206cea86996df0f,1,
3249,3150,2025-10-21,Credit Card,393.04,Successful,txn_ebb84519ef86424ea34a9d61c469f4f3,1,
3250,3151,2024-10-02,Debit Card,1304.73,Successful,txn_3889e8ab228c45c6ae1d2a0808cd873e,1,
3251,3152,2025-07-08,PayPal,389.12,Successful,txn_7f890ff9aef647ef9b45eb2f8d346a05,1,
3252,3153,2024-06-04,Debit Card,320.66,Successful,txn_7023028c50974b4ca9b286d5ded41087,1,
3253,3154,2024-01-04,Debit Card,1487.23,Successful,txn_570078ef1e1c40b28687b0207d42a185,1,
3254,3155,2025-03-01,PayPal,197.4,Successful,txn_7686f7820e2a47d280b3370a16964da5,1,
3255,3156,2024-04-03,Gift Card,553.32,Failed,txn_875bffffc558483f9839012106fdf784,1,
3256,3156,2024-04-04,Gift Card,553.32,Successful,txn_f992c38138eb482ba6788e2cc2495bc7,2,3255.0
3257,3157,2025-05-18,PayPal,124.8,Successful,txn_1b061e30678d4f599e4cf28c8e7629c7,1,
3258,3158,2024-04-24,Amazon Pay,1304.73,Successful,txn_094c06cded2f4728a53df8faa206970c,1,
3259,3159,2024-12-09,Debit Card,216.8,Successful,txn_58748bdf31bf4ddcae2fd25e842e276b,1,
3260,3160,2025-05-21,Amazon Pay,278.58,Successful,txn_57505aa8be1b4576a0ee1fbbe31689e4,1,
3261,3161,2024-02-11,Amazon Pay,115.73,Successful,txn_dc50282722c34ee7adfb031083ecf3da,1,
3262,3161,2024-02-11,Debit Card,89.01,Successful,txn_2b7e50db90324279932067488210fb71,1,
3263,3162,2024-02-08,Amazon Pay,5.4,Successful,txn_23006ac8c532498fa0b5f7ed81288751,1,
3264,3163,2024-02-22,Gift Card,18.76,Successful,txn_613c0e88c05843eea2eda4e89d10d6f9,1,
3265,3163,2024-02-22,Debit Card,15.6,Successful,txn_e61dc1a5a8cf4dbbb630265822e61127,1,
3266,3164,2024-02-02,Debit Card,40.83,Successful,txn_c5fdc453cb854a20953164f5f16721f5,1,
3267,3165,2025-04-19,Gift Card,90.56,Successful,txn_70cf91c7c1504c61bb2856e3e91852e6,1,
3268,3166,2025-12-12,Amazon Pay,557.52,Successful,txn_ab69a5080b354386afbd5698d6156c9f,1,
3269,3167,2024-12-16,Amazon Pay,35.34,Successful,txn_f5fd4450f13a4c8a8f908ab36b6c256a,1,
3270,3168,2025-07-09,PayPal,85.38,Successful,txn_a28deca2de4e43bfb3755b7ac848d567,1,
3271,3169,2025-07-16,Amazon Pay,193.51,Successful,txn_215f2ef12b0848ff9d7a02a9e1bb90b9,1,
3272,3170,2025-08-06,Gift Card,68.2,Successful,txn_c88bdd421a114a0eb1a5345eb8d25221,1,
3273,3171,2024-01-17,Credit Card,60.6,Successful,txn_59ed65b731784b3eae6a349c3cfcb2f1,1,
3274,3172,2025-01-16,Amazon Pay,774.04,Successful,txn_2c0fdfcb8936456dbd891e947733ba30,1,
3275,3173,2025-05-01,Credit Card,462.76,Successful,txn_f57e8080e5d04dcaaf153c0ca354887c,1,
3276,3174,2025-01-25,Gift Card,141.13,Successful,txn_002ac8cc7cf94deea52171a65add7afc,1,
3277,3175,2024-04-04,Gift Card,193.51,Successful,txn_7c8c110138d84799bb172b8a6828a7c6,1,
3278,3176,2024-07-28,Debit Card,3031.46,Successful,txn_d505795aa4d941bf91dbd17bb3ee2586,1,
3279,3177,2025-06-09,Gift Card,2675.66,Successful,txn_96b9c71477364dc48dc60828a294d037,1,
3280,3178,2024-06-30,Credit Card,63.63,Successful,txn_521b83cd5f4348b4a55ea3cf5cb665b6,1,
3281,3179,2025-12-16,Amazon Pay,826.06,Successful,txn_57a92d6e07be42b58a39c8bfcc3f713d,1,
3282,3180,2025-05-26,Amazon Pay,241.7,Successful,txn_c9b5ae34e6ee40a1bd9fd37a04067230,1,
3283,3181,2025-10-25,Debit Card,16.8,Successful,txn_0bfae8d91f054963937112e8f63da193,1,
3284,3182,2025-11-11,Amazon Pay,1790.9,Successful,txn_7a2ade4b6f864f918be2560e40fa941f,1,
3285,3183,2025-11-11,Credit Card,316.17,Successful,txn_557b77f7d17a48cc859ab1f995ec8ddf,1,
3286,3184,2024-09-03,PayPal,393.0,Successful,txn_3caa36880a494f30b1b1d7dcce7e7307,1,
3287,3185,2025-03-11,Gift Card,114.8,Successful,txn_3ce5859e2e6e4581abe2fad8a247735b,1,
3288,3186,2024-03-08,Amazon Pay,376.56,Successful,txn_ae7d913becca4d7c94f7b4b2be04ec21,1,
3289,3187,2025-09-09,Credit Card,146.77,Successful,txn_19c8e3d19f224a64a085779c3c619a28,1,
3290,3188,2025-05-10,Credit Card,629.36,Successful,txn_32291e7a19a04325aac311b63ef168f2,1,
3291,3189,2024-11-27,Credit Card,70.5,Successful,txn_07eae874dfea446dac7fd1e8a378f445,1,
3292,3190,2024-05-02,Amazon Pay,264.84,Successful,txn_6a9f9e2c8b3e476aa04e92911b4c8f64,1,
3293,3191,2025-06-01,Debit Card,283.44,Successful,txn_aee84172e5024d1dbe3a3c23422e7977,1,
3294,3192,2025-01-29,PayPal,28.78,Successful,txn_4a6dd8142990463db4f92d38221389fa,1,
3295,3193,2025-02-21,Debit Card,65.4,Successful,txn_27291c25d6f64196ae1af7000d049d97,1,
3296,3194,2025-01-07,Credit Card,451.5,Successful,txn_06da6431b5984b308aa70811884dbb3a,1,
3297,3195,2024-04-20,Gift Card,45.45,Successful,txn_87d307754e5d4e6ba7fce3e90fe9dfd1,1,
3298,3196,2025-11-20,PayPal,975.9,Successful,txn_cdeb1ad425b441e1bc4e0d21852de18a,1,
3299,3197,2024-12-23,Amazon Pay,62.64,Successful,txn_22aa418ddd99457a9f1e57ba33ce925d,1,
3300,3198,2025-08-25,Debit Card,564.84,Successful,txn_70724c55c4014a7ea582de619def7742,1,
3301,3199,2025-10-18,Amazon Pay,406.0,Successful,txn_9346b23486ff40dcaf72719d18a76bac,1,
3302,3200,2024-08-07,Amazon Pay,139.38,Successful,txn_099f1896513f4358af9888b3f1068574,1,
3303,3201,2024-02-27,Credit Card,2976.6,Failed,txn_704d75cb655c40a2b916d4c61fd7ec92,1,
3304,3201,2024-02-29,Credit Card,2976.6,Successful,txn_ebc7b822247841a89215dfbb8eb113b1,2,3303.0
3305,3202,2024-05-02,Debit Card,913.46,Successful,txn_2cf09b6f56184dc687487e6600e0c654,1,
3306,3203,2024-05-30,PayPal,899.79,Successful,txn_5c206a237c2542508fed24bc1e78fd1a,1,
3307,3204,2025-09-01,Amazon Pay,169.42,Successful,txn_2bc4549cf9da41cc81c44ed96c4ba003,1,
3308,3205,2025-09-07,PayPal,84.77,Successful,txn_eb4a5b8d321e4750b8c05a3e18edc8ff,1,
3309,3206,2024-04-15,Amazon Pay,445.84,Successful,txn_0a07f8cf9a2b43c4994c23bc257c73e8,1,
3310,3207,2024-05-09,PayPal,2.3,Failed,txn_004c707fc6794211a024c5ce7b60204b,1,
3311,3207,2024-05-10,PayPal,2.3,Successful,txn_4c06ad33b97d493795d3fbcb78ca48b5,2,3310.0
3312,3208,2024-11-19,Amazon Pay,823.32,Successful,txn_9219ff5670724536b77806bdd2ff2f0c,1,
3313,3209,2025-02-25,Gift Card,481.47,Successful,txn_dd114d1917de43498a0f8ba44826ec8c,1,
3314,3210,2025-01-21,Amazon Pay,225.9,Successful,txn_8af6fc11899c41d59aa436db49a28e43,1,
3315,3212,2024-12-29,Debit Card,629.36,Successful,txn_2723e08a425a44e1ad8103796d8db87b,1,
3316,3213,2024-08-26,Credit Card,110.18,Successful,txn_7762a4c1bb684342a90139c3b934e253,1,
3317,3214,2025-06-21,Debit Card,1142.69,Successful,txn_8aa41cbbe9fb4240a6185da98041b136,1,
3318,3216,2025-09-16,PayPal,895.45,Successful,txn_4c911168340643f483f70c73c90385df,1,
3319,3217,2025-04-05,PayPal,210.6,Successful,txn_140071fcf8a84676971e598d44f0679c,1,
3320,3218,2025-03-03,Credit Card,393.0,Failed,txn_efd30bf6ab3a4f6693c76a25299a3173,1,
3321,3218,2025-03-04,Credit Card,393.0,Successful,txn_daff313c61684e4f9b05b6e15b09e19d,2,3320.0
3322,3220,2024-01-31,Credit Card,132.85,Successful,txn_faea44f0e9324142b926b80710126390,1,
3323,3221,2024-02-24,Gift Card,187.9,Successful,txn_fdaa0d0711da48418a4536cf3e6e3e76,1,
3324,3222,2024-10-09,Amazon Pay,548.88,Successful,txn_6ca387fa25f34043b03f7371d3de9460,1,
3325,3223,2025-03-02,PayPal,296.12,Successful,txn_cb452154d969428cbbe253cd02230a8e,1,
3326,3224,2025-01-09,Amazon Pay,126.39,Successful,txn_75e2db95fde34589a5fe632acd0df389,1,
3327,3225,2025-02-01,Credit Card,1515.73,Successful,txn_2bb6ecfb002d4616a9d1909b257cbfce,1,
3328,3226,2024-05-18,Debit Card,84.71,Successful,txn_4868832bdbbe4a3cb46b2858bed8a67a,1,
3329,3227,2025-12-25,Credit Card,146.77,Successful,txn_f2a0c90e3603429ca976baac3acfa6f5,1,
3330,3228,2024-08-19,Debit Card,406.0,Successful,txn_dab779fdbd694c878ad4b7ab4a0cf247,1,
3331,3229,2024-02-12,Debit Card,1304.73,Successful,txn_7d804bbbea664eb48683df96e554842b,1,
3332,3230,2024-02-20,Amazon Pay,115.69,Successful,txn_1e9df9f47a184ec48c708b620f564808,1,
3333,3231,2024-07-08,Gift Card,317.0,Successful,txn_9a84192515a84b12b8aeb3ea49ec559b,1,
3334,3232,2024-11-25,PayPal,85.38,Successful,txn_7856d748467b44b588111f7e1416bbc1,1,
3335,3233,2024-02-27,Amazon Pay,493.39,Failed,txn_e0860f2474414e47b525c150097fd0fb,1,
3336,3233,2024-02-29,Amazon Pay,493.39,Successful,txn_f0f29e89869d4d36a81843317fb5cca1,2,3335.0
3337,3234,2024-03-10,PayPal,144.06,Successful,txn_5203b01003114c21aa057efd2390e512,1,
3338,3235,2024-04-24,Credit Card,794.7,Successful,txn_b23638c36ac94445922cc635f0484255,1,
3339,3236,2024-11-17,Amazon Pay,35.66,Successful,txn_87e88e543ddc4c5d900ef43857ce657d,1,
3340,3237,2025-12-10,PayPal,41.6,Successful,txn_1e0765cc63d545eb91d60b27b99da54d,1,
3341,3238,2024-05-28,PayPal,1964.49,Failed,txn_0d0b4dc5cd0a45bb819d5c18dd67dc98,1,
3342,3238,2024-05-30,PayPal,1964.49,Successful,txn_6058a9467b604525a8e0633e4abc5525,2,3341.0
3343,3239,2024-11-23,Credit Card,45.45,Successful,txn_0814dd04f9204846b14e72dd6f79ef5e,1,
3344,3240,2024-10-19,Debit Card,2675.66,Successful,txn_15270092a33046f5b2f4bb39e5f5057b,1,
3345,3241,2024-12-14,Debit Card,323.61,Successful,txn_6d529d57384847e1a4553090f44cbde7,1,
3346,3242,2024-04-13,PayPal,2675.66,Failed,txn_1a0495e64a7c42f2a030e82477c0e056,1,
3347,3242,2024-04-13,PayPal,2675.66,Successful,txn_41f281e087ea4ed0b21a1b7abc49b9d6,2,3346.0
3348,3243,2024-04-09,Gift Card,143.9,Successful,txn_df675e9347824ccabeb5ef4ef8da902c,1,
3349,3244,2024-01-26,Debit Card,847.68,Failed,txn_85d4986a43084a1b86d829ea0194f3d2,1,
3350,3244,2024-01-27,Debit Card,847.68,Successful,txn_518de8bbb8ea4079abbb6447a79ffa8a,2,3349.0
3351,3245,2025-12-26,Debit Card,218.7,Failed,txn_730d7e3263c14a53b41ab849dedf15e8,1,
3352,3245,2025-12-27,Debit Card,218.7,Successful,txn_418d64308b0a489cb2d82d5fed98a08a,2,3351.0
3353,3246,2024-12-17,Gift Card,220.36,Successful,txn_340ab6f0c9534fa5b07ddf97a704cb21,1,
3354,3247,2024-07-18,Credit Card,83.2,Successful,txn_7247972530754789a7bc95b413d1f919,1,
3355,3248,2024-01-03,Amazon Pay,1350.92,Successful,txn_a76f773f17364b7cb0b5edf9f65b6f86,1,
3356,3250,2024-05-28,Credit Card,423.84,Successful,txn_0c4544889ae24623a487d9ad8e163814,1,
3357,3251,2024-06-03,Gift Card,126.39,Successful,txn_6d3cd95348074b18b3174c82b5c211c4,1,
3358,3252,2024-01-24,Debit Card,351.5,Successful,txn_4db1aad8d06b4664974052e28d272f06,1,
3359,3254,2025-12-08,Debit Card,107.03,Successful,txn_552a8c6716964e6f98665f3532e12c3d,1,
3360,3255,2024-07-18,PayPal,140.95,Successful,txn_6d42c6bb69db4edb93fcd273a9065715,1,
3361,3256,2024-06-10,Debit Card,461.04,Successful,txn_1a0001443e02442e92851b8224b8850a,1,
3362,3257,2024-02-27,Credit Card,260.56,Successful,txn_f0975280b7714b36b878ce633263ed1c,1,
3363,3258,2025-09-30,Debit Card,46.38,Successful,txn_42ca412130ee43e09412b89de8b3f24c,1,
3364,3259,2025-07-17,Amazon Pay,173.28,Successful,txn_a9751bfddd0e42e7b789c5ad78faca9e,1,
3365,3260,2024-11-09,Credit Card,307.11,Successful,txn_ee49933eca0f4b4d9f5c05c252d15853,1,
3366,3261,2024-08-18,Amazon Pay,226.28,Successful,txn_19213e73337640868e2f52c87dd8c408,1,
3367,3262,2025-12-30,PayPal,220.36,Successful,txn_5027155be3114ee292caf4097cc7fd31,1,
3368,3263,2024-03-30,PayPal,50.4,Successful,txn_a1f2c6d52d364de68777ac38daad1365,1,
3369,3264,2025-07-19,Amazon Pay,11.5,Successful,txn_9245d3ae8a8a4fe39cb50ecd68fb909e,1,
3370,3265,2024-12-26,PayPal,1834.42,Successful,txn_62f512f111374976890bcaddb5268d3e,1,
3371,3266,2025-01-23,Gift Card,15.98,Successful,txn_93ea6356fdf843c389c811ae093f0a60,1,
3372,3266,2025-01-23,Credit Card,37.62,Successful,txn_5b148c03da4d4a64a2806ba60cd482fa,1,
3373,3267,2025-04-27,Amazon Pay,464.6,Successful,txn_5154ae1b28544545b3a0c9595aca5b33,1,
3374,3268,2025-07-29,Credit Card,1096.96,Successful,txn_5cb41a4603dc465b934be47ac45225ec,1,
3375,3269,2024-06-12,Credit Card,139.14,Successful,txn_bfb9380a68144d7da0e7b47e05d43cc7,1,
3376,3270,2024-01-14,Debit Card,1242.66,Successful,txn_c2c35224e1774c44a12d857b64265dbd,1,
3377,3271,2025-04-28,Gift Card,46.38,Successful,txn_5b6edd89520849f3ba1790be973a7033,1,
3378,3272,2025-08-24,Gift Card,108.4,Failed,txn_efe887d169664a66a39eb872a05283d8,1,
3379,3272,2025-08-26,Gift Card,108.4,Successful,txn_0a1994dea1ff43f98d55c1cfa8b2c749,2,3378.0
3380,3273,2025-04-17,Gift Card,188.28,Successful,txn_4927b954d943447bb30e0d5660e8eae4,1,
3381,3274,2024-12-24,Credit Card,2507.24,Successful,txn_72af6c8886ef466cbe36d971f44f317c,1,
3382,3275,2025-03-20,Debit Card,179.76,Successful,txn_ee9e047494244a7caaf0eb8df7df475e,1,
3383,3276,2025-01-21,Gift Card,47.22,Successful,txn_eca4948e07514224bc91532ffdf39651,1,
3384,3277,2024-12-15,Gift Card,320.16,Failed,txn_0cc83a0aee324f2b9ba8f0142d6299a2,1,
3385,3277,2024-12-17,Gift Card,320.16,Successful,txn_99243a2aedd04a2382e0427d7a3e9c44,2,3384.0
3386,3278,2025-10-22,PayPal,314.68,Successful,txn_68566cc5e70c4f6a8f4c0c8dc7075abe,1,
3387,3279,2024-11-26,Credit Card,148.06,Successful,txn_b1c2f8bcf6d14df9bd90bd6ce670c870,1,
3388,3280,2025-12-03,Amazon Pay,83.05,Successful,txn_26f70f2464f4435c9274ca3152471389,1,
3389,3282,2024-02-13,Gift Card,34.83,Successful,txn_8f7a1594967e4311abb40798b30cd079,1,
3390,3283,2025-11-19,Amazon Pay,103.99,Failed,txn_cf21ff0cc4f74a8cb9f5a881fde3029d,1,
3391,3283,2025-11-21,Amazon Pay,103.99,Successful,txn_0a948c3f60b2443ab419ef55662a9890,2,3390.0
3392,3284,2024-04-12,Debit Card,402.78,Failed,txn_188b3621e60b46bba91998706638f248,1,
3393,3284,2024-04-14,Debit Card,402.78,Successful,txn_74a2dcddb5664d6a8de2ab56325bfa15,2,3392.0
3394,3285,2024-08-30,Credit Card,204.15,Successful,txn_21fbe60958f742b88e442359c32df276,1,
3395,3286,2024-11-22,Amazon Pay,553.32,Successful,txn_19baeabe5bc946bc9cb90749a45294bf,1,
3396,3287,2024-03-04,PayPal,204.84,Successful,txn_300b540fab15411cbebcda0b0044cdcd,1,
3397,3287,2024-03-04,Gift Card,712.37,Successful,txn_ae4ce940852f49d0ae9984991ba964d3,1,
3398,3288,2024-04-18,PayPal,345.78,Successful,txn_5ebef4f547fa48f8bbb6441bf92457b3,1,
3399,3289,2025-05-20,Gift Card,124.92,Successful,txn_2b3e3c66cfd14bc781d8fd2eb9748238,1,
3400,3290,2025-09-19,Credit Card,1386.21,Failed,txn_077763d942b447aba4d6137801da02e9,1,
3401,3290,2025-09-20,Credit Card,1386.21,Successful,txn_18280d4656cc4f6394c3590d7b47f748,2,3400.0
3402,3291,2025-10-21,Debit Card,250.56,Successful,txn_dcd836555d1b4f80b60bb64bada2c7e6,1,
3403,3292,2025-10-04,PayPal,311.97,Successful,txn_2d53dd285e9c45ee99d5898edc6dcaed,1,
3404,3293,2025-11-16,Amazon Pay,157.89,Failed,txn_5fbfbb171602497285d407e382d082c5,1,
3405,3293,2025-11-18,Amazon Pay,157.89,Successful,txn_635fba64a6bb4677bf0800b402a601b6,2,3404.0
3406,3294,2025-06-19,Debit Card,450.0,Successful,txn_9fb89765da4c43e18cf48984ca269dce,1,
3407,3295,2024-06-24,Debit Card,253.6,Successful,txn_097919ed3c2a4b43b501a8f322a62ea2,1,
3408,3296,2024-01-05,Amazon Pay,181.12,Successful,txn_1f52105604df40cfaaf6c121a7546287,1,
3409,3297,2025-01-21,Credit Card,16.61,Successful,txn_03d7bd1aab8d4ba795489d33bbb8b644,1,
3410,3298,2024-01-05,Credit Card,490.6,Successful,txn_71b2a8a8f18b4999a126627ab9d5785a,1,
3411,3299,2024-04-29,Credit Card,199.94,Successful,txn_9b43dc3fec664b908f8fd1c6e48a5963,1,
3412,3300,2025-07-06,Credit Card,88.26,Successful,txn_f58df1abd3134e818a1629c2ad78dc1f,1,
3413,3301,2025-03-01,Debit Card,107.58,Successful,txn_661b3f3e33bd478fb337517ee57d3516,1,
3414,3302,2025-01-05,PayPal,107.2,Successful,txn_438bcfe041fe4c4cbeb09a5e0ffcd6c0,1,
3415,3303,2024-12-29,PayPal,622.7,Successful,txn_2ac8d9d8028745c29c8615109eff8ae5,1,
3416,3304,2024-03-25,Gift Card,340.38,Successful,txn_7bdfc195c49742b289ca1fb6a2c02761,1,
3417,3305,2025-12-19,Debit Card,290.04,Successful,txn_d9e278fa5b5044349ff3193e6067717c,1,
3418,3306,2025-05-03,Gift Card,243.83,Successful,txn_13291e7a756f475aaaa836e76c8b9b5c,1,
3419,3307,2024-01-04,PayPal,231.9,Successful,txn_8765dc51490c4d4180626232709b9a92,1,
3420,3308,2025-03-28,Credit Card,163.5,Successful,txn_1f191590f6d248088eecb04a9a29cd4d,1,
3421,3309,2024-07-23,Amazon Pay,110.18,Successful,txn_5a949dae6e2b45f3b83899d6826b453c,1,
3422,3310,2024-06-14,Debit Card,117.26,Successful,txn_5d0699a849504b5e84f8aab6ce6b37ab,1,
3423,3311,2024-02-04,Debit Card,69.56,Successful,txn_3d5fc136419e493193b32cec9617341b,1,
3424,3312,2024-09-17,Credit Card,462.07,Successful,txn_542d7a77081e45fb8b3150e3bbf23087,1,
3425,3313,2025-04-11,Gift Card,189.95,Successful,txn_917d007d8a62461daf4a97bd64f237eb,1,
3426,3314,2025-10-05,Amazon Pay,526.95,Successful,txn_1ede330304f74de7bc774a23c4529145,1,
3427,3315,2024-11-26,Credit Card,603.66,Successful,txn_d61eb8af33534b2591f68bf3e46acf6b,1,
3428,3316,2024-02-29,Debit Card,244.98,Successful,txn_de65d1cace9b498bbb49c8b905ff29cf,1,
3429,3317,2024-06-04,Debit Card,608.0,Successful,txn_86baa777cef14b7fa57266521f72d7b9,1,
3430,3319,2025-01-22,Credit Card,211.5,Successful,txn_9e783569d38b4e0aaa98a050092b4d48,1,
3431,3320,2025-07-28,Credit Card,424.08,Successful,txn_be73374e38ef4ed18cdc1ac5940fc652,1,
3432,3321,2025-07-01,Credit Card,101.5,Successful,txn_0e287fc369ac41b8997ba6ab37ecca4f,1,
3433,3322,2025-02-14,PayPal,335.8,Failed,txn_e2bcd9eb139c4597bbb8eec1b9c160e6,1,
3434,3322,2025-02-16,PayPal,335.8,Successful,txn_4c686df8f1c74752a52d020f50da8ed1,2,3433.0
3435,3323,2025-04-14,Credit Card,170.28,Successful,txn_2d9c09658c8b427cbdfd460080b832cb,1,
3436,3324,2024-04-28,Debit Card,54.36,Successful,txn_7415c87c4baf463dbc08dd13d38730de,1,
3437,3325,2025-11-29,Debit Card,42.12,Successful,txn_0dd2a0b318464c578f09420e33633e1c,1,
3438,3326,2024-10-24,Gift Card,1480.17,Successful,txn_f9d0aba32ffb40b88f016d8e01f86009,1,
3439,3327,2024-02-11,Amazon Pay,431.88,Successful,txn_58ba3b7917c846c4ac46efa01b40ad28,1,
3440,3328,2024-05-31,Gift Card,20.68,Successful,txn_3d83a9cc23c54473885dd459636e86e5,1,
3441,3329,2025-12-30,Amazon Pay,195.95,Successful,txn_751641543754492686199f4509096a34,1,
3442,3330,2024-03-26,Credit Card,542.02,Successful,txn_c2e4098f4abb4cdea64c9989aa9927c1,1,
3443,3331,2024-06-09,Credit Card,1421.46,Successful,txn_5605ecc6c1ec49e8a9a64e875f6abb6d,1,
3444,3332,2024-08-08,Debit Card,312.3,Successful,txn_3334677beb7b4f9ab56a78a4fea78995,1,
3445,3333,2024-12-11,PayPal,1487.23,Successful,txn_d6d91902f06d4a62b60001285b49a7c3,1,
3446,3334,2024-11-20,Debit Card,20.68,Successful,txn_a3eba4b845f3476785070447ace49eb1,1,
3447,3335,2024-10-30,Debit Card,288.05,Successful,txn_db452c1f56f8401bb43ed0d07d1a1141,1,
3448,3336,2025-10-04,Debit Card,81.75,Failed,txn_5154dcccb55848baa3a17080bf12625e,1,
3449,3336,2025-10-05,Debit Card,81.75,Successful,txn_79f4ba43dde84f06a862b0fe4cb09d36,2,3448.0
3450,3337,2024-11-05,Credit Card,1278.04,Successful,txn_93687f2f308a4ec3a00df3c9f7438c66,1,
3451,3338,2025-01-15,Gift Card,175.75,Successful,txn_6af115e3db2249258be16c7f58bb06e5,1,
3452,3339,2024-11-11,Debit Card,118.08,Successful,txn_20fddaa4b30b4deb82049e95c91ce262,1,
3453,3340,2025-02-18,PayPal,3031.46,Successful,txn_a19487a479d347cda4670dda162cf1de,1,
3454,3341,2024-01-08,Gift Card,823.32,Successful,txn_e70288a18b6c4b359da876411395a3af,1,
3455,3342,2024-09-10,Credit Card,51.24,Successful,txn_336516faa07547b7be17c66cf113e738,1,
3456,3344,2025-08-11,Credit Card,243.83,Successful,txn_c62da9898c224fd6a3fbe32f999a57d3,1,
3457,3345,2025-05-10,Debit Card,91.32,Successful,txn_aa69eaa83f5c4934ac2944725c3c3b19,1,
3458,3347,2024-02-27,Gift Card,725.04,Successful,txn_1f0543c58d644815877b4f2a19058f4b,1,
3459,3348,2024-05-04,Debit Card,1515.73,Successful,txn_f00ece38fda54edfad7bb4cbec56afc9,1,
3460,3349,2025-11-06,Debit Card,149.8,Successful,txn_646e0b1378a34490ab2e5943c22db6f8,1,
3461,3350,2025-12-11,Gift Card,913.46,Successful,txn_40c8d9c9d4ad4d77809bbdaed2ee5777,1,
3462,3351,2025-05-08,Amazon Pay,34.78,Successful,txn_95745e17e9da4f5289fb09af9ebdbd51,1,
3463,3352,2024-08-09,Debit Card,553.32,Successful,txn_4fcc8004456448828617613d23aea1f3,1,
3464,3353,2024-07-30,Gift Card,433.53,Successful,txn_7dbb720b89144d05a55a167d7400ec22,1,
3465,3354,2025-08-20,Credit Card,912.0,Successful,txn_772c1efa155c42d5932240d2b441162e,1,
3466,3355,2024-02-16,Gift Card,188.96,Successful,txn_d735bab8add74cf1aad53ca94703f1cb,1,
3467,3356,2025-04-13,PayPal,126.8,Successful,txn_bf7d4eb9882a48d08230492bb1ede077,1,
3468,3357,2025-05-10,Debit Card,98.36,Successful,txn_a3eb7d199d4a4d44bdfe13fb08ba711a,1,
3469,3358,2024-12-24,Gift Card,107.87,Successful,txn_56270b2287064721919e43467b0ee6a9,1,
3470,3359,2025-06-26,Credit Card,548.48,Successful,txn_b9e2a80a4eed4be1906d25f918ff4527,1,
3471,3360,2024-09-21,PayPal,481.47,Successful,txn_42ad5e2742a14134a59ba112ac3b8724,1,
3472,3361,2024-07-10,Debit Card,192.55,Successful,txn_0b819b3e48d1487f870d25967736cbf4,1,
3473,3363,2025-09-11,Debit Card,345.15,Successful,txn_59230350bfb34636bc5892517f8edaad,1,
3474,3364,2024-08-24,PayPal,464.6,Failed,txn_a0a600d1592341f8a26741089aedb572,1,
3475,3364,2024-08-25,PayPal,464.6,Successful,txn_42994ce3edd442e38f1357355e929110,2,3474.0
3476,3365,2024-10-24,Amazon Pay,1142.69,Successful,txn_0d5af525d0134f859f86d9e998ab55c1,1,
3477,3366,2025-07-02,Credit Card,17.18,Successful,txn_00649c3ebdd7404a83f04ca2439fff48,1,
3478,3367,2024-01-13,Credit Card,115.26,Successful,txn_ce7546f701cb4fbf8f7164153e292408,1,
3479,3368,2024-07-10,Amazon Pay,969.3,Successful,txn_9ac1efc47dbd464c9fb231ec6ce04f01,1,
3480,3369,2025-09-05,Credit Card,2155.36,Failed,txn_4c8307a743994a5c95990c0f5952d57f,1,
3481,3369,2025-09-06,Credit Card,2155.36,Successful,txn_af973de4c2b043698bca63fb83e7a65e,2,3480.0
3482,3370,2025-08-05,Gift Card,69.49,Successful,txn_0fb12e5a14cb4db9a3883c02c246cf5c,1,
3483,3370,2025-08-05,Debit Card,161.03,Successful,txn_dc442333e70e43aca78faf49a4132318,1,
3484,3371,2024-11-28,Amazon Pay,188.28,Successful,txn_a16c45312b2540cbafd45b92ea7c470a,1,
3485,3372,2025-06-02,Amazon Pay,262.98,Successful,txn_15060b178c324966a800fbc3de0014ab,1,
3486,3373,2024-05-16,Amazon Pay,477.88,Successful,txn_824367368c6f4928a1c91561e9758f9d,1,
3487,3374,2024-03-16,Debit Card,131.6,Successful,txn_d4878a300be3402fb41b81c7e9c506d3,1,
3488,3375,2025-08-10,Amazon Pay,16.1,Successful,txn_b84dea7cd8814a0686ef83495636c8b6,1,
3489,3376,2025-06-11,Debit Card,136.66,Failed,txn_c329e9859b0d44038e78121bb4850212,1,
3490,3376,2025-06-11,Debit Card,136.66,Successful,txn_5dab30d8191b45809a22d83238e7db25,2,3489.0
3491,3377,2025-12-03,Gift Card,75.3,Successful,txn_05540eeebc4240c6a0fbdf9eb1d6ddee,1,
3492,3378,2024-01-01,Credit Card,330.54,Successful,txn_a21be4d71fc548868c49fe615767dc3b,1,
3493,3379,2025-05-14,Amazon Pay,393.04,Successful,txn_d1139822f71741579edf1e4dbeeb9469,1,
3494,3380,2024-12-10,Gift Card,215.74,Successful,txn_56855c9499ab44b687793032eb11617e,1,
3495,3381,2025-11-07,PayPal,1337.83,Successful,txn_3c94e877cd9848e5945d99646058fcb3,1,
3496,3382,2025-06-10,Debit Card,26.8,Successful,txn_22618c6a008e4cebbc052b4bcc78fa2a,1,
3497,3383,2025-09-16,Credit Card,243.83,Successful,txn_f3a8884bd43a4b58a672dbf91f7c712a,1,
3498,3384,2025-11-26,Amazon Pay,301.0,Successful,txn_8a6f5f4cb2b34d0d8df2b7485bbabf46,1,
3499,3385,2024-10-04,PayPal,96.68,Successful,txn_45dab6a2ec3d4e669093375e7f2031f8,1,
3500,3386,2025-03-10,Gift Card,179.74,Successful,txn_86a6e458b98f40efb7fbb8e87e380494,1,
3501,3387,2024-08-08,Amazon Pay,307.17,Successful,txn_355cdf7a772d4290a677959fb55b0fc2,1,
3502,3388,2025-06-13,PayPal,289.02,Failed,txn_f4b9a387c2a0456fb74bac1c77595f4d,1,
3503,3388,2025-06-14,PayPal,289.02,Successful,txn_998bddc509e34c9691b3ab706bdb860f,2,3502.0
3504,3389,2024-09-14,PayPal,138.33,Successful,txn_d0988e4ba3684496996e3b3f2e0336f9,1,
3505,3390,2024-04-13,Gift Card,56.57,Successful,txn_3ea6a057fa224cc58fd181f948f9e86b,1,
3506,3391,2024-12-14,Credit Card,39.6,Failed,txn_d928d8f4bf7041758da5628a36c6ab3d,1,
3507,3391,2024-12-15,Credit Card,39.6,Successful,txn_93fdbd00827241eda1b8c86855b10346,2,3506.0
3508,3392,2024-01-09,Debit Card,170.31,Successful,txn_66b10347637f43ebb8d15808d36a8db4,1,
3509,3393,2024-11-01,Credit Card,776.07,Successful,txn_8fe012bbd52e4e5b8f9299331f28ef9b,1,
3510,3394,2024-07-20,Debit Card,63.4,Failed,txn_09398e8524df445d8c36a0ce29c670bc,1,
3511,3394,2024-07-21,Debit Card,63.4,Successful,txn_a8011a2754ee4f258f2362fb7a67ad5f,2,3510.0
3512,3395,2025-10-09,Credit Card,35.34,Successful,txn_d8a71fdf3bf7465296ee597b383c4de5,1,
3513,3396,2024-07-27,Gift Card,548.88,Successful,txn_26079658e35d41cd8d03379601383c58,1,
3514,3397,2024-10-15,Gift Card,11.07,Successful,txn_91f6d984694344aab4efa1b4cc2f8cea,1,
3515,3398,2024-07-12,Credit Card,332.07,Successful,txn_fe2d2f7169a74d8b892102d0cf6c016a,1,
3516,3399,2025-09-08,Amazon Pay,456.73,Successful,txn_5aba20ab26954d08a8e02fe6346ef706,1,
3517,3400,2024-03-08,Debit Card,29.42,Successful,txn_a737d68544964dfa994da316cc4bd0cd,1,
3518,3401,2025-10-16,Credit Card,314.68,Successful,txn_ef408f862d534ade87188b0f792b1711,1,
3519,3402,2024-08-10,PayPal,174.96,Successful,txn_81c37911945d4ede9cf00813396b4dd3,1,
3520,3403,2024-07-19,Credit Card,45.66,Failed,txn_835eb5b2dec14a45a2d393ba0cd4141a,1,
3521,3403,2024-07-19,Credit Card,45.66,Successful,txn_276b62426b3a4459b812d0cc2d4e66c3,2,3520.0
3522,3404,2024-03-24,Amazon Pay,46.38,Successful,txn_603dc3913e404f6a875a449b9ec8ebe7,1,
3523,3405,2025-07-30,Debit Card,84.24,Successful,txn_edde7e3b302e42caa26437df931e6251,1,
3524,3407,2024-03-09,Gift Card,409.98,Successful,txn_e924dd4840ae4fb6aa0c75202440933d,1,
3525,3409,2024-06-29,Debit Card,456.73,Successful,txn_c59dd4d2b3cb4baab6413061812e577b,1,
3526,3411,2024-01-29,Amazon Pay,1453.95,Successful,txn_2608707c8d5e48129a759f878a346cc9,1,
3527,3412,2025-12-29,Debit Card,414.22,Successful,txn_60b864d104e142ec938f6bf417d85377,1,
3528,3413,2025-05-11,PayPal,184.6,Successful,txn_ff648ed0d57b408cab13ef63541da461,1,
3529,3414,2025-05-06,Amazon Pay,603.66,Successful,txn_176e1b563d9f482b854fe9549ec0b10d,1,
3530,3415,2024-05-05,Debit Card,917.21,Successful,txn_9454624609a24f9bb5362cfe7a173eb6,1,
3531,3416,2024-04-19,Gift Card,2976.6,Successful,txn_bf92a41c48b346e5bab0bb79637f7d1f,1,
3532,3417,2024-07-19,PayPal,126.36,Successful,txn_5833bad2621f409d899af48d86738866,1,
3533,3418,2024-05-17,Amazon Pay,243.83,Successful,txn_abbddf7c5c774c8db03f3803799193c6,1,
3534,3419,2025-06-04,Credit Card,335.8,Successful,txn_3e9ce3b26e9846a8bd78dfd5a9584194,1,
3535,3420,2025-03-17,PayPal,110.18,Successful,txn_eaa98b1ee10b43a08e805f78887f0a32,1,
3536,3421,2025-04-14,Amazon Pay,106.02,Successful,txn_a8ca98c0f1a34fe18ea0ad604c9aa3ac,1,
3537,3422,2024-02-24,PayPal,46.72,Successful,txn_249f8af8fe544ceca7a31a43d6c2a24c,1,
3538,3423,2024-10-31,Credit Card,170.31,Successful,txn_a989ef10a6c445b78f02bb490e449fc1,1,
3539,3424,2025-11-08,Credit Card,226.28,Successful,txn_5aef0156217c453193b776f39264396d,1,
3540,3425,2025-10-30,Gift Card,471.68,Successful,txn_0dde008769ca485f8547bf8104cc28c5,1,
3541,3426,2025-04-15,Amazon Pay,629.36,Successful,txn_008fe4d57cdc433099d4e83de8d08db9,1,
3542,3427,2024-08-16,Debit Card,445.84,Successful,txn_aa5fcfd0f8ed4616b2c6173a7ad15d67,1,
3543,3428,2025-09-22,Gift Card,307.17,Successful,txn_f95471c2c5c54e6ab2fb7749160b78fc,1,
3544,3429,2024-11-07,Gift Card,618.52,Successful,txn_89020432de914772b35160503edd728b,1,
3545,3432,2024-04-06,Debit Card,14.23,Successful,txn_75cf819bd805424f922debe49f36700d,1,
3546,3433,2024-04-13,Amazon Pay,17.83,Successful,txn_765cbf3430a0483297855622f10f029e,1,
3547,3434,2024-12-01,PayPal,153.8,Successful,txn_f7536b693e7d4d06ba21bdd2834e81a5,1,
3548,3435,2024-11-15,Amazon Pay,83.05,Successful,txn_91fb8e1b44a24422be8ae117effa07c7,1,
3549,3436,2024-10-16,Gift Card,189.95,Successful,txn_6f767a860f8b4bd4b8e940d74c72be34,1,
3550,3437,2025-03-19,Debit Card,847.68,Successful,txn_5ec10d89658f4d0a89bdf15db4c575c8,1,
3551,3439,2024-04-24,Gift Card,1453.95,Successful,txn_4b4fdd5cd72a4dd186b6c752a856cab7,1,
3552,3442,2025-10-05,Amazon Pay,57.4,Successful,txn_0a79e01e81c74eaa982e3585802ce694,1,
3553,3443,2025-03-17,Credit Card,387.02,Successful,txn_05b5f2aa4a40407cbc1bbf6aa206ec31,1,
3554,3445,2024-04-17,PayPal,309.26,Successful,txn_ce188388f65a411e919e173b3c0a6164,1,
3555,3446,2024-08-08,Amazon Pay,80.04,Successful,txn_aa8b2911067442509b8a58489e9b0a49,1,
3556,3447,2025-08-20,Amazon Pay,594.56,Successful,txn_2f5b4b984602403389e3177d80dff695,1,
3557,3448,2025-03-13,Gift Card,96.75,Successful,txn_20dc1d13b8dc45178b2ee8432f315913,1,
3558,3449,2025-11-13,Amazon Pay,83.8,Successful,txn_c660b4418bca495d8173f8fb7bb40be7,1,
3559,3450,2025-12-01,Gift Card,30.3,Successful,txn_86bc7c42f5734c7a8f644f33b2775cb3,1,
3560,3451,2024-04-13,Gift Card,85.14,Successful,txn_aff637a62c5a478b87ea272b238c2231,1,
3561,3452,2025-01-27,Amazon Pay,1304.73,Successful,txn_486f9da0b16c4128b834507068145ce1,1,
3562,3453,2025-03-05,PayPal,301.83,Successful,txn_8d88fb607c154ea7a1125a8e89b6dd84,1,
3563,3454,2024-07-01,PayPal,491.3,Failed,txn_50fa66a883994a198518d13f25889634,1,
3564,3454,2024-07-02,PayPal,491.3,Successful,txn_e7a94cf0a9fd4de8aaff545832fa90b5,2,3563.0
3565,3455,2024-10-12,Gift Card,149.8,Successful,txn_34cb888888564c76b67c4523e3f67e0b,1,
3566,3456,2025-09-19,Credit Card,276.66,Successful,txn_695780bff3cc41e1a76d77eacc070d0c,1,
3567,3458,2025-07-07,Amazon Pay,254.31,Successful,txn_00beaa320a244ff5b9031faea1fc4bf0,1,
3568,3459,2024-03-12,PayPal,83.2,Successful,txn_7ae0d7e66fd0470e8a711149159609f3,1,
3569,3460,2024-05-04,PayPal,813.03,Successful,txn_24e64efb7a9b47e089fe99f92dcebe08,1,
3570,3461,2024-07-14,Credit Card,813.03,Successful,txn_9406c481ae7a4a79a61c7aac07fe782a,1,
3571,3462,2024-01-02,PayPal,1119.47,Successful,txn_b57904ac1ae64d0180fb8d16de55ddee,1,
3572,3462,2024-01-02,Gift Card,714.95,Successful,txn_39a6fd95bdbc48b1954fc542c6ba9cae,1,
3573,3463,2024-11-01,Debit Card,185.52,Successful,txn_47fad85bac344c41aa41bdea4a627386,1,
3574,3464,2024-02-12,PayPal,304.26,Successful,txn_5468ba632d63413ca19235326d17772f,1,
3575,3465,2025-10-31,Credit Card,473.82,Successful,txn_245f992f938b479d9f06a8a638a9eac7,1,
3576,3466,2025-04-23,Amazon Pay,302.58,Successful,txn_aac2ea4f9d30434cb7830985119c8005,1,
3577,3467,2025-06-08,PayPal,54.36,Successful,txn_b13a8df660ab436ab41938b2e0ac2158,1,
3578,3468,2025-01-08,PayPal,487.95,Successful,txn_84b567e6c58743f09b08602bdeac7401,1,
3579,3469,2024-03-29,PayPal,212.3,Successful,txn_9c72aa3d38f64449961c6f42b97cc3de,1,
3580,3470,2025-07-23,Debit Card,295.56,Successful,txn_739cedb4603948ee861ec38e4ec22f34,1,
3581,3471,2025-12-21,Credit Card,981.2,Successful,txn_b9beed12f297408983892a3343c9138a,1,
3582,3472,2024-10-26,Amazon Pay,35.04,Successful,txn_76d7f5bf1d4249d28bf6f5f4799b90e2,1,
3583,3473,2024-07-25,Gift Card,101.5,Successful,txn_981aaa56667843c2b5bcb718c540aacb,1,
3584,3474,2025-10-24,Debit Card,912.0,Successful,txn_6a48963c51fe4400a904035b3b9a2203,1,
3585,3475,2025-12-21,PayPal,913.46,Failed,txn_de2272c988534d259a71db68d12820ca,1,
3586,3475,2025-12-21,PayPal,913.46,Successful,txn_dbd8295df4b74e97983e5741c12861bf,2,3585.0
3587,3476,2024-09-06,PayPal,718.96,Successful,txn_187ea86e79fe4ebc90a80eec3fa48b71,1,
3588,3477,2024-06-16,Gift Card,574.52,Successful,txn_c8f81771212b4a74a9d1f1a2c17701bd,1,
3589,3478,2024-10-30,Amazon Pay,413.03,Failed,txn_c5aca8ad2ab141d1a9b816aea6c6082e,1,
3590,3478,2024-10-31,Amazon Pay,413.03,Successful,txn_59fa0e64f74b425a98bd92e72ed3eb25,2,3589.0
3591,3480,2025-04-27,Amazon Pay,17.83,Successful,txn_643f641c255f4d52a9e1bf667083ff21,1,
3592,3481,2024-07-17,PayPal,384.5,Successful,txn_1d62ba0ffcc04bb8acef71049ee20b17,1,
3593,3482,2025-05-05,Amazon Pay,27.6,Successful,txn_15b5f1302d564e70a6ed6e6983cd3a6d,1,
3594,3483,2025-12-20,PayPal,29.42,Successful,txn_c30de6eca0cc4f38818a4232deba78e0,1,
3595,3484,2024-12-15,PayPal,11.5,Failed,txn_9707a87a75ac4da5b650a49f4768796f,1,
3596,3484,2024-12-15,PayPal,11.5,Successful,txn_f13a1c0e27bd40f18fdd4ff75c316f09,2,3595.0
3597,3485,2025-11-07,Amazon Pay,34.83,Successful,txn_c29185b3cc8044168043f31105c90f47,1,
3598,3486,2024-07-11,Gift Card,421.56,Successful,txn_1f4d5a4b947e4b2c83c0799e8bf2e223,1,
3599,3487,2024-11-30,Amazon Pay,1471.8,Successful,txn_83feef56913c4a3ea3c2cfdf70caa630,1,
3600,3488,2024-05-14,Gift Card,3928.98,Successful,txn_5359b632c0674d6cb60961729b82b092,1,
3601,3489,2025-01-26,Amazon Pay,575.84,Successful,txn_cb714f1505124198ab16c9f566c6ba56,1,
3602,3490,2024-03-26,Gift Card,259.82,Successful,txn_9a5f7ae87b50420b862bc8cc41c1b163,1,
3603,3491,2025-01-20,Amazon Pay,28.38,Successful,txn_dc92c4d7b42642e8838b6f60be5354ae,1,
3604,3492,2025-06-17,Debit Card,608.0,Successful,txn_b35b0abec40649c388d860ada2b5c18e,1,
3605,3493,2024-03-26,Debit Card,172.83,Successful,txn_b64a3700af5140209f93e3f0a015f2d4,1,
3606,3494,2025-10-31,Credit Card,28.46,Successful,txn_1cf07119f4b94d47b300c872bab94e52,1,
3607,3495,2024-02-09,Credit Card,243.83,Failed,txn_4312b868ad264f3dae9fd0d09205691a,1,
3608,3495,2024-02-11,Credit Card,243.83,Successful,txn_db6eb95d6f2645d5b9022db15c54658b,2,3607.0
3609,3496,2024-11-28,PayPal,243.6,Failed,txn_2a38c0b3e4f64ee399fb19ef74769f6f,1,
3610,3496,2024-11-30,PayPal,243.6,Successful,txn_39992a71f10743c0b1d94c4dc24ff960,2,3609.0
3611,3497,2025-05-07,PayPal,143.9,Successful,txn_759d95b2fbef476087480e5361ddc173,1,
3612,3498,2024-04-03,PayPal,385.1,Successful,txn_b6ef41fe528d4571ae3da57d67731eb3,1,
3613,3499,2025-12-09,Debit Card,22.71,Failed,txn_e70d012f477148be84e4f596c836cf6d,1,
3614,3499,2025-12-11,Debit Card,22.71,Successful,txn_c33fdcc8805340a7acad58392f83d38d,2,3613.0
3615,3500,2024-10-19,Amazon Pay,450.0,Successful,txn_fd004f7475184d328ce5d8d2df468b3f,1,
3616,3502,2024-05-19,Amazon Pay,134.48,Successful,txn_cb1d9ae6c9554f13a70ae7314f5c1f1e,1,
3617,3503,2025-12-02,Amazon Pay,160.08,Successful,txn_1bff4d26b90d4472aa91f5fd69c427c3,1,
3618,3504,2024-03-28,Gift Card,333.18,Successful,txn_d1c09d9b3db345e4bd0f753e0ffca539,1,
3619,3505,2024-04-30,Credit Card,188.28,Successful,txn_c126afa2556046d8bcfc23816e91f4d1,1,
3620,3506,2024-02-14,Debit Card,53.6,Successful,txn_d2bb623dc96b4918a291cd4e2d49fdb0,1,
3621,3507,2024-12-01,Gift Card,91.32,Successful,txn_2b71220f1b714ac08aa7ed292645d36d,1,
3622,3508,2025-10-30,Debit Card,41.9,Failed,txn_d4ff81376f7649a0848fd777f9521463,1,
3623,3508,2025-10-30,Debit Card,41.9,Successful,txn_bf1f8b72f786421fad1a43516f44125d,2,3622.0
3624,3509,2024-09-03,Debit Card,60.88,Successful,txn_bf52aba415cd4cc19adba1fc22a04688,1,
3625,3510,2024-12-21,PayPal,859.95,Failed,txn_4da0c4bc34b64cb88c16ebc1a7d00bec,1,
3626,3510,2024-12-23,PayPal,859.95,Successful,txn_36863fb1d0314bc4ac443181ddc02009,2,3625.0
3627,3511,2024-04-22,Credit Card,74.04,Successful,txn_a0e916efda934bdd95b7f4d1062b1f46,1,
3628,3513,2025-02-12,PayPal,196.5,Successful,txn_8218e751eaa1483b84ec2e4926f68305,1,
3629,3514,2025-12-27,Credit Card,221.28,Successful,txn_0d4a7ec01af34290b8b2ae4112409e61,1,
3630,3515,2025-03-25,PayPal,1386.21,Failed,txn_3a7d4f964ac2423c8734e0861c9198fe,1,
3631,3515,2025-03-25,PayPal,1386.21,Successful,txn_64ae50fe4358406eab15406c5c0d4d32,2,3630.0
3632,3517,2025-12-16,Debit Card,242.1,Successful,txn_e76a174581a74f7c9a1a0fd7737aca6d,1,
3633,3518,2025-11-05,Amazon Pay,50.16,Successful,txn_c2aec178bd9641df92c94fbd99369e12,1,
3634,3519,2025-01-18,Credit Card,10.1,Successful,txn_8591836d37dd4b47aa87a13cee326947,1,
3635,3520,2025-07-14,Amazon Pay,220.0,Successful,txn_78c43ca42c394d88a65ef13d4c8f903b,1,
3636,3521,2024-06-21,PayPal,25.25,Successful,txn_fb574a0a9c544576b6bc75fa1b97b8e6,1,
3637,3522,2024-01-06,Credit Card,245.25,Successful,txn_fe987ee6119d41898bdc7627922cbbe5,1,
3638,3523,2025-09-18,Credit Card,847.68,Successful,txn_5ad2e9a32d3c411492224e9ba2b7a0ee,1,
3639,3524,2024-04-27,Gift Card,304.0,Successful,txn_879be85ca5724c6b99db97b0bacbbd6c,1,
3640,3525,2025-10-19,Debit Card,288.05,Successful,txn_f522e6d595744d5d813a1b672459c505,1,
3641,3526,2024-03-10,Debit Card,51.24,Successful,txn_b97f3047e28043778f09ad9104853544,1,
3642,3527,2024-11-02,Debit Card,695.64,Successful,txn_22491cd55edc4b8f8f286acd24267b7f,1,
3643,3528,2024-02-25,Gift Card,445.92,Successful,txn_b3d87b678c814fc4996d2cb9cdae77c4,1,
3644,3529,2025-02-02,Debit Card,139.38,Successful,txn_115691b181bb4f8c9a09bf5ff09961ee,1,
3645,3530,2024-02-09,PayPal,113.08,Successful,txn_4d8c50f100d24f29b98215929a826489,1,
3646,3531,2024-02-26,Credit Card,41.9,Successful,txn_f45c1b9c1fa04702a79221ebcd556899,1,
3647,3532,2025-09-01,Amazon Pay,296.46,Successful,txn_357cb0ed68484a54bc7c04eacee874ab,1,
3648,3532,2025-09-01,PayPal,230.49,Successful,txn_bf7c679a1fb7469f925c006ee96e5b60,1,
3649,3533,2025-08-10,Gift Card,197.4,Successful,txn_d58dd6906e9f4550a835b46b4cb83533,1,
3650,3534,2025-01-18,Debit Card,130.62,Failed,txn_adfa776f7d75429980ed6c7dd5719df5,1,
3651,3534,2025-01-20,Debit Card,130.62,Successful,txn_9cd21b017aae443aacbc9f89744cde7e,2,3650.0
3652,3535,2025-10-27,Gift Card,675.46,Successful,txn_73672473f6374fa3b396f2428586f55d,1,
3653,3536,2024-10-18,Credit Card,546.64,Failed,txn_45c7aca13afa4760842cd5e09caeb6fe,1,
3654,3536,2024-10-19,Credit Card,546.64,Successful,txn_16f8b58182494dfa975ae3812de736cf,2,3653.0
3655,3537,2025-02-16,Gift Card,102.39,Successful,txn_65bab1d243eb4337b54e73604963aa8d,1,
3656,3538,2024-05-11,Amazon Pay,510.93,Successful,txn_33f98ca0c56b405cbae043a49616bc4c,1,
3657,3539,2025-07-19,Amazon Pay,826.06,Failed,txn_1340d23abb664b5b86cdf9dc110589ab,1,
3658,3539,2025-07-19,Amazon Pay,826.06,Successful,txn_ff2324015b9c439da134499670c84828,2,3657.0
3659,3540,2025-01-11,PayPal,981.2,Failed,txn_61acb077e13f45e28e5dcd09c37c2f28,1,
3660,3540,2025-01-12,PayPal,981.2,Successful,txn_a9fa8d9505624d098e050f3ed9f6249c,2,3659.0
3661,3541,2024-07-23,Debit Card,1250.3,Successful,txn_2a24764b5f77447b866d116fba18a236,1,
3662,3542,2025-01-10,Gift Card,36.57,Successful,txn_bb23897d0269495b95908d51f236ffb5,1,
3663,3542,2025-01-10,Credit Card,59.61,Successful,txn_df2f8fb3f17543d3ab4496dd5695040a,1,
3664,3543,2024-03-08,PayPal,1350.92,Successful,txn_d11272dbf83d43778e4507d74d20d92b,1,
3665,3544,2025-09-01,Credit Card,67.2,Successful,txn_2ab5fdb6e462428185a1fe144d4111ab,1,
3666,3545,2024-01-26,Amazon Pay,51.6,Successful,txn_4f6a4937356745c1a051a34ecaa859b6,1,
3667,3546,2024-08-22,Amazon Pay,78.24,Successful,txn_c8427e612f2d4b82bf0e9435f74fc315,1,
3668,3547,2025-09-25,Amazon Pay,1453.95,Successful,txn_f20116166ab84f4d859693e5b9235e2c,1,
3669,3548,2024-01-17,Gift Card,62.46,Successful,txn_caf3b2c152b14ae6917d7dfccb0916f0,1,
3670,3549,2024-07-31,Credit Card,27.0,Successful,txn_eca697fd52e24bcc80ef7deb099b35a8,1,
3671,3550,2024-08-14,Credit Card,152.25,Successful,txn_6f252627a2484d819138dbe49c3b05b7,1,
3672,3551,2025-08-07,Gift Card,417.94,Successful,txn_90f7b2620a4343c098ba7bf84cc0387a,1,
3673,3552,2024-08-04,PayPal,539.22,Successful,txn_9c3dd0081a9d4936b3427af0ff21e4c3,1,
3674,3553,2024-05-09,Credit Card,282.85,Failed,txn_d7e13d13a51c40329d5e4f7df49d2ee9,1,
3675,3553,2024-05-10,Credit Card,282.85,Successful,txn_7237b513f6854a61bcbb125bdc139879,2,3674.0
3676,3554,2025-12-10,Amazon Pay,214.84,Successful,txn_de72a93429114fe6b624e6ac3ddc9f36,1,
3677,3555,2025-10-13,Debit Card,176.25,Successful,txn_61883aa56c294c3ba2d366d3c3ff8160,1,
3678,3556,2025-01-28,Amazon Pay,110.64,Successful,txn_7ea3631931a04adf96a6df49736c547a,1,
3679,3557,2025-07-23,Credit Card,205.12,Successful,txn_f7eda9c1628f49fa873ce1fe0e2ca1f3,1,
3680,3558,2025-06-19,Credit Card,46.72,Successful,txn_d2cc321bedf94365b099ddffbd8e526b,1,
3681,3559,2025-06-23,Credit Card,138.33,Successful,txn_1bad9fcf18704909a44064da3d2fedf4,1,
3682,3560,2025-06-20,Debit Card,222.92,Successful,txn_b0f6e037a45d4a15b32058b59a67d3f3,1,
3683,3561,2024-11-20,Credit Card,150.5,Successful,txn_23c0b55b14674730bb049f3bcb49bc5e,1,
3684,3562,2024-06-13,PayPal,127.38,Successful,txn_03c147c8cc39465a89d417048c8bef93,1,
3685,3563,2024-08-05,PayPal,110.18,Successful,txn_adf6efbcfde24bbf8a18d62afec7bf01,1,
3686,3564,2024-06-06,PayPal,33.6,Successful,txn_cb1af443033f4f8e9e817deb2db099cc,1,
3687,3565,2024-01-24,Amazon Pay,141.72,Successful,txn_b8fa867517694b3abb291ce28b43321a,1,
3688,3566,2025-01-24,PayPal,51.24,Successful,txn_f2057945de054c8e8c8493db39f1c819,1,
3689,3567,2025-07-09,Amazon Pay,169.14,Successful,txn_e44e9594e102415ab8d944d545b17b20,1,
3690,3568,2024-08-20,Amazon Pay,681.24,Successful,txn_7dea2d088013472eab087ee294c7390e,1,
3691,3569,2024-03-04,PayPal,1350.92,Successful,txn_da81b520a1154d8d98c267a25789a5c3,1,
3692,3570,2025-09-07,PayPal,445.84,Successful,txn_f4994d9ff888423eb4d01558535f76f5,1,
3693,3571,2024-10-09,Credit Card,28.38,Successful,txn_db14f8e9e11c4ab2bb69dba2f4a2ae8f,1,
3694,3572,2024-05-05,Gift Card,1242.66,Successful,txn_1b0af09a43894f529f03bb86023596ae,1,
3695,3573,2025-04-07,Gift Card,46.15,Successful,txn_5b172a0d6a1e498ba6cb3f1f4efe4d21,1,
3696,3574,2025-12-09,PayPal,111.06,Successful,txn_4b2a29a2cbd4482db7202c7873334883,1,
3697,3576,2025-11-04,Credit Card,402.78,Successful,txn_09c1ef7777cc46509178a425e4d35442,1,
3698,3577,2025-06-02,Amazon Pay,1964.49,Successful,txn_41f7bb29ace9407887db8921a0615eb4,1,
3699,3578,2024-12-15,PayPal,102.41,Successful,txn_db8ae85d22a5418e996c9ebca1c1e699,1,
3700,3578,2024-12-15,Amazon Pay,31.59,Successful,txn_7073ee34dcd549458ecdd880b1cc3d3d,1,
3701,3579,2024-01-21,Credit Card,166.4,Successful,txn_3bd1015e09074812a8da5ded4ad6f273,1,
3702,3580,2025-03-09,PayPal,981.2,Successful,txn_fffb5f5dee924a94a2c2b1ac90fb8632,1,
3703,3581,2024-12-02,Debit Card,1011.84,Successful,txn_7bc3ddd58aca415cbe56b6cefbf72534,1,
3704,3582,2025-04-21,Debit Card,2974.46,Failed,txn_daa1fe1601f348ffb7f4879be48504ae,1,
3705,3582,2025-04-22,Debit Card,2974.46,Successful,txn_ef84176fbac04063a5f493cea7f0229c,2,3704.0
3706,3583,2025-09-10,PayPal,222.09,Successful,txn_addba6de433f4722aca9c7728e84f7c7,1,
3707,3584,2025-04-20,Debit Card,165.34,Successful,txn_30fc759abf46477899f99300a9a7d659,1,
3708,3585,2025-09-16,Gift Card,64.5,Successful,txn_91b3c238650649b99f6aa26326634b3e,1,
3709,3586,2024-02-27,Gift Card,148.06,Successful,txn_c9c3179879c145f8ba8d8402aea2e776,1,
3710,3587,2024-01-07,Credit Card,463.89,Successful,txn_9b5e916b2dbc43fe93f64803b46e2c26,1,
3711,3588,2024-12-19,PayPal,2155.36,Successful,txn_0b5ad8e329be47e0946cceee3666f586,1,
3712,3589,2024-04-04,PayPal,29.52,Successful,txn_122e02ecfb7d443098cca98638ef54b6,1,
3713,3590,2024-10-01,Gift Card,626.91,Successful,txn_808540ef7ca443608d5bb18e0f1f46e0,1,
3714,3591,2025-12-24,Credit Card,299.91,Successful,txn_420a6bb3161f48289267d3e6ee9c096e,1,
3715,3593,2025-12-02,Amazon Pay,264.84,Successful,txn_3cf25522d4d74a72afd9b5543670587a,1,
3716,3594,2024-07-26,Gift Card,44.28,Successful,txn_aaa716dfb7f94965bdfaa191018ee80d,1,
3717,3596,2025-10-10,Credit Card,122.49,Successful,txn_4ea32f3a9bc54b9a8272a0029ede4c38,1,
3718,3597,2024-12-03,Credit Card,626.91,Successful,txn_2e66d278eb82437d94e003cde3558bae,1,
3719,3598,2025-06-09,Amazon Pay,1421.46,Successful,txn_8e9f7cee9fe64722bd6ff817b1a37ef3,1,
3720,3599,2024-02-27,PayPal,98.36,Successful,txn_2b9f95b31a21420cad53fd3659ae1ed1,1,
3721,3600,2024-11-13,Gift Card,389.12,Successful,txn_f3859541b0e24005aa0379646e6e6c9d,1,
3722,3601,2024-10-06,Gift Card,92.86,Successful,txn_d1e01cb7519249e684fd6c3e55b1cec9,1,
3723,3602,2024-12-08,PayPal,35.04,Successful,txn_dc78f2eaf68b4a5782d034099a025ced,1,
3724,3603,2025-03-18,Credit Card,421.56,Successful,txn_04f26cd0406c45f980c83a73d5021b36,1,
3725,3604,2024-10-31,Gift Card,41.9,Successful,txn_fea556b43b2b49aead105b88b7658d51,1,
3726,3605,2025-07-13,PayPal,254.13,Successful,txn_22bb628397864772bb8f1c1bacebd9ab,1,
3727,3606,2024-03-31,Credit Card,521.12,Successful,txn_82d25b62650a4bfa913f6136a9340eb4,1,
3728,3607,2024-04-22,Credit Card,1250.3,Failed,txn_a32f7bd7b0284d38888ea2c0b749d5d3,1,
3729,3607,2024-04-22,Credit Card,1250.3,Successful,txn_f4c5d4acb84f467ea6fcfcea0198d761,2,3728.0
3730,3608,2024-04-07,Credit Card,1799.58,Successful,txn_584ed6e8fedc4efbb18ad5b402f20c7a,1,
3731,3609,2025-07-06,Gift Card,1421.46,Successful,txn_abfff09b1e7346438b398cb0adc00c16,1,
3732,3610,2024-03-19,Gift Card,8.59,Successful,txn_c851abe6c3b84de3b2616a348c6c2bc4,1,
3733,3611,2025-05-13,Debit Card,130.28,Successful,txn_e2c8ba1f92e94b9ab74665cb13802da4,1,
3734,3612,2025-12-26,PayPal,115.69,Successful,txn_a18615c340634029ab51f0618f21b2db,1,
3735,3613,2025-03-24,Debit Card,88.28,Successful,txn_348f1e3bfbf345d2801f5e384a404f93,1,
3736,3614,2025-07-24,Debit Card,49.18,Successful,txn_e3d590509e324d55aae1f5b1a1c79e5d,1,
3737,3615,2024-06-26,Amazon Pay,794.7,Successful,txn_75920474a0694c2e993d68111eee1f80,1,
3738,3616,2025-01-22,Credit Card,1790.9,Successful,txn_07a668ca6c4842949c90b52350851f11,1,
3739,3618,2024-07-30,Credit Card,215.75,Successful,txn_8a7f96d0ad254ba585b45de3ea4d48d6,1,
3740,3619,2025-05-02,Credit Card,29.42,Successful,txn_d030f10b5eca4aa0b4adf8a8e54d35fc,1,
3741,3620,2025-02-05,PayPal,9.9,Successful,txn_ca8e10677eaa4353801135572584dbee,1,
3742,3621,2025-04-25,Amazon Pay,972.42,Successful,txn_72ef91747b474854a3d34cf6717f5561,1,
3743,3622,2024-04-26,PayPal,1337.83,Successful,txn_72583d61d4e6484fb3eab6bbe58db92f,1,
3744,3623,2024-01-15,Debit Card,514.56,Successful,txn_23c479f4fe5d4f458edcb81a9be96209,1,
3745,3624,2025-06-15,PayPal,85.38,Successful,txn_2a57ae04ba1e49fd96a0802c51916085,1,
3746,3625,2025-11-11,Credit Card,249.84,Failed,txn_2539249bc48f46f1bb18758a2c130f6c,1,
3747,3625,2025-11-11,Credit Card,249.84,Successful,txn_c1ba64c8f117498b92b5fd760503c4fe,2,3746.0
3748,3626,2025-09-24,Credit Card,68.2,Successful,txn_69827d48382948d6a284cdfec0749a45,1,
3749,3627,2024-06-16,Amazon Pay,25.8,Successful,txn_41f35ebcdd4948d28aeda504d42f793e,1,
3750,3628,2025-03-31,Debit Card,55.35,Successful,txn_3fd27045653b42a7acce9e072e7e34c5,1,
3751,3629,2024-11-19,Debit Card,142.3,Successful,txn_29be56fe86924ce29ba1765b9e7f79bd,1,
3752,3630,2024-10-10,Gift Card,301.83,Successful,txn_115dd24d2b604530bf8b669b7cef2184,1,
3753,3631,2025-01-05,Credit Card,813.03,Successful,txn_aaf6b67d08f3424098709cd6d361f60c,1,
3754,3632,2025-08-09,Credit Card,113.14,Successful,txn_847234457a424fb3bf2e9f8f976a1aef,1,
3755,3633,2024-03-29,Gift Card,40.83,Successful,txn_a83672e83201456788ee1ee97ff5a2b0,1,
3756,3634,2024-06-04,Debit Card,68.2,Successful,txn_b635de75ca1047b9a7384aa14a68c458,1,
3757,3635,2024-08-07,Gift Card,15.74,Successful,txn_6e39d2bb521b4896b352a7c08c3f9dd9,1,
3758,3636,2025-11-25,Credit Card,450.0,Successful,txn_db455e83c8504738be28f7dcc3f45211,1,
3759,3637,2025-06-10,PayPal,15.15,Successful,txn_7788a335ec304b9aa3d0f3270bcfa38e,1,
3760,3638,2024-08-09,Credit Card,57.4,Successful,txn_79fc9cb2cc724a50bdd6fe8f03586e11,1,
3761,3639,2025-07-05,Gift Card,24.62,Successful,txn_61dcd5f5ce494405935da7020783b01c,1,
3762,3640,2025-01-19,Amazon Pay,46.38,Successful,txn_3e94192480bd4d8388a27ab3e364ed02,1,
3763,3642,2024-03-02,Amazon Pay,92.3,Successful,txn_b68150cd4fd34add97fdc0c0d38605b1,1,
3764,3643,2025-11-02,Credit Card,215.74,Successful,txn_1422291fae66429e905a5b6446e1fbb0,1,
3765,3644,2024-09-01,Gift Card,307.11,Successful,txn_1d7be8cfa5cc40bdb90d6902cd2d07f5,1,
3766,3645,2024-09-02,Debit Card,53.86,Successful,txn_2bdb197f584d4561b7d562ef88060a6d,1,
3767,3646,2024-01-01,Debit Card,174.96,Successful,txn_6df7242d48c94aa19426e0770bfc7e80,1,
3768,3647,2025-11-01,PayPal,185.72,Successful,txn_b390a47c2f2c4d29818711d769bd86ef,1,
3769,3648,2024-12-30,Gift Card,406.0,Successful,txn_b2ddd8e9261548c79b37c62fb5d7e9c6,1,
3770,3649,2025-10-12,Gift Card,32.25,Successful,txn_654ba4526e204cbba627533ebf31f339,1,
3771,3650,2025-07-09,Amazon Pay,187.25,Successful,txn_444992c98d1d49bbba7b190a15f75d41,1,
3772,3650,2025-07-09,Debit Card,361.23,Successful,txn_e34836d552ce4c2e954b10dcb1d7724e,1,
3773,3651,2024-12-22,PayPal,491.3,Successful,txn_1bd6994675a14281be90c45a2ad5d6ba,1,
3774,3652,2025-09-03,Gift Card,261.36,Successful,txn_b915d4301f6c4220bf538bf6340c7b1c,1,
3775,3653,2024-07-11,Gift Card,161.58,Successful,txn_ec7b620fac7e405593dc7ce6d062e37f,1,
3776,3654,2025-07-13,PayPal,347.58,Successful,txn_a426eced9f5f49e5b96137a2461ccf74,1,
3777,3654,2025-07-13,Gift Card,236.1,Successful,txn_a1990a9bc0ee41d1beb77c26d0514e40,1,
3778,3655,2024-01-03,Gift Card,253.6,Successful,txn_155c20274ce74f68bcf6bee6e005d081,1,
3779,3656,2025-01-16,Gift Card,91.32,Successful,txn_57f4c0136c664328822d57540271bebb,1,
3780,3657,2025-08-24,PayPal,16.2,Successful,txn_ac156a0c5843485a81ee48824c0e4a37,1,
3781,3658,2025-09-02,PayPal,342.31,Successful,txn_5286a5510eb6440fb2a3ade1bcdecfa6,1,
3782,3659,2024-01-29,Credit Card,268.52,Successful,txn_4f152c49fb42490ba44eeeca46d1ce09,1,
3783,3660,2024-04-18,PayPal,333.18,Successful,txn_209a108b610347d4b9a244089135b29b,1,
3784,3661,2024-12-12,Credit Card,2675.66,Successful,txn_03287c32e1b741c7b0ed25123b52392e,1,
3785,3662,2024-08-20,Gift Card,622.7,Successful,txn_d4fdcdf258764d6f8d74d6344b60249e,1,
3786,3663,2025-03-14,Debit Card,85.76,Successful,txn_497a9e5bdba04308b4cfaeacafa0432b,1,
3787,3665,2025-08-31,Gift Card,387.02,Successful,txn_bcf0cfae200b4d7d93e8084efcab81a8,1,
3788,3666,2024-03-10,Debit Card,703.0,Successful,txn_c9992c4381d14948b4a7e450d16870e6,1,
3789,3667,2025-07-31,Gift Card,486.21,Failed,txn_408373628dcd4db982f0d3f8dd78d421,1,
3790,3667,2025-08-01,Gift Card,486.21,Successful,txn_c314b1c661704fa997acc77d610dc1f3,2,3789.0
3791,3668,2025-07-31,Debit Card,1242.66,Successful,txn_0b99cb7cdcb0455cbc44db2ffc9604d4,1,
3792,3669,2025-06-13,Amazon Pay,161.25,Successful,txn_f8f2f8aa27414576baba10d38da17c3c,1,
3793,3670,2024-06-26,Gift Card,248.94,Successful,txn_3e10bc12fdc64dbb896b76ec81ce922a,1,
3794,3671,2024-12-27,Amazon Pay,231.38,Successful,txn_110af1c7c3c14f4e8b5b3a19eb7f8200,1,
3795,3672,2025-07-31,PayPal,1487.23,Successful,txn_9217deeeba3b436fa8684c3e27f21043,1,
3796,3673,2024-02-05,Gift Card,215.74,Successful,txn_9acd35079d1a4d36a116d148ea079b9d,1,
3797,3674,2025-07-16,Debit Card,900.0,Successful,txn_f8068889c17e485da0a776858f7c6ee2,1,
3798,3675,2025-07-07,Amazon Pay,639.02,Successful,txn_b9cbafb5a6514e41a0b5affb71939a53,1,
3799,3676,2025-05-23,Credit Card,668.76,Successful,txn_e38c129cf1a04fa19cbbe1567b3846d4,1,
3800,3677,2024-01-31,Debit Card,264.9,Successful,txn_d9f85f02de1d4c0585ea275769322582,1,
3801,3678,2024-07-02,Debit Card,172.6,Successful,txn_414d4503a33d48e8a240a1b6b17cc6d2,1,
3802,3679,2024-03-14,Debit Card,13.8,Successful,txn_90bc6ab8df544c789c333dc5946f5ed1,1,
3803,3680,2025-10-03,Debit Card,172.6,Successful,txn_6de2728137a84bfeb22f48378ab5cebf,1,
3804,3681,2024-01-04,Amazon Pay,74.52,Failed,txn_e057226893614a5492a435f0e81936b2,1,
3805,3681,2024-01-04,Amazon Pay,74.52,Successful,txn_061dd925065844f6aebaa51ba57c8881,2,3804.0
3806,3682,2025-02-23,Amazon Pay,895.45,Successful,txn_d320164b195347a9a3436532846dd518,1,
3807,3683,2025-05-03,Debit Card,379.17,Successful,txn_682077ce65c441f2aaad3b7d221b63ac,1,
3808,3684,2025-01-15,Amazon Pay,1480.17,Successful,txn_564bc2057fe645f1aede96bea9f840e4,1,
3809,3685,2025-05-12,Gift Card,122.49,Failed,txn_8cb205872761461dae26001da37354a5,1,
3810,3685,2025-05-12,Gift Card,122.49,Successful,txn_bd764139d64f47b9a4941227bf1a4f0f,2,3809.0
3811,3686,2024-09-10,Credit Card,98.4,Successful,txn_3a9b7e4ce8fb42e6ac6c6afa5934a067,1,
3812,3687,2024-11-24,PayPal,1350.92,Successful,txn_2255ba9f8bbe437dac5ae028c84ca9f3,1,
3813,3688,2024-02-19,Amazon Pay,208.97,Successful,txn_e675617543a34fd0a4e9ec2162b6886e,1,
3814,3689,2025-11-02,Gift Card,27.5,Successful,txn_c0e0424f9eca41ea9a2b40bf92ba5121,1,
3815,3690,2024-09-28,Credit Card,180.09,Successful,txn_011fa3f886db48ee9d9aadf2a2dcfe18,1,
3816,3691,2025-07-04,Gift Card,370.2,Successful,txn_8265a84d324e4fcf8db6ab0b98d31128,1,
3817,3692,2025-12-29,Credit Card,104.34,Successful,txn_670fec8cd6994d808a0eef9bec88304e,1,
3818,3693,2024-07-01,Gift Card,68.49,Successful,txn_a2efc63268d74c6ea7d5c188dd178086,1,
3819,3696,2024-04-02,Debit Card,84.57,Successful,txn_5c7190ef871d4a36b01a1ce73154bc50,1,
3820,3697,2025-01-17,PayPal,40.83,Successful,txn_31d8b11e82654a2bb268c2f5849b5763,1,
3821,3698,2024-11-18,Debit Card,661.92,Successful,txn_532eb691810c408eadbe446e6f8ce0cf,1,
3822,3699,2024-07-21,Credit Card,110.0,Successful,txn_28b130867c4c4c94ae968096d3b25ff0,1,
3823,3700,2025-05-05,Credit Card,388.8,Failed,txn_16ee324d44b44be0aec2bef670a4f45c,1,
3824,3700,2025-05-05,Credit Card,388.8,Successful,txn_2b135286e91d4ae2a38affb02bf2d47e,2,3823.0
3825,3701,2025-10-26,PayPal,45.66,Successful,txn_6a7deb7b5de84ba8aaf9f00aa9c5228e,1,
3826,3702,2024-08-23,Gift Card,96.68,Successful,txn_702b944d536e41929458c1960e7d256b,1,
3827,3703,2024-05-10,Gift Card,917.21,Successful,txn_a4ba4f5cb91545ce9340bf3ff537beac,1,
3828,3704,2024-03-30,Gift Card,716.82,Successful,txn_b130a0d52211437bb03baa9df2ad5b16,1,
3829,3705,2024-08-20,Debit Card,291.6,Successful,txn_8b01dfa101834673a5a314a4ea11f491,1,
3830,3706,2024-01-26,Amazon Pay,115.28,Successful,txn_9e4c7e3db09444f59678d9c761879686,1,
3831,3707,2025-11-12,Amazon Pay,108.85,Successful,txn_d1c5514c1638413eb685e55fd30da969,1,
3832,3708,2024-06-09,Amazon Pay,226.28,Successful,txn_5d26b2107bae4a0cb89fd3c8f16d9b3e,1,
3833,3709,2024-05-15,Debit Card,661.92,Successful,txn_1fb218b507b2433bbb8c61c55efc88ee,1,
3834,3711,2025-01-07,Gift Card,661.92,Successful,txn_eb09ac2aff954f73a3e4758ead20ce18,1,
3835,3712,2024-12-03,Credit Card,330.0,Successful,txn_6923fa46005f4d7498f2e5866ebf2dce,1,
3836,3713,2024-06-14,Debit Card,339.42,Successful,txn_8c1af62a931447bf8658f9d113264be6,1,
3837,3714,2025-09-08,Gift Card,25.25,Failed,txn_7bf27b65ca99437f99edb77de19d5c20,1,
3838,3714,2025-09-09,Gift Card,25.25,Successful,txn_d05c115fa41b4f5c83af0a97dba979b9,2,3837.0
3839,3715,2024-04-18,Amazon Pay,205.12,Successful,txn_98359e590a4b481aa6cff23bfb062dc7,1,
3840,3716,2025-05-08,Amazon Pay,108.4,Successful,txn_8725aef2c5b3427280192569a8009d8b,1,
3841,3717,2025-03-15,Amazon Pay,135.84,Successful,txn_9ce7ecdd0e0441a8be191ca9113005da,1,
3842,3718,2025-06-22,Gift Card,320.98,Successful,txn_3495b0d79e8f476fa9fea45e9556f238,1,
3843,3719,2024-03-31,Gift Card,100.32,Successful,txn_e58abf3289c14975b665c1a6caf57220,1,
3844,3720,2024-01-17,Debit Card,463.89,Successful,txn_cc0e5128412e4688a251c420b4935070,1,
3845,3721,2025-02-28,Credit Card,1096.96,Successful,txn_3c258f6b8caa413aaeb9827cb53cfe4a,1,
3846,3722,2025-06-29,PayPal,1278.04,Successful,txn_0a9d2718aedc4894ab0690857d2fb0db,1,
3847,3723,2024-12-11,Debit Card,2507.24,Successful,txn_669317ff64ea4449afb6a0ed944d7b9c,1,
3848,3724,2025-11-21,Credit Card,288.05,Successful,txn_3b422465a26840e1a5a826859be32e19,1,
3849,3726,2025-03-02,Credit Card,625.15,Successful,txn_2cdb50199f29456fb6c54fcdb719abc5,1,
3850,3727,2025-05-21,Debit Card,22.62,Successful,txn_fd594a3eafca4392bbf99d77df2e30e6,1,
3851,3728,2024-11-09,Credit Card,288.05,Successful,txn_7cbe141392f84f189346d69b7fc7810e,1,
3852,3729,2025-12-09,Amazon Pay,913.46,Successful,txn_1d8c80e2a21c44c09fc292dfcf03d88d,1,
3853,3730,2025-09-07,Gift Card,53.71,Successful,txn_16302f23e95247d1a2642cb5687ce451,1,
3854,3731,2024-12-23,Credit Card,5.4,Successful,txn_b685bd53158f4c948b9a1037ac9cb400,1,
3855,3732,2024-09-07,Gift Card,577.65,Successful,txn_e59598f2eefa4fb08b9e4bce772bdb7a,1,
3856,3733,2024-10-15,PayPal,230.75,Successful,txn_326dfd7e847b478e9f55bcc506738a6a,1,
3857,3734,2025-02-15,PayPal,103.99,Successful,txn_4d137a3a035346c29b929e8fc821a153,1,
3858,3735,2024-06-05,Gift Card,151.96,Successful,txn_28807a9d77f34ca48e8faaf302fc77a3,1,
3859,3736,2024-05-17,Amazon Pay,88.26,Successful,txn_d78e54a02c4b4d558de988f26217227e,1,
3860,3737,2024-11-06,Credit Card,33.21,Successful,txn_dae2001f1be544c4b85ba1478603de4b,1,
3861,3738,2025-03-06,Debit Card,235.03,Successful,txn_63ca0417bf724273a30403d9524f36f9,1,
3862,3738,2025-03-06,Credit Card,61.13,Successful,txn_d94905fbf1fc4ada9e31d3ed69066ab0,1,
3863,3739,2024-10-05,Amazon Pay,383.68,Successful,txn_2db424b21da54d8b830ff9428da85549,1,
3864,3740,2024-12-26,PayPal,347.07,Successful,txn_ef311a14918a4755882da456a1353b26,1,
3865,3741,2025-08-12,Credit Card,230.7,Successful,txn_c939e7ec0098419b9376db229f67a64b,1,
3866,3742,2024-06-04,Gift Card,45.28,Successful,txn_1e68daa235f940feb3a989573c7b1206,1,
3867,3743,2024-11-22,PayPal,577.65,Successful,txn_6fb00bbe3ca04b349d82f9c79bd84545,1,
3868,3744,2024-08-24,Debit Card,668.76,Successful,txn_d66c9256c99144089b99d3d731dcb361,1,
3869,3745,2025-02-07,Amazon Pay,111.06,Successful,txn_efd7fe71d624490da2097af20c25ff53,1,
3870,3746,2024-11-27,Gift Card,68.2,Successful,txn_416025c27bb4463f8081f58f11a950dc,1,
3871,3747,2025-08-01,Amazon Pay,34.5,Successful,txn_0e4980242bd4413491cfa7a05133f291,1,
3872,3749,2025-04-07,Amazon Pay,28.78,Successful,txn_3eab7a8306f842938b9d05d75fab4443,1,
3873,3750,2024-04-10,Credit Card,109.56,Successful,txn_052a22c1c4e440b89a30d1b45201b692,1,
3874,3750,2024-04-10,PayPal,56.84,Successful,txn_5382e59b42264eb5931666dc8460a88e,1,
3875,3751,2025-10-24,Amazon Pay,111.06,Successful,txn_b71ab7a7870f43c292cbd74f1f616c05,1,
3876,3752,2024-05-26,Amazon Pay,6.52,Successful,txn_0584934ce8db45cf849529f2ec109a7a,1,
3877,3754,2024-06-22,Amazon Pay,58.63,Successful,txn_0b64f746e2dd4530a39ea205915aa545,1,
3878,3755,2024-08-26,Credit Card,75.75,Successful,txn_cb8a897fb91e4c73943f5747955757a4,1,
3879,3756,2024-01-13,Amazon Pay,144.99,Successful,txn_cd9c268750514ac592d7969f3fca9223,1,
3880,3757,2024-02-15,Debit Card,71.15,Successful,txn_d33debf1afc34ed9b1c492a8307a55dc,1,
3881,3758,2025-04-19,Gift Card,88.28,Successful,txn_6b04e3cb908b4cbcb891f8d99c27611e,1,
3882,3759,2024-07-13,PayPal,22.14,Successful,txn_5dabe32a1d59420c869080f83b093172,1,
3883,3760,2025-08-14,Gift Card,1096.96,Successful,txn_c2850d32df084fc5869812c41bc45e7d,1,
3884,3761,2024-05-17,PayPal,193.51,Successful,txn_b6ff9fa1c6d44c1aa2788ed073fc7708,1,
3885,3762,2024-09-11,Debit Card,21.77,Successful,txn_f42b286dd55343609acc6c71dc707bd1,1,
3886,3763,2024-06-27,PayPal,387.02,Successful,txn_69db6e8ce79f46b895282c2b83df3ba8,1,
3887,3764,2025-05-07,Gift Card,442.76,Successful,txn_e120bc2ac19b4fc5b3b48b4ec3d43022,1,
3888,3765,2025-03-11,Gift Card,2976.6,Successful,txn_98f6611bfbee45658703d07bd1511fe0,1,
3889,3766,2025-03-16,Gift Card,431.48,Successful,txn_4990ff0a428d4bba91394de3d4c2ce32,1,
3890,3767,2024-08-22,Credit Card,375.8,Successful,txn_b7a8dfb63bcb4e63955425ee51a36a63,1,
3891,3768,2025-03-14,Credit Card,129.0,Successful,txn_c54e6a77b8394b48b720d83a06ff77aa,1,
3892,3769,2025-04-28,Gift Card,203.49,Successful,txn_06122d8013c9421f802b7a1da7dbf06d,1,
3893,3770,2024-05-31,PayPal,341.91,Successful,txn_62117fb91f79416f8be943d5015d5255,1,
3894,3771,2024-10-07,Debit Card,166.59,Successful,txn_9c6d2095b7e14796aaf37e65512c6e59,1,
3895,3772,2025-01-19,Credit Card,408.75,Successful,txn_8940b00811204b039c5aea718d1f48d2,1,
3896,3773,2025-06-19,Gift Card,84.92,Successful,txn_1b9c0d771ae1409c8027f989cbc45cea,1,
3897,3774,2025-12-28,Gift Card,1250.3,Successful,txn_9ec5ba169edc43bf948835b6a55f9689,1,
3898,3775,2025-10-20,Gift Card,169.71,Successful,txn_641170636d4b481b835245085a7983a5,1,
3899,3776,2024-05-25,Gift Card,174.24,Successful,txn_ac9ab167711f492b9525aee8028844d7,1,
3900,3777,2024-05-10,Amazon Pay,257.28,Successful,txn_6a7120387a8146308718068c45fa2e8a,1,
3901,3779,2024-01-24,PayPal,651.4,Successful,txn_320afebabb894e94a71c02510a9daaf3,1,
3902,3780,2025-02-13,Gift Card,182.64,Successful,txn_80fcfcb32daa48dcb74c75c4c7612f5d,1,
3903,3781,2025-10-06,Credit Card,71.72,Successful,txn_cb8e37b8e6184f83bac76fac284b12b9,1,
3904,3782,2025-02-17,Amazon Pay,84.71,Failed,txn_b70fd98080724486a71a8edb6457a7fc,1,
3905,3782,2025-02-17,Amazon Pay,84.71,Successful,txn_c77de53d624245279d3f79e01dd8e13b,2,3904.0
3906,3783,2024-08-20,Credit Card,260.56,Failed,txn_d26b305694fb42c6acb519f442497867,1,
3907,3783,2024-08-22,Credit Card,260.56,Successful,txn_13901270c60a4f808d366c345598cd7e,2,3906.0
3908,3784,2025-03-24,Credit Card,464.6,Successful,txn_7beb3b768d954c7aa94b21f5f04de99b,1,
3909,3785,2024-09-14,Amazon Pay,154.63,Successful,txn_0798aa6340ce442ab8faf9f6e621be95,1,
3910,3786,2025-01-24,Debit Card,21.6,Successful,txn_d5f8682f08bc49e98db42da3db0f285a,1,
3911,3787,2024-05-26,Credit Card,274.44,Successful,txn_26fbda2b25964b20b8908627626a2f2e,1,
3912,3788,2024-07-11,Debit Card,232.15,Successful,txn_f7d6194037bf4a1ab446e7d301aa1579,1,
3913,3789,2025-06-28,Gift Card,207.98,Successful,txn_4074af6f017041b983238ebef1c977c6,1,
3914,3790,2025-05-06,Credit Card,47.22,Successful,txn_07a6f19bd3484a9fa20201d3ded0f4ae,1,
3915,3791,2024-04-20,Debit Card,1026.93,Successful,txn_c065dc9b1ecc4f5b8085e23f11d911ae,1,
3916,3792,2025-04-07,Gift Card,150.5,Successful,txn_52d7bd5839854be8a18af946f78d4933,1,
3917,3793,2025-06-26,Debit Card,168.1,Successful,txn_9ad7c85c81d4457388c613fff8d627a4,1,
3918,3794,2025-09-06,PayPal,113.14,Successful,txn_ad39ba89ec604a8b9f3ca46ac1e23e61,1,
3919,3795,2025-05-13,Gift Card,2609.46,Successful,txn_0693aca343a44e6e91acec2973b1f805,1,
3920,3796,2025-10-15,Amazon Pay,194.56,Successful,txn_00b3636aa5fc4f9fbd9fe8209c2f4ce3,1,
3921,3797,2025-05-03,Amazon Pay,98.48,Successful,txn_0f7733b98d8f43a3ae122bbf9e80d2b7,1,
3922,3798,2024-12-20,PayPal,618.52,Successful,txn_3e5c99f1aa1141549a21339889b01f9e,1,
3923,3799,2024-11-02,Amazon Pay,1386.21,Successful,txn_8afd7301a59f4bcf8f02c5287abc39e3,1,
3924,3800,2025-10-01,Gift Card,107.03,Successful,txn_258b07dd2b8c4449a001a2f2582c3c6f,1,
3925,3801,2024-09-15,Credit Card,537.04,Successful,txn_93b7a6b9b42341f39bab4eeca8602b20,1,
3926,3802,2025-06-28,Debit Card,45.45,Successful,txn_48ef49bee6cb489bbed52a8c2ea071f4,1,
3927,3803,2024-11-15,PayPal,527.25,Successful,txn_6a6e127b42fa4ed19cfe593c153ce3ca,1,
3928,3804,2024-07-04,PayPal,31.23,Failed,txn_f6659ac019894ea4b9c510b91a5fe26c,1,
3929,3804,2024-07-05,PayPal,31.23,Successful,txn_1f99455b1e0d410283eb3a5f4e5c5380,2,3928.0
3930,3805,2024-10-18,Credit Card,107.42,Successful,txn_565674cf6cd74ea08e075b84add3adf6,1,
3931,3806,2024-07-19,Amazon Pay,446.88,Successful,txn_f8f0afdec602409c8a97de9d35fcdeb3,1,
3932,3807,2025-05-29,PayPal,1278.04,Successful,txn_3cbb64305ea54c188d4399be7bddb41e,1,
3933,3808,2024-07-25,Amazon Pay,141.13,Successful,txn_7d17b4c12fbf46c28dc81e9943f6ddb1,1,
3934,3809,2025-04-15,PayPal,557.52,Successful,txn_2d6ea95b83244245977d76900704b822,1,
3935,3810,2025-05-21,Gift Card,88.28,Successful,txn_370a3319fff14035b6fb1cedc2acf7c7,1,
3936,3811,2025-12-13,Gift Card,453.44,Successful,txn_8a6e97cf0621435cbca8b4baecba41f1,1,
3937,3812,2025-07-13,PayPal,68.13,Successful,txn_6ee04eec131c411682641b21a1d1c66e,1,
3938,3813,2025-06-05,Amazon Pay,450.0,Successful,txn_7dda157602db4c82aa923c873561d9b0,1,
3939,3816,2025-02-11,Amazon Pay,32.25,Successful,txn_7fc35762e7124623b8a9aaf50cf6729c,1,
3940,3817,2025-08-16,Credit Card,174.24,Successful,txn_7f85d31359f3462aaebb2bfacf6b2ed3,1,
3941,3819,2024-08-29,PayPal,214.84,Successful,txn_6e2d13a961cb4399ab5ae36fa26f7c3f,1,
3942,3820,2025-02-13,PayPal,360.18,Successful,txn_a2b4be6073d14b54846419dd21421542,1,
3943,3821,2025-04-24,Amazon Pay,15.15,Successful,txn_167caf26643044cb8f26c34501d3bf2a,1,
3944,3822,2025-06-03,Amazon Pay,16.35,Successful,txn_500bfed99e8141d58533bae15356b4de,1,
3945,3823,2025-02-24,Amazon Pay,505.56,Successful,txn_795c99d9d8ca4f08adcd4e35ffed35df,1,
3946,3825,2024-10-12,Debit Card,580.53,Successful,txn_c09ba66441f4457cbed54f4767294f71,1,
3947,3826,2025-08-13,Gift Card,527.25,Successful,txn_bc257f2266de40d0acc3bfd74c91bf5c,1,
3948,3827,2025-09-08,PayPal,1391.28,Successful,txn_2a1211cd283a4543a2c2e47c03630ca7,1,
3949,3828,2024-05-17,Credit Card,55.55,Successful,txn_e5449a0a12a9494cb95e723e13f6224a,1,
3950,3829,2024-05-31,Debit Card,105.39,Failed,txn_e14f7e7a287d4ddba5d6e8531c7c7efe,1,
3951,3829,2024-06-01,Debit Card,105.39,Successful,txn_3104286636a348eca9cf5854fbbc5a78,2,3950.0
3952,3830,2024-12-20,Debit Card,29.07,Failed,txn_e5e2941ccf864b0dbeedf528fe984872,1,
3953,3830,2024-12-22,Debit Card,29.07,Successful,txn_02e5aa3f97304e609dd5fabbe26c019a,2,3952.0
3954,3831,2024-01-04,Gift Card,161.58,Successful,txn_0cf60e91affc43d1b78e498bf8c9118a,1,
3955,3832,2024-05-14,Debit Card,9.09,Successful,txn_ae1a39666d234d4f97713fe063378198,1,
3956,3833,2025-08-07,Gift Card,319.77,Successful,txn_303e6ddfd8264610aa24de296e07cbfc,1,
3957,3834,2024-04-13,Credit Card,41.9,Successful,txn_8dd8d85e9e814c7dbe85da168e169413,1,
3958,3835,2024-02-24,Amazon Pay,629.36,Failed,txn_6cedd605940c4dff965bad940d2f4c16,1,
3959,3835,2024-02-24,Amazon Pay,629.36,Successful,txn_dca933d20ba34fb4be7ceb09ee21e9a2,2,3958.0
3960,3836,2024-02-03,Debit Card,212.3,Successful,txn_70022206b70a486db5f7f66fcc9b3f37,1,
3961,3837,2025-05-15,Debit Card,446.88,Successful,txn_34772e046db9413c808aaaec65dff4ab,1,
3962,3838,2025-03-08,Debit Card,895.45,Successful,txn_7538c27690654c33b44f2153cc7cb538,1,
3963,3839,2025-09-11,Gift Card,65.92,Successful,txn_1fad66525e9d46b89f8dd6c5ddf92a9b,1,
3964,3840,2025-09-13,Debit Card,49.05,Successful,txn_2d8226671668483abde95e560736384f,1,
3965,3841,2025-03-20,Debit Card,93.95,Successful,txn_114f4a1949574ebe9fd56e2e0123befd,1,
3966,3842,2024-03-01,PayPal,102.39,Successful,txn_c78f39abbf984de1868ddd576b6b79c5,1,
3967,3843,2025-06-25,Gift Card,27.12,Successful,txn_66088a61eb154478bb5b99edc6ee516b,1,
3968,3843,2025-06-25,PayPal,102.33,Successful,txn_9052520c3ceb4acaa9aea8f6cbe91371,1,
3969,3844,2025-04-25,Gift Card,226.92,Successful,txn_633acaa5030749d4a987a2ab057508e9,1,
3970,3845,2025-09-23,Debit Card,1515.73,Successful,txn_e1204024cd2747c3a32c6fceed6cb102,1,
3971,3846,2024-02-25,PayPal,87.12,Successful,txn_ed6a03bc56224c42bda57acaa476b230,1,
3972,3847,2024-09-29,Debit Card,276.66,Successful,txn_6e74e2f174e3489bb6010c68de40624b,1,
3973,3848,2024-01-11,PayPal,49.44,Successful,txn_787adddb366a438bb4ffc6c61858cca6,1,
3974,3849,2024-06-21,Debit Card,107.72,Successful,txn_8ce1618afe9244ac9616834e24444a1c,1,
3975,3850,2024-07-01,Amazon Pay,83.2,Successful,txn_0d1d5ed0ca2144bdad670a12edb1aef2,1,
3976,3851,2025-10-06,Debit Card,1834.42,Successful,txn_4424f46e65dd4a248d6be46a7ec4e31c,1,
3977,3852,2025-10-14,Credit Card,142.38,Successful,txn_8840eb6e4310416592612b8d430e2fc1,1,
3978,3853,2024-12-15,Debit Card,227.94,Failed,txn_2e2f786c494e4bdaa6429b58b014993e,1,
3979,3853,2024-12-16,Debit Card,227.94,Successful,txn_7c9d242e0b5245f2bc3a1da203a950ec,2,3978.0
3980,3854,2025-10-31,Amazon Pay,94.44,Successful,txn_182eb2ed200542db8296d4c0c32c0986,1,
3981,3855,2024-12-25,PayPal,68.2,Successful,txn_b37ebfd704a94549b73b6f35380d1c0c,1,
3982,3856,2024-05-25,Debit Card,160.33,Failed,txn_ca3bfb6093e5408fa3cc15cd4df5ac59,1,
3983,3856,2024-05-26,Debit Card,160.33,Successful,txn_1228c51487bd4ec285682886cd5e2b41,2,3982.0
3984,3857,2025-03-01,Amazon Pay,222.92,Successful,txn_c9a9f3114603470db5993aeea4b36901,1,
3985,3858,2024-10-14,Amazon Pay,286.65,Successful,txn_7a0cf367ba224ddeaafa75ff1b46f3d3,1,
3986,3859,2025-07-18,Amazon Pay,29.42,Successful,txn_30e08fc2fd77467b875f296ea0d47179,1,
3987,3860,2024-08-12,Amazon Pay,370.15,Failed,txn_68b9174a8fde4e909c45385078ab46d2,1,
3988,3860,2024-08-12,Amazon Pay,370.15,Successful,txn_91ae25d3ee1b4ef0bad82680c402e01b,2,3987.0
3989,3862,2025-01-01,Credit Card,1096.96,Successful,txn_5e551f359e7c46c3b6d24617643805f1,1,
3990,3863,2025-09-18,Debit Card,70.68,Failed,txn_da3c87412b6949d99cbeca11acc9e40a,1,
3991,3863,2025-09-18,Debit Card,70.68,Successful,txn_72a19ec5ad8843baa7b0d5f35f44673b,2,3990.0
3992,3864,2025-04-29,Gift Card,900.0,Successful,txn_d75837a598c64688b2766961903da606,1,
3993,3865,2024-09-07,Debit Card,402.78,Successful,txn_a51fce70579c43019eb3cec035174645,1,
3994,3866,2025-11-25,Amazon Pay,62.46,Successful,txn_4a55271af1664dc6af0ff5d4bd6c0c4d,1,
3995,3867,2024-03-09,PayPal,222.92,Successful,txn_c32331186704421a964e17ae3ce9a185,1,
3996,3868,2024-05-06,Gift Card,668.76,Successful,txn_46f29bb9b68b4c99b430deacf29d81d4,1,
3997,3869,2024-10-10,Credit Card,169.62,Successful,txn_8920b48ad5d44cf8959e106c70beae42,1,
3998,3870,2025-05-02,Amazon Pay,284.76,Successful,txn_c746271fb2c54ca7a96bb17c0c1d3f91,1,
3999,3871,2025-10-23,Amazon Pay,859.95,Successful,txn_6039587fdb7c42bbb1fc6d16a0b202df,1,
4000,3872,2024-07-14,PayPal,899.79,Successful,txn_753f88769bfe44e1a8427fd63280b4ae,1,
4001,3873,2025-08-17,Amazon Pay,11.5,Successful,txn_e41c560557f34a5a923c2c914554e99c,1,
4002,3874,2024-11-19,Amazon Pay,639.02,Successful,txn_671d3e9f0e824265bfb73cd8044f4aad,1,
4003,3875,2025-08-20,Debit Card,145.02,Successful,txn_d73fff42cc864163a07302b96d170818,1,
4004,3877,2024-05-13,PayPal,340.38,Successful,txn_d1957b6fa854414495c81c55caa051f8,1,
4005,3878,2024-11-29,Gift Card,2609.46,Successful,txn_c04b0dd7962b48f0b4d7debcaf58eb28,1,
4006,3880,2025-04-18,PayPal,82.5,Successful,txn_8ba61fa2cbf74646935941ded0f0677f,1,
4007,3881,2025-07-23,Debit Card,526.95,Successful,txn_e22c68a9c84d4a919856cc972a2199ef,1,
4008,3882,2025-10-22,Debit Card,417.89,Successful,txn_b3b8edec7131436884693441832f2716,1,
4009,3883,2025-08-03,PayPal,1790.9,Successful,txn_28f55e97b4b54680a2eed80847cb1091,1,
4010,3884,2025-08-08,Amazon Pay,1453.95,Successful,txn_3a7d953c6da64c6bae4bd1998078bbef,1,
4011,3885,2024-01-27,PayPal,311.35,Successful,txn_97a5053d7a76468990695445ad637dd2,1,
4012,3886,2024-07-04,Credit Card,96.04,Failed,txn_5bee659a04274627b63bbebe584c8cc7,1,
4013,3886,2024-07-05,Credit Card,96.04,Successful,txn_d636db2c3f0d4d5f8f53012ba2e48a23,2,4012.0
4014,3887,2025-08-29,Credit Card,48.33,Failed,txn_eec2142872204a938b0b97ade8fccc1c,1,
4015,3887,2025-08-31,Credit Card,48.33,Successful,txn_88411d6cb22a4a3d96d9854fada7644e,2,4014.0
4016,3888,2025-06-19,Gift Card,259.92,Successful,txn_896ef3ebf7e144feafff01babb5f84ac,1,
4017,3889,2024-10-10,Credit Card,43.74,Successful,txn_0e438a9685b643a7a71141df1dc8f764,1,
4018,3890,2025-12-13,Gift Card,108.4,Successful,txn_d059398ae73346dab5dc95ea9d58da66,1,
4019,3891,2025-12-08,PayPal,120.05,Successful,txn_1c117b5f2f154ed29dc2f6a2b8cc986c,1,
4020,3892,2024-08-20,Credit Card,153.84,Successful,txn_32b95d9c9b6e499095723838c1f19d39,1,
4021,3893,2024-10-28,Gift Card,340.38,Successful,txn_96a41fe04f754513bb16c51f6b7ccd05,1,
4022,3894,2024-11-13,PayPal,188.28,Successful,txn_e89b15f489a84ba4b5f8870670961d9d,1,
4023,3895,2025-08-22,Gift Card,168.1,Successful,txn_a49a6087e6a34a4f9187933d2829bee9,1,
4024,3896,2025-08-12,Debit Card,204.74,Successful,txn_bf15ada04534420095d77e216c397eb1,1,
4025,3898,2025-01-13,Credit Card,230.56,Successful,txn_d4dd2c892523497c9d33e6b225764dba,1,
4026,3899,2024-03-18,Gift Card,636.12,Successful,txn_714d85c7b55d497fbae96a5456176adf,1,
4027,3900,2025-05-30,Amazon Pay,136.66,Successful,txn_a8f2643589fa45f6a2b5e1cd671587e9,1,
4028,3901,2025-02-24,PayPal,1337.83,Successful,txn_5ae3944ee5444a94b51c5ab33acf5a69,1,
4029,3902,2025-04-09,PayPal,431.48,Successful,txn_b220d98fe5254322af0022ee799f41c1,1,
4030,3903,2024-07-23,PayPal,427.14,Successful,txn_86b7a3dfb3674e9dbb2cebfaf8386297,1,
4031,3904,2024-11-28,Amazon Pay,22.14,Successful,txn_8d7fce07af404bff8419cb04a4502f1f,1,
4032,3905,2025-07-03,Debit Card,548.48,Successful,txn_991eaddcb4a44da7a39122316581a450,1,
4033,3906,2025-02-27,Amazon Pay,160.33,Successful,txn_6e72de830ea14ff79cf6314d95e3d71d,1,
4034,3907,2025-08-18,PayPal,40.83,Successful,txn_9c662171e6ec456cbf4a479e1ffb36eb,1,
4035,3908,2024-06-10,Debit Card,244.98,Successful,txn_cdf50ecd1abc4e5f89d19e1e165b027a,1,
4036,3909,2025-08-17,Credit Card,204.94,Successful,txn_e152f0d255904574886d97e291e352ac,1,
4037,3909,2025-08-17,PayPal,655.01,Successful,txn_141adbac6fef4201bc9bca7137884a7a,1,
4038,3910,2024-09-11,Credit Card,1278.04,Successful,txn_1c98d2db3ff846cda4dab6619d0191f0,1,
4039,3911,2024-05-02,Gift Card,445.84,Successful,txn_0ef19b1ff9534a3aaca0b6078426ec6c,1,
4040,3912,2024-04-22,PayPal,91.32,Successful,txn_6c068f909ee7494b8b2827c7f1ba41b7,1,
4041,3913,2024-11-15,Debit Card,462.07,Successful,txn_c44cc1fd7e1b4c7c870e45f12cc6b274,1,
4042,3914,2024-03-27,Debit Card,45.66,Successful,txn_3c8ca377275c40e3975cec8b9a5de96e,1,
4043,3915,2024-07-18,Debit Card,718.15,Successful,txn_d855934bf34a47a6b5f6394bc5d42338,1,
4044,3916,2025-01-23,Debit Card,212.58,Successful,txn_295043cf4ebb4e65b09e4724c7f4b51f,1,
4045,3917,2024-03-31,Debit Card,2675.66,Successful,txn_9bd77185a4af4d778cb9c6929c3b45cd,1,
4046,3918,2025-10-30,Amazon Pay,174.96,Successful,txn_8e2882690e2f4ef482278d2aedecf36a,1,
4047,3919,2024-07-11,Debit Card,80.04,Successful,txn_1ce12ff595244a6e8fa507ac199b5fbf,1,
4048,3920,2024-07-23,Amazon Pay,493.39,Successful,txn_b62c726ce51343c9b4d078d802bff504,1,
4049,3921,2025-06-08,Amazon Pay,204.15,Successful,txn_80881504bdd546278156b99f8e44e7dd,1,
4050,3922,2025-08-15,Gift Card,88.28,Successful,txn_c10007675d4a443db916c8a3fafd8e12,1,
4051,3923,2025-04-22,Gift Card,111.06,Successful,txn_7610f6897a624eedb78dba6ff6a7d2e4,1,
4052,3924,2024-07-14,Credit Card,83.05,Successful,txn_e77356a1c74e42af965dc5ce5a572884,1,
4053,3925,2025-08-20,PayPal,18.18,Successful,txn_7a93335e0fbb465bb8b06c305434e910,1,
4054,3926,2025-02-13,Amazon Pay,132.85,Successful,txn_b0eb295281744ebb89a7b24a6b53f82f,1,
4055,3927,2025-12-30,Gift Card,114.15,Successful,txn_59a6dcd3b4c3420d969c3d21cf74ea00,1,
4056,3928,2025-09-02,PayPal,212.3,Successful,txn_9ab0542e6c664a1687c041ca5b22bb74,1,
4057,3929,2024-06-05,Gift Card,197.04,Successful,txn_00afdabe1b7e4cdda1b6bc910b4a091c,1,
4058,3930,2024-07-19,Debit Card,113.46,Successful,txn_850aebd73bce40298afa9ed635253103,1,
4059,3931,2024-02-13,PayPal,175.89,Successful,txn_9986bbe88ad4455a98ed829d3c2d0fd2,1,
4060,3932,2024-06-17,Amazon Pay,11.07,Successful,txn_fa700045cc96434799acfd44fdfe444d,1,
4061,3933,2024-05-25,Credit Card,141.0,Successful,txn_9c33cf6fafb8487ba40deab6fd42c869,1,
4062,3934,2025-05-17,PayPal,165.48,Successful,txn_8290cff23cbc4abfa203656b7332c68d,1,
4063,3935,2025-05-26,Amazon Pay,58.63,Successful,txn_9e8cf04f96b04466be67c504b3c2b22f,1,
4064,3936,2025-02-13,Gift Card,55.0,Successful,txn_633e61651837458991c5c5ca6a2652f4,1,
4065,3937,2025-05-29,Credit Card,230.7,Successful,txn_a0a4b436d8374306bcca496c4f3c4c03,1,
4066,3938,2025-01-23,PayPal,573.3,Successful,txn_d646f7de59204358bb060e74a697e81a,1,
4067,3939,2025-07-31,Debit Card,261.36,Successful,txn_5653dfa1d2124ed492c8e49ecea4dd36,1,
4068,3940,2025-04-14,Gift Card,200.88,Successful,txn_33e5a328000e445a974c2b5905f4233b,1,
4069,3941,2025-09-14,Amazon Pay,232.15,Successful,txn_3422f49c31194b898014d6533e972fea,1,
4070,3942,2025-08-30,Debit Card,360.18,Successful,txn_0dd0cefa7a514fbdacc7c5899625903d,1,
4071,3943,2024-12-21,Debit Card,484.65,Successful,txn_7d6a1f430d184db8bcc46a851ae25c07,1,
4072,3944,2024-11-22,PayPal,540.27,Successful,txn_a2093a9d5bb54c0fa33adc1b61fab073,1,
4073,3945,2024-02-24,Gift Card,297.28,Successful,txn_9d2a71710c8f402fa6daa6fb123f269b,1,
4074,3946,2025-05-12,Debit Card,370.15,Successful,txn_7bc764e538bf4f02baab475e7cb53e05,1,
4075,3947,2024-08-30,Debit Card,281.07,Failed,txn_88e037542ec842c8a2be10ee1e429352,1,
4076,3947,2024-09-01,Debit Card,281.07,Successful,txn_4c267d9026da4894b33f82d1d1a6fbb9,2,4075.0
4077,3948,2025-09-11,Credit Card,192.55,Successful,txn_4a74135ae8e848c48c841b3b4f0dd759,1,
4078,3949,2025-02-14,PayPal,75.3,Failed,txn_ae8dad4380134b6698e83f0a43c50b06,1,
4079,3949,2025-02-14,PayPal,75.3,Successful,txn_5fa4efb218af48acafecc68df9301c32,2,4078.0
4080,3951,2025-10-26,Gift Card,113.14,Successful,txn_16ef622dd50246efbc97dff6f83560a1,1,
4081,3952,2025-09-04,Credit Card,130.28,Successful,txn_61e75a846f594c87860e685ce229be65,1,
4082,3953,2024-03-14,Amazon Pay,208.97,Successful,txn_724bbf4aa8d349a1ac0c63ebd509fd2a,1,
4083,3954,2024-10-08,Gift Card,84.71,Successful,txn_75a3b268d438401080de8bc8e7ed78bd,1,
4084,3955,2025-02-19,PayPal,218.7,Successful,txn_5081f81b1dfa4e90b7d4335a11fbd082,1,
4085,3956,2025-03-22,Amazon Pay,29.42,Successful,txn_4b4f6dc19e5749289fe0c7b766a4fbc2,1,
4086,3957,2025-09-27,Gift Card,45.66,Successful,txn_7a14da4fd15a45a0a6a3dda8569de3c5,1,
4087,3958,2024-09-17,PayPal,223.56,Successful,txn_a1081f05fe8e418586bdc627d4c9f0bb,1,
4088,3959,2024-01-31,PayPal,258.69,Successful,txn_647e8871b94b4eeeb9beaa945124109d,1,
4089,3960,2025-01-04,Amazon Pay,705.65,Successful,txn_3a43f4bef87c4c9281dae2dfdc903f24,1,
4090,3961,2024-05-12,PayPal,409.98,Successful,txn_34107d4ed5c142e6a93ac33cde7b822e,1,
4091,3962,2024-04-30,Amazon Pay,767.36,Successful,txn_2554dc53c1514a698889e37df20bd6aa,1,
4092,3963,2024-04-27,Gift Card,323.61,Successful,txn_1cf163b636a74ed198405b8ee0ce61eb,1,
4093,3964,2024-11-19,Amazon Pay,167.9,Successful,txn_7e4add48d97e49a197d07f0fb8c01fd1,1,
4094,3965,2025-05-04,Credit Card,417.89,Successful,txn_8d43162ce54d4a61bfe2f5a7ebca2487,1,
4095,3966,2024-05-11,PayPal,705.24,Successful,txn_4334f4fdb3094e4f92e188f45062cc64,1,
4096,3967,2025-07-06,Credit Card,150.48,Successful,txn_9d4a2549da7243b48519f50b8908680b,1,
4097,3968,2024-04-21,Amazon Pay,451.5,Successful,txn_5a0207bae7dc40ba821136abe7574fb6,1,
4098,3969,2025-12-01,Debit Card,387.02,Successful,txn_fd28b5bcdc3b4b7093091715b199019a,1,
4099,3970,2025-10-04,Credit Card,56.54,Successful,txn_5ea400a91e934966b9bd96703ab08c14,1,
4100,3971,2025-02-20,PayPal,210.6,Successful,txn_180a337735e54a9fa0489002efe43a19,1,
4101,3972,2024-04-19,Amazon Pay,96.04,Successful,txn_71cbc9e1b3ad4182a02275ed1588f834,1,
4102,3973,2024-08-07,PayPal,1488.3,Successful,txn_5f3d30f32f1f4e669fbfd76e88304893,1,
4103,3974,2024-08-22,Gift Card,107.72,Successful,txn_53a61e1d44f647a9bfc7fc0bc775088e,1,
4104,3975,2025-04-05,Credit Card,517.38,Successful,txn_89e61a8e4ef94f1cb37968928f672b68,1,
4105,3976,2024-02-18,Debit Card,480.99,Successful,txn_e8415a298dd946fe9afad1d6a57daca5,1,
4106,3977,2024-04-20,PayPal,230.44,Successful,txn_32f5e82f536e4adba2439e0c3a542110,1,
4107,3978,2024-05-04,Amazon Pay,204.78,Successful,txn_33330ab7005942d58cd3bc55a9ad5ee9,1,
4108,3979,2025-08-24,PayPal,446.88,Successful,txn_f49ad3dbb1a5477790adb1928c1f9d17,1,
4109,3980,2024-10-21,Gift Card,100.32,Successful,txn_e90e1a368bfb47798253554ef16f4063,1,
4110,3981,2024-05-30,Credit Card,257.28,Successful,txn_85c4696a42324e898d51f2251512ca97,1,
4111,3982,2025-08-20,Amazon Pay,548.88,Failed,txn_3d78b33604d14fe690380cfd85518957,1,
4112,3982,2025-08-20,Amazon Pay,548.88,Successful,txn_be0c1dcc4da648fe8cf05dd3a32d698b,2,4111.0
4113,3983,2025-01-11,Amazon Pay,86.3,Successful,txn_b0f289f8d2384e18ac515c194b9fd634,1,
4114,3984,2024-06-12,Gift Card,72.03,Successful,txn_8cf18d98bef64b48bd65991550a2fba1,1,
4115,3985,2024-05-23,PayPal,274.44,Successful,txn_af2647b4e51e43789b8eb9ec3f62fba0,1,
4116,3986,2025-11-12,Credit Card,274.61,Successful,txn_dfb2d83c166e4490b85472eb9bd256fc,1,
4117,3986,2025-11-12,Gift Card,294.91,Successful,txn_84070fcdeced45d39a17565659391f45,1,
4118,3987,2025-10-24,Amazon Pay,342.31,Successful,txn_55242d97d551417ca88efa70ae2322c0,1,
4119,3989,2024-09-09,Amazon Pay,695.64,Successful,txn_64f812e878b747989fbc3d758b77d2ec,1,
4120,3990,2024-02-26,Debit Card,102.3,Successful,txn_619b3eb639a54b78af191bcdb64cf976,1,
4121,3991,2024-06-21,PayPal,335.8,Successful,txn_71a7d0ca86194b7fa8102df30566adb4,1,
4122,3992,2024-11-27,Credit Card,134.4,Successful,txn_254b396d4ca248429b2a04222e0b382d,1,
4123,3993,2024-03-25,PayPal,505.54,Successful,txn_8cd727dc4cd145a485e2413761845b18,1,
4124,3993,2024-03-25,Amazon Pay,268.5,Successful,txn_1a97178697bf48f79929a97d5b9eacde,1,
4125,3995,2024-11-01,Gift Card,17.83,Successful,txn_43744d1204164fb0a7f2da330bbe9a56,1,
4126,3996,2024-10-17,Amazon Pay,22.14,Successful,txn_0178330eaeab408a99fa007d6a5f2638,1,
4127,3997,2024-11-11,Debit Card,113.55,Failed,txn_0b22dd400d0245c481c9ceec053063b5,1,
4128,3997,2024-11-11,Debit Card,113.55,Successful,txn_e2410545d5c1423b80c11d7e14bb5509,2,4127.0
4129,3998,2025-12-07,PayPal,128.07,Failed,txn_eb3642cc474149e9a32ed046d6e1a363,1,
4130,3998,2025-12-09,PayPal,128.07,Successful,txn_d8ddcd3b4006443c8887b3fa057b0b16,2,4129.0
4131,3999,2024-04-21,Credit Card,89.28,Successful,txn_0c967f22c4b14176bd65102da9630b27,1,
4132,4000,2024-01-30,Credit Card,96.66,Successful,txn_256aed4b4ac0407bb4853ba1368ee413,1,
4133,4001,2024-12-16,Credit Card,307.68,Failed,txn_375283c8a8484c249e428fe98998b8fb,1,
4134,4001,2024-12-18,Credit Card,307.68,Successful,txn_b5be290281544c88b5faf905c57defba,2,4133.0
4135,4002,2024-07-22,Gift Card,774.04,Failed,txn_d29ab27d08c34b01aaa3a38b9614f0e9,1,
4136,4002,2024-07-23,Gift Card,774.04,Successful,txn_1ec7990fe90e42b6a1cc912f97cd200c,2,4135.0
4137,4003,2025-06-22,Amazon Pay,160.08,Successful,txn_e57833908b544a02aa51a4d181986e85,1,
4138,4004,2025-06-25,Debit Card,141.13,Successful,txn_e92eb186c5f94cab8434fdd5ab0a1bb6,1,
4139,4005,2024-12-23,PayPal,196.96,Successful,txn_f1dab228adb8412aa88eef5cf2a860ac,1,
4140,4006,2024-08-26,Amazon Pay,204.74,Successful,txn_d6605ead81804f8e9552208abc435c4d,1,
4141,4007,2024-05-07,Amazon Pay,423.85,Successful,txn_1c737cb3db3e4ef994e154fc40263271,1,
4142,4008,2025-12-29,Gift Card,668.76,Successful,txn_1cfece377d024ba9b8f4e4a418ce0ef1,1,
4143,4009,2024-03-18,Gift Card,44.64,Successful,txn_2d91882c11c44d58949e504884b4193c,1,
4144,4010,2025-01-01,PayPal,486.21,Successful,txn_6cf9b14d1b32407cadea6b85976c05c2,1,
4145,4011,2024-04-03,PayPal,53.86,Successful,txn_7dac244e3bcf40128ea86f87068cb8e5,1,
4146,4012,2025-07-23,Credit Card,1242.66,Successful,txn_768882d310b54c498cf48ab0d6b5abe9,1,
4147,4013,2025-11-30,Gift Card,104.49,Successful,txn_964f6103cc7b4abfaead9ab2c5b66212,1,
4148,4014,2025-10-17,Credit Card,106.02,Successful,txn_624d7c2c8adc49b9869866ec8f4d1a61,1,
4149,4015,2025-01-26,Amazon Pay,445.84,Successful,txn_5b544b84cb774a1ba38f9788dea8a14b,1,
4150,4016,2024-11-21,Credit Card,97.62,Successful,txn_abb1b415ab93462bb89f2ca473c355ee,1,
4151,4017,2025-09-30,PayPal,353.12,Successful,txn_58ad52650e0e447e9154156e2a930d15,1,
4152,4018,2024-04-14,Amazon Pay,26.57,Successful,txn_301332707e95404d88c3e55f3b305d84,1,
4153,4019,2024-06-17,Gift Card,1253.62,Successful,txn_0f67e92e96f04042acf62b37bef1320f,1,
4154,4020,2024-08-06,Debit Card,244.98,Failed,txn_de899688303c4ce2a3e2305d3ab3204e,1,
4155,4020,2024-08-06,Debit Card,244.98,Successful,txn_2dc35868e0274dd58dbb00b387caffd5,2,4154.0
4156,4021,2024-10-28,Amazon Pay,93.95,Successful,txn_aecd114d73ba47f1928525eca5e30b8e,1,
4157,4023,2025-11-20,Credit Card,110.18,Successful,txn_693602c7c7974545b6388d3a3a75cce0,1,
4158,4024,2024-05-18,Debit Card,472.02,Successful,txn_6d0572375b224e3abfd2658e6494da25,1,
4159,4025,2025-01-13,Debit Card,8.59,Successful,txn_e01c84296514439f9bdc76742e9a13a9,1,
4160,4026,2025-04-18,Amazon Pay,295.2,Successful,txn_b4f1f5dedb084501858f588290055b94,1,
4161,4027,2025-09-18,PayPal,330.54,Successful,txn_6b7794add3dc42f5a6b49fccf01d7c0f,1,
4162,4029,2024-06-11,PayPal,252.78,Successful,txn_8ed0e75f754d44c590489b5b38962dc6,1,
4163,4030,2024-08-31,Amazon Pay,417.89,Successful,txn_2eef41a468c1461a8827ca2fc6ef4e3b,1,
4164,4031,2024-12-02,PayPal,539.22,Successful,txn_1617f92f8ade4b7a86514e331674fe27,1,
4165,4032,2025-03-17,PayPal,1337.83,Successful,txn_715b6f7b0dcf4ac29d3da9ef8f6bf24e,1,
4166,4033,2024-12-12,Amazon Pay,55.53,Successful,txn_621a9cdeac894a6aa778b8b4f04272d5,1,
4167,4034,2024-02-27,PayPal,166.59,Failed,txn_afa02ca4236c40bca11479b68560114b,1,
4168,4034,2024-02-27,PayPal,166.59,Successful,txn_5a616ac52c394d88b7b0128e4c84efe0,2,4167.0
4169,4036,2025-05-03,PayPal,340.08,Successful,txn_aa627087a70e43bbb7b7bf595639fdc1,1,
4170,4037,2024-06-21,Amazon Pay,59.04,Successful,txn_caf600044f15434da0c6d0b8f2f05062,1,
4171,4038,2025-11-08,Amazon Pay,537.04,Successful,txn_93fc38996b0f45aba8b197c81b1536e9,1,
4172,4039,2024-09-14,Gift Card,26.8,Successful,txn_ef02cef8c8984029a7c54cb0ff9c411c,1,
4173,4041,2025-11-04,Amazon Pay,283.44,Successful,txn_84a299a288f840cd94bf407ac5af94dd,1,
4174,4042,2024-05-14,Gift Card,583.68,Successful,txn_e359ec5a5e8f43aa9c72a63949598003,1,
4175,4043,2024-04-30,Debit Card,175.75,Successful,txn_53229325684e482096e41c88b9994e24,1,
4176,4044,2024-12-27,Gift Card,34.78,Successful,txn_5d8a1eca4eed4e74902a1c9396f902d5,1,
4177,4045,2024-02-06,Credit Card,340.38,Successful,txn_b98a28a6cbe745d3a5f0c0125fbbcb75,1,
4178,4046,2025-07-05,Gift Card,277.65,Successful,txn_b86bf0c8009d499f940d737add4c24f2,1,
4179,4047,2025-08-27,Debit Card,300.16,Successful,txn_69f21109527540ffa4f713b4fbe12d54,1,
4180,4048,2025-09-06,PayPal,1253.62,Successful,txn_c17ced6818194448b6571cefbcc83ce0,1,
4181,4049,2025-08-10,Gift Card,23.36,Successful,txn_eadfe4760fc7487986fccc7ff511adf1,1,
4182,4050,2024-06-03,Gift Card,212.04,Failed,txn_5aa8b02f79154fb8adfb46cb6d99bb29,1,
4183,4050,2024-06-03,Gift Card,212.04,Successful,txn_8adabaf634a84ae78266471408d953ac,2,4182.0
4184,4051,2024-05-22,PayPal,1453.95,Successful,txn_43b2f913cb034affafaf43d0164e8a31,1,
4185,4053,2025-03-03,Amazon Pay,389.12,Successful,txn_28e0381903a144a49c9a6f09a6bf5222,1,
4186,4054,2024-01-03,Amazon Pay,1337.83,Successful,txn_dbf5a1b3350343de8b7b7d2fbefc8ee0,1,
4187,4055,2025-06-29,Gift Card,63.4,Successful,txn_c647b33286474d519d275b68142ed9d4,1,
4188,4056,2025-10-30,Credit Card,81.75,Successful,txn_da65b8cf519e4e1a89ed7bbadbf0874c,1,
4189,4057,2024-10-05,Amazon Pay,63.9,Successful,txn_5c383b2b6cc94de0a483bea5979da54f,1,
4190,4057,2024-10-05,PayPal,179.93,Successful,txn_2c9a929f7c8a4e9f8ceac872e49ac8ed,1,
4191,4058,2025-02-14,Gift Card,60.6,Failed,txn_ae7c6139f9694e7c83335208cff912a4,1,
4192,4058,2025-02-15,Gift Card,60.6,Successful,txn_ee1887b6e24f4d2eb9d7e6739d3896ff,2,4191.0
4193,4060,2024-11-15,Debit Card,45.66,Successful,txn_e34f1dcb27e44f349f489edfe2aa826f,1,
4194,4061,2025-04-08,Amazon Pay,57.61,Successful,txn_943f9e9a68ee41f38b45a8336a56a124,1,
4195,4062,2025-06-26,Credit Card,471.68,Successful,txn_9fbb9cba294e42d9832d81d998fb15c8,1,
4196,4063,2024-03-23,Debit Card,175.32,Successful,txn_b42d52107cb348c0b495586ce5dad42f,1,
4197,4064,2024-07-26,Gift Card,58.68,Successful,txn_e6bd135880204f80896718187d2dda99,1,
4198,4065,2025-11-05,Credit Card,301.83,Failed,txn_ef72337e910b450da5b03e4dfbec9920,1,
4199,4065,2025-11-05,Credit Card,301.83,Successful,txn_25676f5ba0c9401c846012dd96912009,2,4198.0
4200,4066,2025-12-30,Amazon Pay,42.69,Successful,txn_9374b0dd89c74767b2ad7221bc5e4f0f,1,
4201,4067,2024-08-08,Debit Card,695.64,Failed,txn_3b4b4ee10d3e4ae0abb9e5125191009e,1,
4202,4067,2024-08-10,Debit Card,695.64,Successful,txn_a310e2b3f92d4975b6adaa5f3eadf9a4,2,4201.0
4203,4068,2024-02-09,Credit Card,117.26,Successful,txn_ee5c8195ed29425781b6214451645bdd,1,
4204,4069,2025-11-07,Credit Card,232.3,Failed,txn_766fa9308df14e3d82eb778e61041a6a,1,
4205,4069,2025-11-07,Credit Card,232.3,Successful,txn_8f6c806a22a54adaa4ff5ac74dbd3a1f,2,4204.0
4206,4070,2025-02-21,Gift Card,430.89,Successful,txn_3884e1b6f23d4da890b463de58263f44,1,
4207,4071,2024-05-31,Amazon Pay,163.5,Successful,txn_163814cdcd8b47349a72fc8adc20e047,1,
4208,4072,2025-01-28,Credit Card,675.46,Successful,txn_95a3f74b83d0494889958502f284fbe8,1,
4209,4073,2025-05-26,Amazon Pay,341.91,Successful,txn_6a66197a449e457db6828237a9805779,1,
4210,4074,2025-12-12,Gift Card,564.84,Failed,txn_ab3588adde134c1ba87d00f850ecc210,1,
4211,4074,2025-12-12,Gift Card,564.84,Successful,txn_47c0598cf1d84267be1d42ad319f6d46,2,4210.0
4212,4075,2024-10-05,Amazon Pay,703.0,Successful,txn_b3c74d73b67c442cad68ed81c8445307,1,
4213,4076,2024-11-15,Credit Card,204.74,Successful,txn_1f7fd693564249369a29910b3e52a2c1,1,
4214,4077,2024-12-16,Credit Card,108.72,Failed,txn_9d0c3caf3bb949c69e0e012f8b76921b,1,
4215,4077,2024-12-16,Credit Card,108.72,Successful,txn_7c562df8d75a4897a676a2180626c21a,2,4214.0
4216,4078,2024-09-17,PayPal,981.2,Successful,txn_a72a54b9343149eb9b3fb70d61255a12,1,
4217,4079,2025-08-16,Amazon Pay,969.3,Successful,txn_1bc4c354ba874f209c9a6b69b67a763b,1,
4218,4080,2025-12-23,Credit Card,311.97,Failed,txn_f68a315ef5264fa088ab6e67322bc1e4,1,
4219,4080,2025-12-25,Credit Card,311.97,Successful,txn_2b1da44eb5c3458aa4d9e8d89a5f2b87,2,4218.0
4220,4081,2025-11-19,Credit Card,281.85,Successful,txn_79293bcccd7e48e780d089e6c9738a4c,1,
4221,4082,2024-10-03,Gift Card,160.49,Successful,txn_97a9463191a346df94783935cdcd77e3,1,
4222,4083,2025-09-20,Credit Card,65.03,Successful,txn_962a67ba8264431b874dc87e946ea928,1,
4223,4083,2025-09-20,PayPal,129.37,Successful,txn_3ea78c2853744e7884e18c3c1c95a454,1,
4224,4084,2025-02-24,Debit Card,88.28,Successful,txn_fb008367ed594520a6b080a2d0c5639b,1,
4225,4085,2024-07-16,Gift Card,86.64,Successful,txn_68bb9a6892984998911b64e23b9c32c4,1,
4226,4086,2024-08-12,Credit Card,455.88,Successful,txn_09f53f18d11541f4ab8a52693cd85612,1,
4227,4087,2025-05-20,Debit Card,26.57,Successful,txn_8d7ca21c61fe46a488313dd752425b14,1,
4228,4088,2025-10-16,Credit Card,325.2,Successful,txn_68ffcaadff4748b385065ecf7ecd138a,1,
4229,4089,2024-10-27,Amazon Pay,17.83,Failed,txn_95314008b30744159364b54ae797d6bc,1,
4230,4089,2024-10-29,Amazon Pay,17.83,Successful,txn_a581cd327d2a4c22ac8b1b7d717a909f,2,4229.0
4231,4090,2025-12-11,Amazon Pay,92.86,Successful,txn_e0150239210146208278c99c28eb6a9b,1,
4232,4091,2024-01-29,Credit Card,912.0,Successful,txn_81d6c60564d44a60884f6af1c075a08a,1,
4233,4092,2025-09-03,Debit Card,50.16,Successful,txn_820f3083fc7044529a2f7fcabdc36a02,1,
4234,4093,2025-09-25,Gift Card,154.63,Successful,txn_4af519146cd84a71a4c9e90d7a38e16d,1,
4235,4094,2024-12-08,Debit Card,210.6,Successful,txn_9fc856ff7a35403d96ecaaf1024c06f5,1,
4236,4095,2025-03-15,Amazon Pay,28.38,Failed,txn_d9aa221daa814028a1456138abb692d2,1,
4237,4095,2025-03-16,Amazon Pay,28.38,Successful,txn_d616f6bd2d6a4ddb98d8a9efbbff51c1,2,4236.0
4238,4096,2024-07-03,Credit Card,78.24,Successful,txn_68d27fbee7b8411cba2b5aebfbef1b17,1,
4239,4097,2025-08-28,PayPal,64.5,Successful,txn_a766630db2374792a2744a221c03d474,1,
4240,4098,2025-11-29,Amazon Pay,161.37,Successful,txn_23c82db6b3cf4f058d05327bca206d2d,1,
4241,4099,2024-11-26,Gift Card,320.16,Successful,txn_bcffced423ed4523a4ab240062ff8c94,1,
4242,4100,2024-03-15,Gift Card,47.22,Successful,txn_1cca83ff70f14ae88dea3b5b15b003aa,1,
4243,4101,2024-02-03,PayPal,287.26,Successful,txn_1c5ef032f8194cb7a4b8b3b3aaa075d6,1,
4244,4103,2024-08-28,Amazon Pay,115.12,Successful,txn_972999066062481ba595a9180be2c291,1,
4245,4104,2024-02-18,Credit Card,81.81,Successful,txn_89550a81de2f412595c2e2d5e8fcfda2,1,
4246,4105,2024-05-30,Debit Card,725.04,Successful,txn_ecd205522d9c4f148f7199ce5accbe24,1,
4247,4106,2025-10-02,Amazon Pay,668.76,Successful,txn_4f8d9c4f459a4de1a41aa34a58905ade,1,
4248,4107,2025-03-12,Amazon Pay,170.76,Failed,txn_76ce1d85ed4d4f5a8ccc000f36e6cc2c,1,
4249,4107,2025-03-12,Amazon Pay,170.76,Successful,txn_087e46d02993477881d85d522429c8ad,2,4248.0
4250,4108,2024-10-22,Gift Card,376.56,Successful,txn_ab00d5905804490897dfb40b002ea4c2,1,
4251,4109,2024-03-27,Debit Card,307.6,Successful,txn_09ed6659630f461c9e171ee1b834701f,1,
4252,4110,2025-07-21,Amazon Pay,295.56,Successful,txn_0f1791ea686e4fa3a9fcb021ab39b5ee,1,
4253,4111,2025-08-10,Gift Card,81.81,Successful,txn_da58605078b249de8e89cc85984c40cd,1,
4254,4112,2024-06-07,Credit Card,160.33,Successful,txn_50267b934d864a12bd668962d90ec584,1,
4255,4113,2024-03-13,Credit Card,446.88,Successful,txn_1d7b5649406c4dc99f77a19749a06e9f,1,
4256,4114,2025-03-15,Gift Card,69.66,Successful,txn_47a4c37b368a4e8281e66d9664003410,1,
4257,4115,2025-11-16,Debit Card,115.28,Successful,txn_2570cfd4b13b45419bc113c4e4b49e4c,1,
4258,4116,2024-06-24,Debit Card,168.48,Successful,txn_c9de6e2bed6a4f0598bffd6e9734e3c2,1,
4259,4117,2024-05-16,Amazon Pay,16.35,Successful,txn_f347f7e30e9f4b759babb3fb35469015,1,
4260,4118,2024-05-02,Amazon Pay,197.4,Successful,txn_cb91e7ddf1784ffebb820e19c7feafb2,1,
4261,4119,2025-06-30,Debit Card,1253.62,Failed,txn_3419af83ef874273b780146ae5ccdc4a,1,
4262,4119,2025-06-30,Debit Card,1253.62,Successful,txn_6eb41e30a0c84964a07eca7ef9283ca0,2,4261.0
4263,4120,2025-01-23,Debit Card,440.31,Successful,txn_0d92d74d76714c8881aa0a3a684d9414,1,
4264,4121,2025-05-15,Gift Card,65.2,Successful,txn_9efa677f466c4328ab2f9ae64772e6e3,1,
4265,4122,2024-04-19,Debit Card,307.17,Successful,txn_9c4cd84f3cb54911b20dbb8fdc23b730,1,
4266,4123,2025-04-23,Amazon Pay,486.21,Successful,txn_1454fe1f37104eafbc270081682f5130,1,
4267,4125,2024-01-03,Amazon Pay,170.31,Successful,txn_a21fff6994d540b29b5869966ec769de,1,
4268,4126,2025-02-06,PayPal,84.57,Successful,txn_522c96d4d8574eebade4d69dbc3a4c02,1,
4269,4127,2025-02-28,Debit Card,265.93,Successful,txn_a16636781eda433aa04e5a17b0c9a2c1,1,
4270,4128,2024-07-06,Debit Card,573.3,Successful,txn_b66c0f9d153344ceac82b9f8ee82ee9f,1,
4271,4129,2025-12-21,Amazon Pay,53.49,Successful,txn_8394bde654c24393b28a48681fa5a50f,1,
4272,4130,2025-07-26,Amazon Pay,311.97,Successful,txn_beb6ce767af846158d8d4a0d8c9732eb,1,
4273,4131,2025-04-30,Credit Card,2976.6,Successful,txn_397aaf9923c74a1e829c7d0f10558211,1,
4274,4132,2025-04-07,Amazon Pay,301.0,Successful,txn_425d318ebd5e45c4b34049ecf20d69c8,1,
4275,4133,2025-04-08,PayPal,27.0,Successful,txn_718e685f7fda49438c43e8b654b663a1,1,
4276,4134,2025-11-20,Credit Card,603.66,Successful,txn_4a6316ab23b2468ebf8cbe9252af1328,1,
4277,4135,2024-01-13,Credit Card,261.36,Successful,txn_d53da4931628413bb6825a60b6d82fae,1,
4278,4136,2025-01-27,Gift Card,521.12,Successful,txn_c521d939767240ecb2b2d28ead90b722,1,
4279,4137,2025-12-21,Debit Card,301.83,Successful,txn_ebc5734cf2fa4562a45eedf0bf1d8369,1,
4280,4138,2025-12-17,Gift Card,223.56,Successful,txn_7a02cbc16de14792923dae9ccd14a010,1,
4281,4139,2025-08-12,Debit Card,496.44,Successful,txn_cc8008fa63f242309e6877baf3f4a8e3,1,
4282,4140,2024-08-22,Debit Card,80.7,Successful,txn_7c80a5989f934ec192b22f6b67ff5811,1,
4283,4141,2025-08-26,Gift Card,107.72,Successful,txn_fe7127daaee04890a63a3d741c72ee19,1,
4284,4143,2025-11-12,Gift Card,102.3,Successful,txn_7f550dc7ab244ad0826143dd43ff5a0a,1,
4285,4144,2024-06-22,PayPal,445.92,Successful,txn_97c0efd06b1c41238e249d481b219f6e,1,
4286,4145,2025-02-16,Credit Card,59.92,Successful,txn_208656eff7e64be0b25529e6432a1730,1,
4287,4146,2025-12-01,Debit Card,227.94,Failed,txn_9f183faaea5a43358fabdbc804bb3186,1,
4288,4146,2025-12-01,Debit Card,227.94,Successful,txn_4e52bb470ff544a4b31fff91d1b1ed07,2,4287.0
4289,4147,2025-06-16,Amazon Pay,19.8,Successful,txn_fff4fc7d8ccf41098e0c0bf8c0b8a0dc,1,
4290,4148,2024-05-01,Gift Card,185.1,Failed,txn_5d59a37e291d4db798f05d51a2b92327,1,
4291,4148,2024-05-02,Gift Card,185.1,Successful,txn_65903959135d46c589e7089cac112204,2,4290.0
4292,4149,2025-12-06,Debit Card,200.64,Successful,txn_05c58dcfa3a3476bbb6771dfb8aa1ae8,1,
4293,4150,2024-04-14,Gift Card,126.39,Successful,txn_087c720001b84c7081803dc4fd0a9208,1,
4294,4151,2025-12-30,Gift Card,102.56,Successful,txn_188bafa8885646bf82ff507dee1c3cbb,1,
4295,4152,2025-05-16,Gift Card,576.3,Successful,txn_9995475163dd4debbb0ce6dbe2060852,1,
4296,4153,2024-02-07,Debit Card,828.44,Successful,txn_ef4cc38e38a34d22b41e87c476e9d6e8,1,
4297,4154,2024-03-22,Debit Card,393.04,Successful,txn_f8c9a7fb31884661a65d8b972d877006,1,
4298,4156,2024-07-12,PayPal,34.1,Successful,txn_93acafbde01c44b4bff69b4a47faa5ae,1,
4299,4159,2024-05-13,PayPal,684.62,Successful,txn_46dac397f28f484c88504f028eb66a91,1,
4300,4160,2024-06-11,Gift Card,104.49,Successful,txn_b478125d7e494f3f86a6fca40d1729bc,1,
4301,4161,2024-10-06,Gift Card,160.08,Successful,txn_99933088ad9d4693b2f45ea485dc87ed,1,
4302,4162,2025-02-28,Gift Card,40.4,Successful,txn_3cbb0fdec9ba4ca1b061b024fe882713,1,
4303,4163,2024-02-03,Debit Card,481.47,Successful,txn_af554acce6a543c38bdc94539fb55c4c,1,
4304,4164,2024-01-05,Debit Card,134.0,Failed,txn_7065075c5c084637b17bdffda52a6f3d,1,
4305,4164,2024-01-06,Debit Card,134.0,Successful,txn_0849d3b40405414d93c39a7221ba59f8,2,4304.0
4306,4165,2025-09-29,Debit Card,39.12,Successful,txn_f668a619d8d9400e9c30c9a4ca630b0a,1,
4307,4166,2024-05-10,Credit Card,59.04,Successful,txn_7fbd56bd3f0943c5895d24e6f53f09b0,1,
4308,4167,2025-10-05,Credit Card,639.02,Successful,txn_4f9ca10293a7475abd5fa03c52c634df,1,
4309,4168,2024-11-11,PayPal,1011.84,Successful,txn_73c7df29896a4aee81ccbb533c0726bf,1,
4310,4169,2024-09-25,Amazon Pay,58.63,Successful,txn_a4e547b0fd5e4548934e0be9fe979fd3,1,
4311,4170,2025-12-06,Credit Card,309.26,Successful,txn_166311f793e94247bdf9e261e394838b,1,
4312,4171,2025-12-15,Debit Card,668.76,Successful,txn_c4d4e1f8418e4f1cab853cc2097d52f6,1,
4313,4172,2025-12-18,Debit Card,681.24,Successful,txn_3684eb9e9df044519b239192a58e29ef,1,
4314,4173,2024-02-22,Credit Card,45.42,Successful,txn_e756f0016eaf49499c44ed8a297b8d84,1,
4315,4175,2024-05-14,Debit Card,260.56,Successful,txn_18a3d456a67c4b2a9720caedb959eb4c,1,
4316,4176,2025-11-14,PayPal,76.9,Successful,txn_f3ba3a25ecde4a3d93631726125c26d1,1,
4317,4177,2024-04-22,Gift Card,493.39,Successful,txn_8cebe69c26a34357acad70d2b44e2567,1,
4318,4179,2024-06-22,Debit Card,148.96,Successful,txn_fabccae5bc234a559082f86268694895,1,
4319,4181,2024-11-24,Amazon Pay,56.57,Successful,txn_d37f856c879a404f94a42121d29c9dda,1,
4320,4182,2024-04-17,Credit Card,91.32,Successful,txn_de6977730c5149899d274f96f52b007a,1,
4321,4183,2025-11-23,Debit Card,294.78,Failed,txn_027fee5ae9a24221ad1833c4ac6dd667,1,
4322,4183,2025-11-24,Debit Card,294.78,Successful,txn_2bb0b48d3afe4cea824983795aa6d802,2,4321.0
4323,4184,2025-03-28,Credit Card,470.16,Successful,txn_1c7dd2aef43540f68b8424d37b12a633,1,
4324,4185,2024-03-10,PayPal,636.12,Successful,txn_325a79fd2dd4459684f7c6e7c0b712dd,1,
4325,4186,2024-08-23,Gift Card,1250.3,Successful,txn_fb181d97e306451299de683cac355998,1,
4326,4187,2025-12-29,Debit Card,1026.93,Failed,txn_6db16954bfa44462875bf38d1b2a7d16,1,
4327,4187,2025-12-30,Debit Card,1026.93,Successful,txn_0a5ba327a4964ac4a5c9570dcad3c8f1,2,4326.0
4328,4188,2024-03-18,Gift Card,34.29,Successful,txn_638cf649f1a14b56a67ab4d59c0dae6f,1,
4329,4188,2024-03-18,Credit Card,55.59,Successful,txn_b216fa79e7c541ca9f0b7550be026634,1,
4330,4189,2025-12-15,Credit Card,2285.38,Successful,txn_d7c5f4b81eba4030a17a83c75655e1a5,1,
4331,4190,2025-10-08,PayPal,253.75,Successful,txn_55c35b44fe6e4efcafe008c961298ecb,1,
4332,4191,2024-12-24,Credit Card,321.09,Successful,txn_763d093bff3940b5b346b82ced0ef450,1,
4333,4192,2025-06-08,Amazon Pay,192.55,Successful,txn_8f6256d887c24644821811791781ca67,1,
4334,4193,2025-10-29,PayPal,199.94,Successful,txn_114e8db40e8f4bc095148b8207909d1f,1,
4335,4194,2025-10-14,Credit Card,180.09,Successful,txn_d7494acdd7004146aa7708ab3312128a,1,
4336,4195,2024-12-24,PayPal,32.7,Successful,txn_d6ae3f2c9ded4da0a41d43d5763ac192,1,
4337,4196,2024-02-14,Debit Card,254.13,Successful,txn_3742ba54280f435cbe9851475ebd2035,1,
4338,4198,2025-09-28,Amazon Pay,408.75,Successful,txn_bd08d233a68a49e384331129fe5e9861,1,
4339,4199,2024-08-04,Gift Card,46.43,Successful,txn_fda71e0f2c3b43e18b8139c10f829eb2,1,
4340,4200,2025-10-22,Credit Card,913.46,Successful,txn_aaa72706cba34333bb9eabac1d9d0a86,1,
4341,4201,2025-03-18,Debit Card,54.36,Failed,txn_a4e2ed63e4b84b32aaa3389905783b1d,1,
4342,4201,2025-03-19,Debit Card,54.36,Successful,txn_87f68677d2ec40ec8016db51c587104a,2,4341.0
4343,4202,2024-12-23,Gift Card,51.24,Successful,txn_668d7beaf8dd4b248cb51e61e6cbb931,1,
4344,4203,2025-08-28,Gift Card,17.83,Successful,txn_1ab834a5afc9465fbd2709455a731b4c,1,
4345,4204,2024-12-06,Credit Card,445.84,Successful,txn_980f2fd9a4b04b8a8f5721369f44ba3a,1,
4346,4205,2024-11-21,Debit Card,668.76,Successful,txn_69cf259592a24d32bdd7f632031b6d94,1,
4347,4206,2024-09-20,Debit Card,296.12,Successful,txn_ba072d6a9cc04ad5b74eaf9c0b9ef5fe,1,
4348,4207,2024-08-08,Debit Card,577.65,Failed,txn_a5017d9745f045afb39d0987f2fa52b5,1,
4349,4207,2024-08-08,Debit Card,577.65,Successful,txn_adb40f0342524da790ab72bf3668362a,2,4348.0
4350,4208,2024-09-29,Credit Card,794.7,Successful,txn_2c1ae9945db94ffe8935894ed266a7a2,1,
4351,4209,2024-03-04,Amazon Pay,826.06,Successful,txn_aae47a5c8496497299442ae64ff441bf,1,
4352,4210,2025-05-18,Gift Card,540.27,Successful,txn_e55e49dc9eda4332a88b4df4d747d843,1,
4353,4211,2025-01-14,Debit Card,46.43,Successful,txn_3183769899454ce5895eaafb818b1aec,1,
4354,4212,2024-03-23,PayPal,196.52,Successful,txn_e70df68f480648799a308805b5167d35,1,
4355,4213,2025-04-16,Gift Card,403.44,Successful,txn_d6fa6be62e47442ab696a2064468375f,1,
4356,4214,2025-12-11,Amazon Pay,189.95,Successful,txn_7e555911a53e4692a7cc393def878e0e,1,
4357,4215,2025-09-15,PayPal,1515.73,Successful,txn_a2eac2752d1c46c3bd9508564463befa,1,
4358,4216,2024-01-24,Gift Card,2609.46,Successful,txn_611fcfbeee664971ab4ffa307362f353,1,
4359,4217,2025-08-07,Debit Card,5.05,Failed,txn_9764b8f907b649099e933fef67b02929,1,
4360,4217,2025-08-08,Debit Card,5.05,Successful,txn_38759e320d52432d8f1d8394c34f79e2,2,4359.0
4361,4218,2024-11-19,Credit Card,325.2,Successful,txn_992f5ce430864a568874e8d56127e9dd,1,
4362,4219,2024-09-08,Credit Card,46.43,Failed,txn_e9e5e7c2c23b4b04b81854828925cc1a,1,
4363,4219,2024-09-10,Credit Card,46.43,Successful,txn_53ae28b2b3244373b0c1f5d35ef4f02f,2,4362.0
4364,4220,2025-10-31,PayPal,320.16,Successful,txn_94e1d41181414e9495b25d22d403f018,1,
4365,4221,2025-03-08,Credit Card,106.28,Successful,txn_6f2a72dd7f3b45589876200e9d7c2826,1,
4366,4222,2025-01-08,Debit Card,703.0,Failed,txn_f43462bd15804d5ab2e36b10ff53ffd2,1,
4367,4222,2025-01-08,Debit Card,703.0,Successful,txn_d26672d7b8ae4968ab1ebb84ee71f41f,2,4366.0
4368,4223,2024-09-26,PayPal,258.69,Successful,txn_75ea97db115e4ed0a6ff352e21596e32,1,
4369,4224,2025-03-23,Debit Card,78.38,Successful,txn_520359c4fc4443e5affc66ced09594e7,1,
4370,4225,2024-11-29,Amazon Pay,126.39,Successful,txn_4f73bc3e677c451ab2ac6ab394597a24,1,
4371,4226,2024-07-03,Credit Card,139.38,Successful,txn_8fca9b6bd2ff4719922168c9c9e849cf,1,
4372,4227,2025-11-07,Gift Card,281.07,Successful,txn_7fc79692972a4c8ab3ffeb31e36d9040,1,
4373,4228,2025-12-31,Credit Card,65.4,Successful,txn_d60dd9abe724467792a7502250b5130a,1,
4374,4229,2025-09-04,Credit Card,21.81,Successful,txn_b228e1c94b0546bbab32ba489362523f,1,
4375,4229,2025-09-04,Debit Card,6.97,Successful,txn_78db97f6f0fa447dbac0a62db057223a,1,
4376,4230,2025-06-21,Amazon Pay,345.84,Successful,txn_77582ef5a98c4813aae1c9c1f48657ee,1,
4377,4231,2025-05-19,PayPal,56.54,Successful,txn_679bf383cad043dda2087f9f618906c1,1,
4378,4232,2025-10-27,Debit Card,29.42,Successful,txn_645866e67d254277a0fa1eb0295f0fc7,1,
4379,4233,2024-12-11,Credit Card,146.77,Successful,txn_003a70cdf83548989a66d10deb6fd952,1,
4380,4234,2025-08-06,Credit Card,92.86,Successful,txn_ac040d0c3aa041d6ac3a98aae03f477e,1,
4381,4235,2025-05-11,Amazon Pay,329.0,Successful,txn_2e10de72114147a7b59ff1367226813f,1,
4382,4236,2024-09-18,Credit Card,573.3,Successful,txn_7f7988eb2757418a835751d570f3cb74,1,
4383,4237,2025-02-20,PayPal,157.89,Successful,txn_3f364828cfa74edaa37bce6b05993241,1,
4384,4238,2025-03-31,Amazon Pay,321.09,Successful,txn_cbe6c51e0ae24d0c9076c1b3241e793b,1,
4385,4239,2024-06-21,Debit Card,172.6,Successful,txn_37b709e761ae49c48b17eed50b3b1e72,1,
4386,4240,2024-11-14,Credit Card,64.5,Successful,txn_1da5baf5bb1f402db0a8ab424fa8cf65,1,
4387,4241,2025-06-13,PayPal,491.3,Successful,txn_3b9e91eb032c4f9888966710f320c4af,1,
4388,4242,2024-11-14,Credit Card,32.06,Successful,txn_520b181f86e64659ac65b76a9d20a615,1,
4389,4243,2024-11-09,Amazon Pay,668.76,Failed,txn_73e2907ed5874287aed3a42c2877f156,1,
4390,4243,2024-11-10,Amazon Pay,668.76,Successful,txn_51a3f9cce1dc496faba33632c443abe8,2,4389.0
4391,4244,2024-12-09,Gift Card,98.25,Failed,txn_a549e942733740d2a5ad50408dda53e5,1,
4392,4244,2024-12-09,Gift Card,98.25,Successful,txn_65a8cc5f1fad4896ba23dfd728c8d91d,2,4391.0
4393,4245,2025-09-27,Credit Card,1834.42,Successful,txn_7f141cca2bf64441b69a33ecc9f1f149,1,
4394,4246,2024-01-23,Amazon Pay,150.6,Successful,txn_d1e2de7d53484ebb86b98fe466898fa2,1,
4395,4247,2024-10-10,Gift Card,49.18,Successful,txn_eea753b940144e8fa99f4f685b6ed5ba,1,
4396,4248,2025-09-27,PayPal,320.66,Successful,txn_0d5144a6d749483e90df05f9d704a937,1,
4397,4250,2025-01-07,Debit Card,83.05,Successful,txn_8b141e96825f42e1aa9df9510df80953,1,
4398,4251,2025-07-17,Amazon Pay,421.56,Successful,txn_e10c77dbfa9346c49f5154079524a052,1,
4399,4252,2025-03-23,Gift Card,1488.3,Successful,txn_8bd8ec71b6eb4bd082aa5cecea8047fd,1,
4400,4253,2024-08-06,Credit Card,46.38,Successful,txn_c98ddb6262e9413f93df4a1e5f431976,1,
4401,4255,2025-03-14,Credit Card,899.79,Successful,txn_d77ec682ba9d45c89ce314a4d058bba2,1,
4402,4256,2025-04-28,Credit Card,301.0,Successful,txn_adff3a62c47d49db855726f8c85ddf3f,1,
4403,4257,2025-03-07,Credit Card,470.16,Failed,txn_4da5773716bd4b628aca3e828f1c8538,1,
4404,4257,2025-03-08,Credit Card,470.16,Successful,txn_ad4472da6a5b483e8ad10cc2f1a6a192,2,4403.0
4405,4258,2024-02-16,Amazon Pay,253.6,Successful,txn_8682a2fce37f4a2885f7209eaeb59e3f,1,
4406,4259,2024-05-28,Credit Card,156.09,Successful,txn_513a939f45d7403ba4031941106d4d6e,1,
4407,4260,2024-06-14,Debit Card,456.73,Successful,txn_610af4b58f1649d48080a2fdc0f00fc6,1,
4408,4261,2024-07-14,Credit Card,66.44,Successful,txn_6f84771db37a427eaa3af9e7d7fd9c88,1,
4409,4262,2024-02-05,Debit Card,972.42,Successful,txn_b3429d473ec749678eab39f70cc26598,1,
4410,4263,2024-07-07,Credit Card,34.83,Successful,txn_54fb81bcb32e4cb085f88634d0b30166,1,
4411,4265,2024-07-11,PayPal,461.04,Failed,txn_e6e4bfc9ecfb40028555cf00cac7b6b5,1,
4412,4265,2024-07-13,PayPal,461.04,Successful,txn_86d00a05139542ac8e1f98d7c62bcba4,2,4411.0
4413,4266,2025-10-02,Amazon Pay,208.97,Successful,txn_ec76379f6e404807b2c91c88eab3153c,1,
4414,4267,2024-06-11,Amazon Pay,230.7,Failed,txn_656be11ffa58434790e69e8fc792dae9,1,
4415,4267,2024-06-12,Amazon Pay,230.7,Successful,txn_ca7e54c9e314466d9c8e4fbb9d97f06e,2,4414.0
4416,4268,2025-12-26,Amazon Pay,175.75,Successful,txn_75d8c49f58404ee6b56974d40ae7ef27,1,
4417,4269,2024-09-01,Amazon Pay,72.03,Successful,txn_d3d965cd16d640c9977c772c6781be91,1,
4418,4270,2024-02-26,Amazon Pay,503.7,Failed,txn_a25852c451c64353988c251a3667435d,1,
4419,4270,2024-02-27,Amazon Pay,503.7,Successful,txn_cc704511094a4e4c9bf4fee3448f0ede,2,4418.0
4420,4271,2025-11-27,Debit Card,294.75,Successful,txn_9fece9363e464d9091ebf8eb1281ceba,1,
4421,4272,2025-06-17,Gift Card,30.16,Failed,txn_79eab57b932343d9aea7cfa970385115,1,
4422,4272,2025-06-18,Gift Card,30.16,Successful,txn_e61474e5df6246bcb17f0416fe7e85ed,2,4421.0
4423,4273,2025-01-17,PayPal,49.24,Successful,txn_369db95f4462421a8202e4d0a5d14ec7,1,
4424,4274,2024-01-13,Debit Card,5.4,Successful,txn_4165174a396047d1b4168751b40e3771,1,
4425,4275,2025-09-01,Debit Card,327.0,Successful,txn_fbc2452752b6410197b61e4de3affbf8,1,
4426,4276,2024-11-05,PayPal,274.44,Successful,txn_19057f02728f404eb3cfd6a6c97096b9,1,
4427,4277,2024-06-13,Gift Card,53.86,Successful,txn_b7baa4bbf648413989d984f73c2b74c1,1,
4428,4278,2024-08-17,Amazon Pay,15.15,Successful,txn_4c75836d3de84189805e3d1a5aa5ade4,1,
4429,4279,2024-03-09,Amazon Pay,235.14,Successful,txn_e47a54ba08b9494680aecfb3f6a98898,1,
4430,4280,2025-02-28,PayPal,433.53,Successful,txn_e2d15ead51394d3385d4e6a05e6df2c8,1,
4431,4282,2025-08-10,Gift Card,301.0,Successful,txn_685a1000eb46437dbb45619781d22d40,1,
4432,4283,2024-01-01,Debit Card,156.15,Successful,txn_bf32f205f04a4e99b94542630bbc03b7,1,
4433,4284,2024-04-02,PayPal,491.3,Failed,txn_daae57370c884946b430543ce0855f9f,1,
4434,4284,2024-04-02,PayPal,491.3,Successful,txn_470ad4cbbd0b430e91389a3faf113e6f,2,4433.0
4435,4285,2024-09-21,PayPal,107.58,Successful,txn_7c671023f1e44122b793e5cff8248e8b,1,
4436,4286,2025-05-23,Gift Card,42.12,Successful,txn_e3bfbafbd3e84ad2965d5830d73b4508,1,
4437,4287,2025-08-01,PayPal,17.83,Successful,txn_b681d1d2b5df4385ba6642f2e61e394f,1,
4438,4288,2025-12-07,Gift Card,282.0,Successful,txn_bf761d2562174d228b8215a3f560f70c,1,
4439,4289,2024-01-25,PayPal,58.84,Successful,txn_cb66f9f22b6f4af4b667daa2d582debf,1,
4440,4290,2024-05-13,Credit Card,102.37,Successful,txn_1ee41f66ae8843a6a3c494f674838f46,1,
4441,4291,2025-02-24,PayPal,3031.46,Successful,txn_321e3b2e649b4d6b9aa3fa2cc62a2dfb,1,
4442,4293,2024-05-29,Credit Card,226.28,Successful,txn_325fe011b05b4520a88fbb231128965d,1,
4443,4294,2024-04-27,Credit Card,69.56,Successful,txn_d645a06c43e64211a93fc4e5e61f20ff,1,
4444,4295,2024-11-24,Gift Card,400.2,Successful,txn_d5756f5c084e4024b66c8f5a3a9bd5e3,1,
4445,4296,2025-02-19,Credit Card,254.31,Successful,txn_c945efab3f7b484cb4df67d78365979b,1,
4446,4297,2024-07-18,Debit Card,131.6,Successful,txn_95cf6d9d296940ad8204aea09f7bcb91,1,
4447,4298,2024-07-15,Amazon Pay,282.0,Successful,txn_aaffade69b5345208b37ae94238a53d6,1,
4448,4299,2024-03-25,Credit Card,622.7,Failed,txn_1695e216d2d74fdeb26fc917d54620c9,1,
4449,4299,2024-03-27,Credit Card,622.7,Successful,txn_77ab5b6c0bd64808aa7909c706a9a83c,2,4448.0
4450,4301,2024-05-13,Gift Card,307.11,Successful,txn_e1e622fa9ce647dcb606ddf3546f1500,1,
4451,4302,2024-06-24,Debit Card,480.99,Successful,txn_1a4e28c524c44d4a925b1895a15bdab7,1,
4452,4303,2025-06-23,Gift Card,84.71,Successful,txn_19597a6073ce407abe4187f8809024df,1,
4453,4304,2024-08-16,Credit Card,139.14,Successful,txn_90692b14a4f3414cbbb5add3f0b5f324,1,
4454,4305,2024-02-08,Amazon Pay,327.0,Successful,txn_08af69e81f414d0bb960ebd8e3a8def9,1,
4455,4306,2025-10-18,PayPal,2675.66,Failed,txn_022b2a1cf6f64ce8aceb234bbbcfdeac,1,
4456,4306,2025-10-20,PayPal,2675.66,Successful,txn_a3312dce8c504b769a366ec7340fa87f,2,4455.0
4457,4307,2024-09-30,Amazon Pay,1487.23,Failed,txn_ecca7050a87d4c1a9a73ef1df4dc0013,1,
4458,4307,2024-09-30,Amazon Pay,1487.23,Successful,txn_7d80b986155e42b4a0c4bc3c4747e2e2,2,4457.0
4459,4308,2025-11-18,Gift Card,573.3,Successful,txn_bd658a03b44f42f19453678dab1a713f,1,
4460,4309,2025-09-03,Gift Card,293.54,Successful,txn_5df83c0da9864958a23e1ac65d63fd7b,1,
4461,4310,2025-07-14,Gift Card,917.21,Failed,txn_d88f9589c385409083fa670cd51b822d,1,
4462,4310,2025-07-14,Gift Card,917.21,Successful,txn_25a89a86318d48f7ba868899449e6c08,2,4461.0
4463,4312,2025-04-10,Debit Card,204.78,Successful,txn_d0fa68b973b14b1999adf419dce5bb43,1,
4464,4313,2025-12-12,Amazon Pay,222.92,Successful,txn_9bc741172bdd4b35827ba129324b9746,1,
4465,4314,2024-04-04,Debit Card,192.55,Successful,txn_dcb5d09abca842718bd9868314f3bb40,1,
4466,4315,2024-09-12,Gift Card,166.4,Successful,txn_47b52a416b30464eb444c0a6dbca78ce,1,
4467,4316,2024-12-14,Gift Card,451.5,Successful,txn_30f90dd440ba43d781a3b4adb78a20ab,1,
4468,4317,2025-10-24,PayPal,3928.98,Successful,txn_1efbb7133c354793a5c3b807bffe2311,1,
4469,4318,2024-07-22,PayPal,76.9,Successful,txn_641c0c53e4b94b77bd9989605c30e8a9,1,
4470,4319,2025-04-14,Gift Card,675.46,Successful,txn_537ee312a38c424d8616b07229b81123,1,
4471,4320,2024-07-10,Amazon Pay,97.2,Successful,txn_dedde68e518e471a83327db5866e014c,1,
4472,4321,2025-06-18,Gift Card,140.95,Successful,txn_6894886fab58408fb40ab47cd7b7a076,1,
4473,4322,2024-09-25,Amazon Pay,337.28,Successful,txn_5c90ad05bac04a26b5812e22a4ad3a76,1,
4474,4323,2024-04-01,PayPal,56.54,Successful,txn_ec43155908ac4202b05d10d38f3189fd,1,
4475,4324,2024-04-23,PayPal,129.0,Successful,txn_3e91a89cf3a84bf5a50fde5b68c5d143,1,
4476,4325,2025-01-11,PayPal,477.88,Successful,txn_34130961cbcc4c1b8b3f26ec6631b99c,1,
4477,4326,2025-06-23,Gift Card,813.03,Successful,txn_0f21244e05c0422c9c766836fb674080,1,
4478,4327,2025-06-08,Gift Card,106.02,Successful,txn_0e3b7983dfa34879a7e8f4394f151b5d,1,
4479,4328,2024-09-30,Credit Card,622.7,Successful,txn_8d889de6aeb04c269c8ad3f9efbf688b,1,
4480,4329,2024-07-31,Amazon Pay,3928.98,Successful,txn_0c7ac8940a7045bb938a91df5bea1643,1,
4481,4330,2025-11-08,PayPal,934.05,Successful,txn_ab285fbcdcdb41c3a05a308316f49f35,1,
4482,4331,2024-07-10,Debit Card,924.14,Successful,txn_4b563db6598c4d0ea02a681a3f87891d,1,
4483,4332,2025-04-17,Credit Card,321.09,Successful,txn_2ccc818d4ac643939af78aab7bb62718,1,
4484,4333,2024-10-30,Amazon Pay,46.72,Failed,txn_352c0159a56c488ea2d5cd345950574c,1,
4485,4333,2024-10-30,Amazon Pay,46.72,Successful,txn_568c01a6f47b44f09d4d140de8793722,2,4484.0
4486,4334,2025-09-29,PayPal,718.96,Successful,txn_acfbae89056248279a47743ba399e496,1,
4487,4335,2025-04-28,Debit Card,981.2,Successful,txn_7bac85f645754c65aef84a58e1d30dd5,1,
4488,4336,2025-12-14,Gift Card,332.07,Successful,txn_502d8b4811164b8eb6b51fa8ccc73662,1,
4489,4337,2024-01-05,Debit Card,74.03,Successful,txn_3289c32cd39541768ffa0c88e303c38c,1,
4490,4338,2025-07-24,Amazon Pay,267.84,Successful,txn_945cf5f5fd6b440fa35151f70353427b,1,
4491,4340,2024-02-29,PayPal,899.79,Successful,txn_314549e79bb94c86b3c6a707f89f9b81,1,
4492,4341,2025-06-05,Amazon Pay,351.5,Successful,txn_edbd4d57881a45389259a5365a854793,1,
4493,4343,2024-04-10,Debit Card,67.24,Failed,txn_83f53e54bf954f96a66a43b7b834115e,1,
4494,4343,2024-04-12,Debit Card,67.24,Successful,txn_ea219347a07f46eb8f27822f682c9623,2,4493.0
4495,4344,2025-12-11,Gift Card,244.98,Successful,txn_3baa12eabda5458b9ff6e3881062ac49,1,
4496,4345,2024-05-28,Amazon Pay,1350.92,Failed,txn_69ea80f418304b82ba034f1a6ceccbbd,1,
4497,4345,2024-05-28,Amazon Pay,1350.92,Successful,txn_d86bda9953ab41808a00442cdbafd6fb,2,4496.0
4498,4347,2025-08-05,Amazon Pay,171.52,Successful,txn_9fd3e5da90b345a09a95d4f9ba38b9f4,1,
4499,4348,2025-11-27,PayPal,115.22,Successful,txn_56df3ce25d004f74abeebe9fd70e4bdb,1,
4500,4349,2024-03-16,PayPal,304.0,Successful,txn_1a10507d5f7c4a479f2f4645f38b22af,1,
4501,4350,2025-02-26,Debit Card,548.88,Successful,txn_70502e6f5e4443f0b0cce0fd5b0b525f,1,
4502,4351,2024-01-03,Credit Card,423.84,Successful,txn_09b002ff859647b9baa8aa97b5b871a4,1,
4503,4352,2024-03-27,PayPal,414.22,Successful,txn_75abec6381e344379e0ac897c622184a,1,
4504,4353,2024-12-03,Debit Card,11.07,Successful,txn_9a806701d629442f9ce42566cee514db,1,
4505,4354,2024-12-05,Debit Card,379.17,Successful,txn_4718704994a9485dbea5420627046d24,1,
4506,4355,2025-01-18,Gift Card,59.4,Successful,txn_029e9ae5a35641b8b511df3df5dbfd53,1,
4507,4356,2025-04-13,Gift Card,260.56,Successful,txn_7e44fc9cc1fc42ceb127312c3487d092,1,
4508,4357,2024-01-31,Gift Card,286.65,Successful,txn_861a348ef8b54a318990110a13fa8d99,1,
4509,4358,2025-06-04,Credit Card,174.24,Successful,txn_95d2241e73ba4d0cbdffcb6990481d0e,1,
4510,4359,2024-08-03,Gift Card,169.84,Successful,txn_d148420f441e4ce08bc1c3918f44cf2f,1,
4511,4360,2025-12-12,Debit Card,22.32,Successful,txn_691d91f752f147258019a22f094fa929,1,
4512,4361,2024-02-18,Gift Card,117.57,Successful,txn_f210515c470440f3a3c51d6d669fe62f,1,
4513,4362,2024-11-20,PayPal,430.89,Successful,txn_87fc535898294217a320fb67129a131d,1,
4514,4364,2025-11-24,Amazon Pay,300.16,Successful,txn_504da6927ddf4ac5afb88a9e60c209a2,1,
4515,4365,2025-03-14,Debit Card,53.6,Failed,txn_0273d47143084d54a94271b975526e4f,1,
4516,4365,2025-03-16,Debit Card,53.6,Successful,txn_4e0880cfb6d54a4fac2dd710b867dcb3,2,4515.0
4517,4366,2025-09-24,Debit Card,136.66,Successful,txn_63975e1420f04d169113a114062e8f38,1,
4518,4367,2025-08-06,Credit Card,130.62,Successful,txn_d52b29aab5e54de38e6ce9796002291c,1,
4519,4368,2024-12-30,Gift Card,441.4,Successful,txn_114c4bd1e59440be8153854b84a89bb2,1,
4520,4369,2025-05-23,Amazon Pay,462.07,Successful,txn_c183bdce817d482ca70d66876b1a693c,1,
4521,4370,2025-09-06,PayPal,96.04,Successful,txn_7ba55a3aae3540aa8dc0d7821e78892c,1,
4522,4371,2024-10-10,Debit Card,703.0,Successful,txn_00df4367b45447538375e645dd6b736f,1,
4523,4372,2025-11-17,Amazon Pay,245.52,Successful,txn_3d9cea0252df407589f60eac640777a7,1,
4524,4373,2025-10-13,Gift Card,204.74,Successful,txn_3a9bd465ed63484f90f14683c1bf559f,1,
4525,4374,2024-10-21,Gift Card,15.51,Successful,txn_cc213c08d4554b4c9ed31150eec84783,1,
4526,4375,2024-11-14,Gift Card,179.74,Successful,txn_6cdfd9eb7f804ac0b8492be2f61200ba,1,
4527,4376,2025-10-18,Debit Card,330.54,Successful,txn_48aca3fda9754e23a53f4d24c762c5e6,1,
4528,4377,2025-03-12,Credit Card,322.26,Successful,txn_27069f1e38a547dcabc72bdc1dd7b34b,1,
4529,4378,2024-12-06,Amazon Pay,165.48,Successful,txn_c2ecca9bb242404aa44f30aa21088fb6,1,
4530,4379,2024-12-16,Gift Card,1142.69,Successful,txn_8b0b80c2c8f74eabae6a232077428478,1,
4531,4380,2025-01-08,Gift Card,388.8,Successful,txn_bfca103e70854771b08e5549afa712dc,1,
4532,4381,2025-09-18,Amazon Pay,156.15,Failed,txn_09e9030478eb47bba8a2c44e85575216,1,
4533,4381,2025-09-20,Amazon Pay,156.15,Successful,txn_b915f03ceefb4ff5bb92917859257dba,2,4532.0
4534,4382,2025-10-05,Debit Card,130.28,Failed,txn_70f814ab81064a25bc634b710c5bcecd,1,
4535,4382,2025-10-07,Debit Card,130.28,Successful,txn_6b621a806ee2446b945d2a04d69f49e0,2,4534.0
4536,4383,2024-03-08,Gift Card,64.5,Successful,txn_2d34f03cf0454aceb99db1095485ff89,1,
4537,4384,2025-01-31,Gift Card,360.18,Successful,txn_7cc1a12855dc45ecbe1ffa5f87646931,1,
4538,4385,2024-09-24,Gift Card,49.05,Successful,txn_d5825db94a7f421aabb8be4119744e09,1,
4539,4386,2025-12-24,Credit Card,564.84,Successful,txn_4780fa0aff2541838053567331492f22,1,
4540,4387,2025-10-26,Debit Card,150.5,Successful,txn_7209d21d81c4451d92f9c3595eb78040,1,
4541,4388,2024-08-05,Gift Card,1453.95,Successful,txn_ba3092264faa47f5a1624bde71fe5978,1,
4542,4389,2025-10-08,Gift Card,185.84,Successful,txn_cc4648eba33240ab9f26c68ed55d3d00,1,
4543,4390,2024-10-15,Debit Card,81.81,Successful,txn_cb936e60d7ed47d3b526f861152be7ea,1,
4544,4391,2025-05-15,Amazon Pay,287.0,Successful,txn_176f609ff0834111a087c6beaea32da6,1,
4545,4392,2025-11-15,Debit Card,1250.3,Successful,txn_93729adfb3b54ba78511e31668204cab,1,
4546,4393,2025-08-24,Debit Card,111.06,Successful,txn_8303131b088245ec89a1cfa6108d6e03,1,
4547,4394,2025-03-04,Debit Card,222.09,Successful,txn_9126020e8b4241b08904e2fadea07efb,1,
4548,4395,2024-06-02,Debit Card,30.44,Successful,txn_e52cd5d67a6a4ddc8abbe597cd0d0194,1,
4549,4397,2025-04-22,Debit Card,2285.38,Successful,txn_0d535f389d6c4943b413413e5b5d9db5,1,
4550,4398,2025-04-12,Gift Card,68.13,Successful,txn_09d111cd401c4c58acd9c3e6c9eec254,1,
4551,4399,2024-02-25,Gift Card,286.65,Successful,txn_ee17f6876843461da64a3a59d49ecb14,1,
4552,4401,2024-02-26,Debit Card,342.31,Successful,txn_5aec152ad0d447518d7ca48fe401ce03,1,
4553,4402,2025-04-14,Amazon Pay,45.28,Successful,txn_5bc9c301fc504e04841903b366b80f24,1,
4554,4403,2025-02-07,PayPal,204.74,Successful,txn_a890884dff1341eab99f2b0fdf14cfc4,1,
4555,4404,2025-03-26,Debit Card,423.84,Successful,txn_6ab761b7173940c98b94499175b33ff0,1,
4556,4406,2024-04-10,PayPal,282.0,Successful,txn_cf3f1e0214e84b38a32cc10356ea13f5,1,
4557,4407,2024-07-11,PayPal,29.52,Failed,txn_a8d65c83ef77452799f426282d328097,1,
4558,4407,2024-07-11,PayPal,29.52,Successful,txn_33a7670da1bc4f19a3c320ee08fc0696,2,4557.0
4559,4408,2025-07-01,Amazon Pay,1834.42,Successful,txn_ed7bf7eeccfe4cc4900e6360729d08b0,1,
4560,4409,2024-05-28,Gift Card,2155.36,Successful,txn_2848129f37834d88befcc0a1ae1a5ca2,1,
4561,4410,2024-04-05,Credit Card,50.16,Successful,txn_49fbcc8abfe6468f9b68d9ec0c8224ac,1,
4562,4411,2025-08-16,Amazon Pay,323.61,Successful,txn_11805d312dd949ae993cdda185131006,1,
4563,4412,2025-10-17,Amazon Pay,68.2,Failed,txn_168799be7b66417c827666cf2bf69808,1,
4564,4412,2025-10-18,Amazon Pay,68.2,Successful,txn_40f1ca9d73d34729bb046b0425675c4c,2,4563.0
4565,4413,2024-05-13,Credit Card,90.56,Successful,txn_32cc50acbfc74c4c9a9efabfda9917e0,1,
4566,4414,2025-05-14,Amazon Pay,51.24,Successful,txn_9797f9a925c44d2baa4ec83205a24367,1,
4567,4415,2024-01-13,Gift Card,323.61,Successful,txn_dbdaafbb76be418cbc8da4dcf15f3a98,1,
4568,4416,2025-02-02,PayPal,947.64,Successful,txn_6509e01f08544fa9b4d66e780f2371b9,1,
4569,4417,2024-11-04,PayPal,15.15,Successful,txn_dc6855383d804abbaed283c802868b7c,1,
4570,4418,2025-12-20,Amazon Pay,718.96,Successful,txn_ff9591183b334202ace3a3d3161faba2,1,
4571,4419,2025-10-26,Amazon Pay,578.45,Successful,txn_0ad9c00510684e789d6a00d748ccce65,1,
4572,4420,2024-06-04,Amazon Pay,58.84,Successful,txn_5a277a076b6648718f656e3222f1ea6d,1,
4573,4421,2024-02-12,Credit Card,716.82,Successful,txn_cd8f74d3cfc749b8a846f4a5ab2e1c85,1,
4574,4422,2025-08-10,PayPal,924.14,Successful,txn_31470042d6d14791b219e8cab3a01fdf,1,
4575,4423,2024-02-14,PayPal,517.38,Successful,txn_5a38ea0a34c84801b7e3b906a246bad9,1,
4576,4424,2024-06-22,Credit Card,96.66,Successful,txn_a1484af9eb7c48b5a048bc48657a318c,1,
4577,4425,2025-06-11,Gift Card,41.9,Successful,txn_b5b1bdb4024c448586bf08d61b23be83,1,
4578,4426,2024-12-09,Gift Card,175.75,Successful,txn_7aaa805abaef4cd2b6be75b34b9a40bd,1,
4579,4428,2024-07-18,Gift Card,859.95,Successful,txn_0b56d19ae5b441c598a91aa9b09bc5c9,1,
4580,4429,2024-11-17,Gift Card,129.45,Successful,txn_4eefe8e3f97c40359d0d5326d2d9c380,1,
4581,4430,2025-03-29,Gift Card,87.48,Successful,txn_30c4fd14fd9d4565a1f6bc1fa12656f5,1,
4582,4431,2024-06-07,Amazon Pay,55.35,Successful,txn_8babda2a6bbe4f56b1bc32ea8398ec10,1,
4583,4432,2025-04-27,Credit Card,102.37,Successful,txn_2d538a810e3f46a6afeffe933d62565f,1,
4584,4433,2025-11-04,Debit Card,81.2,Failed,txn_4501b8cb390e4c16bdbabc0e0b26024f,1,
4585,4433,2025-11-05,Debit Card,81.2,Successful,txn_d2dd0ef3d8e142c98a3f2210cd7b8388,2,4584.0
4586,4434,2025-04-01,Credit Card,113.14,Successful,txn_8e4204dbb64c4ef0a11fea14464c77d8,1,
4587,4435,2024-04-13,Gift Card,190.2,Successful,txn_98a9ee243ea147c4a6b2da50a024e405,1,
4588,4436,2025-08-06,PayPal,150.5,Successful,txn_4850ee5df8eb431684b62e67d28e81ff,1,
4589,4437,2025-11-12,PayPal,51.7,Successful,txn_6b8040fb2b464e268226f6ca1043d36c,1,
4590,4439,2024-02-12,Gift Card,924.14,Successful,txn_33ce3205a3af41cb9295dffc720617c3,1,
4591,4440,2024-09-08,Amazon Pay,1096.96,Successful,txn_8c4ea030fa364ff6822239449889236c,1,
4592,4441,2024-09-23,Amazon Pay,101.18,Successful,txn_944270b46e7f4173b61c0691a8388fdf,1,
4593,4441,2024-09-23,Credit Card,51.07,Successful,txn_e0b5b6cfa0f04119a4b4b0434fb0f897,1,
4594,4442,2024-03-29,Amazon Pay,608.0,Successful,txn_1dc8d81c35334f3294dae2f726d98a59,1,
4595,4443,2024-04-09,Debit Card,444.24,Successful,txn_fd5b475c5b3e49cea9f41fd78261ac1e,1,
4596,4444,2025-04-14,Gift Card,41.64,Successful,txn_e5b77b2a9ad14fa2b2d2594271d3aea9,1,
4597,4444,2025-04-14,Debit Card,85.16,Successful,txn_7e34c86c3e334d128bff4b89fbd06d53,1,
4598,4445,2025-12-01,Amazon Pay,577.65,Successful,txn_9123cee539674a66ac1ce904283b42d8,1,
4599,4446,2024-12-15,Amazon Pay,383.68,Successful,txn_e4b0170987dc4ba08a3127c5f39a65b6,1,
4600,4447,2024-04-06,Credit Card,146.77,Successful,txn_3e43d9f9cf2648b6b94a3ca897cdb302,1,
4601,4448,2024-08-18,PayPal,794.7,Successful,txn_1fba4dc98241479a8a90ca45e60031dc,1,
4602,4449,2024-02-16,Debit Card,106.02,Successful,txn_e981b92a07aa40489785cf45f5b51bab,1,
4603,4450,2024-08-12,Amazon Pay,187.9,Failed,txn_1b42cc5d976a4afbb2b166e6db755144,1,
4604,4450,2024-08-12,Amazon Pay,187.9,Successful,txn_062d1f6bccb34f9abd0ef1ace0a3c432,2,4603.0
4605,4451,2024-07-22,PayPal,445.92,Successful,txn_b6bff83de2d9455faba34ebc58a05aa8,1,
4606,4452,2024-07-18,Debit Card,148.64,Successful,txn_4f44eefd5a2344fa881de79ced8e6051,1,
4607,4453,2024-03-23,PayPal,718.96,Successful,txn_097b193805bb480b86c404b3dcbce799,1,
4608,4454,2024-03-21,Debit Card,608.0,Successful,txn_3e0f3a505cd24003a904b545b1ca8b46,1,
4609,4455,2025-08-27,PayPal,33.62,Successful,txn_a436f5039f89438589ba5e0982e2299d,1,
4610,4456,2024-10-09,Amazon Pay,42.69,Successful,txn_16dd4b3d44704f288d13998e03404036,1,
4611,4457,2025-09-20,Amazon Pay,35.5,Successful,txn_5bba53162ad647609dcef1068373f479,1,
4612,4457,2025-09-20,PayPal,21.07,Successful,txn_7b71f339f3764da69afb916fa00e17d8,1,
4613,4458,2025-10-27,PayPal,281.85,Successful,txn_fc325dff8acd44ed9164c6ee7cfd155d,1,
4614,4459,2024-02-15,Amazon Pay,21.27,Successful,txn_74243ef0326844bb95506394e55d773b,1,
4615,4459,2024-02-15,Gift Card,11.69,Successful,txn_99dc28ae1d0342838d9a30de096793fe,1,
4616,4461,2025-04-10,PayPal,46.15,Successful,txn_6dcd2b5fab7c45b4b32a7bb3f0e466f0,1,
4617,4462,2024-06-05,Credit Card,68.2,Successful,txn_44708027d0ed4a099e7a70bc9800b056,1,
4618,4463,2025-08-05,Debit Card,113.36,Successful,txn_55b0cb7379d845aaaff785ef4f240924,1,
4619,4464,2024-05-11,PayPal,143.9,Successful,txn_f0d7a5222c6f4688935721bf79b01dae,1,
4620,4465,2024-01-21,Gift Card,80.04,Successful,txn_7778cc9bcb4e42449ac1a5ac5b293121,1,
4621,4466,2024-11-06,Gift Card,629.36,Successful,txn_2baeed6bb04a46f6979744a03a717555,1,
4622,4467,2024-05-21,PayPal,924.14,Successful,txn_1b1fe557d5bf481882f32a9a661de676,1,
4623,4468,2024-10-09,Credit Card,174.96,Successful,txn_63470ed82cdc4450b78af1691745532a,1,
4624,4469,2024-03-13,Gift Card,235.34,Successful,txn_0333cbcc43604cbaba05000d2761b3a8,1,
4625,4470,2025-02-13,Amazon Pay,847.68,Successful,txn_ca13ab8ac38b4fad9d0553a2c37174bd,1,
4626,4471,2024-06-09,Amazon Pay,204.78,Successful,txn_0d62fbeaeec64d4eae0c4eabd7df1fe7,1,
4627,4472,2025-02-02,Debit Card,141.36,Successful,txn_c29f7396eb5340c89ca843eb5508f2dd,1,
4628,4473,2025-05-05,Debit Card,1142.69,Successful,txn_1c71f138ee9146e088986e830c58753f,1,
4629,4474,2024-04-26,Debit Card,92.86,Successful,txn_bee48041cab8479f98110bc40ffa6f4d,1,
4630,4475,2024-01-29,Gift Card,22.62,Successful,txn_5791f187b18347b18a666c710a7ea94d,1,
4631,4476,2025-06-25,Gift Card,1242.66,Successful,txn_b5ab7358e8b04d6687551e640a39fe50,1,
4632,4477,2025-10-29,Debit Card,282.0,Successful,txn_a76995c37fe94c9da32e7eea1f017358,1,
4633,4478,2025-05-22,Debit Card,505.56,Successful,txn_3172a95a45af4916a5a46ba45ef84cb2,1,
4634,4479,2024-11-11,Amazon Pay,49.5,Failed,txn_df000fc79d9a47d99d35abc82f08cb99,1,
4635,4479,2024-11-13,Amazon Pay,49.5,Successful,txn_69e3a31090924dfb85c9625db537f523,2,4634.0
4636,4480,2024-01-18,Debit Card,268.55,Successful,txn_1663d3d81e674e3baf5aad6b34c8f56f,1,
4637,4481,2024-11-14,Gift Card,327.0,Successful,txn_7a4813cbab954dc9985e00d9628fd87f,1,
4638,4482,2024-11-13,Debit Card,157.34,Successful,txn_4bc283771f584af1952201eb90903203,1,
4639,4483,2024-04-03,Debit Card,49.44,Successful,txn_c2edbeaaa2c2497ab0f7646746ca732d,1,
4640,4484,2024-09-07,Gift Card,446.88,Successful,txn_055fa12fc4524074b46c6b59abb81f5e,1,
4641,4485,2024-07-24,Amazon Pay,859.95,Successful,txn_8b79500e1796411caa21277873d2a012,1,
4642,4486,2025-10-07,Amazon Pay,934.05,Successful,txn_1898fbfaceae4b97a80b4a820894d2b0,1,
4643,4487,2024-02-04,Debit Card,557.52,Successful,txn_fbaa094985d04ff4a4f3962a2fe86098,1,
4644,4488,2024-12-28,Credit Card,253.6,Successful,txn_4c41a8a52eb04f4fa0a0297b74e4175e,1,
4645,4489,2024-10-06,Gift Card,204.74,Failed,txn_0e7524ee263e48f0b4d5a7590ef2826d,1,
4646,4489,2024-10-08,Gift Card,204.74,Successful,txn_e68cbe6e3b8e439b8c59510c5f9759d7,2,4645.0
4647,4490,2024-08-23,Gift Card,18.18,Successful,txn_7e84485790974e2ca2853580c521c0f8,1,
4648,4491,2024-12-29,Debit Card,486.0,Successful,txn_21bc437dac144cfcb0a8a8204d4eb186,1,
4649,4492,2025-11-07,Credit Card,235.08,Successful,txn_9f47bcb276444a60ae224022bd3a1550,1,
4650,4493,2025-01-03,PayPal,924.14,Successful,txn_85696ac7c60b4fe4a83b79646bbe97b9,1,
4651,4494,2024-07-27,Debit Card,293.15,Successful,txn_c94191d1458349fbb244a30c6f0f26ee,1,
4652,4495,2025-10-03,PayPal,139.12,Successful,txn_1a00792dea2a493fb12a44ae8433a0c7,1,
4653,4496,2025-03-18,Gift Card,241.68,Successful,txn_a7e039b947d942d7a4c528229ccf36eb,1,
4654,4497,2025-07-01,Debit Card,339.42,Successful,txn_83e723d96abf4efbb1ccf628eef5b9bf,1,
4655,4498,2024-03-20,Amazon Pay,167.9,Successful,txn_b077207132674fbd8296dcdf4a1bc083,1,
4656,4499,2024-09-20,Credit Card,22.14,Successful,txn_9ee598be30f5432baac871d2da338d41,1,
4657,4500,2024-06-24,PayPal,143.96,Successful,txn_7daae5e8369645b6ba0a0881fd05eec2,1,
4658,4501,2024-04-13,PayPal,431.88,Failed,txn_89363d660bb74b8f8a2bcca09fa144a6,1,
4659,4501,2024-04-15,PayPal,431.88,Successful,txn_4a2dd9be0f374b0a84c8e24b915e3cd4,2,4658.0
4660,4502,2024-05-16,PayPal,156.76,Successful,txn_80803bc428c54962906ee87fa2c80b03,1,
4661,4503,2024-05-21,Amazon Pay,453.44,Successful,txn_15ab19a15d3442e2a9d2a57f7018d815,1,
4662,4504,2025-02-01,Debit Card,74.52,Failed,txn_ea30e10f0f7741239bff343df9d02591,1,
4663,4504,2025-02-01,Debit Card,74.52,Successful,txn_8531cce53a2a457e8b8120dabd3d9ae8,2,4662.0
4664,4505,2024-02-11,Credit Card,259.92,Successful,txn_34d22e86b5ca48359a1f7d074f33ded5,1,
4665,4507,2024-02-26,Amazon Pay,823.32,Successful,txn_c2bca18c9fcc4874890c752e545915a0,1,
4666,4508,2024-03-26,Debit Card,51.6,Successful,txn_8032555c0d524c2eb94c6de0337fb5e2,1,
4667,4509,2024-03-06,Debit Card,254.13,Successful,txn_31bf474001e8401c8b5d4e27641379e7,1,
4668,4510,2024-09-03,Credit Card,2675.66,Successful,txn_5c23b2e19f184665ad5cd58faddbf777,1,
4669,4511,2025-11-06,Debit Card,711.9,Successful,txn_a14594c6a0e846d1be5d9041f8e83d0f,1,
4670,4512,2024-03-07,Debit Card,487.66,Successful,txn_de31d31ca51a40b993c882bbe4267c3b,1,
4671,4513,2024-03-08,Debit Card,514.56,Successful,txn_b046ac5cbb494d508a06dbc8f0d1d8ff,1,
4672,4514,2025-09-22,Gift Card,1488.3,Successful,txn_97cfe7733fe24e51a0ecf25abf30ebd3,1,
4673,4515,2024-04-28,Credit Card,133.92,Successful,txn_c1cbe727fda747b3ac532aac321220b2,1,
4674,4516,2024-09-27,Gift Card,108.85,Successful,txn_ec73e7daf9c34a4aa8b592af4839c0b7,1,
4675,4517,2025-05-13,Gift Card,31.32,Successful,txn_cefd7369db43477fbfb26e67694d07b5,1,
4676,4518,2025-04-22,Credit Card,271.01,Successful,txn_49e156229feb43c088627d088606e533,1,
4677,4519,2024-02-15,Gift Card,981.2,Failed,txn_36904f9e872a4237b908822796d78033,1,
4678,4519,2024-02-16,Gift Card,981.2,Successful,txn_389eac970b544a64a94afe03d46a45d3,2,4677.0
4679,4520,2025-06-24,Credit Card,1799.58,Successful,txn_20ed1f1d1c094b3ba19d922cc0943b14,1,
4680,4521,2024-08-19,Credit Card,160.3,Successful,txn_0a6ffed71de84929a340c733992f691c,1,
4681,4522,2024-01-17,Gift Card,423.39,Successful,txn_3da3d4548df44b38b77579fc5126b83e,1,
4682,4523,2025-02-05,Credit Card,42.12,Successful,txn_8c00d505eaf94aeab61d6c9f484d8946,1,
4683,4524,2024-12-12,Gift Card,34.5,Successful,txn_bec5158903c647548dafc8a22e84d41b,1,
4684,4525,2024-06-25,Debit Card,103.99,Successful,txn_a0745613508c46df904b135a29e829d2,1,
4685,4526,2025-05-28,PayPal,67.47,Successful,txn_e0c9de9eab404f38a5886a91f3ceca5f,1,
4686,4526,2025-05-28,Credit Card,29.19,Successful,txn_46a451a0e7584f1ea8214ae09237bdda,1,
4687,4527,2024-07-30,Amazon Pay,157.34,Successful,txn_2de8c1a1a7f7471699c36f4b93aa44c3,1,
4688,4529,2024-06-19,Gift Card,705.24,Successful,txn_fdde12ec311b4eb5a4f65567dbfbb95d,1,
4689,4530,2025-07-31,PayPal,67.86,Successful,txn_bba08f47cbd74c9887e71121809ce74b,1,
4690,4531,2025-05-14,Credit Card,41.9,Successful,txn_506150fbb0cc44279efb17c09abe4e16,1,
4691,4532,2024-07-15,Debit Card,16.2,Successful,txn_f0d9ba2c9b3247678d2b616f672e898d,1,
4692,4533,2025-07-13,Credit Card,1458.63,Successful,txn_aa38d79f82f24387871d0d610ca31005,1,
4693,4534,2024-03-09,Credit Card,553.32,Failed,txn_7a8a255ef8514d88b67022a85c54d4f5,1,
4694,4534,2024-03-10,Credit Card,553.32,Successful,txn_df823962f84e43bd84d80236ed063861,2,4693.0
4695,4535,2025-03-10,Amazon Pay,81.54,Successful,txn_c67b2a9a72364cc8a72d7fcbe517f76e,1,
4696,4536,2024-06-07,Gift Card,23.0,Successful,txn_19244ed6de3d41a4ba34960e6f6e1278,1,
4697,4537,2025-07-15,Credit Card,180.09,Successful,txn_84fefd3873204f678f2e58ac0579616f,1,
4698,4538,2024-06-28,Credit Card,281.85,Successful,txn_892e04fe9b364fdcb3f8e9846d6a30fa,1,
4699,4539,2025-10-08,Debit Card,65.4,Successful,txn_ea6a0f34817c413d9adcfc2b93892b22,1,
4700,4540,2025-12-14,Credit Card,167.9,Successful,txn_d78f10070d3044949005e2af8e9082bc,1,
4701,4541,2025-05-10,Credit Card,17.22,Successful,txn_1468e217be8c4640a6a75e153af1fb17,1,
4702,4541,2025-05-10,Gift Card,9.58,Successful,txn_f300891d63be4dab8bf72dce37a31375,1,
4703,4542,2025-01-04,Gift Card,986.78,Successful,txn_164b03db0cc448efb3e610a4e40b174d,1,
4704,4543,2025-10-05,Debit Card,542.02,Successful,txn_76eb18914c6645ac968d7011d9bf3042,1,
4705,4544,2024-02-15,Debit Card,276.12,Successful,txn_b70ee9ba09e244b18b93e667f9c711e7,1,
4706,4545,2025-05-16,Debit Card,409.98,Successful,txn_9d4f0a4fb86b4d158f08a9dae87a7131,1,
4707,4546,2024-05-30,Credit Card,69.03,Successful,txn_ce9c70a9ed074bf8be0b538769de4c0c,1,
4708,4548,2024-03-12,PayPal,1515.73,Successful,txn_96bd253ee6cd4ea8810d4b19f781a07f,1,
4709,4549,2024-10-04,PayPal,1011.84,Successful,txn_9fac9828126c4a49a8e84b49ffb53a31,1,
4710,4550,2024-01-31,Debit Card,175.89,Successful,txn_b5b4d4d12e184ea1ab08a884b49dd168,1,
4711,4551,2024-01-06,Credit Card,30.3,Successful,txn_5ef7161af9aa42b4aaea62ab6d00ce8d,1,
4712,4552,2025-04-17,Gift Card,169.42,Successful,txn_090232a31ba744f5a8df412b9d484e48,1,
4713,4553,2025-12-23,PayPal,84.71,Successful,txn_99a351a44e364fa29b84e08f9d6aa89a,1,
4714,4554,2024-04-17,Credit Card,1278.04,Successful,txn_dcac558b999641cb9e5e9e73cedaab62,1,
4715,4555,2024-01-08,Credit Card,230.44,Successful,txn_5922af2fe2284cf6adb97c703dd7f911,1,
4716,4556,2025-02-11,Amazon Pay,56.92,Successful,txn_4e926902bac943cf9675aa83b00b19cd,1,
4717,4557,2025-06-26,Gift Card,190.2,Successful,txn_9b3df864b70341ea8d7afccb88ab2d8f,1,
4718,4558,2024-05-20,Gift Card,2507.24,Successful,txn_136eec8166ea49c381658c7f66a39cf1,1,
4719,4559,2025-04-30,Gift Card,651.4,Successful,txn_ceda4d8be80a4c739ecbacd5f80b5ff9,1,
4720,4560,2025-11-24,Amazon Pay,17.83,Successful,txn_04b8eb517b3f4ee29da600d6ceb0ed47,1,
4721,4561,2024-02-23,Credit Card,564.52,Failed,txn_42c9264b06474b28842c5969653601fa,1,
4722,4561,2024-02-23,Credit Card,564.52,Successful,txn_ff140489bbd14908af5bc1ef4b58d39b,2,4721.0
4723,4562,2025-05-31,PayPal,27.27,Successful,txn_80943a05176649929f8059da54f9bafc,1,
4724,4563,2024-08-06,Debit Card,1391.28,Successful,txn_de9f1bfb9c4548c0b2aa3a1ce52f7830,1,
4725,4565,2025-06-09,Debit Card,969.3,Successful,txn_d4361582a8974248b8d392f7685c0526,1,
4726,4566,2025-12-04,Gift Card,583.68,Failed,txn_6105365e2b3b41d2ade2b8d81bd8929a,1,
4727,4566,2025-12-04,Gift Card,583.68,Successful,txn_ba9a78cf64ac42328b60c54d9abf76d4,2,4726.0
4728,4567,2025-12-02,Gift Card,487.95,Successful,txn_54452650bffa4f8e95f0de83d866d3d8,1,
4729,4568,2024-07-21,Gift Card,126.39,Successful,txn_5e0caf4325514306a49625b679fd2420,1,
4730,4568,2024-07-21,Amazon Pay,167.15,Successful,txn_b357a29dfd594be1a48dc94674c8c9b1,1,
4731,4569,2025-08-31,Debit Card,271.01,Successful,txn_b626e28b355746e49673540840f33b5c,1,
4732,4570,2025-02-26,Credit Card,417.94,Successful,txn_97266a7b491d471ca9b360751ac617a5,1,
4733,4571,2025-01-05,Credit Card,303.92,Successful,txn_b48ad3936ef84bbaa9590619da68920c,1,
4734,4572,2024-12-01,PayPal,149.04,Successful,txn_6d01c76d4f99400e9a7c7be0766648cf,1,
4735,4573,2024-03-29,Gift Card,462.07,Successful,txn_652e7f49e4554cc1bc16e8e6b305ba0e,1,
4736,4574,2024-06-12,PayPal,826.06,Successful,txn_a226525abe6244bab3bc5303f310424c,1,
4737,4575,2024-04-02,Amazon Pay,153.84,Successful,txn_33bbb4c48adb4fdb9827d3a7102130a4,1,
4738,4576,2024-08-19,Credit Card,29.07,Successful,txn_3f5fd34e35914e1d94c4c5e795fb4179,1,
4739,4577,2025-07-19,PayPal,23.62,Failed,txn_2b8cc1341e15461497394c08b97dacf3,1,
4740,4577,2025-07-21,PayPal,23.62,Successful,txn_50795d5c9d04496cae2f6cfdab9568f7,2,4739.0
4741,4578,2025-07-06,Debit Card,1471.8,Successful,txn_23a6522b7ba04fb691bbd79e6edbfdf5,1,
4742,4579,2024-09-02,PayPal,145.35,Successful,txn_a90ba2850b9e44ccb4c4cf373136b13a,1,
4743,4580,2025-07-23,Credit Card,847.68,Successful,txn_726fe604fea647588a496da66dca2194,1,
4744,4581,2025-12-30,Gift Card,320.66,Failed,txn_1113368a3f6a476d9bc3211824f9dbeb,1,
4745,4581,2025-12-30,Gift Card,320.66,Successful,txn_2e7fc39c0c6a4f678aa10dd9d841f69a,2,4744.0
4746,4582,2025-06-28,Debit Card,25.84,Successful,txn_aae67b41fb84407cab2fb0fb8b71ac0d,1,
4747,4582,2025-06-28,Amazon Pay,49.46,Successful,txn_f52f7090f94846e380c6766bd2944a50,1,
4748,4583,2024-03-14,Debit Card,78.38,Successful,txn_87782c198acc42c2aa1ecb3973f8b41a,1,
4749,4584,2025-05-09,Amazon Pay,90.84,Successful,txn_1a0d3b84502040b79799000d5228cbe2,1,
4750,4585,2025-08-31,Debit Card,651.4,Successful,txn_9b6509c5a51d47439873361aedd38c2f,1,
4751,4586,2024-12-04,Gift Card,493.39,Successful,txn_fdaf26aeb07a4066b9f749b52df7e654,1,
4752,4589,2024-03-23,Gift Card,192.55,Successful,txn_7107680ddeef47eea6e61de455c627da,1,
4753,4590,2025-12-29,Amazon Pay,107.03,Successful,txn_4b3cb63f21414790b1289418ae78aaed,1,
4754,4591,2024-12-01,Debit Card,129.0,Successful,txn_7ab943eaee87433fb170fd184faca6d0,1,
4755,4592,2024-05-29,Credit Card,41.6,Successful,txn_1affd554a8074d4d95bcbaed3f0652f9,1,
4756,4593,2024-03-07,Debit Card,290.7,Successful,txn_95d2e332331a42f69b34c462fe34aad4,1,
4757,4594,2025-08-12,Gift Card,111.06,Successful,txn_264f7f26d7524c6ca1641698f143ed24,1,
4758,4595,2024-07-18,Credit Card,22.14,Successful,txn_739d1144a51e4839b4ce22405864f322,1,
4759,4596,2025-11-04,Credit Card,184.8,Successful,txn_d7f83e08ab334c47812636be4691ddfa,1,
4760,4597,2024-07-27,Gift Card,42.69,Successful,txn_0477db8dea9d4fd8824903505fedc097,1,
4761,4598,2025-12-22,Credit Card,274.44,Successful,txn_6179844638c844fe9e5b1de1cba0e257,1,
4762,4599,2024-07-20,Gift Card,438.3,Successful,txn_0375e5260dca49aeabf78bfe9d2a4076,1,
4763,4600,2025-11-26,PayPal,184.6,Successful,txn_13f502bf4d864b7ba4e9b524f807dd54,1,
4764,4601,2024-04-25,Gift Card,60.6,Successful,txn_0fc568923a324786aca9eef89ca0e1b0,1,
4765,4602,2025-08-14,PayPal,1011.84,Successful,txn_76552e52098c4fe0bf58cbfbd75ac752,1,
4766,4603,2025-07-24,Gift Card,417.94,Successful,txn_b4da73e92a944accbd11000e156ee686,1,
4767,4604,2024-01-09,Credit Card,87.48,Successful,txn_999992850e48414096b2fba3ab5e6247,1,
4768,4605,2024-04-21,PayPal,80.4,Successful,txn_d4963ef08b4c4895a55ef3076ad49d47,1,
4769,4606,2025-07-21,Gift Card,28.19,Successful,txn_e5a6b6bb382744f6981f0db7ecb6b192,1,
4770,4607,2024-06-28,Amazon Pay,124.8,Failed,txn_2d1073a55a2149b0b5594a1268e5608c,1,
4771,4607,2024-06-30,Amazon Pay,124.8,Successful,txn_43a6ea7abcab4ca7b9ae53cf613c37d7,2,4770.0
4772,4608,2024-06-03,Amazon Pay,161.4,Successful,txn_af6d01e24b724c87a0d3c2a6ce51ece9,1,
4773,4609,2024-07-16,Debit Card,703.0,Successful,txn_da7380dad1a14cc4a29275d66c49d07c,1,
4774,4610,2025-10-18,Credit Card,139.12,Successful,txn_21dc048ef9134c2ab67452b1ff924e34,1,
4775,4611,2025-04-24,Debit Card,481.47,Successful,txn_5be7048e95ab4fde8e293d71e4957dcb,1,
4776,4612,2025-09-29,PayPal,487.95,Successful,txn_0e273abb57154807b312f44c5b81961a,1,
4777,4613,2024-10-10,Credit Card,25.8,Successful,txn_c3897506f6914625b58ce61e6135bedf,1,
4778,4614,2025-04-06,Debit Card,548.48,Successful,txn_21e9179b57484e2fa8f34e5d49c959d3,1,
4779,4615,2025-09-05,Credit Card,15.87,Successful,txn_bb688cd350364e29a7346658e322959c,1,
4780,4615,2025-09-05,PayPal,17.73,Successful,txn_88deb07ad91242578a20c46fb38b81cc,1,
4781,4616,2025-10-17,Credit Card,118.8,Successful,txn_48901a5dd48d44d180448abdcbd8fe5f,1,
4782,4617,2024-11-20,Amazon Pay,486.0,Successful,txn_7011d78c4e64471bafd920608932020b,1,
4783,4618,2025-08-30,PayPal,35.04,Successful,txn_634d90719d1447a89a3fd29b51a27845,1,
4784,4619,2025-07-09,Debit Card,2155.36,Successful,txn_26a777fe17294ebd94574b23993d511b,1,
4785,4620,2024-11-20,Debit Card,674.56,Successful,txn_c52777d085d2495798732e66e3855cb9,1,
4786,4621,2025-03-03,Credit Card,34.83,Successful,txn_5af887a8fe5b417b90755c90113933c9,1,
4787,4622,2025-07-20,PayPal,480.99,Successful,txn_7477fd6dbcd9466c982ed4add51db2fa,1,
4788,4623,2025-03-03,Amazon Pay,8.59,Successful,txn_cbaabb52c9aa44e3ba429dc78117e1bf,1,
4789,4624,2025-02-14,PayPal,625.15,Successful,txn_386cda5838f24a70b8ca2f6e1a390a35,1,
4790,4625,2025-04-06,PayPal,1151.04,Successful,txn_b84cfde6210f42faac09afc54acf13e5,1,
4791,4626,2024-04-09,Debit Card,1471.8,Successful,txn_df194cb0462d408d819a72fcdd010e04,1,
4792,4627,2024-04-16,Amazon Pay,207.09,Successful,txn_8dd90c24e74842d38e42e05e35445a8c,1,
4793,4628,2025-06-10,Credit Card,2155.36,Successful,txn_fdd9b4da0bee4acaa10a636b81518d28,1,
4794,4629,2025-05-31,Gift Card,138.33,Successful,txn_127dd774afac4785bcdf74cf6bb9664d,1,
4795,4630,2025-07-25,Gift Card,127.71,Successful,txn_6efb0fd0895246169077dab7beb4350c,1,
4796,4631,2025-09-04,Credit Card,767.36,Successful,txn_4c1d235caeb94f8693e2cf19253d76dd,1,
4797,4632,2025-07-10,Credit Card,230.7,Successful,txn_80a27406fa9e4ff09ed6f4b07e54d40e,1,
4798,4633,2025-12-07,PayPal,1242.66,Successful,txn_5a506735143b423fb36f7b8439bc487c,1,
4799,4634,2024-05-06,Debit Card,1077.68,Successful,txn_5db92fabed494d09b2f314abe2322141,1,
4800,4635,2024-05-26,PayPal,823.32,Successful,txn_b76e4cf97c7b4ee594a7a08ab2946486,1,
4801,4636,2025-12-04,Debit Card,86.64,Successful,txn_e9de6fcfb3084bada8fc4c119cf9ccd9,1,
4802,4637,2025-01-30,Gift Card,154.63,Successful,txn_17602466e7354bffa8eb632faf5c48c5,1,
4803,4639,2025-11-08,Gift Card,60.88,Successful,txn_67e02c8aa7cb4c4aad6b674191e4e41a,1,
4804,4640,2025-02-15,Amazon Pay,104.34,Successful,txn_bad87563c864460ca28ba5a5fb7a8dce,1,
4805,4641,2024-03-24,PayPal,11.5,Successful,txn_87a58a1a8a9548bc8aa47c52114edc33,1,
4806,4642,2024-04-10,Credit Card,1458.63,Successful,txn_80a31d2d19f04068a5b2d4c500189cc8,1,
4807,4643,2025-06-08,Debit Card,1515.73,Successful,txn_2f23f0bad8a44424bd2aafb863b38715,1,
4808,4644,2024-04-13,PayPal,65.92,Successful,txn_4eddf7637c044c2390f6ddf247258d4f,1,
4809,4645,2024-05-19,Gift Card,38.19,Successful,txn_01b3546f5f31479d92e721c66749098c,1,
4810,4645,2024-05-19,PayPal,41.52,Successful,txn_ceaec1d09753444e82be06c7408a09c6,1,
4811,4646,2025-03-17,Amazon Pay,440.31,Successful,txn_5c2230202f834eafabe2be9ba3f5ac36,1,
4812,4647,2025-05-02,Debit Card,430.89,Successful,txn_4921fa55b9014ed9b0989e2df7f3cb68,1,
4813,4648,2025-02-19,Debit Card,123.1,Successful,txn_a7d57e0da62a447f8ba7dc5dff96a9f6,1,
4814,4650,2024-04-09,Amazon Pay,169.14,Successful,txn_948a2d2eef814ef8abbfdab080e10b52,1,
4815,4651,2025-01-07,Credit Card,668.76,Successful,txn_cc792100991847ebb20f94d21e2e320a,1,
4816,4652,2024-06-29,Gift Card,193.51,Successful,txn_bb7b3db083534d798da9c752342456d7,1,
4817,4653,2025-09-02,PayPal,294.75,Successful,txn_05abb416c9f34e7395dc649b855c8826,1,
4818,4654,2024-06-25,PayPal,51.24,Successful,txn_e14025e1e7f94a12a01dd6458d9a6a42,1,
4819,4655,2025-03-01,Gift Card,35.34,Successful,txn_5b870ad52eef40ddb74b15a8a07b455f,1,
4820,4656,2024-09-10,Debit Card,1480.17,Successful,txn_0d651e98b2c74a00935d7bd0c7bf4bd6,1,
4821,4657,2024-03-27,Credit Card,11.07,Successful,txn_d4fb863c6f3c4831b949471f97a5e9c4,1,
4822,4658,2025-12-16,Gift Card,27.93,Successful,txn_dc6397722a2d4eab9f4231e717fb0d71,1,
4823,4658,2025-12-16,Debit Card,11.26,Successful,txn_6f9e201ae598422d8a4d0f66f009a525,1,
4824,4659,2024-04-08,Debit Card,583.68,Successful,txn_fc7c7f726eea4f71a89bdc312507233e,1,
4825,4660,2025-05-16,Gift Card,31.02,Failed,txn_863fc0c4877d4e3a82f003de9a701936,1,
4826,4660,2025-05-16,Gift Card,31.02,Successful,txn_b074b503beb14f0ab9dc18ebb520c085,2,4825.0
4827,4661,2024-03-30,Amazon Pay,62.04,Successful,txn_53966731ab3b40838d3f3835a6870cf1,1,
4828,4663,2025-01-15,Credit Card,64.5,Successful,txn_400b50611b854827808fd5dcb0d37487,1,
4829,4664,2025-01-09,PayPal,68.13,Successful,txn_2cce32104bf64bc98a84924b040e5ada,1,
4830,4665,2025-06-23,Gift Card,113.36,Successful,txn_bb8d209531f74bbdb3d0379cbdcd0bfe,1,
4831,4666,2025-02-16,Amazon Pay,108.85,Successful,txn_360d0b29c71e4c34a1b95280bfa58f31,1,
4832,4667,2025-03-30,Amazon Pay,1488.3,Successful,txn_27e2f84e5d314af396de1c70724f2687,1,
4833,4668,2025-12-20,Gift Card,65.92,Successful,txn_1131c8b3dcc8479d9c32e538c3672ac5,1,
4834,4669,2024-05-13,Debit Card,481.47,Successful,txn_ebe1599786af4ec1a2e6634d600983c8,1,
4835,4670,2024-07-01,Gift Card,1077.68,Successful,txn_a7cf69f59c364a87a5a9873a48b87ecf,1,
4836,4671,2024-04-13,Credit Card,121.76,Successful,txn_e8c009a7870d4635a0078bbb44c4cc51,1,
4837,4672,2025-04-07,Debit Card,76.9,Successful,txn_4b599b2cb0b94d08b6d2f82454caf365,1,
4838,4673,2025-06-30,Gift Card,26.8,Successful,txn_9a32682bc9e7462b83a9a7658e16495f,1,
4839,4674,2024-11-13,Gift Card,208.97,Failed,txn_45db39b1b6f440188b04d79075790f18,1,
4840,4674,2024-11-14,Gift Card,208.97,Successful,txn_03c45d6fe7c444a7a60d134de62029d5,2,4839.0
4841,4675,2025-08-18,Debit Card,156.6,Successful,txn_9eaecbcb47e64f55abf07945451a246f,1,
4842,4676,2024-06-09,Debit Card,462.07,Successful,txn_1fce0327596b40d9aee9c56a10ffb59d,1,
4843,4677,2025-10-17,Amazon Pay,463.89,Successful,txn_82d9889527d043bd8226c363ed6220d3,1,
4844,4678,2025-07-20,Amazon Pay,287.92,Successful,txn_ecca1fe672f5400eb6c031983d88a686,1,
4845,4679,2024-08-04,Amazon Pay,320.16,Successful,txn_392a0c3a7e3f4ba6b33efc49dcb433f9,1,
4846,4680,2024-07-02,Amazon Pay,128.07,Successful,txn_7116a0ef91274d05a3d6065f8085d0af,1,
4847,4681,2025-06-27,Debit Card,487.66,Successful,txn_9c552c50fb1742adb84427fcd5e31248,1,
4848,4682,2025-07-04,Amazon Pay,117.57,Successful,txn_94002ba2c7d446488dd9d74e43bc27e9,1,
4849,4683,2025-10-26,Gift Card,10.8,Successful,txn_03c3ea3116c64762b7a9711b0aeb7a78,1,
4850,4684,2025-03-06,Amazon Pay,113.95,Successful,txn_cbbb29b4bfac4f9d93fd78d4993f884c,1,
4851,4684,2025-03-06,Debit Card,36.65,Successful,txn_6716e95729524167b6739a16e2ad047b,1,
4852,4685,2024-12-06,Amazon Pay,423.84,Successful,txn_a35e2dcc1f1e418cbb5d9f89f406ad00,1,
4853,4686,2025-06-05,Gift Card,1096.96,Successful,txn_61a29cd937a44c5eb0afdeed31592bde,1,
4854,4687,2025-01-05,PayPal,290.04,Successful,txn_03bb43b9bfe547ecbe16a957e3850ec7,1,
4855,4688,2024-05-19,PayPal,444.24,Successful,txn_c9bda620ffdb4b44a1a81ab8c72a4179,1,
4856,4689,2024-09-16,Gift Card,205.12,Successful,txn_c533fa1557314b89a16cc99bdb292c22,1,
4857,4690,2025-02-10,Credit Card,2507.24,Successful,txn_2db7157bb2d94c87a1f6c62f21782cc9,1,
4858,4691,2025-09-24,Gift Card,136.66,Failed,txn_744510aba0eb468d894f946ae4c53994,1,
4859,4691,2025-09-26,Gift Card,136.66,Successful,txn_e24bd161af6647ea9bfbd432d4a8be72,2,4858.0
4860,4693,2024-09-20,PayPal,301.0,Successful,txn_3e16d6e494104f9c9b7142169c3b4d5b,1,
4861,4694,2025-04-25,Credit Card,1391.28,Successful,txn_372fd2a7dd6d42ae8b11448757800d93,1,
4862,4695,2024-01-18,Credit Card,185.52,Successful,txn_77504fb58f60405b83a9398fdf660fbf,1,
4863,4696,2024-11-25,Debit Card,208.97,Successful,txn_f56f218c0dc4474ba25a9dc85b766291,1,
4864,4697,2024-12-10,PayPal,232.56,Successful,txn_de018468fc244595badc911f550cbd79,1,
4865,4698,2025-12-02,Credit Card,450.0,Successful,txn_49fd96dd573248cc89d26702be8cd3d4,1,
4866,4699,2025-04-16,PayPal,331.92,Successful,txn_487c2ebbf4714d2dad8d0ba541bf2468,1,
4867,4700,2025-02-15,Gift Card,130.28,Successful,txn_8979dda5651c4a5aaac95876243e5ba1,1,
4868,4701,2025-09-05,Amazon Pay,81.75,Successful,txn_dda05c5ea0494392a9518bd966c22971,1,
4869,4702,2024-12-17,Amazon Pay,214.4,Successful,txn_75dda6194099429a90a997615df2432c,1,
4870,4703,2024-05-21,PayPal,231.87,Successful,txn_dcf5bade0ed34aa8a6fe6e7be889bc20,1,
4871,4703,2024-05-21,Amazon Pay,176.88,Successful,txn_0e8b2389bf45489ab3102ccf28180a54,1,
4872,4704,2025-08-12,PayPal,445.84,Successful,txn_d144ad92975f4b7b8b0736736f8febcc,1,
4873,4705,2024-10-12,Credit Card,917.21,Successful,txn_35c6e811eafd49dab80715a86b8ace2d,1,
4874,4706,2025-04-29,Amazon Pay,718.96,Failed,txn_215a06a2b4d74c49ab6d7282a1bf7578,1,
4875,4706,2025-04-29,Amazon Pay,718.96,Successful,txn_8af27edc35c5491bb04fe7b48f0baab0,2,4874.0
4876,4707,2025-03-11,Debit Card,409.88,Successful,txn_e4c75eef300746a39321da1fb5825c5b,1,
4877,4707,2025-03-11,Credit Card,687.08,Successful,txn_7c636e1a1c444cf4907b0ebb26466f57,1,
4878,4708,2025-05-25,PayPal,163.5,Successful,txn_b2a0fd266405429a9cf98690d96f5cc1,1,
4879,4709,2024-03-25,Credit Card,99.97,Successful,txn_ce9a89ce3dde4a9b9f139cf0af7a3aa4,1,
4880,4710,2024-07-01,Amazon Pay,79.71,Successful,txn_36df6eebda154a79aad6f1bd92633ae8,1,
4881,4711,2024-05-05,Gift Card,52.63,Failed,txn_146e348b19764442a169dfa11ec2dd97,1,
4882,4711,2024-05-06,Gift Card,52.63,Successful,txn_5169dfa2ec92433ea101abfb760ae530,2,4881.0
4883,4712,2024-07-05,Credit Card,307.6,Successful,txn_e6d66b76e390417093e4e15d3b996573,1,
4884,4713,2025-04-12,PayPal,160.49,Successful,txn_1dc4bd1dc13a40cbbc9acde095dac1ff,1,
4885,4714,2025-04-09,Amazon Pay,53.49,Successful,txn_e35a522a0d2045828951c9a353946792,1,
4886,4715,2024-07-17,PayPal,33.21,Successful,txn_c0532affd34a45ec890dd6ceb31839ce,1,
4887,4716,2024-07-06,PayPal,705.24,Successful,txn_4d085a93974649eb992910b6aa3b5b63,1,
4888,4717,2024-08-28,Amazon Pay,23.36,Successful,txn_5f837c3d9cdb43de84e7558f2d551135,1,
4889,4718,2024-05-01,Amazon Pay,176.25,Successful,txn_0927c81046a3447ea5aa5bd8fed987b1,1,
4890,4719,2025-04-10,Gift Card,470.16,Successful,txn_cb922008c63e4124836961c67b3c09b2,1,
4891,4720,2024-05-04,Amazon Pay,711.9,Successful,txn_179aadda6b7a4704b891d1def731da63,1,
4892,4721,2025-12-05,Amazon Pay,174.96,Successful,txn_e0692cbf089649299761db7e8b8a0ffc,1,
4893,4722,2025-09-22,PayPal,20.68,Successful,txn_9b67c02d5b8d4d1999573355bf9583a7,1,
4894,4723,2024-09-18,Gift Card,241.68,Successful,txn_b9cff42cb9454e24af0d6a4771233be5,1,
4895,4724,2024-03-11,Debit Card,178.56,Successful,txn_b2b71dab9e66409b9804da10d08bdb15,1,
4896,4726,2025-03-30,Amazon Pay,34.83,Successful,txn_47db1113beff4ef28a86b4ccc89a3406,1,
4897,4727,2025-01-01,Amazon Pay,17.83,Successful,txn_d8cb213dabc145448bdafbc41ed61115,1,
4898,4728,2024-06-03,PayPal,37.7,Successful,txn_653c9856a10b40b4993776cc7f2853aa,1,
4899,4729,2024-08-03,Amazon Pay,703.0,Successful,txn_6e7be2b3f0f54e639c91330d687046c5,1,
4900,4730,2025-07-01,Debit Card,26.57,Successful,txn_0354eeccf0de419bab3069aa295e6fe4,1,
4901,4731,2024-07-28,Debit Card,491.25,Successful,txn_96f4880bd7f64e16b35a5ca4f26ce7fd,1,
4902,4733,2024-09-18,Amazon Pay,900.0,Successful,txn_774530999ec54e7c947a96bec0583ebf,1,
4903,4734,2025-04-05,Gift Card,54.36,Successful,txn_94c429859a3b41b1a4db3aee63218118,1,
4904,4735,2025-04-03,Debit Card,360.18,Successful,txn_971666be6c864a5a98dde7edb98301ef,1,
4905,4736,2025-06-16,PayPal,48.33,Failed,txn_c6feb5a7ac104ead8c74283fff1c223e,1,
4906,4736,2025-06-18,PayPal,48.33,Successful,txn_1f067bb423d14626bd5e6cf0c38c9a33,2,4905.0
4907,4737,2025-12-16,Gift Card,120.05,Successful,txn_8fb13af0d6734ade83c7b1d371c77024,1,
4908,4738,2024-04-13,Gift Card,1151.04,Successful,txn_fc0ced6cdcc54b6d8e661b44d8f3a691,1,
4909,4739,2024-05-12,Credit Card,1239.09,Successful,txn_6ca8d9bc00fc486383e763da60cc8aab,1,
4910,4741,2025-01-05,Amazon Pay,165.0,Successful,txn_ba497b70df3d498396d56aecdc6875b3,1,
4911,4742,2025-03-15,PayPal,42.46,Successful,txn_dcbed02610834f4da1da9fa8066fcf9a,1,
4912,4743,2024-07-14,PayPal,41.9,Successful,txn_8f8dfdc197ed496db8549827cec01577,1,
4913,4744,2024-10-22,Gift Card,241.68,Successful,txn_c976b26957e848d8a574174af02dd9c6,1,
4914,4745,2025-07-20,Amazon Pay,311.35,Successful,txn_220e9df634a843b599126abf8493123a,1,
4915,4746,2025-07-11,PayPal,92.79,Successful,txn_511c5813796d4f8c8de970693fde0406,1,
4916,4746,2025-07-11,Credit Card,43.05,Successful,txn_c38fcfc619294c65aecaa46f867478ce,1,
4917,4748,2024-12-03,Debit Card,1458.63,Successful,txn_1364c2c4e450489aaadec1fb8a2a7c81,1,
4918,4749,2024-12-26,Debit Card,29.52,Successful,txn_368069b3fc9b4768b3aa4395ad20d6c4,1,
4919,4750,2024-02-09,Gift Card,1386.21,Successful,txn_3869d85ab277418280fd5d4ce86ea57f,1,
4920,4751,2024-02-22,PayPal,293.08,Successful,txn_00fae9b57ef141c7b3f146f77f3e2a05,1,
4921,4751,2024-02-22,Gift Card,78.6,Successful,txn_1f84bffcb5d14a988d92048b15928385,1,
4922,4752,2024-12-04,PayPal,234.52,Failed,txn_1b347ee189a74a50820f4a339ad27e4e,1,
4923,4752,2024-12-05,PayPal,234.52,Successful,txn_98499f696102454c967aabab8bdb96c6,2,4922.0
4924,4753,2024-05-30,Debit Card,1471.8,Successful,txn_7d10cf4369b24bdfa9a9211c7a6dffce,1,
4925,4754,2024-07-28,Credit Card,503.7,Successful,txn_a525b61c513241e0b8da4ce3babfe5c4,1,
4926,4755,2025-09-17,Gift Card,900.0,Successful,txn_e8739eacb32e4ddaada5f8d4109f7ffb,1,
4927,4756,2024-05-06,Gift Card,73.77,Successful,txn_961049e66b8247d3a7adef93c6f47a29,1,
4928,4757,2025-06-28,Amazon Pay,179.76,Successful,txn_fd2ae4e17f86435daac313887c5967e1,1,
4929,4758,2024-02-16,Debit Card,1026.93,Successful,txn_2c52d8ca944a4d09a1cc469d707536ff,1,
4930,4759,2025-02-03,PayPal,295.2,Successful,txn_7285c1d594074b38843c239e1cd0d026,1,
4931,4760,2024-11-07,PayPal,106.02,Successful,txn_74e0b12c3f894745a17e5d6892df20a8,1,
4932,4761,2024-06-01,Credit Card,55.53,Successful,txn_17a0c94430b547c78ff8ed966f3a9ac0,1,
4933,4763,2025-06-11,PayPal,393.0,Successful,txn_41029a85f7cc4b16ac82ec7f9f0e4dc5,1,
4934,4764,2025-08-20,Gift Card,847.68,Successful,txn_305087c06de74b41ae4ca63044284679,1,
4935,4766,2025-07-16,Debit Card,1488.3,Successful,txn_78f68fb412814f458ee3dbb0c1d244dd,1,
4936,4767,2025-01-21,Amazon Pay,184.6,Successful,txn_0e6d38fa9872461bba43452e0aaf01af,1,
4937,4768,2024-12-13,Amazon Pay,564.52,Successful,txn_be92d01f5d444a9ea90137172a01860c,1,
4938,4769,2024-08-23,Amazon Pay,24.59,Successful,txn_39d3e37dc7204b8fa8c09b3159f28bfb,1,
4939,4770,2025-10-29,Debit Card,115.28,Successful,txn_1d84b3e76b984c6ab63e354868faaf91,1,
4940,4771,2025-06-09,PayPal,350.64,Successful,txn_0a6d283b2a914017b4a9cd6f3022f53a,1,
4941,4772,2024-08-24,Gift Card,1391.28,Successful,txn_3544ed780cef4367951a69c1c0a96950,1,
4942,4774,2024-02-23,Amazon Pay,51.24,Successful,txn_954ddaf0a33e43219515a9b5619374b5,1,
4943,4776,2024-02-06,Gift Card,510.93,Successful,txn_e31acf1cb5d74d5c9d26f66bbd1cdafd,1,
4944,4777,2025-06-09,Amazon Pay,118.8,Successful,txn_9981f39c7e684172a847ee67856d52c1,1,
4945,4778,2025-06-18,Amazon Pay,75.4,Successful,txn_b1281bacf51d47f0b32217d59c187ea8,1,
4946,4779,2025-09-19,Amazon Pay,42.46,Successful,txn_7b536ad82e8d4757813f5b45bac1eddb,1,
4947,4780,2025-12-13,Debit Card,259.92,Successful,txn_cabd55d8fc4a4560a786a163a657ad75,1,
4948,4782,2025-02-15,Gift Card,196.52,Successful,txn_c3fee1fb62db410890d3d10325a07709,1,
4949,4783,2025-03-09,Gift Card,42.12,Successful,txn_14eab1acdf8a4bb4b0908c1290c90bb8,1,
4950,4784,2024-09-26,Credit Card,299.91,Successful,txn_442353f3b0584d66bf9a29b26fa3d8c5,1,
4951,4785,2025-01-31,Debit Card,917.21,Successful,txn_aa78bb98a0ff4cb4a364a137401ee2ca,1,
4952,4786,2025-06-30,Amazon Pay,163.55,Successful,txn_f0ceda4a9c9445fe9c1847941aa3db47,1,
4953,4786,2025-06-30,Gift Card,377.13,Successful,txn_f8ea2171348344dab4e2bf08375370ac,1,
4954,4787,2024-01-24,Amazon Pay,196.52,Successful,txn_3ee14692cd914610ba6853b9e8a93cc3,1,
4955,4788,2024-12-31,PayPal,261.63,Successful,txn_007deaf48db74b3e89fdfef1d2313f95,1,
4956,4789,2024-11-30,PayPal,22.83,Successful,txn_6c2bfba1766b45e0841a10455e81f7c9,1,
4957,4790,2024-05-27,PayPal,718.96,Successful,txn_68be5d13736346019ad624b6acffa86c,1,
4958,4791,2025-11-30,Credit Card,35.04,Successful,txn_5c6a0334eb4a4e32abbf5d37da45465d,1,
4959,4792,2025-12-02,Debit Card,248.94,Successful,txn_681dfe4344c74def8fcc59bfe2b416e0,1,
4960,4793,2024-03-12,Debit Card,131.22,Successful,txn_3beef081d87f4a8fab937fefb8472eb5,1,
4961,4794,2025-06-20,PayPal,681.24,Successful,txn_73f0569709a3475a846e6eaa960f8500,1,
4962,4795,2024-05-19,PayPal,34.78,Successful,txn_2cfc3a75d6c04d03b7534292c8947b3e,1,
4963,4796,2024-06-06,PayPal,176.25,Failed,txn_0df062ee1dc44fec8a89e176f28fece6,1,
4964,4796,2024-06-06,PayPal,176.25,Successful,txn_94f4ce5e74ae458895e00c3044e4fa6d,2,4963.0
4965,4797,2024-06-20,PayPal,986.78,Successful,txn_3b13eee6288a41748db58d58b9de7064,1,
4966,4798,2025-08-05,PayPal,149.04,Successful,txn_63a86bae0d63423ebe1632226822c817,1,
4967,4799,2024-08-08,Credit Card,1391.28,Successful,txn_cf536afecc0542fc93b436ca1fc20314,1,
4968,4800,2024-08-29,Debit Card,215.16,Successful,txn_a34f83300f8a4b95af6dc8d9c95c4c66,1,
4969,4801,2024-03-20,PayPal,76.9,Successful,txn_dda0edd24b5a4318b68b29b5900bb3f3,1,
4970,4802,2024-02-02,Debit Card,393.6,Successful,txn_29105b9b4db44beba0973509602487a7,1,
4971,4803,2025-09-07,PayPal,360.18,Successful,txn_e3c601f1711c43a5bd27a1ee8a18bc2f,1,
4972,4804,2025-04-23,Credit Card,62.04,Successful,txn_c3fdcc87cb6842ef835c7cfdfa4fdb02,1,
4973,4805,2025-09-27,Debit Card,564.84,Successful,txn_3e8103b5d0044bceb5963b1317e406bb,1,
4974,4806,2024-10-28,Amazon Pay,440.31,Successful,txn_3294be54582e4442b1d3a54335ba1760,1,
4975,4807,2024-07-23,Credit Card,185.1,Successful,txn_0ff0066a7b7948368cf0c848e24cc373,1,
4976,4808,2025-04-15,Amazon Pay,45.24,Successful,txn_9557dadb5d6849dc848c360c92a8f83d,1,
4977,4809,2025-02-14,Gift Card,176.25,Successful,txn_a3caa4bf5f7a463693ebfdc9f5f33951,1,
4978,4810,2025-03-14,Debit Card,684.62,Successful,txn_d6822eaa04064ef5b470294471a6f1bd,1,
4979,4811,2025-11-24,Gift Card,27.0,Successful,txn_fc21348e7a7f49929fc9e05f65e0b58e,1,
4980,4812,2024-04-29,Credit Card,423.39,Successful,txn_42e2653b72cf485da01d1805324b103c,1,
4981,4813,2025-07-28,Credit Card,216.8,Successful,txn_ae28c46668334f9b98cfa20c122a8692,1,
4982,4814,2025-10-29,Credit Card,10.32,Successful,txn_1b0cc10c67a940a288fb3bf9fa2938f9,1,
4983,4814,2025-10-29,PayPal,19.2,Successful,txn_3c7471f7c98d41469f9875660f998c5a,1,
4984,4815,2024-12-05,Gift Card,360.18,Successful,txn_52e2fa9d03e84921afcf194dc68609fb,1,
4985,4816,2024-05-22,Gift Card,195.24,Successful,txn_0312ebde3ba7407aaaa871077998ca66,1,
4986,4817,2025-07-18,Gift Card,32.25,Successful,txn_f9730d675a8a4911909a0551aa8c497e,1,
4987,4818,2024-07-01,Credit Card,405.51,Successful,txn_4fd2da2cd1a34ff599023fbf25bfd60f,1,
4988,4819,2025-01-08,Gift Card,539.22,Failed,txn_9337de84ff744727b3c3ee03d13fcfbf,1,
4989,4819,2025-01-10,Gift Card,539.22,Successful,txn_e59ebb1dec604724bf9dc01f65d26f08,2,4988.0
4990,4820,2024-04-04,PayPal,172.6,Successful,txn_6bbfdc80ec0e4c3886556f347ff2bb04,1,
4991,4821,2025-07-11,Debit Card,370.15,Successful,txn_509e7316ff034b61810b9a74bd50f6dd,1,
4992,4822,2025-11-05,Credit Card,50.75,Successful,txn_91f11b330a7c4569ab5a07de09ff9db4,1,
4993,4824,2025-08-01,PayPal,675.46,Successful,txn_0251209d6c834dd1a16d05f8a4d327d3,1,
4994,4825,2025-10-25,Gift Card,223.56,Successful,txn_07a6ae0f35a2476383e019d671b29040,1,
4995,4826,2024-03-20,PayPal,323.61,Successful,txn_1f420c9712b54995975721e43400913e,1,
4996,4827,2024-02-26,Credit Card,324.8,Successful,txn_e86ed0e5789b40079924411023dee6d4,1,
4997,4828,2025-01-31,Amazon Pay,20.68,Successful,txn_bf12dd9e13a34b27a0d5ee34b1a38711,1,
4998,4829,2025-03-09,Credit Card,59.92,Successful,txn_56a27cc05d3244e69d657ac4956d7e14,1,
4999,4830,2024-11-29,Gift Card,88.28,Failed,txn_51af510adcde40778e3ae5e7bdfe565e,1,
5000,4830,2024-11-29,Gift Card,88.28,Successful,txn_018430c014da49a8953673ae3ae40919,2,4999.0
5001,4831,2025-05-07,Amazon Pay,152.2,Successful,txn_5d5d0230dad34eb0a56b2006de7b8cdc,1,
5002,4832,2025-01-28,Debit Card,108.72,Failed,txn_85fbc9072d2e4406ab99335d6245e606,1,
5003,4832,2025-01-30,Debit Card,108.72,Successful,txn_37d590e4b72349e080e0cc181268a6bb,2,5002.0
5004,4833,2025-09-05,Debit Card,487.95,Failed,txn_cf82d017f2f3411cb50b99ecae13999c,1,
5005,4833,2025-09-07,Debit Card,487.95,Successful,txn_7f93493b301342f6ac1eb916c32b3cf9,2,5004.0
5006,4834,2024-01-09,Gift Card,440.31,Successful,txn_28e56bac125d439c8add66dd5603257b,1,
5007,4835,2024-08-25,Debit Card,91.32,Successful,txn_25fa8b84f3064e049154b97c73aae5ec,1,
5008,4836,2024-04-16,Credit Card,388.8,Failed,txn_dcc0eb72ec6445f8bf65d7e441b4e3a1,1,
5009,4836,2024-04-16,Credit Card,388.8,Successful,txn_3aec8afb30914056967ebb95c5fa4450,2,5008.0
5010,4837,2025-03-01,Amazon Pay,188.28,Successful,txn_a940c27e211548b5a6106ebd1ec50e41,1,
5011,4838,2024-07-29,PayPal,146.77,Successful,txn_9d97b44627254bd197bb0dee479cc480,1,
5012,4839,2025-09-06,Amazon Pay,185.84,Successful,txn_f92f72068bae4ef39609e2d734f4740b,1,
5013,4840,2025-11-07,Debit Card,169.14,Successful,txn_18421bd2aace43f4a6c9d9fd2c399f94,1,
5014,4842,2025-04-19,PayPal,34.83,Successful,txn_341d2ed859e54be79a5b8583b7bfc460,1,
5015,4843,2024-09-05,Amazon Pay,1278.04,Successful,txn_ea92fd0357924fbfa50733361223d8e7,1,
5016,4844,2024-04-15,Amazon Pay,65.92,Successful,txn_8449afd018f840c9962b5b131ab5b087,1,
5017,4845,2025-09-19,Debit Card,297.28,Successful,txn_e50c55f21576418394c236ed42a84e03,1,
5018,4846,2024-10-29,Debit Card,423.39,Successful,txn_7585933b29964d08a8fdebaf0afc9500,1,
5019,4847,2025-05-07,Debit Card,149.04,Successful,txn_c58bff6c0a2242e89999a70cfbf891e3,1,
5020,4848,2024-10-07,Debit Card,58.63,Successful,txn_c663f5c2d5854116aa1b55385a369b89,1,
5021,4849,2024-11-28,Credit Card,424.08,Successful,txn_4c68ae0b8cef43f3ae4684208a7ad7f4,1,
5022,4850,2024-09-16,PayPal,166.4,Successful,txn_f132d8ebc8414fc4aca1bc7e9fe013cc,1,
5023,4851,2024-12-08,Amazon Pay,776.07,Successful,txn_8c801893b4554696b1d4baf1d4f0ce8c,1,
5024,4852,2025-04-21,Gift Card,200.64,Successful,txn_8487a943f67946d891be9cef53ab37e3,1,
5025,4853,2025-12-31,PayPal,113.46,Successful,txn_cf625671558b4b0291eab6955e244346,1,
5026,4854,2025-06-20,Credit Card,192.5,Successful,txn_b2798b0877c24b0c9f92c1bd688672f5,1,
5027,4855,2024-07-14,Debit Card,526.95,Successful,txn_e3d7830143dd46878a2a9f3d40d433cb,1,
5028,4856,2024-04-28,PayPal,703.0,Failed,txn_9eb93298d09f4e68a518e09631554ef3,1,
5029,4856,2024-04-28,PayPal,703.0,Successful,txn_2c730eea9d3e40ae903fa850024006c5,2,5028.0
5030,4857,2024-05-05,Gift Card,230.56,Successful,txn_ab4bfe1df99e4025827e8963fa2ea43e,1,
5031,4858,2024-11-01,Debit Card,267.84,Failed,txn_58ed07bc772f433cbcf9554520490264,1,
5032,4858,2024-11-03,Debit Card,267.84,Successful,txn_301ceddd355b4b2b80e4f96ae3d415fa,2,5031.0
5033,4859,2024-04-06,Debit Card,405.51,Successful,txn_8ff84161553a406c99b77dde6662ab71,1,
5034,4860,2025-06-29,Debit Card,248.94,Successful,txn_2af347dcccc145c2b717e8196c10119e,1,
5035,4861,2025-04-06,Credit Card,1142.69,Successful,txn_7ee6523e31fa4662894707008021f0d1,1,
5036,4862,2024-11-07,Gift Card,317.0,Successful,txn_180a3966e14049e89214ea241c8e690b,1,
5037,4863,2024-03-01,Credit Card,302.5,Successful,txn_de0af6f1009441eba90ab25f52d0bf91,1,
5038,4864,2024-01-02,Debit Card,156.53,Successful,txn_5e0fc6b9f2db436c83f22d1e66e7a986,1,
5039,4865,2024-01-28,Gift Card,161.37,Successful,txn_98870255dc724fdb9b34b91cc3316397,1,
5040,4867,2025-10-07,Debit Card,187.9,Successful,txn_73ff0b7a07d24308868639ddb72ae5ae,1,
5041,4868,2024-01-07,Gift Card,999.99,Successful,txn_d33b37f75ba84acb9ce59420fa7c0738,1,
5042,4868,2024-01-07,Debit Card,250.31,Successful,txn_ad3846ab862c481ba10521bf0c2c7d5b,1,
5043,4869,2024-02-05,Debit Card,46.15,Successful,txn_1a1b24eb412d461c9f826741814ae725,1,
5044,4870,2024-07-27,Amazon Pay,35.66,Successful,txn_c000173c597546ea94c5653726cd8d4e,1,
5045,4871,2025-03-09,Amazon Pay,335.8,Successful,txn_f389bd8ba44643cd8de322c04719d6e0,1,
5046,4873,2024-08-01,Debit Card,112.76,Successful,txn_639a569c1adc4b1a8376093477cd21a4,1,
5047,4874,2025-01-02,Gift Card,304.0,Successful,txn_2dd4e90283cb4c6e8a0676938e34923c,1,
5048,4875,2025-08-04,Amazon Pay,110.69,Successful,txn_49dc73af7cb64ae6aa20579ce52d31b3,1,
5049,4876,2024-08-24,Gift Card,913.46,Successful,txn_da00319160264ec798a0be39ffd445b3,1,
5050,4877,2024-10-26,Credit Card,248.94,Successful,txn_e9768205aad7454d8d90ac24c210ceaa,1,
5051,4878,2024-07-13,Debit Card,96.68,Successful,txn_9fefb116e6874505ac9e2143b0e6b7ce,1,
5052,4879,2024-11-05,PayPal,130.28,Failed,txn_da779b30d4c543ae8dfe4f9082759c38,1,
5053,4879,2024-11-07,PayPal,130.28,Successful,txn_5c17a0d2b0614c87830206cede6c8fb9,2,5052.0
5054,4880,2025-12-09,Debit Card,59.04,Successful,txn_54ba831ddaed4b308794401a868407a7,1,
5055,4881,2024-04-28,Debit Card,45.66,Successful,txn_b532237974004a308dc1048d26cafcb7,1,
5056,4882,2024-06-11,Gift Card,118.08,Successful,txn_03ab9727252c4d1884653ce7fb81762e,1,
5057,4883,2024-11-16,PayPal,74.52,Successful,txn_2ec521dd3bcc4971a8a0673e7cfd26f2,1,
5058,4885,2025-01-09,Debit Card,342.31,Successful,txn_e2e49d6a6fc8425787900956100928e1,1,
5059,4886,2024-08-24,PayPal,1026.93,Successful,txn_8417d996f3ac467eadf24a374cd60e1f,1,
5060,4887,2024-05-02,Gift Card,118.13,Successful,txn_97f43e610a5f493290a75ddd5425e52a,1,
5061,4887,2024-05-02,Credit Card,69.77,Successful,txn_ae1c1f0658f44e6fbe48b575b43536cf,1,
5062,4888,2025-05-20,PayPal,253.6,Successful,txn_62e1317dac164900972a1dbf8f514a95,1,
5063,4889,2024-03-10,Debit Card,115.26,Successful,txn_8942de2112d04461a60f4f6be5ebbc03,1,
5064,4890,2024-12-04,Debit Card,48.34,Successful,txn_140770e88f824c48a6fccc100ba74f75,1,
5065,4891,2025-09-03,Gift Card,548.88,Successful,txn_7b1c8af53f6f4e7e986051c5273363fc,1,
5066,4892,2024-07-31,Credit Card,96.75,Successful,txn_f8544210307d4d3db5a222344b02b79c,1,
5067,4893,2024-03-19,PayPal,5.4,Successful,txn_ac28a4471425421496a7970ac363bbf1,1,
5068,4894,2024-06-09,Credit Card,695.64,Successful,txn_e816b3ba36c04c84bf5e4ab38a6e2e04,1,
5069,4895,2025-01-07,Amazon Pay,175.89,Successful,txn_485729cbca544362b57852ee217506d0,1,
5070,4896,2024-12-12,Amazon Pay,215.16,Successful,txn_b214d9dc3d3741289ba0d1a3c5d5e9e5,1,
5071,4897,2024-07-26,Debit Card,390.84,Successful,txn_f2d4cd5f8d0e4eaba5cface0c4962fb8,1,
5072,4898,2025-10-22,Gift Card,321.09,Successful,txn_a3b9b26bd99f42aaa8e99d891582a959,1,
5073,4899,2024-11-23,Credit Card,286.65,Successful,txn_4bbb29c47dff457e8913860200bdc5f7,1,
5074,4900,2025-04-19,Debit Card,161.25,Successful,txn_7d0591233b9e412187aa789f1dd06ec6,1,
5075,4901,2025-02-25,Gift Card,229.6,Successful,txn_3ed6b4fb384c4890b9edae9f63bf1afa,1,
5076,4902,2025-10-14,Gift Card,548.48,Successful,txn_2a43483104394d7b90acaf8f535db980,1,
5077,4903,2025-07-15,Credit Card,143.96,Successful,txn_d545febc9aab43da82a58c1a95e8753d,1,
5078,4904,2024-02-06,Debit Card,461.04,Failed,txn_ed24d26b09f84517b6296b665057e57b,1,
5079,4904,2024-02-07,Debit Card,461.04,Successful,txn_cdd9f05f6aac4c5b82afb6b22018790e,2,5078.0
5080,4905,2025-04-27,Amazon Pay,390.48,Successful,txn_b0ea67fdc7ce48e697e75114b40d5ced,1,
5081,4906,2024-02-26,PayPal,55.35,Failed,txn_25b52424e15f4055a408c841d1e5c26e,1,
5082,4906,2024-02-27,PayPal,55.35,Successful,txn_13b792e079bd45d69c657db44c46c78b,2,5081.0
5083,4907,2024-08-26,Credit Card,171.52,Successful,txn_f14d1570beec42d68bd929cec93632be,1,
5084,4908,2025-12-09,PayPal,73.77,Successful,txn_9706f3c7c13d47e89706609f329abe4b,1,
5085,4909,2024-11-23,PayPal,1487.23,Successful,txn_1243427267754eb4aaa7ce46f2c68810,1,
5086,4910,2024-09-16,Debit Card,313.2,Successful,txn_a5b237c5c689464e95a7a427da3712ea,1,
5087,4911,2024-08-20,Amazon Pay,148.64,Successful,txn_34087af08d4a4acaa0eee1373c1064eb,1,
5088,4913,2024-06-12,Credit Card,917.21,Successful,txn_f5523dfa28df4fbbb6fc2868a1efa242,1,
5089,4914,2025-04-10,Gift Card,214.4,Successful,txn_be163e0100db4c10b62779554a014a58,1,
5090,4915,2024-05-11,Amazon Pay,828.44,Successful,txn_5749fddbfc6541eb961d5b2daf3f71dc,1,
5091,4916,2025-08-26,PayPal,230.7,Successful,txn_cd1ae926c3964f749f4d92a095fc63cd,1,
5092,4917,2024-02-08,Gift Card,711.9,Failed,txn_3c00dc96435a41ad9a5c26b96f975f27,1,
5093,4917,2024-02-09,Gift Card,711.9,Successful,txn_cc73d493e55b46b39cb334a469644675,2,5092.0
5094,4918,2024-05-27,PayPal,625.15,Successful,txn_9258d94c3d5942b3b8f2b76130ca5f12,1,
5095,4919,2025-10-12,Amazon Pay,194.56,Successful,txn_ae278c472d534573a8792950114dae3f,1,
5096,4920,2025-11-15,Amazon Pay,472.02,Successful,txn_c19101878ebf4708b94eec1d520ddd90,1,
5097,4921,2024-02-22,Gift Card,913.46,Successful,txn_65509142c61e4b948d0243b88df02e5b,1,
5098,4922,2025-07-16,Gift Card,226.4,Successful,txn_fef2b839382e40d6b18331a19150150b,1,
5099,4923,2024-10-09,Amazon Pay,175.89,Successful,txn_e4d7da8bde1048328d781877cba56315,1,
5100,4924,2024-01-29,Gift Card,169.54,Successful,txn_9e9328194e064895889a4e5c5634c0b2,1,
5101,4925,2024-03-24,Amazon Pay,603.66,Successful,txn_90bb4012e51e4da98ee7736a19be1333,1,
5102,4926,2024-11-04,PayPal,542.02,Successful,txn_8ce80f4812d846e680ee0a1537849535,1,
5103,4928,2024-11-29,Amazon Pay,105.31,Successful,txn_184fca8c2491454ca238b3cd8d2accfd,1,
5104,4928,2024-11-29,Debit Card,127.25,Successful,txn_6777196151744a8cac719064eba6cd5f,1,
5105,4929,2024-07-13,Amazon Pay,181.12,Successful,txn_c71a0d08c9bc4d6aac5b013997898727,1,
5106,4930,2025-02-12,Gift Card,193.62,Successful,txn_d8efa7ade604413a8451f854e9fa750c,1,
5107,4931,2024-10-13,Gift Card,124.8,Successful,txn_15714f38bee74362a035b63d4d6df2e9,1,
5108,4932,2024-03-15,Credit Card,1487.23,Successful,txn_305a8a161dbf4c748f4cf468f851add5,1,
5109,4934,2025-07-30,Credit Card,86.64,Successful,txn_a60ebc08b3794ebb9328798f32b47eb2,1,
5110,4935,2025-08-01,PayPal,289.02,Successful,txn_f0aa7be87d6646b99396dcd79da213de,1,
5111,4936,2025-05-14,Gift Card,339.08,Successful,txn_a959397ee0a64428ab7ee993f892e0a0,1,
5112,4937,2025-10-07,Credit Card,577.65,Successful,txn_2cbc4a3d87714a32bd3cde2fdde4fb4c,1,
5113,4938,2024-03-04,Gift Card,56.54,Successful,txn_f6e612f888ec46ad85c219bcf73572a2,1,
5114,4939,2024-07-31,Credit Card,75.98,Successful,txn_0957f688b28a4794bc526bc8c6e32b9e,1,
5115,4940,2025-06-12,Credit Card,307.11,Successful,txn_89dd9399376b49a283282dee52585794,1,
5116,4941,2025-06-06,Credit Card,427.14,Successful,txn_6c21e538b10649558b254189e73fd8d7,1,
5117,4942,2024-04-30,Debit Card,143.96,Successful,txn_c552082a330042a99fa42579f763df24,1,
5118,4943,2024-09-28,Amazon Pay,705.65,Successful,txn_041f2e1f1ffc49b3b96dfdcc2c21dc83,1,
5119,4944,2025-03-19,Gift Card,98.52,Successful,txn_8b44ab49825a40de93883e15df869c0d,1,
5120,4945,2024-08-08,Gift Card,92.3,Successful,txn_e441da0bade1449bbea474ab4731a3f0,1,
5121,4946,2025-02-15,Credit Card,340.62,Successful,txn_bab7e8f2cf0848cdb8f9586ed105f202,1,
5122,4948,2025-07-14,Debit Card,41.9,Successful,txn_4efc45c3704942a4849c67dc06b6ee31,1,
5123,4949,2024-01-08,Gift Card,330.54,Successful,txn_912d784103724a8284a3be6224343839,1,
5124,4950,2024-10-08,Amazon Pay,291.6,Failed,txn_40eee32493d44c05ad4da5d2aa4cfe4b,1,
5125,4950,2024-10-08,Amazon Pay,291.6,Successful,txn_8e95c47d773e430786a8dbf3caaf2b21,2,5124.0
5126,4951,2024-10-03,Debit Card,49.05,Successful,txn_a27ff75ad6b44381826bb470e7044657,1,
5127,4952,2024-06-29,PayPal,293.54,Successful,txn_df97cc4637dc4c0d878bcefe637d0843,1,
5128,4953,2024-07-31,Amazon Pay,113.36,Successful,txn_46e7e7a67541406e85eddefa12d1dd7c,1,
5129,4954,2025-06-14,PayPal,138.45,Successful,txn_de6ac6563127466c82d1b7b44dfb9a12,1,
5130,4955,2024-08-05,PayPal,56.92,Successful,txn_9821a7d23ec04086b56b70e1ba0955f2,1,
5131,4956,2025-08-20,PayPal,131.6,Successful,txn_3f87fdea84794ba294270c80959c5f5f,1,
5132,4957,2024-12-30,Credit Card,216.8,Successful,txn_69cd5d39596d458883cde7f67dab627a,1,
5133,4958,2025-01-16,Credit Card,85.76,Successful,txn_7cc9bf9aa198471695fab61b97f0118e,1,
5134,4959,2024-11-20,Gift Card,115.22,Successful,txn_4146ddf26e634b3f8c6259380d7887e4,1,
5135,4960,2024-04-07,Amazon Pay,341.52,Successful,txn_6019cd4f8dd5457495900079662ef20c,1,
5136,4961,2025-01-17,Credit Card,96.66,Successful,txn_46a257c4ddb140b29ec4d09410b4226e,1,
5137,4962,2025-08-06,PayPal,42.46,Successful,txn_b4c44bfa4d6c4fc8861742622b59e6e3,1,
5138,4963,2025-09-11,Amazon Pay,493.39,Successful,txn_39748cf6624b4a92b92f9e3d14a951e3,1,
5139,4964,2024-12-14,Credit Card,163.32,Successful,txn_9b4ad3ff03b94f11a4b047f46f5085bc,1,
5140,4965,2024-04-16,Gift Card,1026.93,Successful,txn_e3bf694c059a4e818b5c205b8cff6f89,1,
5141,4966,2024-07-09,Debit Card,115.12,Successful,txn_4ddce7cbdb4f4d2d91b4327f36a84a79,1,
5142,4967,2025-07-03,Credit Card,390.48,Successful,txn_8089301b84f74bdb9f20c7b8b80f867e,1,
5143,4968,2024-01-15,Gift Card,477.88,Successful,txn_fbf1bb8cd5cb4e5d82ecf0240ebc6b4b,1,
5144,4969,2025-04-23,Debit Card,553.32,Successful,txn_d92b934c50da4daba706e6acc975b14f,1,
5145,4970,2024-08-06,Amazon Pay,661.92,Successful,txn_e5e8912d62e04e59a77267122303d2ec,1,
5146,4971,2025-08-06,Debit Card,705.24,Successful,txn_917c9cd7a1014520b13c4ad17b421a03,1,
5147,4972,2024-05-15,Gift Card,304.0,Successful,txn_88de7b999c204ae2b5b69c70dcdff417,1,
5148,4973,2024-12-30,Gift Card,92.3,Successful,txn_1bf4f847c8be4a16a575c6dfc8f918a8,1,
5149,4974,2025-05-12,Gift Card,92.3,Successful,txn_744d7e70594645b4a23f988d2bd93cf7,1,
5150,4975,2024-07-19,Credit Card,625.15,Successful,txn_fedac0c5401c40a5b4e63a27b5191931,1,
5151,4976,2025-02-06,Gift Card,695.64,Successful,txn_097bbf70f8f7486b9190ead7c671b554,1,
5152,4977,2025-08-19,PayPal,83.2,Successful,txn_82b9e82b8c2f4a229cdc0074b4c0875d,1,
5153,4978,2025-09-19,Debit Card,168.48,Failed,txn_a48421af8f074c879e8cb5ec8b9fa91e,1,
5154,4978,2025-09-21,Debit Card,168.48,Successful,txn_5ededca09b894cfbabf4b8a3318c2c4a,2,5153.0
5155,4980,2024-09-14,Debit Card,540.68,Successful,txn_1abed2d51c67430c9aa6e23d0f4f5e16,1,
5156,4981,2025-02-17,Debit Card,34.5,Successful,txn_7e165e4042d44c86bfe65802623631e7,1,
5157,4982,2024-04-25,PayPal,256.4,Successful,txn_cee53ac357d54068acfcbf2a97512add,1,
5158,4983,2024-06-25,Gift Card,200.64,Successful,txn_0996628b6ba34f7ebf1ba360136daff9,1,
5159,4984,2025-06-04,Gift Card,172.83,Successful,txn_0ee8f2562d204e179b6776989859bec4,1,
5160,4985,2025-11-16,Credit Card,462.76,Successful,txn_2e562ee14c494b009cddd0065b9a622b,1,
5161,4986,2024-10-26,Debit Card,453.44,Successful,txn_2b5840dd7a754445bdc6b02d3030a151,1,
5162,4987,2025-06-24,Debit Card,180.09,Successful,txn_6a856062eaa7456fa0ca77e17138a545,1,
5163,4988,2025-09-11,Amazon Pay,199.94,Successful,txn_7d05692e622e43fb856272d54f419548,1,
5164,4989,2025-10-16,Credit Card,2675.66,Successful,txn_dfbc57ff487a4b8091f61d89a7e09a54,1,
5165,4990,2024-09-11,Amazon Pay,214.4,Successful,txn_a56279a2e5814830b91e587165ec2198,1,
5166,4991,2024-04-03,Debit Card,511.06,Successful,txn_dfe5eb350abd44deb9255928648e3d52,1,
5167,4992,2024-10-06,Debit Card,431.88,Successful,txn_0d1a292533c043449130a8a668ffe24e,1,
5168,4993,2025-12-15,Debit Card,215.75,Successful,txn_7092060b0dcd4f979e5911ba289b74d4,1,
5169,4995,2024-02-20,Amazon Pay,413.03,Successful,txn_776baf08d455436ca3befd08c95409fc,1,
5170,4996,2025-09-14,Credit Card,533.52,Successful,txn_0731385aef6741618ba71866dbe62576,1,
5171,4996,2025-09-14,Gift Card,493.41,Successful,txn_5de1fa6c3c624a23bc6c47bc6ef08e6f,1,
5172,4997,2024-03-24,Credit Card,74.52,Successful,txn_90fe300d9a07442cab9f004754afb8a4,1,
5173,4998,2025-01-23,Credit Card,56.92,Successful,txn_16ea85961ed44e03ae02903c88899c25,1,
5174,4999,2025-03-10,Gift Card,108.4,Successful,txn_4827cba4c2e1442e8ee60bd0a299b953,1,
5175,5001,2024-08-08,Credit Card,603.66,Successful,txn_1793c67d36a84af193f7f78062e3b767,1,
5176,5002,2025-01-27,Credit Card,157.34,Successful,txn_5dd431055b244bbb8f1cec498e5a1ee5,1,
5177,5003,2025-09-03,Credit Card,200.88,Successful,txn_580607587b1b4da594c83249916c672d,1,
5178,5004,2024-11-03,Gift Card,113.55,Successful,txn_2c6fcd75f1c24fdfb44b6fd88d977c2f,1,
5179,5005,2025-09-09,PayPal,304.0,Successful,txn_3fc6639ca43c4962a83cccd55a759577,1,
5180,5006,2024-01-11,PayPal,168.48,Successful,txn_52a1bf675a8141a887b9b7f593c71fa7,1,
5181,5007,2025-04-15,Debit Card,557.52,Successful,txn_50f022dcf1534862817ddd59cdbc04f3,1,
5182,5008,2024-12-07,Credit Card,234.52,Successful,txn_8d9db6c619cc4fafa3e98e9e65765592,1,
5183,5009,2025-03-11,Credit Card,33.21,Successful,txn_7540ecaa4fbb4a0d8b4ffbc0b8c2d9c0,1,
5184,5010,2024-03-18,Gift Card,283.44,Successful,txn_c4117c7cc58142d4aab851d4a41b437b,1,
5185,5011,2024-02-06,Debit Card,26.57,Successful,txn_b85cba67ddad457a85cf4bc42c056372,1,
5186,5012,2025-09-29,Credit Card,924.14,Successful,txn_b09e6ba728004b9d92c254d5b392fec6,1,
5187,5013,2025-02-21,Gift Card,1239.09,Successful,txn_5d7950cce2154755a238ae565fcd18a4,1,
5188,5014,2025-02-16,PayPal,107.03,Successful,txn_03a5c5e63d354b14b815dd89e6d06cfc,1,
5189,5015,2024-11-19,Amazon Pay,31.48,Successful,txn_49e3be2b5e2448ecb191d74d5548eb68,1,
5190,5016,2024-04-28,PayPal,3031.46,Successful,txn_eb190c5c889a43d7805f2e943f4e8d71,1,
5191,5017,2025-02-27,Amazon Pay,111.06,Successful,txn_f2b7d6fb6dce444b934aab3b8a0e1620,1,
5192,5018,2025-11-08,Gift Card,243.6,Successful,txn_b31f0b95aeab48f386f2f37ea06ec8ac,1,
5193,5019,2024-05-19,Amazon Pay,128.24,Successful,txn_6baea2e5bd2d4e4fb4c56886d2421de7,1,
5194,5020,2025-12-27,Gift Card,78.7,Successful,txn_dd402030cdef462a8c7cec224f064b98,1,
5195,5021,2025-09-10,Amazon Pay,629.36,Successful,txn_5a389bb6f09743e38388636d57ec5bf0,1,
5196,5022,2025-11-30,PayPal,2285.38,Successful,txn_4e6cae6a9ef64fce91c36a3869e8361b,1,
5197,5023,2025-07-23,Amazon Pay,329.0,Successful,txn_4b9af10dfdb94f3b8115d0298c629e0f,1,
5198,5024,2024-04-05,Debit Card,146.77,Successful,txn_13e391919c04446a80e8884d18ba9884,1,
5199,5025,2025-06-12,Amazon Pay,9.2,Successful,txn_cb6e065847bb4335b8d102dde26aedd9,1,
5200,5026,2024-12-14,Debit Card,580.53,Successful,txn_bc4e79b581ed45b1990b06c5a6c0e660,1,
5201,5027,2024-10-27,Amazon Pay,376.56,Successful,txn_c19b3ad8bf814b6eba604f5c7e2e367d,1,
5202,5028,2024-12-23,Credit Card,1077.68,Successful,txn_0ff1df6202624c689b0f9a5fb7ac16a3,1,
5203,5029,2025-11-27,Debit Card,154.63,Successful,txn_d718e0e2312a40c7901734d2b12ccbd9,1,
5204,5030,2025-04-12,Credit Card,26.57,Successful,txn_696e6d10c305494eafa1a2aeacd6b04a,1,
5205,5031,2024-09-20,Gift Card,268.52,Successful,txn_f73b0578889a464888b98d8b18c070e8,1,
5206,5033,2024-05-25,Gift Card,241.68,Successful,txn_f1f873e11f284211950e565b356b088d,1,
5207,5034,2025-05-26,Debit Card,464.6,Successful,txn_8786d29403c54f4ba762383b71eed60d,1,
5208,5035,2024-05-20,Gift Card,48.33,Successful,txn_44d444e5b115455b86ee13b12fb08432,1,
5209,5036,2024-06-05,Amazon Pay,1480.17,Successful,txn_4d9113d322b54939aeccbf09f49b85ab,1,
5210,5037,2024-09-06,Amazon Pay,49.05,Successful,txn_b050fb0942244aa2b2f8f1ed2ca5d931,1,
5211,5038,2025-03-17,Amazon Pay,340.62,Successful,txn_6f9e9bed316a4a9f930a2edf1f1130c6,1,
5212,5039,2024-01-18,Gift Card,774.04,Successful,txn_04a829987b314da985648540b5271ec5,1,
5213,5040,2025-04-07,Credit Card,42.12,Successful,txn_a2deede891ec43ea991c71d3fb2be7dc,1,
5214,5041,2025-06-04,Debit Card,1250.3,Failed,txn_83021a2689604fb4881f5b3288f73504,1,
5215,5041,2025-06-05,Debit Card,1250.3,Successful,txn_8676f2b85c294342b383b06afeef560d,2,5214.0
5216,5042,2025-04-08,Gift Card,38.7,Failed,txn_d115f0d6b88445858232a11101c54fb3,1,
5217,5042,2025-04-10,Gift Card,38.7,Successful,txn_a89c2eb2452d471590548dadee6f28d8,2,5216.0
5218,5043,2024-08-10,Debit Card,370.15,Successful,txn_c94c1d90fd964b81af4ad8f158bc8a07,1,
5219,5044,2024-07-03,Amazon Pay,15.51,Successful,txn_d306bff639d34354bfc615f83d79d669,1,
5220,5045,2024-12-22,Amazon Pay,463.89,Successful,txn_2de1a53707c442b499bf2c5e82589cf4,1,
5221,5046,2025-09-02,Debit Card,230.56,Successful,txn_0a8378edc7014c2b94703589e6137709,1,
5222,5047,2025-05-31,Amazon Pay,176.56,Successful,txn_b40c483980fd4363845c25cbce3d6035,1,
5223,5048,2024-02-20,PayPal,487.95,Successful,txn_7fcc9102609e4a318777e6e69c739846,1,
5224,5049,2024-11-04,PayPal,1242.66,Successful,txn_bcce1da5156d47d1a68889fc74a70b07,1,
5225,5050,2024-06-16,Amazon Pay,138.33,Successful,txn_df58860b632449b8ba30f1ea8e636a27,1,
5226,5051,2024-01-25,Amazon Pay,105.39,Failed,txn_ddfbe07d6f7a418785ed4b4eea306cf8,1,
5227,5051,2024-01-26,Amazon Pay,105.39,Successful,txn_1edbdf12b62f4018900a1521c0322e93,2,5226.0
5228,5052,2025-02-01,Credit Card,261.63,Failed,txn_f30531c9067c47868f1cca799fff608c,1,
5229,5052,2025-02-02,Credit Card,261.63,Successful,txn_bd9a70352955411f87f5e4c451b4f892,2,5228.0
5230,5054,2025-06-27,Gift Card,74.52,Successful,txn_50fba2cba56b425b9200730c8fcf6be6,1,
5231,5055,2024-08-22,Amazon Pay,296.16,Successful,txn_077fcc669020460585825d26f1ed1941,1,
5232,5056,2024-04-24,Amazon Pay,102.37,Successful,txn_568f369402484cf29f2d34e90f4041e8,1,
5233,5057,2025-11-04,Credit Card,51.28,Successful,txn_75b894c93eae44cbb85cf9d539d6540f,1,
5234,5060,2025-04-01,Debit Card,537.04,Successful,txn_b7cb576e85ed4f3bbcb690ee56a88f68,1,
5235,5061,2025-07-01,Debit Card,204.15,Successful,txn_ae727d7c033742fca51752f8c076545a,1,
5236,5062,2024-10-24,Gift Card,238.94,Successful,txn_73be23f1182044b3910f6bb560bd7417,1,
5237,5063,2025-05-13,Credit Card,986.78,Failed,txn_9bfe089e1fba4f10880d25f1b83e8e12,1,
5238,5063,2025-05-15,Credit Card,986.78,Successful,txn_91e33cf0639e4737a8a41462c026e484,2,5237.0
5239,5064,2025-04-29,Gift Card,42.12,Successful,txn_a26979ab054b4b6d8c72b2cb7f1369b6,1,
5240,5065,2025-03-12,Gift Card,208.97,Successful,txn_610163d89288486c992808ecda8559da,1,
5241,5066,2024-12-15,Debit Card,1421.46,Successful,txn_270eed34c0f54e3a92efb8443a1a71c3,1,
5242,5067,2025-07-01,Gift Card,1799.58,Failed,txn_f4472b8d886f46d5add70c1525781471,1,
5243,5067,2025-07-02,Gift Card,1799.58,Successful,txn_2ac3c01b5c7b4be1ad6eb342c96ba9d7,2,5242.0
5244,5068,2024-12-30,Debit Card,75.3,Successful,txn_507cca183eb94c87be04bfe6fb314c77,1,
5245,5069,2024-08-18,PayPal,167.9,Successful,txn_ecfc14de59fb4148b9eda42aa8b72968,1,
5246,5070,2025-08-01,Credit Card,674.56,Successful,txn_be2f5cd235ad43f2bd70c6fcafa80c8d,1,
5247,5071,2024-01-04,PayPal,440.31,Successful,txn_6c1c3cb3bebd4a6ba6d632dc4a2e03f5,1,
5248,5072,2024-06-09,PayPal,214.06,Successful,txn_3454f43fd9384cd3a53eb3cca366e4f5,1,
5249,5073,2024-06-06,Debit Card,31.48,Successful,txn_46fc65a9af2e4ed5969260cbb39c87c8,1,
5250,5074,2025-05-09,PayPal,423.85,Successful,txn_06b0482e3f2e43e4b452f5c1ab576f90,1,
5251,5075,2024-05-31,Gift Card,262.98,Successful,txn_dccde4b2afbe47d1b52f7b5b1e737367,1,
5252,5076,2025-12-07,Debit Card,145.02,Failed,txn_3fe0a47ef6ae4b8f8875c0f4592eb0b9,1,
5253,5076,2025-12-08,Debit Card,145.02,Successful,txn_d857a308396d448ca88d3799a00cba65,2,5252.0
5254,5077,2024-09-15,Credit Card,261.36,Successful,txn_39275a6bb2d3420e81b579c766222de6,1,
5255,5078,2025-12-19,Amazon Pay,370.2,Successful,txn_2895ad834fd048d78c72b67775788d12,1,
5256,5079,2025-09-10,Gift Card,173.28,Successful,txn_43b79155eb554e04969369a9d43e37da,1,
5257,5080,2024-01-26,PayPal,341.52,Successful,txn_4aaec0606aef4aab9201ec714a5a620c,1,
5258,5082,2025-10-05,Gift Card,63.4,Failed,txn_9ddb9b51ca484e088b2ca8dbbe76ee85,1,
5259,5082,2025-10-05,Gift Card,63.4,Successful,txn_9a9c9f4461954631ac57ea4ffe7a1824,2,5258.0
5260,5083,2025-02-16,Debit Card,1350.92,Successful,txn_a8f6e437716c48e081bc425ab6c582d5,1,
5261,5084,2024-09-04,PayPal,65.4,Successful,txn_d1df7266c3ca4b498a0d5a7a773c93fc,1,
5262,5085,2024-12-04,Gift Card,105.26,Successful,txn_7ac3388827da4b3289a9c75dafd7ca2d,1,
5263,5086,2025-01-30,Gift Card,65.92,Successful,txn_3d79f46a1fe54cde8f7a95fa06ba688e,1,
5264,5087,2025-06-13,PayPal,342.31,Successful,txn_4cdc891e64d2477787fa0d5b72b153f5,1,
5265,5088,2025-12-25,Amazon Pay,33.62,Failed,txn_f2b5c021f16a44f597650abb68e97880,1,
5266,5088,2025-12-26,Amazon Pay,33.62,Successful,txn_47dd413fbfec4a19bebad5f1c6daac9b,2,5265.0
5267,5089,2024-01-12,Amazon Pay,254.13,Successful,txn_2f89f35277f94db59a38dcc2ea900634,1,
5268,5090,2025-10-11,Credit Card,29.58,Successful,txn_4541d43ec2f34d4cb8e98925347ed668,1,
5269,5090,2025-10-11,Debit Card,51.12,Successful,txn_71a789dec62a4e10a4facc77e673982b,1,
5270,5091,2024-09-16,Debit Card,14.19,Successful,txn_2221f1116570482a877b956391f664f2,1,
5271,5092,2025-12-06,Gift Card,317.0,Successful,txn_712f71f875ea451bb67a182754b1fdc9,1,
5272,5093,2025-06-04,Credit Card,341.52,Successful,txn_91dfbea048824b5fa6b7657fa427943f,1,
5273,5094,2025-01-06,Gift Card,134.26,Successful,txn_216be11408c6481bb0858842d0e05758,1,
5274,5095,2025-04-24,Amazon Pay,1480.17,Successful,txn_713941d32310424193b9258e6e5793fc,1,
5275,5096,2025-11-01,Credit Card,521.12,Successful,txn_79c9afbd97724847ad63cc58d57161c4,1,
5276,5097,2025-07-24,Gift Card,625.15,Successful,txn_61c26750b92346b2888f999b3c0908c5,1,
5277,5098,2024-07-07,Credit Card,493.39,Successful,txn_f0a8a034ed1e4d95a56b02da14952e6b,1,
5278,5099,2025-02-14,Credit Card,176.56,Successful,txn_387c087ef09141729f2beaf7f5776c9b,1,
5279,5100,2024-04-06,Credit Card,981.2,Successful,txn_17501e1ef03143bbb4ac7a539421d9a9,1,
5280,5101,2025-08-03,PayPal,442.76,Failed,txn_fd9a04a23ab34441aaa27db66d60b1b1,1,
5281,5101,2025-08-03,PayPal,442.76,Successful,txn_ed0db8048bba412ab519f384b110881c,2,5280.0
5282,5102,2025-07-20,PayPal,1242.66,Successful,txn_1ac80bc1932c421e885df21103f5983c,1,
5283,5103,2024-12-22,Credit Card,505.56,Successful,txn_438ba78b7cbe431daf413d28b929e671,1,
5284,5104,2024-02-05,Credit Card,574.52,Successful,txn_6f89963d3fa34f05ac56351d199fce4e,1,
5285,5105,2024-12-02,Amazon Pay,194.56,Successful,txn_620e39faa11a4e6fbd9b6eabf60ab328,1,
5286,5106,2025-01-17,Debit Card,243.83,Successful,txn_58cec3c204064853b381466ff24100e6,1,
5287,5107,2025-08-29,Amazon Pay,148.64,Successful,txn_767734b55b8a458ca4cab6936359dff2,1,
5288,5108,2025-06-10,Credit Card,705.24,Successful,txn_5490a4d3921949cfb7f3ce8d6d01d8e4,1,
5289,5112,2025-03-30,Amazon Pay,6.52,Successful,txn_dcd058feeb8e44088304838a97cfe0cc,1,
5290,5113,2024-05-30,Debit Card,148.64,Successful,txn_f6280f0b05d441929e9eaba6be929846,1,
5291,5114,2025-05-22,Amazon Pay,26.8,Successful,txn_f8e0680cd15042d1baa5d6779d482162,1,
5292,5115,2025-07-09,Credit Card,376.56,Successful,txn_09455df0859c48dea1bbb19f8cbf64fa,1,
5293,5116,2025-07-09,Gift Card,126.36,Successful,txn_d06ca5e5500144d3a72e676a831a767d,1,
5294,5117,2025-04-06,Credit Card,1278.04,Successful,txn_b7734f81090a4ee9b5a11652b2ebb8c6,1,
5295,5118,2024-05-29,Amazon Pay,107.03,Successful,txn_f6b3f87cdb1446d6a6baf8e82fb1bc9b,1,
5296,5119,2025-01-31,PayPal,174.24,Failed,txn_1a2955893a624454a80595364206761f,1,
5297,5119,2025-01-31,PayPal,174.24,Successful,txn_384eca2a35124086a202d41f9e99a4b8,2,5296.0
5298,5120,2024-11-22,Gift Card,214.06,Successful,txn_73b5e715cace4930af08f9f4b9e681ec,1,
5299,5121,2024-04-01,Debit Card,100.32,Successful,txn_23e65037793d45738dbbba97d051afda,1,
5300,5122,2025-09-07,Amazon Pay,1799.58,Failed,txn_17cfb0ebd6804d16a6b2bee3067624db,1,
5301,5122,2025-09-07,Amazon Pay,1799.58,Successful,txn_b6b1ebcba311428ea66654f8904a0662,2,5300.0
5302,5123,2024-10-30,PayPal,1421.46,Successful,txn_64e55a14210447d0b2e11e03e9bbee0f,1,
5303,5124,2025-12-25,Amazon Pay,107.42,Successful,txn_946d2823e4f040b39aea2b8b4da6eb16,1,
5304,5125,2024-09-26,Gift Card,776.07,Successful,txn_75f89027267a492eab62bee1038d9012,1,
5305,5126,2025-09-11,Gift Card,49.44,Successful,txn_ba5e0d8515b549dca7f19f77c97ac035,1,
5306,5127,2024-10-19,Gift Card,36.36,Successful,txn_fd523d389a88433b9ceb8c19c261677b,1,
5307,5128,2024-11-28,Credit Card,169.42,Failed,txn_4a4e292d7c1548e0a9cb92e705b4fe83,1,
5308,5128,2024-11-28,Credit Card,169.42,Successful,txn_ee7034204fa54e7d80ce634348a6783d,2,5307.0
5309,5129,2025-01-15,Credit Card,161.58,Successful,txn_ed1e55761ebd47c38c38ef91110c1d3c,1,
5310,5130,2024-01-22,Debit Card,215.16,Failed,txn_40b1841864b6465eb1d616ac2204c299,1,
5311,5130,2024-01-23,Debit Card,215.16,Successful,txn_7f11c4f4764a4b1eab0ed2922a65d35b,2,5310.0
5312,5131,2025-05-09,Amazon Pay,125.7,Successful,txn_c2d467e6a58440178c7f0420a7c6f117,1,
5313,5133,2024-09-23,Debit Card,264.9,Successful,txn_1581031ad97a47f0abdd98c9c4064a1d,1,
5314,5134,2024-10-19,PayPal,92.3,Successful,txn_2f926ba18d2f4dc3867e74e525fc6cd4,1,
5315,5135,2025-05-07,Gift Card,84.92,Successful,txn_bdbf1fe20b4f434d94f555bb5d759e1f,1,
5316,5136,2025-01-12,Debit Card,70.68,Successful,txn_96683a8f06554abca12f809fd6a2cb56,1,
5317,5137,2025-03-21,Debit Card,154.63,Successful,txn_a302532c762a49f18d05b1b63411cd97,1,
5318,5138,2025-02-12,Credit Card,975.9,Successful,txn_7a98c53ebd3d413dbf0c9e588d9c55e8,1,
5319,5139,2025-01-05,PayPal,184.6,Successful,txn_36f64f82d4bd4d12882355a04b5c9235,1,
5320,5140,2024-01-01,Amazon Pay,278.76,Successful,txn_383f54837b874aa1be71c17724260531,1,
5321,5141,2025-05-08,Debit Card,287.92,Successful,txn_b9bf0a929610474e955444510414dc70,1,
5322,5142,2024-10-16,Gift Card,320.98,Successful,txn_2d2a9078b3074488ad47e17288620898,1,
5323,5143,2025-05-08,Debit Card,230.44,Successful,txn_f5edc24bdf384367b6934bb5ab972646,1,
5324,5144,2025-08-13,Credit Card,293.54,Successful,txn_e331c3fde62f4e27acd7c034e10591ba,1,
5325,5145,2025-11-01,PayPal,204.74,Failed,txn_dddd3cda82244e6caacf097028e0ec26,1,
5326,5145,2025-11-01,PayPal,204.74,Successful,txn_8f462781649248d2982c3c6f211e8a68,2,5325.0
5327,5146,2025-04-27,Amazon Pay,88.56,Successful,txn_43aacee44de1426da59b19aa174d1dda,1,
5328,5147,2025-04-21,Debit Card,132.85,Successful,txn_b809a9c5516b40cc96ff392ea418a46d,1,
5329,5148,2024-08-31,Amazon Pay,23.0,Successful,txn_ea034e245aab45b3a53ddb0efa3e2b75,1,
5330,5149,2024-05-17,Credit Card,131.22,Successful,txn_edc7ac5501a64a5f857388a45b64d78e,1,
5331,5150,2025-03-01,Credit Card,388.8,Successful,txn_925d89c6e09149c39f94924a79d9fcf4,1,
5332,5151,2024-07-04,PayPal,546.64,Successful,txn_7d9b93dae0bd467aacc937d3ee31be11,1,
5333,5152,2024-12-08,Amazon Pay,103.99,Successful,txn_1cc1f8f591764865919b3cec8049bba1,1,
5334,5153,2025-12-30,Gift Card,540.27,Successful,txn_b932ca5b91794c89bf2a8dac1a0f8c76,1,
5335,5154,2024-05-13,Gift Card,204.78,Successful,txn_2e0fff7519ec4686a4904ad45c7119e8,1,
5336,5155,2025-04-22,Gift Card,440.31,Successful,txn_9daa6245ec4341d1b9d8831d628d580b,1,
5337,5156,2024-10-08,Credit Card,210.78,Failed,txn_a0b5f48135a64ab0a14d13b52bd19a1c,1,
5338,5156,2024-10-09,Credit Card,210.78,Successful,txn_e0b3fe9535a74aa9bda059de3491a6db,2,5337.0
5339,5157,2024-01-09,PayPal,917.21,Successful,txn_0c0b44245e05450aafb908bc7bc1e889,1,
5340,5158,2024-10-28,Debit Card,180.09,Successful,txn_4a65304edac94b4f8c5779a711544a17,1,
5341,5160,2025-10-07,Gift Card,441.4,Failed,txn_47cf5b6ca214412285c86873c59f84a9,1,
5342,5160,2025-10-08,Gift Card,441.4,Successful,txn_d5a7a5638db94f03be206aac99d274ad,2,5341.0
5343,5161,2024-01-29,Debit Card,253.6,Successful,txn_fa78f924823945b7ba079bec20e27173,1,
5344,5162,2025-05-07,Amazon Pay,481.47,Successful,txn_194dd1d5be3f41a6a853df33946323b3,1,
5345,5163,2024-10-01,Amazon Pay,128.36,Successful,txn_dec61ca27f6d4204b455c41a593dab36,1,
5346,5163,2024-10-01,Debit Card,295.48,Successful,txn_120079fb91704e4385506190f8bc6060,1,
5347,5164,2024-12-09,Credit Card,1242.66,Successful,txn_bca8b66be12841b8a8518ba650767abd,1,
5348,5165,2024-04-02,Debit Card,199.94,Successful,txn_4032e88c5bca4e6fad050dc3e6dcd4e5,1,
5349,5166,2024-01-21,Gift Card,1386.21,Successful,txn_0631f5e1f67a4fb49bc0253eca40d81f,1,
5350,5167,2024-10-30,Debit Card,1386.21,Successful,txn_f32fcaf9a76e42e786642752d74a9695,1,
5351,5168,2025-11-21,Gift Card,477.88,Failed,txn_aea03865ee32444084f5af4f34154921,1,
5352,5168,2025-11-21,Gift Card,477.88,Successful,txn_e548dd9001ee49108ca4f6ee08870ef2,2,5351.0
5353,5169,2025-11-08,Debit Card,49.18,Successful,txn_dab45662fc704f0c981ece7b82288322,1,
5354,5170,2025-04-02,PayPal,132.85,Successful,txn_a1c61b3f4c5141ea9dde5d1ccf7a221c,1,
5355,5171,2025-05-26,Amazon Pay,553.32,Successful,txn_b0b252fa446a4b3dae310a732418af46,1,
5356,5172,2025-09-09,Gift Card,65.4,Successful,txn_b33a3910cd7543aea72ba0b28ed95f5c,1,
5357,5173,2025-10-03,Amazon Pay,107.03,Successful,txn_d50c7777c69c4aa8b0016a2e57ce30fa,1,
5358,5174,2024-08-19,Gift Card,577.65,Successful,txn_59138591c6574a2f80217558f8cf18fd,1,
5359,5175,2024-12-09,PayPal,53.71,Successful,txn_c792e664ac0446c69379a1f08ad74fad,1,
5360,5176,2024-12-26,Debit Card,151.96,Successful,txn_5db11cc7d88645d0b03958df42c74eba,1,
5361,5177,2025-03-19,Credit Card,295.2,Successful,txn_bb3ea5ab174842408b43528e6546844b,1,
5362,5178,2024-09-13,PayPal,176.56,Successful,txn_975153d3147d4edbbea3d821c9998fe6,1,
5363,5179,2024-12-02,Amazon Pay,301.0,Successful,txn_b1cf7fcdaceb4c3aa183e51176fd2b82,1,
5364,5180,2024-12-19,PayPal,503.7,Successful,txn_90dcfc3cf58840e393bf0e4953de9c7d,1,
5365,5182,2024-09-27,PayPal,75.75,Successful,txn_d1c6bd8ab2b24a929766d93e012880ab,1,
5366,5183,2025-11-08,Credit Card,102.39,Successful,txn_69455942b6c245de8fbde2b3858715eb,1,
5367,5184,2025-08-29,Debit Card,21.6,Successful,txn_0e2523d6924f41eca8fd712ee76a834c,1,
5368,5185,2024-08-06,Debit Card,150.5,Successful,txn_4e4fe2e85eac470bb27161d977509685,1,
5369,5186,2024-07-30,Amazon Pay,100.32,Successful,txn_2c017d7286a046e4987fb892feff28e9,1,
5370,5187,2025-06-11,PayPal,1151.04,Successful,txn_2df5e61edec94aa89dc8d785b8d46fd6,1,
5371,5189,2024-10-24,Credit Card,1790.9,Successful,txn_ab4feb1591b540a6a33e1c23390a212d,1,
5372,5190,2024-07-06,Debit Card,271.01,Failed,txn_e0c560b23953476098d41b2eabb315de,1,
5373,5190,2024-07-07,Debit Card,271.01,Successful,txn_a786dec65bbd4077a3cc8aa4ae2644bf,2,5372.0
5374,5191,2024-05-19,Gift Card,214.06,Successful,txn_d7836ffea2204c3dbe2ecaec1f786836,1,
5375,5192,2024-03-01,Credit Card,1421.46,Successful,txn_4dcfda15a1d742b0b30355b225957358,1,
5376,5193,2025-10-14,Debit Card,102.56,Successful,txn_087c797efbee4c379ded3e685f34af8b,1,
5377,5194,2024-01-03,Credit Card,1011.84,Successful,txn_1da8d55630164bacb1d171183bcd51f5,1,
5378,5195,2025-03-05,PayPal,131.2,Successful,txn_b8da9aaf87fe4014957bba4ceb21f4a7,1,
5379,5195,2025-03-05,Amazon Pay,311.56,Successful,txn_195a53d1116f43a099806e5fa8e18388,1,
5380,5196,2025-07-20,Amazon Pay,19.56,Successful,txn_273299067ab84a049b7abee87f497251,1,
5381,5197,2024-07-10,Credit Card,20.7,Successful,txn_6c7893d7ced0481f8d58b2663f132907,1,
5382,5198,2024-05-11,Credit Card,276.66,Successful,txn_2d30b01063f047178e0d9bfa67b302eb,1,
5383,5199,2024-03-22,Gift Card,674.56,Successful,txn_cebdf43eb7dd43c1b8e29b24f346872b,1,
5384,5200,2025-01-16,Gift Card,85.38,Failed,txn_8a2fe71b85414e7f91a32f8be85c6978,1,
5385,5200,2025-01-17,Gift Card,85.38,Successful,txn_93ecf0a6da2a476c85c75bca094592d0,2,5384.0
5386,5201,2025-08-20,Amazon Pay,254.13,Successful,txn_e1fd2a813eec47518fa00b9ece53aafe,1,
5387,5202,2025-11-17,PayPal,668.76,Successful,txn_a26854c710bd4457affd082867e23413,1,
5388,5203,2024-01-26,PayPal,210.6,Successful,txn_5e511b0db157415580f34e28a4a85615,1,
5389,5204,2025-10-07,Amazon Pay,179.74,Successful,txn_f305968b2cae4665b13bf9640f438d01,1,
5390,5205,2025-05-02,Credit Card,393.6,Successful,txn_eabddcaa5c2243e49893788e383ee2db,1,
5391,5206,2025-03-13,PayPal,192.55,Successful,txn_cdbd9b4a36544dfaaaa58fe5a058179e,1,
5392,5207,2025-09-06,Debit Card,289.02,Failed,txn_b201c874175c4781834290909d6a1456,1,
5393,5207,2025-09-08,Debit Card,289.02,Successful,txn_1e7eb85662df42b6a3fa90dc13492ff9,2,5392.0
5394,5208,2024-05-09,Gift Card,1077.68,Successful,txn_e0cfd19bb92e4fde9a8030e9d18f8111,1,
5395,5209,2025-12-09,Amazon Pay,230.56,Successful,txn_6a6738712cc5475a9ab1b7271736bf6f,1,
5396,5210,2024-07-19,Gift Card,30.3,Successful,txn_a1271a62f0114724a7800bd564788354,1,
5397,5211,2024-04-27,Credit Card,345.84,Successful,txn_9511421e27a546a3bd8ea678b09aec0e,1,
5398,5212,2025-07-13,Debit Card,307.6,Failed,txn_bdace892a5a84519860007e2f20cd29a,1,
5399,5212,2025-07-15,Debit Card,307.6,Successful,txn_1655128b6704454db79ea13d1d828e3c,2,5398.0
5400,5213,2025-04-09,Credit Card,102.39,Successful,txn_ab8d9a5992524d61a88c0a8471d7e37b,1,
5401,5214,2025-10-22,PayPal,481.47,Successful,txn_905d3dce195042429d3fbf94d2cfec25,1,
5402,5215,2025-05-02,Credit Card,254.13,Successful,txn_97b591dfacbe43f5a2de3035c9db2906,1,
5403,5216,2025-01-22,PayPal,222.12,Successful,txn_db1b0f5040d04d3a941587d7a8a04ba2,1,
5404,5217,2024-05-22,Gift Card,144.99,Failed,txn_6788a9a26d4b4e84a8d3323c8e586fe4,1,
5405,5217,2024-05-24,Gift Card,144.99,Successful,txn_c1505efdcf5a4f578808fd7c6e8f4227,2,5404.0
5406,5218,2024-08-16,PayPal,84.71,Successful,txn_d1bd894ea123437aa455577d05a3071b,1,
5407,5219,2025-12-07,PayPal,161.25,Successful,txn_0f1729e541c14706941dbe896a424f9a,1,
5408,5220,2024-07-16,Credit Card,110.18,Successful,txn_6d922f57ae2b492c9c0bf0d2ebcbc44c,1,
5409,5222,2025-09-30,Credit Card,160.49,Successful,txn_df240c4582d5437aae588851c9fea17b,1,
5410,5223,2025-12-05,Debit Card,34.1,Successful,txn_d4187aae0fd64565aa57990f4baaa943,1,
5411,5224,2025-08-31,Gift Card,493.39,Successful,txn_54e8b7c8b35e4d39a22589e2a872e03d,1,
5412,5225,2024-05-25,Amazon Pay,370.15,Successful,txn_da382f9379284d9ea7bef7cc6b993f05,1,
5413,5226,2024-03-08,PayPal,45.28,Successful,txn_15eac4797e27404398e3138905bfdd07,1,
5414,5227,2025-06-09,Gift Card,150.48,Successful,txn_c215d538d82e4acc98d992f6a0c0b481,1,
5415,5228,2024-07-01,Amazon Pay,1391.28,Successful,txn_b59061d8f0ac4af0af40aecc37699f7d,1,
5416,5229,2024-02-17,Credit Card,719.8,Successful,txn_f60e7bdd3db044e09db05a08debf9b8f,1,
5417,5230,2024-12-11,Gift Card,51.24,Successful,txn_d39b2969d0544193bcc43b41563705f6,1,
5418,5232,2024-02-09,PayPal,252.78,Successful,txn_4d5206d32a0c43e5a43e150cc9e7c50e,1,
5419,5233,2024-05-23,PayPal,294.78,Successful,txn_8c34a969b784454899f9d2464d29860a,1,
5420,5234,2025-06-10,PayPal,222.09,Successful,txn_94c689296fa44b5e86223ed07e46b417,1,
5421,5235,2025-06-05,Credit Card,83.8,Successful,txn_c8b10954c48849528d705f3c7bc11996,1,
5422,5236,2025-09-08,Amazon Pay,30.3,Successful,txn_e7526f07bd2c4faa84d9a84e8b9bad5e,1,
5423,5237,2024-01-13,Amazon Pay,383.68,Successful,txn_ca25ae0475ff431c8346aa5240364eba,1,
5424,5238,2024-04-18,Credit Card,472.02,Successful,txn_7867df21d2e04a3da545239269d1fc48,1,
5425,5239,2025-05-29,Gift Card,161.58,Failed,txn_c706a3a54c7540d8b2370f6bc2a3be4a,1,
5426,5239,2025-05-30,Gift Card,161.58,Successful,txn_62fce5ec55f7477eba20d078a55d8102,2,5425.0
5427,5240,2025-06-27,Credit Card,13.04,Successful,txn_418ccacbf50248a2b146be11f56efa1f,1,
5428,5241,2025-10-09,Credit Card,413.03,Successful,txn_cad7900721a94af597eaf42f8d1db443,1,
5429,5242,2024-01-14,Gift Card,1458.63,Successful,txn_14e5a055629f4b24961010ba94c3793e,1,
5430,5243,2024-10-28,Debit Card,2974.46,Successful,txn_5f75821bf75445a5893ae324315020e7,1,
5431,5244,2024-08-19,Credit Card,22.83,Successful,txn_7249267eec694370952fcf64d1b9831f,1,
5432,5245,2025-06-02,Gift Card,32.96,Successful,txn_40b795a83f7747298c1e6ee9195b0c62,1,
5433,5246,2025-05-18,Debit Card,1488.3,Successful,txn_e16f055efb734e39aeb7b40487c3eff0,1,
5434,5247,2025-01-17,Gift Card,847.68,Successful,txn_3be8b1c040f54e8397c771e6c4fb24d5,1,
5435,5248,2024-09-02,Credit Card,13.04,Successful,txn_07f75c93af9547d182875e065ce3cfbd,1,
5436,5249,2025-10-21,Gift Card,218.7,Successful,txn_dc9a7d5fa00545c6bd7e0b2200f062e0,1,
5437,5250,2025-06-10,Debit Card,304.26,Failed,txn_dbe4b16a2a6e4c839f301316c550b360,1,
5438,5250,2025-06-11,Debit Card,304.26,Successful,txn_8c7d6e3d1c3a40a9a5f94c7df0561111,2,5437.0
5439,5251,2024-05-23,Amazon Pay,105.39,Successful,txn_d51bf60ec5e046c8bc0fd45c08c67c0f,1,
5440,5252,2025-12-29,Debit Card,48.34,Successful,txn_b24a521be3ce41a29c1412255f8b47cd,1,
5441,5253,2025-02-19,Gift Card,153.84,Successful,txn_aff0e10d9c8c47cea76959dec00eee1e,1,
5442,5254,2024-01-07,PayPal,487.95,Successful,txn_8fa894761eb54742b3c6a7eaf171d77d,1,
5443,5255,2025-05-12,PayPal,265.93,Successful,txn_f1d3a9bc9e404110990097d48fc74397,1,
5444,5256,2024-03-24,PayPal,107.72,Successful,txn_7f40ab2d0fcb4ce1a16b9c6650712b6d,1,
5445,5257,2024-03-18,PayPal,115.26,Successful,txn_8e06cec2516049a28fea85dafff06616,1,
5446,5258,2025-08-24,Debit Card,273.32,Successful,txn_6958d9220ad14c75bc3661c23e084726,1,
5447,5259,2025-05-28,Credit Card,42.88,Successful,txn_cb34d280d5da45999bfcd2f647c0c26f,1,
5448,5261,2024-05-01,Debit Card,75.3,Successful,txn_d33d3b805d0d4e9c840da7d355fd14e1,1,
5449,5262,2024-07-02,Amazon Pay,136.4,Successful,txn_10770450fe0f4174be5f922d3e4bb036,1,
5450,5263,2025-12-13,Gift Card,510.93,Successful,txn_d7e7112a97b646a28548f4db7672976a,1,
5451,5264,2024-11-30,Debit Card,83.8,Successful,txn_24f1a74720ed4570b361802322f623af,1,
5452,5265,2024-09-14,Credit Card,294.78,Successful,txn_c458301e243f4315a00b1308f1e109bc,1,
5453,5266,2024-05-04,Credit Card,204.78,Successful,txn_701437b07824415b945249d0d2093c8c,1,
5454,5267,2024-05-30,Debit Card,180.09,Successful,txn_9f85c3a7f27b455ab72aad6c9d83ded3,1,
5455,5268,2025-10-30,Debit Card,45.42,Failed,txn_e2b9031b67cb47ddba7bbd1d68a6e785,1,
5456,5268,2025-10-31,Debit Card,45.42,Successful,txn_1b3094766ac544acb6432f15567a66bf,2,5455.0
5457,5269,2025-03-23,PayPal,406.0,Successful,txn_e2cf8307ac4744c1953fc2acca2ae9fe,1,
5458,5270,2024-09-07,Credit Card,166.4,Successful,txn_3b20224ea5fd4a368a31ffb7feca6a0b,1,
5459,5271,2024-01-19,Amazon Pay,143.63,Successful,txn_1a75ea87a4774b0a849c002b8d55951d,1,
5460,5272,2024-02-03,Credit Card,210.78,Successful,txn_52a89f132d9842808dd70debb1478f2c,1,
5461,5273,2025-10-16,Gift Card,273.32,Successful,txn_f43234550f564549878c4779af7d9002,1,
5462,5274,2024-01-25,Gift Card,89.1,Successful,txn_f075bb116c4a496286179b5574fae5d7,1,
5463,5275,2024-08-26,Credit Card,510.93,Successful,txn_9b0fba6470234d14ad91f06f35363e53,1,
5464,5276,2024-02-21,PayPal,325.2,Successful,txn_c380465c08d44bf480f25f41551a4a11,1,
5465,5277,2024-01-09,Credit Card,207.09,Successful,txn_0f2e22fe2f74449fbbc8d58750c48cf4,1,
5466,5278,2024-07-06,Gift Card,230.7,Successful,txn_6b34c5e137844f66a11e90b7fcf063de,1,
5467,5279,2025-12-07,Gift Card,156.09,Successful,txn_14c7c93b11bb4eef81a8d63a64cf0d0f,1,
5468,5281,2025-01-30,Credit Card,172.6,Successful,txn_89a7e887430e482e8ffc737354012da9,1,
5469,5282,2024-02-03,Debit Card,12.9,Successful,txn_b40fbf98535a40aab59e42ca70a53dde,1,
5470,5283,2024-07-12,Amazon Pay,718.96,Successful,txn_0089dcb4493840e68f26f67e86562c8d,1,
5471,5284,2024-05-09,Amazon Pay,537.04,Successful,txn_f9b747b454d94204a937d5b573c4979c,1,
5472,5285,2025-02-22,Credit Card,625.15,Successful,txn_87785e32c0174eb7b3f7c9ff68ff9def,1,
5473,5286,2025-05-24,Amazon Pay,139.32,Failed,txn_422a48d23e81418d86a3c18c44e5cfae,1,
5474,5286,2025-05-26,Amazon Pay,139.32,Successful,txn_a952eac4dc08454794b1423d469b36a9,2,5473.0
5475,5287,2024-08-10,Credit Card,414.22,Successful,txn_fbe32c02ecd543d6a4008a65bc6b2d36,1,
5476,5288,2025-05-23,Gift Card,47.24,Failed,txn_668ee1cf133545079dffe0dea65196fd,1,
5477,5288,2025-05-25,Gift Card,47.24,Successful,txn_895ac45ee7a54bf4ae4c05c48ea002a5,2,5476.0
5478,5289,2025-09-18,Credit Card,56.87,Successful,txn_4b145653648f4faa89406b4b159cc122,1,
5479,5290,2025-04-09,Credit Card,1421.46,Successful,txn_9bbf8038d33c4ccea078ccf68049b87b,1,
5480,5291,2024-06-20,Credit Card,370.15,Successful,txn_3f7434e3a90c44dd92f9cfd7d09b5cba,1,
5481,5292,2024-10-30,Gift Card,295.2,Successful,txn_8f4d89dec2c4489095a5db3bf43e3e67,1,
5482,5293,2025-12-20,Gift Card,1151.04,Successful,txn_7289a395beba4c698ccd16a198c4cfa5,1,
5483,5294,2025-02-14,Amazon Pay,146.77,Successful,txn_ef42f32241764539bf4ea79bf077e288,1,
5484,5295,2025-09-20,Amazon Pay,115.26,Failed,txn_c61299a3fe424a2bb1cb59719d1171f9,1,
5485,5295,2025-09-22,Amazon Pay,115.26,Successful,txn_d242bdd5664748b984c588d2950c6751,2,5484.0
5486,5296,2025-03-19,Gift Card,222.12,Failed,txn_cba13cccaf124ffc9ce339b823e2fa88,1,
5487,5296,2025-03-21,Gift Card,222.12,Successful,txn_8edc78b9adca4ec2807a118ef9e5f813,2,5486.0
5488,5297,2025-04-12,Debit Card,103.99,Successful,txn_82d1d4200e69444795b9676addb355b9,1,
5489,5298,2025-05-01,PayPal,20.7,Successful,txn_c69e15b21a2741d2b50fae5727400b04,1,
5490,5299,2024-09-07,Debit Card,185.72,Successful,txn_6e72194bb08e4222a25227c0937cd4a4,1,
5491,5302,2025-08-01,Amazon Pay,59.4,Failed,txn_46d804c6adda4070a164dafc37563957,1,
5492,5302,2025-08-03,Amazon Pay,59.4,Successful,txn_63c3203694304c248a05512d6cedc825,2,5491.0
5493,5303,2025-04-14,Credit Card,527.25,Successful,txn_13bf5e56589a4183990b602c6302f255,1,
5494,5304,2025-12-18,PayPal,70.95,Successful,txn_241b00c7a5fc47d297c6d2d41ac1bfcd,1,
5495,5305,2025-07-09,Debit Card,84.77,Successful,txn_106ac2660066437589c28014de3b72a5,1,
5496,5306,2024-09-26,Debit Card,207.98,Successful,txn_bfa0bdc4bcc84261ac7d30f9c8dad428,1,
5497,5307,2024-06-13,Gift Card,28.46,Successful,txn_3b529d06ff17436bb2902a12871457d1,1,
5498,5308,2024-04-07,Credit Card,314.68,Successful,txn_29a0c8e4e440441d9219f9a48caf4966,1,
5499,5309,2024-08-16,Amazon Pay,194.56,Successful,txn_c374ecb1172d4943a07140267087dc1b,1,
5500,5310,2025-10-15,Credit Card,222.12,Successful,txn_63f478ef42ce4369a9774da5294f91dc,1,
5501,5311,2025-06-16,Amazon Pay,121.76,Successful,txn_74411e67811640be9e59f49beeb7d605,1,
5502,5312,2024-06-16,Gift Card,75.98,Successful,txn_a0a97451134e40358f491c23c765857d,1,
5503,5313,2024-10-30,Debit Card,207.09,Successful,txn_3f857d6cf049458f858338a745b85e16,1,
5504,5314,2024-10-03,Debit Card,311.97,Successful,txn_8c37885d80d44d16a15dfd9c709de2b5,1,
5505,5316,2025-05-18,Amazon Pay,54.54,Successful,txn_321dae9b0a2b400cb2910b21a23d9b4c,1,
5506,5317,2024-11-09,Gift Card,222.12,Successful,txn_c095b29a60444430b2812e89867a96a7,1,
5507,5318,2025-08-23,Credit Card,221.38,Successful,txn_e7e09822f6c844d18522559a80a66900,1,
5508,5319,2025-08-18,Debit Card,430.89,Successful,txn_c07fc4721fd441e1a9e30541f055bf79,1,
5509,5320,2025-07-14,Amazon Pay,230.7,Successful,txn_68ba7e94310d4fabaaa990ec50fc50b5,1,
5510,5321,2024-02-01,Credit Card,34.1,Successful,txn_d57927505d03485babbb7b9b95e729e7,1,
5511,5322,2025-01-24,Debit Card,462.07,Successful,txn_a97339336a884e1ea7f7e44041ce1311,1,
5512,5323,2025-06-03,Gift Card,169.71,Successful,txn_8f9ed11330f44e9c842905eed9715329,1,
5513,5324,2024-03-08,PayPal,668.76,Successful,txn_d9ea00f4e7994199a596c34fd7a72734,1,
5514,5325,2024-09-19,PayPal,438.3,Successful,txn_65ed51429c724fe899cbf33fbe52245e,1,
5515,5326,2025-11-20,Credit Card,73.77,Successful,txn_b88728c514674e019ec779ac090fab66,1,
5516,5328,2025-08-31,Gift Card,453.44,Successful,txn_efc37fb2ef814dba9724c8c2165f01c4,1,
5517,5329,2025-09-04,Debit Card,232.77,Successful,txn_ace6b6848e5346b6a9333866a4f6cb28,1,
5518,5329,2025-09-04,Gift Card,68.23,Successful,txn_c5eabb8521de4d6488184945775107b9,1,
5519,5330,2024-02-04,Amazon Pay,542.02,Successful,txn_3dbedab2d02d4b11a307416c9a7c75fc,1,
5520,5332,2024-01-17,Gift Card,546.64,Successful,txn_d18de1198f9643c798a2bd6b0884da05,1,
5521,5333,2024-06-13,Amazon Pay,113.46,Successful,txn_4a6ecd376a3e49b4b0fd54efaffe43bd,1,
5522,5334,2025-05-21,Amazon Pay,105.26,Successful,txn_45d03cbb6b674b4499b0502243443c12,1,
5523,5335,2024-05-09,Debit Card,314.68,Successful,txn_e3f4c60175db4caf80a5a4bc51e42644,1,
5524,5336,2025-08-15,Credit Card,293.54,Successful,txn_9b8e4d85229143f1a4d879425db8669b,1,
5525,5337,2024-03-20,PayPal,719.8,Successful,txn_b1b3f7ea8fd442d4b2d3888a12d7ee01,1,
5526,5338,2025-08-14,Credit Card,76.9,Successful,txn_482a3a9bc50a446db0c63cab1fed23e7,1,
5527,5339,2024-02-04,Gift Card,163.32,Successful,txn_f3e1d5a75f7a406dac1fe781b333b1d9,1,
5528,5340,2024-01-10,Credit Card,84.77,Successful,txn_510e445c5dfe483383d93cd7168599e9,1,
5529,5341,2024-02-09,Debit Card,11.07,Successful,txn_bdad70a0a9ce42efa1882688afff719b,1,
5530,5342,2025-06-24,Gift Card,125.7,Failed,txn_3e191b293cc94d3bbf7ef2053112ebae,1,
5531,5342,2025-06-24,Gift Card,125.7,Successful,txn_53228f9670714c7f9a68292cab4e1c79,2,5530.0
5532,5343,2025-03-24,Credit Card,17.83,Successful,txn_f682cde98756455f87b6c07595155438,1,
5533,5344,2025-03-05,Credit Card,208.97,Successful,txn_a4925b2886ab42c9a75e94bba924edc3,1,
5534,5345,2025-01-29,Credit Card,218.61,Successful,txn_ccba0afadbc44c69bdbc8fde206ce19d,1,
5535,5347,2025-08-15,Credit Card,116.28,Successful,txn_19b539cb4be8448a9a53b584b360864f,1,
5536,5348,2025-02-12,PayPal,972.42,Successful,txn_98710c010e604cfb8449c635e4456a91,1,
5537,5349,2025-02-11,PayPal,141.0,Successful,txn_a36b1b4eedf9465b8403259ae3dcdd9e,1,
5538,5351,2024-06-06,Gift Card,180.09,Successful,txn_43402eb1338a49fd8e2964eb6ace810e,1,
5539,5352,2024-08-29,Debit Card,573.3,Successful,txn_0ee6beba6a2a4cfea4da5e4cec0e9402,1,
5540,5353,2025-02-03,Debit Card,87.12,Successful,txn_294f0774af4c44bb9a6fe59e3dae0721,1,
5541,5354,2025-05-22,PayPal,53.86,Successful,txn_fb49cd7dad214c5ebe9f92f51793466e,1,
5542,5355,2024-12-04,Amazon Pay,1337.83,Successful,txn_d380200b6cbf4d35ace027d9d4b0bb01,1,
5543,5356,2025-12-04,Debit Card,161.58,Successful,txn_b7e7a0eb2dde48039243d52a34567466,1,
5544,5357,2024-08-21,Debit Card,261.36,Successful,txn_23890a07eabe43cdb51aeb95aea9603c,1,
5545,5358,2024-06-12,Credit Card,639.02,Successful,txn_5f7c556d2c16403dbd9a6c9db24952a6,1,
5546,5359,2025-05-26,Gift Card,16.48,Failed,txn_47c70058bc4f45f0b6f0c7b2eb6e0c70,1,
5547,5359,2025-05-26,Gift Card,16.48,Successful,txn_2b69de7b84ee47e291da6d810401926c,2,5546.0
5548,5360,2024-06-12,Amazon Pay,90.56,Successful,txn_d51adcfe5499448380e2fcd4c0933b8d,1,
5549,5361,2025-10-15,PayPal,294.75,Successful,txn_8da24c667eeb479082de75c2835efbc8,1,
5550,5362,2025-08-23,Credit Card,423.84,Successful,txn_4767dd3464664fff9ad1fd144c0a36dc,1,
5551,5363,2025-09-26,Debit Card,230.44,Successful,txn_3968e070a3cd413f85b45087d91198ed,1,
5552,5364,2024-09-10,PayPal,284.76,Successful,txn_704c20c8dcd84d569f00c6604026b416,1,
5553,5365,2024-11-03,Gift Card,254.13,Successful,txn_edbb0a8c37e64d36819c251e1a94146f,1,
5554,5366,2024-04-18,PayPal,230.75,Successful,txn_750694d267bd4b5e9c7769629444cc5b,1,
5555,5367,2024-10-31,Gift Card,110.18,Successful,txn_eb30e7514145487fb7a8c33cf1626aa6,1,
5556,5368,2024-11-14,Debit Card,385.1,Successful,txn_e88c45902db049dd9ace84231abd9512,1,
5557,5369,2025-11-14,Gift Card,625.15,Successful,txn_21519e189e38425498931264d6558333,1,
5558,5370,2024-02-28,Debit Card,491.25,Successful,txn_30d5736a22064bfa9db10a583f49b141,1,
5559,5371,2024-01-30,PayPal,49.18,Failed,txn_9e6bc4d54bfd43ed84589693142da5a7,1,
5560,5371,2024-01-31,PayPal,49.18,Successful,txn_16ecf2a0f7af41b79464b30d508a82c3,2,5559.0
5561,5373,2024-05-09,Debit Card,553.45,Successful,txn_6d6b2442389440b8ba7f81f9d92bb68a,1,
5562,5374,2025-07-20,PayPal,668.76,Successful,txn_e90ba9f0d0b84025a829369e44ff464d,1,
5563,5375,2024-02-24,PayPal,947.64,Failed,txn_9548046feb394ab4a6bbd6a81abd3263,1,
5564,5375,2024-02-25,PayPal,947.64,Successful,txn_49d4474326d34bad8fef2151c466180d,2,5563.0
5565,5376,2025-07-03,Debit Card,194.56,Successful,txn_9578a82fb1a447cb9fe0be36287e0bdb,1,
5566,5377,2024-02-01,Debit Card,81.75,Successful,txn_f0a58af1022847529b3af4f5ebb269fb,1,
5567,5378,2024-02-28,Amazon Pay,124.8,Successful,txn_6ca9e47c876544989d8dea34c03f90a1,1,
5568,5379,2024-11-04,Credit Card,88.56,Successful,txn_a835c0fc1683456dac23880bdc929679,1,
5569,5380,2025-04-19,Credit Card,483.36,Successful,txn_41601e41e73e4fa4b3bcca9cf0c2a58d,1,
5570,5381,2025-01-12,Credit Card,81.75,Successful,txn_0d45ce1b18e4429fbb099dafa1cc709e,1,
5571,5382,2024-10-23,Debit Card,548.48,Successful,txn_0521a878d6a54165a00fdbf6333920df,1,
5572,5383,2024-07-05,Amazon Pay,124.8,Successful,txn_9c9dabcfa1704e55ac10eb9ec3641105,1,
5573,5384,2024-01-29,Gift Card,828.44,Successful,txn_2d7922a15935489a8d2aa83d911b9d8f,1,
5574,5385,2024-04-07,PayPal,385.92,Successful,txn_3bc56c42750f4a4e817b5548502166f5,1,
5575,5386,2024-04-29,Gift Card,1253.62,Successful,txn_6617a81c40ee42f59c1afdfb9b3d13f2,1,
5576,5387,2025-02-07,Amazon Pay,169.54,Successful,txn_be36136a8fab45629babc951600ed838,1,
5577,5388,2025-05-07,Amazon Pay,244.98,Successful,txn_fe1e51746da3436ea2d275710c3debb0,1,
5578,5389,2024-05-28,Amazon Pay,675.85,Successful,txn_a4f881a9291744c1ae663b9428f89d04,1,
5579,5390,2024-03-03,Credit Card,35.35,Successful,txn_581d98296b7449b19b87d88b7d11ae5a,1,
5580,5391,2024-07-04,Debit Card,924.14,Successful,txn_0a769eddf56f4e3a86b6ce002e74d76e,1,
5581,5392,2025-02-19,Credit Card,256.4,Successful,txn_34b0236f730c439f8fb68dd040c55fdc,1,
5582,5393,2025-07-12,Debit Card,26.57,Successful,txn_83b313ac05dd4d3ca279ca550ac032e4,1,
5583,5394,2025-08-28,PayPal,11.68,Successful,txn_7d8facfb90644002903838d76c83b3bd,1,
5584,5395,2025-08-16,Gift Card,174.42,Successful,txn_227cddf1547c4c5481eed48bdc6ecf17,1,
5585,5396,2025-10-01,Debit Card,169.71,Successful,txn_705d40468b64420ba7a955d133ca40e2,1,
5586,5397,2025-09-03,Amazon Pay,345.84,Successful,txn_d4966a6114914d5f9b4775a35246ff63,1,
5587,5398,2024-11-08,PayPal,230.75,Successful,txn_3af1364beb51435aa85f5aee07eaedac,1,
5588,5399,2025-12-17,Debit Card,335.8,Failed,txn_5b2fa15d6b8849648b4f41dc52cb91ab,1,
5589,5399,2025-12-19,Debit Card,335.8,Successful,txn_84717e8c8d184f69ba6abc403cb2ab8c,2,5588.0
5590,5400,2024-06-01,Gift Card,493.39,Successful,txn_9596e6d1c7ad4980a7e87716d540d660,1,
5591,5401,2025-04-19,Amazon Pay,414.99,Successful,txn_63ca4dbf297f49ccb7cffec231954bba,1,
5592,5402,2025-03-14,Gift Card,221.38,Successful,txn_27b0b9d5aee746fbb04f87544943a308,1,
5593,5403,2025-02-28,Gift Card,65.31,Successful,txn_1b8229ce76cf4fe29be1d746335b7107,1,
5594,5404,2024-04-23,Gift Card,296.16,Successful,txn_9fafc724c1ac454784e782a7501ffece,1,
5595,5405,2024-11-05,Amazon Pay,1142.69,Successful,txn_93e22f9dd6224593b04548e7e8449f00,1,
5596,5406,2025-02-19,PayPal,307.11,Successful,txn_06a2286f392d400db7e5bbd3d3f7323e,1,
5597,5408,2024-07-28,Amazon Pay,31.02,Successful,txn_dc64393ca96b41e4b900931541ab63c5,1,
5598,5411,2025-06-01,Credit Card,1458.63,Failed,txn_7d92918529734169b7c3f8b366615563,1,
5599,5411,2025-06-02,Credit Card,1458.63,Successful,txn_7823a24b6573431b91d10ff3603cd8cb,2,5598.0
5600,5412,2025-10-20,Credit Card,725.04,Successful,txn_6892dc35195b4dcd9007d852f5e7a1c9,1,
5601,5413,2025-05-26,Credit Card,24.59,Successful,txn_df19db75925440f294706c7e6785618b,1,
5602,5414,2024-07-07,Credit Card,9.49,Successful,txn_4be697aac28f4bbeb30f6848c2ea2866,1,
5603,5414,2024-07-07,Debit Card,6.61,Successful,txn_9d4d929dc02e4c0fb6ace0ff5b19bb77,1,
5604,5415,2025-07-15,Gift Card,73.77,Successful,txn_9d3e1ccac17246dfab867ee527ecf69b,1,
5605,5416,2024-09-11,Amazon Pay,1096.96,Failed,txn_2b72c686181a464fbb2eca9545477ea1,1,
5606,5416,2024-09-13,Amazon Pay,1096.96,Successful,txn_a60934afa2874d4295398f26e1efcc79,2,5605.0
5607,5417,2024-12-03,Amazon Pay,2507.24,Successful,txn_679ac8c2b9f54f86b10f411b5100e43a,1,
5608,5418,2024-04-17,PayPal,187.9,Successful,txn_da779809251d4e6e9719abbfe742f098,1,
5609,5419,2024-11-29,Gift Card,49.24,Successful,txn_8934a3bc02644690b96939ab010e6d2f,1,
5610,5420,2024-04-26,Credit Card,917.21,Successful,txn_d47b477a13484ce08ec368443ea5a38f,1,
5611,5421,2025-01-28,Credit Card,194.56,Successful,txn_1a076b5d631f4137847692ecdc8c6962,1,
5612,5422,2025-04-02,Debit Card,295.2,Successful,txn_8ba7c16c133041f894c193d569f152ed,1,
5613,5423,2024-08-05,Gift Card,282.26,Successful,txn_62d1213cb6334ceca42cc554d1b15a48,1,
5614,5424,2025-08-17,Debit Card,139.38,Successful,txn_452d58f307704465ad80ad8952741e2b,1,
5615,5425,2025-01-31,PayPal,794.7,Successful,txn_db1e4829b8fb4dd6b725c42ae54996ea,1,
5616,5426,2025-04-08,Credit Card,826.06,Successful,txn_0a1d4d12019344889f20d7acf93ab38e,1,
5617,5427,2025-08-08,PayPal,126.39,Successful,txn_ca17ab112a684b92a4c86a8de295d0f9,1,
5618,5428,2024-01-15,Amazon Pay,369.82,Successful,txn_5a41dd5d02124a6eb252ca2ea28101a4,1,
5619,5429,2024-03-22,Credit Card,216.8,Successful,txn_d00f9e902c0d4bc697c36b86749019d8,1,
5620,5430,2024-12-10,Debit Card,2609.46,Successful,txn_5fddd9f918284bd09b1acb6d6221e9d0,1,
5621,5432,2024-09-03,PayPal,1278.04,Successful,txn_71d6d1d09a4a4addb0089e6273f0f88a,1,
5622,5434,2024-03-05,Amazon Pay,195.95,Successful,txn_7118e5fdbce24311a6807b98c51edc78,1,
5623,5435,2025-05-02,Amazon Pay,408.75,Successful,txn_766060841fd148798e1a1333d3bd9878,1,
5624,5436,2025-02-17,Gift Card,580.53,Successful,txn_51b5faf759cb47a2b017889f13e48838,1,
5625,5438,2025-04-01,Amazon Pay,29.52,Successful,txn_6958b1e7c8e348e19aff9f3460af91ab,1,
5626,5439,2025-09-30,Debit Card,484.65,Successful,txn_1f073678cfac41c8889b5202bda9d5a2,1,
5627,5440,2025-04-15,Amazon Pay,108.4,Successful,txn_68bfa1feb32c44ce8161904f0b68bb7b,1,
5628,5441,2025-11-24,Gift Card,259.82,Successful,txn_b0a9d6a41f1f4d29a9690cfb94577ed7,1,
5629,5442,2024-03-15,PayPal,216.97,Successful,txn_f453e43dbcc94df4a613563a9af8bd61,1,
5630,5442,2024-03-15,Debit Card,59.15,Successful,txn_3dc7c361cc6f47f49216f5439ea371a6,1,
5631,5443,2025-07-18,Gift Card,104.49,Successful,txn_04c7b9cffc3c437b8521aff189014ea8,1,
5632,5444,2025-11-18,Debit Card,143.63,Successful,txn_42999c29b78545c88bc0303ee2a8d551,1,
5633,5445,2025-07-20,Credit Card,1096.96,Successful,txn_96035f0e57e04e42a5a9908f1b0bc2b8,1,
5634,5446,2025-08-06,Credit Card,291.6,Successful,txn_10f52eb397b94240b3d47ab0f42cd3f8,1,
5635,5447,2025-02-27,Amazon Pay,347.07,Successful,txn_64246c68719e4d44a0edcc0e1ee40f17,1,
5636,5448,2025-03-22,Amazon Pay,100.86,Successful,txn_c6861b98f29d45b69de72198ab8ad62e,1,
5637,5449,2024-03-29,Gift Card,22.32,Successful,txn_2d49e851dabf456da164ff335957912f,1,
5638,5450,2025-04-18,PayPal,16.35,Successful,txn_84fc9c3a0dfa4314bd75bfcf152448a1,1,
5639,5451,2025-04-17,Amazon Pay,1964.49,Successful,txn_2ad6231f214942ba8b82231b62ab9237,1,
5640,5452,2024-01-14,Credit Card,574.52,Successful,txn_cdc1c27a98f142d28f46b3f471a625c0,1,
5641,5453,2025-01-04,Gift Card,278.28,Successful,txn_c83356535b2e4e17935da50a5f429d7d,1,
5642,5454,2024-01-14,PayPal,53.49,Successful,txn_374aa336a68346f298fbce3b21b184e7,1,
5643,5455,2024-08-05,Gift Card,220.36,Successful,txn_d785dc188e8b4120bc0b7680bb62a7a8,1,
5644,5456,2024-12-19,Credit Card,564.84,Failed,txn_b33e974a5ea84f5c998d7309945f84c2,1,
5645,5456,2024-12-20,Credit Card,564.84,Successful,txn_141d5301392f41d1ad7ccf7ea2b090b4,2,5644.0
5646,5457,2025-09-12,PayPal,29.96,Successful,txn_0cc6f6c861ef450d99fe7fa26838a0ef,1,
5647,5458,2025-06-02,Debit Card,114.8,Successful,txn_3347c899783143e0b9b992d080ab5e24,1,
5648,5459,2025-04-18,Gift Card,126.8,Successful,txn_8e9e35eea1cc4f22a8ab8392b13b37df,1,
5649,5460,2024-04-28,Credit Card,981.2,Successful,txn_460b41c186c44d4e88f6c3074a7963a1,1,
5650,5461,2025-05-11,PayPal,311.97,Successful,txn_6e59b9b6ff474cb889c6f7739c60a7cc,1,
5651,5462,2025-01-15,Credit Card,98.1,Successful,txn_2e0f38730dfe40afa824cca0201ed9b1,1,
5652,5464,2024-08-13,Amazon Pay,56.92,Successful,txn_8a40a35bf15449fe8ec9358f94150520,1,
5653,5466,2025-05-05,Gift Card,481.47,Failed,txn_db133319b45d4fb784d90b88e30b0659,1,
5654,5466,2025-05-06,Gift Card,481.47,Successful,txn_4896404e3ce14ee4a8d60f651c4a3b27,2,5653.0
5655,5467,2024-06-16,Amazon Pay,311.35,Successful,txn_6ac9b0e895924208990156dbf5fce849,1,
5656,5468,2025-11-13,Credit Card,34.1,Failed,txn_d6ee7ce7a68c42a388a1f13a42426200,1,
5657,5468,2025-11-15,Credit Card,34.1,Successful,txn_fd4634cff9344d908d2efe9878fe122c,2,5656.0
5658,5469,2025-05-14,PayPal,63.4,Successful,txn_f032d2f0b5564bc2b6dc298232c7a8d8,1,
5659,5470,2024-01-14,Debit Card,594.56,Successful,txn_244037ace9c04ffb8012a0254dfa8b2c,1,
5660,5471,2024-09-22,Gift Card,337.28,Successful,txn_3e5f5cfdb52a4548b49c41c5f7362fef,1,
5661,5472,2025-03-08,Amazon Pay,148.06,Successful,txn_d2accc8b8c2c448c81c017492bec51e4,1,
5662,5474,2024-06-30,Debit Card,900.0,Successful,txn_04a5fd28de824329b361c4d8efe43028,1,
5663,5475,2024-01-07,Debit Card,84.71,Successful,txn_1daf25479f53435f91d0e599f27296ef,1,
5664,5476,2024-03-09,PayPal,311.35,Successful,txn_f3d7ccc37c3f46c188884261a6675e12,1,
5665,5477,2025-12-14,Gift Card,301.83,Successful,txn_36ac8e7ebac44e92a5ca61efa1fd1c86,1,
5666,5478,2025-04-04,Debit Card,301.83,Successful,txn_613d23491c88430195f3a2a2cf8d0c9b,1,
5667,5479,2025-04-29,Amazon Pay,105.26,Successful,txn_b789915700694c5a8542ed9e14e66a08,1,
5668,5480,2025-05-18,Amazon Pay,161.58,Successful,txn_92b2835b7a46468694963d0126f61bcb,1,
5669,5481,2024-04-16,Gift Card,22.71,Successful,txn_cf64747639bd4aaa9b5283c805f90745,1,
5670,5482,2025-05-29,Credit Card,98.26,Successful,txn_826a6d2f18e24669878fde7efb0f76e7,1,
5671,5483,2025-07-23,Credit Card,1487.23,Successful,txn_747a2c00277f4a70aee6e612fc73370c,1,
5672,5484,2024-05-07,Credit Card,24.62,Successful,txn_d4e4428261ab47179f79e8313801edb9,1,
5673,5485,2025-04-29,PayPal,45.45,Successful,txn_4dd3a0f75e5347c4809830a3f7c396cc,1,
5674,5486,2024-03-22,Gift Card,115.69,Successful,txn_c5b8773bc2434fd3a376a9917de6082d,1,
5675,5487,2025-12-10,Gift Card,212.04,Successful,txn_eb6efe5deb4d47338e5ca636f2bf2402,1,
5676,5488,2024-08-11,Amazon Pay,417.89,Failed,txn_5b39f6c7ab794c39898433f34f9c50b1,1,
5677,5488,2024-08-11,Amazon Pay,417.89,Successful,txn_03f0982013fc4dbc9ed6a0adb08c0799,2,5676.0
5678,5489,2025-07-12,PayPal,243.83,Successful,txn_fc2b6452d4c743e69c3a4d31a3c63214,1,
5679,5490,2024-11-18,Gift Card,19.63,Successful,txn_2005b0a581334b2fa4f0b6c2cdcd75a7,1,
5680,5490,2024-11-18,Credit Card,30.87,Successful,txn_144eaecbc8b34c4da47a18e4972fac43,1,
5681,5491,2025-01-26,Debit Card,986.78,Successful,txn_503b8d154b3445f88c26ccc122877274,1,
5682,5492,2025-04-04,Gift Card,986.78,Successful,txn_563f858a63004b6895b3e5106e9b4c4b,1,
5683,5493,2024-11-01,PayPal,446.88,Successful,txn_9e5f2fc8a0ff49449afbabbd830314b2,1,
5684,5495,2025-06-16,PayPal,393.0,Failed,txn_e9836494de0d4381847d5ddea50237ab,1,
5685,5495,2025-06-16,PayPal,393.0,Successful,txn_83e174a8880f4dd5b442cbf604e4d12e,2,5684.0
5686,5496,2024-09-17,PayPal,139.38,Successful,txn_2edee12cd1ad47ad9494d0e86e2af6af,1,
5687,5497,2025-09-05,Amazon Pay,193.36,Successful,txn_43c7cca979a9491097e0e38b028cc1b5,1,
5688,5498,2024-06-04,PayPal,529.8,Successful,txn_9dba183aebcb44e9b0637b06c30efb3a,1,
5689,5499,2025-04-15,PayPal,165.48,Failed,txn_fc904e9d7fea4bd7b7af09741fb83936,1,
5690,5499,2025-04-15,PayPal,165.48,Successful,txn_786e04c1f2ca4ceebe687344b443df14,2,5689.0
5691,5501,2025-09-12,Debit Card,93.33,Successful,txn_3978d752f7ad4ca98ebe4b52af58e62a,1,
5692,5501,2025-09-12,Amazon Pay,29.16,Successful,txn_e26444a3d5874d19a85138baa8805226,1,
5693,5502,2025-12-24,Gift Card,96.68,Successful,txn_a69455ae0f4b4150be986509b9751dd4,1,
5694,5503,2024-01-29,Amazon Pay,343.04,Successful,txn_dc1902401d034d19a8f21d63a6ee234f,1,
5695,5504,2024-05-29,Credit Card,166.4,Successful,txn_11996579cfa74d1db89208ed5897fb01,1,
5696,5505,2024-02-02,Amazon Pay,176.56,Successful,txn_ed0968d08dda44b8bdc6b042530b17f7,1,
5697,5506,2025-07-13,Amazon Pay,859.95,Successful,txn_6a283da74e154f02bdd03325f559c1a5,1,
5698,5507,2024-03-25,Amazon Pay,947.64,Successful,txn_81e69a29ea654836a9ea532fdc9093a4,1,
5699,5508,2025-12-05,Credit Card,89.88,Successful,txn_2e868e34f24844269e8c95e0b5ca450f,1,
5700,5509,2024-06-23,PayPal,539.22,Successful,txn_ed32f2677fcd4e27a70873e054b03065,1,
5701,5510,2024-03-04,Debit Card,705.24,Successful,txn_2fbeed48d9444d1ba532a9877d518944,1,
5702,5511,2024-07-26,Gift Card,230.56,Successful,txn_d935f31aeeb847b1a9a99457c525ec49,1,
5703,5512,2025-09-17,Gift Card,359.48,Successful,txn_1f3463f97c69474282bb928196875afd,1,
5704,5513,2025-01-24,Debit Card,16.2,Failed,txn_f942e1e38f204ea1ab93ddd2b5e5402f,1,
5705,5513,2025-01-25,Debit Card,16.2,Successful,txn_d73dd48a9ae7443ebbf2a13dfd3eca7b,2,5704.0
5706,5514,2025-04-20,Debit Card,450.0,Successful,txn_f2e092757d7748528ffacd8947a84baa,1,
5707,5515,2025-11-22,Gift Card,576.3,Successful,txn_8f02997a2ac5473ebfb921ae8d4f4eb6,1,
5708,5516,2024-12-19,PayPal,14.19,Successful,txn_8a8927d0a1b34ebb9a2ea2eb1a376fde,1,
5709,5517,2025-07-10,PayPal,3031.46,Successful,txn_ac0e976afc66472a88483c731ac64c36,1,
5710,5518,2025-07-03,Gift Card,102.39,Failed,txn_b374831975d14506a01d336d4a5c709a,1,
5711,5518,2025-07-03,Gift Card,102.39,Successful,txn_37c36e8cfe7e4191a548ef336cb688f3,2,5710.0
5712,5519,2025-11-02,Amazon Pay,622.7,Successful,txn_ad901b24781f416ca016d9f7661a3576,1,
5713,5520,2024-01-26,Amazon Pay,56.57,Successful,txn_718224d799af4de38f484601e7180593,1,
5714,5521,2024-11-30,Debit Card,5.4,Successful,txn_f88e8fcfe76e4d29b5cd0676da868b13,1,
5715,5523,2025-05-31,PayPal,64.5,Successful,txn_5999c766620b450fb460a3790180115a,1,
5716,5524,2024-05-20,Debit Card,153.72,Successful,txn_bdf6efdbe9234d398eb52bc1ade89db9,1,
5717,5525,2024-06-22,PayPal,141.72,Successful,txn_e89f3bf9988f486c9494203e3635b58b,1,
5718,5526,2025-07-14,PayPal,15.08,Successful,txn_fbad05e152eb486c900e1e89d7b6a751,1,
5719,5526,2025-07-14,Credit Card,49.42,Successful,txn_718880b8e1e642b6909596b7e68efe4c,1,
5720,5527,2025-09-01,Credit Card,29.42,Successful,txn_befe37cddacd45f8bf29351fefd24ff1,1,
5721,5528,2025-10-12,PayPal,774.04,Successful,txn_1f77903a8fe54d27acbe1b385416a130,1,
5722,5529,2025-02-17,Credit Card,247.58,Successful,txn_6a3e0ebf6fb04aacb875ba9416cf4ba1,1,
5723,5529,2025-02-17,PayPal,330.87,Successful,txn_fe3b16eaed9f4a849fafcbb920249a9c,1,
5724,5530,2025-11-08,PayPal,42.12,Successful,txn_f3ddbf5bf6434b44a71d09e85553fa1c,1,
5725,5531,2025-03-06,PayPal,65.38,Successful,txn_b573550baebb489c8f29e0fc0ffee238,1,
5726,5531,2025-03-06,Gift Card,70.52,Successful,txn_5935a45018494292b2790c8969deeb21,1,
5727,5532,2024-02-02,Gift Card,91.32,Failed,txn_bd537179e6a4480b86cd3eb2f89aeb2b,1,
5728,5532,2024-02-02,Gift Card,91.32,Successful,txn_b510c1d1c1774a4f814fb9b48796f865,2,5727.0
5729,5533,2024-02-18,Debit Card,289.02,Successful,txn_edc5f83dd1354ba4aa143ae675fbe7a3,1,
5730,5534,2025-09-16,PayPal,84.97,Successful,txn_c003a19714eb462388b41ae947816641,1,
5731,5534,2025-09-16,Credit Card,153.97,Successful,txn_3a68d87f60794c699d08f186263949c1,1,
5732,5535,2025-02-17,Credit Card,156.76,Failed,txn_8d97939796214bd9a4db18cb83d32d78,1,
5733,5535,2025-02-19,Credit Card,156.76,Successful,txn_317d6495fa064ecca31bdaa19cb4d504,2,5732.0
5734,5536,2024-05-21,Gift Card,169.54,Successful,txn_9f2465f5417142558cbb5a3b09c9ef15,1,
5735,5537,2024-01-22,Amazon Pay,823.32,Successful,txn_06a523b907fd4c3992edc179319c3db8,1,
5736,5538,2024-09-06,Amazon Pay,16.2,Successful,txn_e276df1de407435f93d7e0c45901e6e3,1,
5737,5539,2025-12-06,Amazon Pay,193.51,Successful,txn_3ced3ea27a4e4718862a4e53821719ca,1,
5738,5540,2024-07-18,Credit Card,1964.49,Successful,txn_0846ef81a6c34ad881c84d498c6ff465,1,
5739,5541,2024-06-29,Credit Card,424.08,Successful,txn_ce61d2a120634df1a36f5062da05a8f0,1,
5740,5542,2024-01-16,Gift Card,277.65,Successful,txn_135fc04bc6f64fc19a3d836c525f0dd7,1,
5741,5543,2025-03-01,Debit Card,491.3,Successful,txn_b650d30871ee458bb1c750a5c8e3c0c8,1,
5742,5544,2025-06-28,Debit Card,194.4,Failed,txn_1d79491b9f3e456795261558a851be2b,1,
5743,5544,2025-06-28,Debit Card,194.4,Successful,txn_dd23f8274ce44c618d3699d2ccf070ae,2,5742.0
5744,5545,2025-12-14,PayPal,118.08,Successful,txn_5e0ad5c072214598a3aa423f3befcf78,1,
5745,5546,2024-12-27,Amazon Pay,15.51,Successful,txn_39d1cd764343459887cc926e26879e09,1,
5746,5547,2025-10-11,Amazon Pay,218.7,Failed,txn_4f21f50d9921454987154a7a01756575,1,
5747,5547,2025-10-13,Amazon Pay,218.7,Successful,txn_32402a498ad84e1b8cca44645f09c3fa,2,5746.0
5748,5548,2024-09-07,Debit Card,57.56,Successful,txn_62b5827c18ee47c2904146be004e2ce8,1,
5749,5550,2025-11-28,Credit Card,705.65,Failed,txn_d03e8c319c934c1cbbb349530b5a1c90,1,
5750,5550,2025-11-28,Credit Card,705.65,Successful,txn_cd8e96596195475ba7c9fd1b3d47840b,2,5749.0
5751,5551,2025-02-19,Gift Card,668.76,Successful,txn_360f9cffdc0c469b91c08a6d847da5bd,1,
5752,5553,2024-09-27,Amazon Pay,1096.96,Successful,txn_33a7c512c9b74675bd3f7ce468a47563,1,
5753,5554,2024-05-06,Amazon Pay,345.84,Successful,txn_ba498a0821084bb9b827cad3565dad15,1,
5754,5555,2025-11-08,Credit Card,323.61,Successful,txn_c53cce81bcf44c35b352f3dc05b97fed,1,
5755,5556,2024-11-20,Amazon Pay,80.7,Successful,txn_528ced23ad094bad80dbcd614e76680d,1,
5756,5557,2025-10-16,Debit Card,131.22,Successful,txn_6e16aebed65a454dabcc8d08e25d0981,1,
5757,5558,2025-02-18,Amazon Pay,1487.23,Successful,txn_5af3572cca3241d097ba739c77f237d7,1,
5758,5559,2024-01-18,Credit Card,546.64,Successful,txn_fc4c7a6802614c83a77d73a8688b3289,1,
5759,5560,2025-12-20,Amazon Pay,149.8,Successful,txn_10defcaa7eaf43cd9f8a55ccf71fdf27,1,
5760,5561,2024-10-05,Amazon Pay,1421.46,Successful,txn_51dade7e21ad4d95b5c048000dcb307e,1,
5761,5562,2024-04-17,Debit Card,56.54,Successful,txn_9a49c3d25bd54a97a61027a6e32d55ff,1,
5762,5563,2024-08-17,Gift Card,103.99,Successful,txn_ceb03d1bc49547a3a5d0570e95cf079e,1,
5763,5564,2024-09-17,Amazon Pay,258.69,Successful,txn_50593cb31b7c4232997a92b94574cb0c,1,
5764,5565,2024-01-13,Gift Card,774.04,Successful,txn_ef3fcabb702b4291a118ef4c7725eea0,1,
5765,5566,2024-01-29,Debit Card,859.95,Failed,txn_a667b2c82c6e4412a21ba257aa087aa2,1,
5766,5566,2024-01-31,Debit Card,859.95,Successful,txn_50c9d9fd0cf744a296de3f9e2012a0d2,2,5765.0
5767,5567,2024-01-23,Gift Card,93.95,Successful,txn_ec5fa6aa4f2741d59018b338635ca3bb,1,
5768,5568,2025-07-08,Debit Card,56.38,Failed,txn_5363d5855979468bb3f6438fd4add5ee,1,
5769,5568,2025-07-10,Debit Card,56.38,Successful,txn_bb5954b605894285a314c70465f6fea9,2,5768.0
5770,5569,2024-04-14,Credit Card,113.46,Successful,txn_122ff07e2bfd46dbadbe3fc79977d2a6,1,
5771,5570,2024-10-30,Gift Card,51.6,Successful,txn_c3889a6813004902901f42f0cdbe0c68,1,
5772,5571,2025-06-23,Credit Card,975.9,Successful,txn_c3f278b17cd44d07b59b5aa8dadfedea,1,
5773,5572,2024-07-24,Credit Card,3928.98,Successful,txn_a0a9af5009374c17a9088d53e3ae5342,1,
5774,5573,2025-08-26,Debit Card,215.75,Successful,txn_f7e54e78469944f88bc8dce8e3efc529,1,
5775,5574,2024-05-21,Debit Card,527.25,Successful,txn_8fc3a99ba5574bdaafd5f3da71d4f44c,1,
5776,5575,2025-01-16,Debit Card,243.83,Successful,txn_02d552087f7a4a54b718c0e5d16f3c10,1,
5777,5576,2024-12-27,Credit Card,130.62,Failed,txn_ff517f0b05384a5c89a7ec7c1123322f,1,
5778,5576,2024-12-29,Credit Card,130.62,Successful,txn_58970c1884e549619352acd32260f9a7,2,5777.0
5779,5577,2025-05-08,Credit Card,17.44,Successful,txn_9190e32de993443a84924fea80161f88,1,
5780,5577,2025-05-08,Amazon Pay,65.61,Successful,txn_1383e0561970420caf1eb754a841811c,1,
5781,5578,2024-07-17,PayPal,114.15,Failed,txn_6add5416d2514139a73e03ab91cf6322,1,
5782,5578,2024-07-17,PayPal,114.15,Successful,txn_d9b594ffaaf642b28cb0e8af7b1c2378,2,5781.0
5783,5579,2024-03-16,Gift Card,58.63,Successful,txn_3463ee3a6d2c4b11ba84c1e067aedbbe,1,
5784,5580,2024-01-17,Amazon Pay,94.48,Successful,txn_197199671cac4a509f589acc21f5f117,1,
5785,5581,2024-11-18,PayPal,115.28,Successful,txn_be50ef356b5347278e73432a9bba6d06,1,
5786,5582,2025-04-12,Gift Card,400.2,Successful,txn_f3ac6f09bda54742b00b2d5a8248a584,1,
5787,5583,2025-12-27,Gift Card,828.44,Successful,txn_1203bdc8882f44fd99092fc00373fce8,1,
5788,5584,2025-11-05,Credit Card,115.22,Successful,txn_86aeb29cd91b4d5993620d84b0431be0,1,
5789,5585,2025-08-09,Debit Card,148.06,Successful,txn_1c5f519641e54f798562bb0f7e1f1356,1,
5790,5586,2024-09-13,Credit Card,172.2,Successful,txn_88b1e22aaf57452ebc6aa115ae8645d9,1,
5791,5587,2024-12-24,Credit Card,462.76,Successful,txn_cde82f2d1f3b414e858cc26e65bced85,1,
5792,5588,2024-06-06,PayPal,130.62,Successful,txn_295ba2c2c956448fb5f1630e633920e9,1,
5793,5592,2025-06-07,Amazon Pay,214.06,Successful,txn_444aa4d880c445ba88f7b7f96267a16e,1,
5794,5593,2024-02-17,Gift Card,283.44,Successful,txn_657142dbed4a4224a5ef5a6265ccaec5,1,
5795,5594,2025-10-16,Credit Card,41.36,Successful,txn_f58985eed1244fa2a53898d9d9037e77,1,
5796,5595,2025-04-10,Debit Card,577.65,Successful,txn_04c432fe4afb45548a2a288dd3fed0cc,1,
5797,5596,2025-09-15,Credit Card,1242.66,Successful,txn_44f44d2d25e7468c80bba7fff6e7fe89,1,
5798,5597,2025-10-14,Amazon Pay,471.68,Successful,txn_2f30dea8447b4d4f8f0e72d0ef324e17,1,
5799,5598,2024-09-02,Gift Card,681.24,Successful,txn_b9dc38c47b0148b886ffbf8665213f8d,1,
5800,5599,2025-04-25,PayPal,296.12,Failed,txn_839bee5a2b2041699e7ebd3c865676bc,1,
5801,5599,2025-04-27,PayPal,296.12,Successful,txn_4a855a753a2b462f8481a8de3078175c,2,5800.0
5802,5600,2025-01-01,Amazon Pay,80.7,Successful,txn_015e24fd6e454c90936a91bacbaf28bc,1,
5803,5601,2024-11-26,Gift Card,15.15,Successful,txn_3683f62f463f4fbb81714a5ad4d9fd68,1,
5804,5602,2024-06-25,Credit Card,2675.66,Successful,txn_a11ce50995be4e25a34e333b8c0cc3e4,1,
5805,5603,2025-07-17,Amazon Pay,639.02,Successful,txn_9dcace02de564cbba278c47586dd9a26,1,
5806,5604,2025-10-11,Amazon Pay,307.11,Successful,txn_1e8dde42459746cca4db0660b5e30bb5,1,
5807,5605,2024-04-21,PayPal,92.86,Successful,txn_be75922731144b11bf0e7567f8dbc16d,1,
5808,5606,2025-07-13,Gift Card,138.06,Successful,txn_98e71fe4e20848adb253da47e38f3b8c,1,
5809,5607,2025-11-19,Amazon Pay,639.02,Successful,txn_03e5f0ff910548ee83f2897e2b2b8c97,1,
5810,5608,2024-04-10,PayPal,351.5,Successful,txn_4719d5773fbc4dd8b76c8c6f924d3d0f,1,
5811,5610,2024-03-18,Amazon Pay,1421.46,Successful,txn_e7ff45a595bc44bba797f88414e11822,1,
5812,5611,2025-09-01,Amazon Pay,223.56,Successful,txn_1abbd775dbdf4f40b1a413ff691765c1,1,
5813,5612,2025-02-27,Debit Card,311.35,Successful,txn_67d06c49b8774dce8f8f0d71689cdf8a,1,
5814,5613,2025-03-30,Credit Card,27.6,Successful,txn_6894345add504e4198b49a36ea7c74a9,1,
5815,5614,2025-01-19,Amazon Pay,138.33,Successful,txn_4cb06a62c2a3409f9b2f2b8d95fed141,1,
5816,5615,2025-05-18,Amazon Pay,129.0,Successful,txn_81c262af44664f51abf9a746daf805d9,1,
5817,5616,2024-01-19,Credit Card,148.64,Successful,txn_08e1396b64be41d58ae5545228b756dd,1,
5818,5617,2025-12-17,Debit Card,307.11,Failed,txn_9eff9c9577904925bded8caf91abbe98,1,
5819,5617,2025-12-19,Debit Card,307.11,Successful,txn_dc26cfe6b4b74cfca12fd401995b2982,2,5818.0
5820,5618,2024-03-25,Debit Card,573.3,Successful,txn_08869f1d27fd466db802a00ba02f2bd8,1,
5821,5619,2024-09-07,Amazon Pay,25.77,Successful,txn_8e188e29686f406fa61d352424fc35bc,1,
5822,5620,2025-12-13,Gift Card,661.92,Successful,txn_9c7c481dfd8243019b63e149c5e3b235,1,
5823,5621,2025-02-14,Amazon Pay,70.95,Failed,txn_a54e1d4fb8894f76bafb180ef9daee09,1,
5824,5621,2025-02-16,Amazon Pay,70.95,Successful,txn_b0392cb2de7647ba8f0455fe94c52a0a,2,5823.0
5825,5622,2025-02-21,Credit Card,75.75,Failed,txn_88ce5c2db7a143409bd7ee266119128b,1,
5826,5622,2025-02-22,Credit Card,75.75,Successful,txn_705f71a6be4c42149cf553ea4a8075f7,2,5825.0
5827,5623,2024-09-04,Debit Card,169.42,Successful,txn_7e51bbf7ce594c12aab03fd9bbd9f0cf,1,
5828,5625,2024-09-22,Credit Card,313.2,Successful,txn_45a429c9a83143e593e5ebb84c0f1fd8,1,
5829,5626,2025-05-21,Credit Card,204.74,Successful,txn_3447c54aaf644160825f7118c5f4897f,1,
5830,5627,2025-07-26,Credit Card,51.54,Successful,txn_7b0a48b45b9a46b8842a55f9dd03599a,1,
5831,5628,2024-12-10,Debit Card,273.32,Successful,txn_95d82e4199274213bbf680c3f548c9e4,1,
5832,5629,2025-05-06,Gift Card,548.88,Successful,txn_a61196269ead4842a3c309a05fc9710a,1,
5833,5630,2025-11-17,Credit Card,47.22,Failed,txn_b9c7986c0891415ab87ff75f78195284,1,
5834,5630,2025-11-18,Credit Card,47.22,Successful,txn_20eb70434a2c48d9b315dafc1e74f75b,2,5833.0
5835,5631,2025-09-19,Debit Card,163.5,Successful,txn_c2a34c21b96d465d972ce5f47a7e54a9,1,
5836,5632,2025-05-24,Debit Card,340.08,Successful,txn_ae8e47b69759456892f716bf26e6550e,1,
5837,5633,2024-10-16,Credit Card,222.92,Successful,txn_7d2755b906cd4c5395a1d8aede7ce2fc,1,
5838,5634,2025-05-07,Amazon Pay,86.64,Successful,txn_2ba4ad6b626e4af39a02e4148dc2999e,1,
5839,5635,2025-05-31,Gift Card,65.92,Successful,txn_4b5e1cc4627141ba82c3129f82ef4a54,1,
5840,5636,2025-11-23,Gift Card,480.99,Successful,txn_96d0540a5b3e4ca088253329900deeea,1,
5841,5637,2024-04-20,Credit Card,510.93,Successful,txn_9d254df89b684dfa938414a53d2460f2,1,
5842,5638,2025-08-16,Credit Card,2155.36,Successful,txn_7ed0897e042348b0ae1069f3b8da76a0,1,
5843,5639,2025-12-14,Amazon Pay,132.85,Successful,txn_d740d2907be3412ba1196d3f027d7800,1,
5844,5640,2025-03-13,Credit Card,304.5,Successful,txn_d6ad7d7c72374427bfea22667207204c,1,
5845,5641,2025-01-23,PayPal,900.0,Successful,txn_9c99882fca804e93884d3c77b742d964,1,
5846,5642,2024-02-09,Credit Card,163.32,Successful,txn_129e3cfde1fd4762a5cc0fc69e0ad28b,1,
5847,5643,2025-05-18,Credit Card,618.52,Successful,txn_2ba6220eb36845ee9f6a51db5bc2e337,1,
5848,5644,2025-12-05,Credit Card,210.6,Successful,txn_4f6663f6ddf44f0aa547c16ecc2fd66b,1,
5849,5645,2024-10-16,PayPal,56.92,Successful,txn_ff4f2651964942e1b3638be02b7c10ea,1,
5850,5646,2024-10-21,PayPal,132.85,Successful,txn_1d9c8fd3bb4444c88256b310c09742e4,1,
5851,5647,2024-10-11,Credit Card,325.2,Successful,txn_660d28821ecd4928b44c0c2b4594b464,1,
5852,5648,2024-11-14,Credit Card,445.84,Successful,txn_1ada4bb057804b2ea1ef16e33d72dc9a,1,
5853,5649,2024-09-26,Amazon Pay,68.49,Successful,txn_1e0f3d44315746938001e86b41798dd1,1,
5854,5650,2025-06-14,Debit Card,1250.3,Successful,txn_8501dbca01b64115b33603024c7159b3,1,
5855,5651,2024-10-18,PayPal,451.5,Successful,txn_8d8b9137b84040369490f0f5fba2d3f7,1,
5856,5652,2025-12-29,Gift Card,134.26,Successful,txn_7bd354ea121844b1b25176877db19dfe,1,
5857,5653,2024-06-06,Amazon Pay,293.15,Successful,txn_e46d3e6a8439428d88e710195a310977,1,
5858,5654,2025-11-22,Debit Card,60.6,Successful,txn_eefd792992374cfb9818ac01b6dc0162,1,
5859,5655,2024-07-29,Gift Card,1964.49,Successful,txn_4bc1ef37f1264bc9a9d7e49f1e5d3a1f,1,
5860,5656,2025-12-23,Gift Card,58.84,Successful,txn_a2d2e8e0bf2b477ab09b9aef04f2e34e,1,
5861,5657,2024-05-16,Amazon Pay,30.84,Successful,txn_7c5e68a9fa1645d988562ef676c2c287,1,
5862,5657,2024-05-16,Gift Card,8.35,Successful,txn_5534ba3256564810bd75aad931457c4c,1,
5863,5658,2025-07-21,PayPal,304.0,Successful,txn_df89df0d819148bfbbf55e07e345eada,1,
5864,5659,2025-08-04,Gift Card,335.8,Successful,txn_423415106e14486d85872e6aebd64661,1,
5865,5660,2025-08-15,PayPal,711.9,Successful,txn_cf0a10de2ba54767bc5f596219b5e73c,1,
5866,5661,2025-10-14,Amazon Pay,50.16,Successful,txn_b2f1d5293e0641449ab6a776372957b2,1,
5867,5662,2025-11-02,PayPal,275.0,Successful,txn_ed412dce52174b3f86bb7b35cf22a9eb,1,
5868,5663,2024-09-05,Amazon Pay,136.4,Successful,txn_f6681ccd262f4be9b2baf34e62337c98,1,
5869,5664,2025-01-30,PayPal,393.0,Successful,txn_02289fdf46534961b150a0aa2d21c169,1,
5870,5665,2025-11-09,PayPal,433.53,Successful,txn_c3badd1fcce34abd9ab49f2681b9d5b5,1,
5871,5666,2025-12-20,Gift Card,102.56,Failed,txn_896a4e8c39994fbb93b4d83179a1f9f6,1,
5872,5666,2025-12-22,Gift Card,102.56,Successful,txn_3e354c42805d4d5ea007e2b60405a7c2,2,5871.0
5873,5667,2024-08-28,Debit Card,1096.96,Successful,txn_f3ec29d6229446d29e027019e5fd31f2,1,
5874,5668,2025-01-08,Amazon Pay,34.36,Successful,txn_e9369dd2f2314bf1a7eb10ba30953493,1,
5875,5669,2024-06-13,Debit Card,226.72,Successful,txn_750f36d42c6e4a1f8fe160154d80d5ae,1,
5876,5670,2024-04-12,Credit Card,35.66,Successful,txn_5ba2141b0acc486e9d99d13b520ef3a7,1,
5877,5671,2025-12-12,Credit Card,1350.92,Successful,txn_f0c76e51d93a42c6afee9b6630934c49,1,
5878,5672,2025-10-16,Debit Card,214.84,Successful,txn_bae80c95ea654ac5957c02c5b14779ab,1,
5879,5673,2024-10-06,Gift Card,912.0,Successful,txn_c249a5d41b594b938313c143dfa4dd2e,1,
5880,5674,2024-01-04,Amazon Pay,302.5,Successful,txn_64a5f478b6434eeb866f4b05a3581c58,1,
5881,5675,2024-11-25,PayPal,119.84,Successful,txn_1cbd22dcc76d4bd58bdd1467e030d38c,1,
5882,5676,2024-06-09,Debit Card,267.84,Successful,txn_2a70e2bd8324483287ed5e97721e1c5f,1,
5883,5677,2024-12-05,PayPal,296.16,Successful,txn_032047196d9b4e85af4cf99921780e28,1,
5884,5678,2025-12-26,Amazon Pay,493.39,Successful,txn_4c18d7aad57546d4856a1d81ca41f8af,1,
5885,5679,2024-09-05,Credit Card,10.8,Successful,txn_5e3dfb30c9d947f0be4497f94c736910,1,
5886,5680,2025-01-13,Credit Card,33.22,Successful,txn_048a955712244652b21000887f1ef0a9,1,
5887,5681,2025-10-10,Gift Card,491.3,Successful,txn_5a19fcb42869442990d2ae13d20c5670,1,
5888,5682,2025-04-07,Credit Card,96.68,Successful,txn_892da228c32e4f448b4697f606484f75,1,
5889,5683,2025-03-24,Gift Card,165.48,Successful,txn_6a91452a3464451c86b179184c034640,1,
5890,5684,2025-08-24,Amazon Pay,176.25,Successful,txn_b6d1c3bf55d94e20830c57e30b0a4f3f,1,
5891,5685,2024-12-06,PayPal,28.19,Successful,txn_a738a50371444e56b69e1d13f7f61b1e,1,
5892,5686,2024-12-01,PayPal,48.34,Successful,txn_98fd0743d21e447a933906b2ab4aadfd,1,
5893,5687,2024-02-07,Gift Card,1834.42,Successful,txn_df438a6e6811470b981dfa1449e9aae5,1,
5894,5688,2024-01-27,Amazon Pay,276.12,Successful,txn_d5ee86c7cf0745398cfdf3f55390c2fb,1,
5895,5689,2024-06-22,Debit Card,1453.95,Successful,txn_7139dc4460f94e2a89e06d3eac432bb6,1,
5896,5690,2024-08-01,Amazon Pay,17.83,Successful,txn_3b08a5f6fb1b4654bce8fa3b4600f2ba,1,
5897,5691,2025-07-19,Credit Card,68.13,Successful,txn_a44f528389134a3db7dc41c448ce96fb,1,
5898,5692,2024-02-28,Gift Card,172.34,Successful,txn_127c35d76514475fa72555d388ec9022,1,
5899,5693,2025-09-21,Amazon Pay,96.68,Successful,txn_68a802d450ab48049339d6a1a80d6219,1,
5900,5694,2025-05-23,PayPal,218.61,Failed,txn_fd60137ccfcd4d23a73f90b899512b68,1,
5901,5694,2025-05-24,PayPal,218.61,Successful,txn_9cdcf5968e8a4cfcbabbe4a31bf9c1db,2,5900.0
5902,5695,2024-07-30,Gift Card,94.44,Successful,txn_4e0ef78b9a2848699e6d563a7b063cfc,1,
5903,5696,2024-06-17,Gift Card,197.04,Successful,txn_24a146ca6a8b4cb89c616311af6ef447,1,
5904,5697,2024-07-26,Amazon Pay,2507.24,Failed,txn_9f8a5621988a47ffaee567eb70d1f36c,1,
5905,5697,2024-07-28,Amazon Pay,2507.24,Successful,txn_e294a47a1342499c8fd5651bcbc48663,2,5904.0
5906,5698,2025-03-04,PayPal,165.48,Successful,txn_a4d2da6d8a4b459fbb0e7b3a7b733e7f,1,
5907,5699,2025-10-26,PayPal,256.14,Successful,txn_4b4db36dfe094bc39a531bd03fdaf393,1,
5908,5700,2025-03-19,Gift Card,50.4,Successful,txn_333dbb96a358460e904ff34d07ade8d2,1,
5909,5701,2025-12-31,Amazon Pay,47.24,Successful,txn_52897692900d4bb3a8fa52b0a81dfe6e,1,
5910,5702,2024-06-06,Credit Card,174.96,Successful,txn_d80619e60dc74e88beaf24003888029c,1,
5911,5703,2024-05-26,PayPal,24.62,Successful,txn_365fb38ae78941d890d03f62349df087,1,
5912,5704,2025-12-30,Debit Card,264.84,Successful,txn_ecf3fe7e738242f98120bde7de17ad1a,1,
5913,5706,2024-01-14,Gift Card,13.04,Successful,txn_61d0374e57b847219e77b389d6ef788f,1,
5914,5707,2025-11-09,PayPal,214.84,Successful,txn_dfd22b9975024f95809fdcb103c4b7cf,1,
5915,5708,2024-04-28,Gift Card,253.75,Successful,txn_d30ae8db843f4313867cd469315f8d47,1,
5916,5709,2024-02-28,Amazon Pay,639.02,Successful,txn_8bf52ba38a7e4f6ca2a090ebf993d657,1,
5917,5710,2024-08-05,Amazon Pay,622.7,Successful,txn_ccb427e4a12842e3a7f44935424b9273,1,
5918,5711,2024-10-11,PayPal,1790.9,Successful,txn_4ff1f1978931457dac98c05a38293d04,1,
5919,5712,2024-10-09,Debit Card,188.89,Successful,txn_f0adc2c13f364384b3227948f3a13074,1,
5920,5712,2024-10-09,PayPal,111.02,Successful,txn_b28182fa8cbc4a6e9ef2d34ae25429a9,1,
5921,5713,2025-09-19,Debit Card,774.04,Successful,txn_caa07008b7fd4c0fb486e686c9a256b6,1,
5922,5714,2025-01-27,Credit Card,41.9,Failed,txn_aa371e45f98b471d83c9af40b389e513,1,
5923,5714,2025-01-29,Credit Card,41.9,Successful,txn_00d6f5400b03402d8f175bdd3d035e1f,2,5922.0
5924,5715,2024-01-12,Gift Card,969.3,Successful,txn_5c7108dbcfbc452c91f8322a60ee57d8,1,
5925,5716,2024-03-05,Amazon Pay,208.97,Successful,txn_2e942bb0c42f4e5a993e9e17b1ca36cb,1,
5926,5717,2024-07-24,Credit Card,138.3,Failed,txn_3a77895913f74897a9f7f64b5c2eab54,1,
5927,5717,2024-07-25,Credit Card,138.3,Successful,txn_832597a136924cfe9634998c66b3d72f,2,5926.0
5928,5718,2024-09-17,Credit Card,1515.73,Successful,txn_93b1bd2fed9e4cd2b9e38d1885e2f9b0,1,
5929,5719,2025-03-09,PayPal,184.8,Successful,txn_177aa6d7c2be45bea31316ff233ad037,1,
5930,5720,2025-09-20,Gift Card,170.76,Successful,txn_f9462e775b5d44f8934cabb49d590fce,1,
5931,5721,2025-08-15,Debit Card,50.75,Failed,txn_679683e3779146818711b5f2d6320796,1,
5932,5721,2025-08-16,Debit Card,50.75,Successful,txn_54c3f86f9baa44428ae51a1fc3cf2a8c,2,5931.0
5933,5722,2024-01-21,Gift Card,154.63,Successful,txn_587d3647bc2b495b978e7e58b161b6c3,1,
5934,5723,2024-09-17,Gift Card,157.89,Successful,txn_bb1e64df457749fdb77cf7c1dff0b54d,1,
5935,5725,2024-02-26,PayPal,170.76,Successful,txn_088cf6439aa64515b65cb7a505c2d71e,1,
5936,5726,2025-10-08,Credit Card,5.4,Successful,txn_859cbbd186d5411a944d800ed435efe1,1,
5937,5727,2024-12-03,Amazon Pay,293.54,Successful,txn_9a198c9f94c94c0bbd03bb48f0b884ac,1,
5938,5728,2024-06-09,Debit Card,2507.24,Failed,txn_8e22b036c9c44fa69949692a323b198a,1,
5939,5728,2024-06-10,Debit Card,2507.24,Successful,txn_adebb48f2df7473897ebb9cdfa197e87,2,5938.0
5940,5729,2024-03-06,PayPal,26.57,Successful,txn_17681e079e7e4c10bcfb3187e75e8598,1,
5941,5730,2025-03-24,Debit Card,161.13,Successful,txn_58579f9c8fc0455d93f62eeb591100ab,1,
5942,5731,2025-01-16,Debit Card,70.68,Successful,txn_7b57f2c1800f46a7920cd42b57ebd73d,1,
5943,5732,2025-08-21,Gift Card,29.96,Successful,txn_1e72dc9a497c4f959ec7e05504f31fd8,1,
5944,5733,2024-10-02,Gift Card,86.34,Successful,txn_51e9f848a8d941b2a0230a337bcc5919,1,
5945,5734,2025-03-05,Gift Card,88.56,Successful,txn_692ed2a320ea4837b0582460b0c53288,1,
5946,5735,2024-01-28,Credit Card,138.33,Successful,txn_b1d22911b31d4c26afdff9a6432b2fd5,1,
5947,5736,2024-03-17,Amazon Pay,287.26,Successful,txn_8356a2bf1d9b43be876e7ada28563963,1,
5948,5737,2025-01-30,PayPal,27.66,Successful,txn_ce00790958d94f9ca92c0cb7e5a66d58,1,
5949,5738,2024-11-10,Credit Card,1386.21,Failed,txn_6b39d95040444c4cb05d34212015b0af,1,
5950,5738,2024-11-12,Credit Card,1386.21,Successful,txn_161fbf4f71c145169ed15ea6580a2fdc,2,5949.0
5951,5739,2025-03-29,PayPal,456.73,Successful,txn_570c06b5ee6c459ca030e2ebc072c559,1,
5952,5740,2025-09-13,Credit Card,98.52,Successful,txn_103b7b051b014f7b99d6aeb9ffbec635,1,
5953,5741,2025-10-28,Credit Card,88.56,Successful,txn_cef0665b50514d919965b62792a5b21d,1,
5954,5742,2024-04-12,Debit Card,214.84,Failed,txn_dd13cfd0180048ce9f47f8d0befa20e6,1,
5955,5742,2024-04-12,Debit Card,214.84,Successful,txn_af28fe9d648942f28e8119e9be0db759,2,5954.0
5956,5743,2024-01-01,Debit Card,290.7,Successful,txn_568b85f2bb01402d8db856cd67137ab2,1,
5957,5744,2024-07-05,Debit Card,499.85,Successful,txn_e202956e56504a2980436aee4f38845f,1,
5958,5745,2024-03-31,Amazon Pay,138.06,Successful,txn_b4f84f870c9642298b0315dc761b135e,1,
5959,5746,2025-04-13,PayPal,281.88,Successful,txn_15588192d4364b9f860197e7381851d0,1,
5960,5747,2024-09-28,Debit Card,114.15,Successful,txn_79b23caabe774c6b8972f3a9f3c13da3,1,
5961,5748,2025-06-24,Amazon Pay,340.38,Successful,txn_e448dfb5460f49a18f9c62be80d5a813,1,
5962,5749,2025-10-14,PayPal,87.66,Successful,txn_0265fb11b8f5463989c57e04e2b4ce9c,1,
5963,5750,2025-10-11,PayPal,139.12,Successful,txn_8d45bfbe5610489f857af0e2a682bc4d,1,
5964,5751,2024-05-13,Credit Card,69.9,Successful,txn_ec813da74ccd49f694c8c74def77315a,1,
5965,5751,2024-05-13,PayPal,122.6,Successful,txn_2b4700ad457e4ad3bfe7d67015a67c56,1,
5966,5752,2024-03-15,Amazon Pay,975.9,Failed,txn_221d1a427b9142739941c3f768fc2e48,1,
5967,5752,2024-03-15,Amazon Pay,975.9,Successful,txn_234fc1405c4a47bc9079acce6e9a011c,2,5966.0
5968,5753,2025-09-18,Amazon Pay,170.28,Failed,txn_00c003ef89614a6a83d3e78f308885b0,1,
5969,5753,2025-09-18,Amazon Pay,170.28,Successful,txn_b91727726b004e659564c1bf13ed2097,2,5968.0
5970,5754,2025-08-13,Gift Card,450.0,Successful,txn_0e908fda9c324b73a97228b934d2e3a1,1,
5971,5755,2025-05-27,PayPal,132.85,Successful,txn_c0021215cf93483fb582d6d0b6b38c13,1,
5972,5756,2025-05-03,Debit Card,424.08,Failed,txn_cccbae30e886451fa2737fc4d91e214c,1,
5973,5756,2025-05-04,Debit Card,424.08,Successful,txn_7aea02f17db841b7bb0684e8697d52f6,2,5972.0
5974,5757,2025-01-18,PayPal,675.46,Successful,txn_8d80c587e6074e629ad31ac947a58339,1,
5975,5758,2024-08-29,Credit Card,192.55,Successful,txn_d36b1ff6425243a4921dc5d230587e7a,1,
5976,5759,2024-05-26,Amazon Pay,87.08,Successful,txn_2a8dff1083bd4ebfb84bb6c4386ad6a0,1,
5977,5760,2025-06-02,Amazon Pay,578.45,Successful,txn_99392d3f14564ac5b764ac0cb39cbebe,1,
5978,5761,2024-12-11,Credit Card,205.12,Successful,txn_b3226511d6a04a7183d6478817b2400a,1,
5979,5762,2025-12-21,PayPal,60.3,Successful,txn_4657c266554045bcbee4c0ce632ba9f6,1,
5980,5762,2025-12-21,Amazon Pay,23.5,Successful,txn_786e983123d04778ac21f9c11a075976,1,
5981,5763,2024-10-25,Amazon Pay,53.14,Successful,txn_43f0779ef62444f7a151ad0b4844a26d,1,
5982,5764,2024-03-04,Amazon Pay,105.39,Successful,txn_c06a06d110bc4db9a2c50c2677b90c43,1,
5983,5765,2024-02-19,Debit Card,222.92,Successful,txn_a306da7c96b04af1b6326ba2eabf64a9,1,
5984,5766,2024-04-19,Gift Card,157.34,Successful,txn_0d85fa337dde4986b4b62a3cbd3cb17b,1,
5985,5768,2024-07-28,Debit Card,261.36,Successful,txn_69442c8976534eb5b3458416b5360be9,1,
5986,5769,2025-03-22,Amazon Pay,583.68,Successful,txn_0c0782ea5740423dba4aa31840ee24fb,1,
5987,5770,2025-08-09,Debit Card,93.96,Successful,txn_82195995b7874e17b2d299191ba8ea12,1,
5988,5771,2025-01-20,Gift Card,462.07,Failed,txn_0293242a126b465c93b81d5074acad30,1,
5989,5771,2025-01-22,Gift Card,462.07,Successful,txn_2bdc0d6b028b4eb8b7ada91e9a9a2d81,2,5988.0
5990,5773,2025-04-30,PayPal,281.85,Successful,txn_b09f5ded6ca040ba910db76e09e0c12e,1,
5991,5774,2024-09-10,Debit Card,48.02,Successful,txn_35a739d050954cc7a426f1b69bb4d4bd,1,
5992,5775,2025-10-23,Gift Card,264.84,Successful,txn_c2c13e9a3fd24f3880d8cac173209b4e,1,
5993,5776,2024-12-04,Credit Card,337.28,Successful,txn_eb90b00b7c4f48c691f9853346359773,1,
5994,5777,2025-04-19,PayPal,134.48,Successful,txn_586602ed17af4fcbac442efcc4d162fc,1,
5995,5778,2024-08-03,Credit Card,289.02,Successful,txn_b16c1e55b68541c1b6fea93198ee82e6,1,
5996,5779,2024-04-19,Debit Card,456.73,Successful,txn_0a464f0e000647e1b6d822ef13518eb4,1,
5997,5780,2025-05-14,Credit Card,594.56,Successful,txn_84ad0c04abf140e89fee607903b2259f,1,
5998,5781,2025-09-04,Amazon Pay,981.2,Successful,txn_e0a03ce76912459fbfb23b5738964cc7,1,
5999,5783,2024-11-20,Credit Card,144.06,Successful,txn_da21024e9e3d46908ae86f66cd710914,1,
6000,5784,2025-02-20,PayPal,2507.24,Successful,txn_fde34f46b5144f6fb8831f9c0714ca30,1,
6001,5785,2025-02-14,Gift Card,113.55,Successful,txn_f45f6716747c4dce826f350f1d00ade6,1,
6002,5786,2025-09-02,Debit Card,295.56,Successful,txn_1886145021304b65b7d3528be8970473,1,
6003,5787,2025-07-22,Debit Card,25.8,Successful,txn_ed4bc884977d4741adf3b4596f42a0f9,1,
6004,5788,2024-06-29,Debit Card,287.26,Successful,txn_4eb6978ca410438eac0cec51a5f1f2a5,1,
6005,5789,2025-08-16,Credit Card,203.0,Successful,txn_3b21d0f70a4547449985c3db29b2dfb6,1,
6006,5790,2025-11-09,PayPal,160.3,Successful,txn_786a798018f0467889af546daa047b05,1,
6007,5791,2025-09-22,Amazon Pay,703.0,Successful,txn_ef5fe6570649408680664f856e585ea3,1,
6008,5793,2025-06-02,Debit Card,231.9,Successful,txn_a6c028135d944a87aa3f147f4fde1b41,1,
6009,5794,2025-01-12,Credit Card,307.68,Successful,txn_e684ce45e9304dde927e21b7c5e353c6,1,
6010,5795,2024-07-28,PayPal,66.96,Successful,txn_d94486bcd0814e86aef2c2fe14d8dac4,1,
6011,5796,2025-12-11,Debit Card,184.6,Successful,txn_bb9cbb79971e435a8ffb60959212ed29,1,
6012,5797,2025-08-11,Debit Card,51.24,Successful,txn_5be7b006a4574d21962356ae8aee2e43,1,
6013,5798,2025-07-29,Credit Card,184.6,Successful,txn_3d8b673f376e4298aa276fe00a78b7b3,1,
6014,5799,2024-02-03,Amazon Pay,67.24,Successful,txn_965ac5c9d32e47d295ceac0533182bb7,1,
6015,5800,2025-10-19,PayPal,913.46,Successful,txn_2215a0c9d40e4b0e8aba357ee5a9ba81,1,
6016,5801,2025-12-20,Credit Card,69.66,Successful,txn_835c18a6a9f245eeb708edbc5a0451c3,1,
6017,5802,2024-07-24,Credit Card,26.57,Successful,txn_bd511a765ae343568cf209afceec3059,1,
6018,5803,2025-08-21,Gift Card,899.79,Successful,txn_1890513673d943b182037e3ff0f44a48,1,
6019,5804,2025-07-13,Gift Card,529.8,Successful,txn_11a4f28fd60e4f5b9fe1dbddeed75fbe,1,
6020,5805,2025-12-09,Credit Card,69.56,Successful,txn_6cb2e64f63434b8bb22df9e8251e74a0,1,
6021,5806,2025-10-26,Debit Card,2974.46,Successful,txn_c97846702fca4f1ca7bc2063c5349b71,1,
6022,5807,2024-08-27,PayPal,338.84,Successful,txn_218eaac98bf545ae9fe28ae934cb220b,1,
6023,5808,2025-04-25,PayPal,84.92,Successful,txn_6d00f11cfa9445718b1fd56f44b80d39,1,
6024,5809,2025-02-13,Gift Card,141.13,Successful,txn_a1ef47c032fb40c4907d32b63be5b5c9,1,
6025,5810,2025-11-15,Gift Card,424.08,Successful,txn_a3c8541165c54c3dbe9103db025a2045,1,
6026,5811,2025-05-15,PayPal,1834.42,Successful,txn_a625e72de5ca4f5495b285b9eec578a2,1,
6027,5812,2024-06-17,Debit Card,5.4,Successful,txn_d7240292fe304698bb17c2388866486a,1,
6028,5813,2024-10-16,Debit Card,254.31,Successful,txn_4875fb7651e64adbaed84a0eeba6839b,1,
6029,5814,2025-11-21,Gift Card,135.17,Successful,txn_48490fe0fe90471e9d2d88e348edf8b0,1,
6030,5815,2024-01-27,Amazon Pay,393.0,Successful,txn_c936db17c2cf43ebac4005c0159952f7,1,
6031,5816,2024-02-06,Gift Card,29.42,Successful,txn_34c900e0d9e74f87959e43135e2953dd,1,
6032,5817,2024-12-26,PayPal,32.7,Successful,txn_949d981500d14c44a7d124a4eebc6f9c,1,
6033,5818,2024-12-10,Amazon Pay,268.52,Successful,txn_856c92bfb105427cbce1925caa5d977e,1,
6034,5819,2025-08-05,Credit Card,38.7,Successful,txn_4f9f5dcb59f04b4e9ff55e7e6ef56deb,1,
6035,5820,2024-05-13,Amazon Pay,703.0,Failed,txn_53844f25c4584a50b3dde2803c0a19c1,1,
6036,5820,2024-05-13,Amazon Pay,703.0,Successful,txn_7921db83093f44cb8f2fcdf1b3ba3bb3,2,6035.0
6037,5821,2024-10-26,Debit Card,2155.36,Successful,txn_e9877ac993e949b5a8799af63f068cde,1,
6038,5822,2025-01-11,PayPal,33.21,Successful,txn_50e8be24190d49bca92525fa50af8f04,1,
6039,5823,2024-10-26,Debit Card,417.89,Successful,txn_2cbf283198e5412a99ce750913b1bd6b,1,
6040,5824,2025-04-17,Debit Card,34.82,Successful,txn_38bc809784884bb592333d9be48b071d,1,
6041,5824,2025-04-17,Amazon Pay,67.66,Successful,txn_c0886b874e0f44c4a76d91c77c2b8be6,1,
6042,5825,2024-11-14,Credit Card,193.36,Successful,txn_35bf2f0c4b8a48f3b7e5c3428f003e01,1,
6043,5826,2025-08-12,Credit Card,301.0,Successful,txn_aa3d0ce10fa44a31875ecf365ac769db,1,
6044,5827,2024-07-13,Credit Card,256.4,Successful,txn_07e82f85e484492186fa5f29ca54f1c4,1,
6045,5828,2025-10-24,Credit Card,48.33,Successful,txn_8539848cedfc45d58331c48c13fb6cca,1,
6046,5829,2025-05-22,PayPal,2285.38,Successful,txn_1c3cb5cb969d45a5b84f4baab57322e7,1,
6047,5830,2025-09-11,Credit Card,229.6,Successful,txn_88ecfde69f80412fb5709331f234a2d0,1,
6048,5831,2025-07-25,Credit Card,414.22,Successful,txn_99401aa7eef14c2d87f3616de0ac6159,1,
6049,5832,2025-05-01,PayPal,222.92,Successful,txn_e6ed7091041f42df9cf051e2a25373f0,1,
6050,5833,2024-07-24,Credit Card,25.3,Successful,txn_b99475cb2fcb42aba4685dad4d033b2e,1,
6051,5834,2024-02-17,Gift Card,196.8,Successful,txn_2af3108a1a51430a9a523ee5898d5df8,1,
6052,5835,2024-05-03,Debit Card,969.3,Successful,txn_5d96bd369790489a93ddffdb2dcd13be,1,
6053,5836,2024-07-03,Gift Card,24.01,Successful,txn_dbfffafbd533496d9b9f594876e86f97,1,
6054,5837,2024-01-13,Debit Card,31.23,Successful,txn_45fe096173b145568f6d33d49bfbdc1a,1,
6055,5838,2024-12-08,Debit Card,477.46,Successful,txn_db98cc12f9c2412a8f453a1aefd91581,1,
6056,5838,2024-12-08,Gift Card,436.0,Successful,txn_b2a40ee97be344ada64ea235ff575b46,1,
6057,5839,2024-01-23,Amazon Pay,295.56,Successful,txn_78cae703a8434e1cb744c7b32bf62aa2,1,
6058,5840,2024-02-21,Gift Card,103.99,Successful,txn_18af796096ec4b95bf6307d1fe7bd76e,1,
6059,5841,2025-04-04,Debit Card,124.44,Successful,txn_11a377d3147a4241a9242793704a044d,1,
6060,5841,2025-04-04,Gift Card,51.31,Successful,txn_c971f07e242643908ac29bdf6b6e24c3,1,
6061,5842,2025-04-28,Credit Card,330.54,Successful,txn_037b22c21f704d0e896474ee3ec35862,1,
6062,5844,2025-02-08,Debit Card,1799.58,Failed,txn_ab35cd78619c47ba89ea1885a5ecf7ef,1,
6063,5844,2025-02-10,Debit Card,1799.58,Successful,txn_98e7efb28de745038b4d8dff790ca959,2,6062.0
6064,5845,2025-04-16,Credit Card,214.4,Successful,txn_5386dccf6f54438a964386a7d51c1d50,1,
6065,5847,2024-11-22,Amazon Pay,258.69,Successful,txn_bf94956d5d5a4161bed943f802406558,1,
6066,5848,2025-05-29,Credit Card,1253.62,Successful,txn_4a92286a0d0240ec934f4635db6db6d6,1,
6067,5849,2024-04-28,PayPal,180.09,Successful,txn_956b8013558c416280cc8d2d4d610790,1,
6068,5850,2025-03-24,PayPal,150.48,Successful,txn_13c2bb74f9d942c887ac3414f89efae9,1,
6069,5851,2025-06-15,PayPal,88.56,Successful,txn_1dd721d3467f489aa0d94b054968f88f,1,
6070,5853,2024-11-19,Credit Card,2285.38,Successful,txn_64c5f59a47374c2e86beed80879224a6,1,
6071,5854,2025-03-06,Amazon Pay,113.08,Successful,txn_9731f5a0cdd9463da7b8d0b932cdd614,1,
6072,5855,2024-05-31,Amazon Pay,175.75,Successful,txn_21080fe093a4481eb156cb274c5a12f3,1,
6073,5856,2025-05-23,Debit Card,167.6,Successful,txn_dab33a080ee34dc29075b36d965c81e3,1,
6074,5857,2025-12-12,Debit Card,1834.42,Successful,txn_8c336de87a034a11a2e0ce31c63f3e78,1,
6075,5858,2025-04-09,Amazon Pay,681.24,Successful,txn_ce577774e4a945b78fc2fe4dbc22fb8c,1,
6076,5859,2025-12-13,PayPal,135.84,Successful,txn_c9405697ed574182b52c3054c5510778,1,
6077,5860,2024-11-03,Amazon Pay,337.28,Successful,txn_d7499b7a12b84616ba3b00b1cdf9c707,1,
6078,5861,2024-06-20,PayPal,182.64,Successful,txn_8197f9f653d74be79254a132029d0735,1,
6079,5862,2024-07-06,Credit Card,98.4,Successful,txn_2aa2db1580244c60ba1ba2a977d6e890,1,
6080,5863,2025-08-16,Amazon Pay,106.02,Successful,txn_0b758f5e1be6415983e5a4ceca0be5cc,1,
6081,5864,2025-11-30,Amazon Pay,288.05,Successful,txn_6fdf0097294241b3b111404b47bcfedb,1,
6082,5865,2024-05-06,Amazon Pay,424.08,Successful,txn_b2461ead8e4e4f9c9346e2fef66a6469,1,
6083,5866,2024-05-18,Debit Card,181.12,Successful,txn_699f8f722bb048fba3abcb9f9ed280e7,1,
6084,5867,2024-10-29,Amazon Pay,22.83,Failed,txn_2692701d530f42a3a78791a537d91781,1,
6085,5867,2024-10-29,Amazon Pay,22.83,Successful,txn_ff8604ead44744749e08d9801d53e78e,2,6084.0
6086,5868,2025-10-23,Debit Card,70.95,Successful,txn_f71697e9824848cb8581399db5bf39e7,1,
6087,5869,2024-05-29,PayPal,1077.68,Successful,txn_d0ce477b5e164989b827ba024c6adf29,1,
6088,5870,2025-05-23,Debit Card,1458.63,Successful,txn_5249fe8ebc8445aaba519ce29a9b8cad,1,
6089,5871,2024-01-26,Amazon Pay,421.56,Successful,txn_94e6cd846aa149deb544194284d79a59,1,
6090,5872,2024-01-10,Credit Card,505.56,Successful,txn_fe83d77a2c8941e7b0d410dcb4cb96c6,1,
6091,5873,2025-03-21,PayPal,212.3,Successful,txn_b51a7d220996415288e8de7f2ec25588,1,
6092,5874,2024-08-17,Credit Card,74.52,Successful,txn_e8d322e39f644a1695c25401c8873b12,1,
6093,5875,2024-03-20,Debit Card,603.66,Successful,txn_662e7bdfeb0141b6989eff2fbdde675c,1,
6094,5876,2024-10-21,Amazon Pay,583.68,Successful,txn_32014a9d3c9a4de788a5721a7e78ef3a,1,
6095,5877,2024-09-03,Amazon Pay,248.94,Successful,txn_b9ff49f0ca78412787315ed35f9b7515,1,
6096,5878,2024-03-21,Gift Card,150.5,Successful,txn_3f49bd70061a49b78b8ee7d38dab9d57,1,
6097,5879,2024-05-07,PayPal,104.34,Failed,txn_663d25b1a0f54a2794b35bdfbf8e7151,1,
6098,5879,2024-05-07,PayPal,104.34,Successful,txn_e40087b17dd44182ba128db1570aa097,2,6097.0
6099,5880,2025-04-22,Credit Card,309.26,Successful,txn_b30237c9d819413d9fa168f58d614ffa,1,
6100,5881,2025-08-27,PayPal,126.36,Successful,txn_b1a4e01defd445ada1a26b9e0e13ee75,1,
6101,5882,2024-04-12,PayPal,151.96,Successful,txn_4e4ab99e1c384bdfba2927c8518da927,1,
6102,5883,2025-02-08,Debit Card,55.55,Successful,txn_31d52d6c887045adbe69e06a8d94c5e8,1,
6103,5884,2024-12-30,Debit Card,82.5,Successful,txn_0fbb003bd1074a9eaf73c2a5218311b6,1,
6104,5885,2024-05-14,Amazon Pay,241.7,Successful,txn_3bfa01fb256b4a70898ec516ef7aa1d0,1,
6105,5886,2024-04-14,Gift Card,311.97,Successful,txn_3d54347e4457488aa64456fc7dbb2e77,1,
6106,5887,2025-07-16,Amazon Pay,456.73,Successful,txn_57d518d048744d93b474b2bc7415d386,1,
6107,5888,2025-12-06,Gift Card,548.48,Successful,txn_fbd94842c1a341a6a76c53d645643595,1,
6108,5890,2025-07-18,Debit Card,375.8,Successful,txn_441f3197306e47758fe03d66db9ff905,1,
6109,5891,2024-09-07,Debit Card,462.76,Failed,txn_260d665bd4df4d5daaa9c1dc30549260,1,
6110,5891,2024-09-08,Debit Card,462.76,Successful,txn_18d53b0a28e54d82822cb6bf67b582c1,2,6109.0
6111,5892,2025-11-07,Credit Card,51.54,Successful,txn_1c5660666fbe49ceb7d03ffa9b036ce9,1,
6112,5893,2025-01-18,Gift Card,102.37,Successful,txn_89e2d3af08b044d4994dcc9b392ca615,1,
6113,5894,2024-11-14,PayPal,472.02,Successful,txn_19b9fd84e2a247ffba7cfdf690755277,1,
6114,5897,2024-09-28,PayPal,264.84,Successful,txn_2751be64f65d43b99511d677232d9539,1,
6115,5898,2024-06-05,PayPal,87.66,Successful,txn_9f40349c8461447295427fb1656c9fba,1,
6116,5899,2025-08-26,Debit Card,197.04,Successful,txn_6111852039344191b4dba3b57184932a,1,
6117,5900,2025-04-02,Debit Card,40.4,Successful,txn_2f565f46c7ef47d1aff480b60e983b3b,1,
6118,5901,2025-01-02,Gift Card,24.01,Successful,txn_6f9833f9bb2347c4badde28344a974bd,1,
6119,5902,2024-04-05,Debit Card,210.78,Successful,txn_194cbe607d8047ab849469a4c2365abf,1,
6120,5903,2024-04-24,PayPal,264.9,Successful,txn_7ca2232eec514ff794ae0ebc866b6171,1,
6121,5904,2024-09-30,PayPal,160.33,Successful,txn_263ad8a585de40a6b1a4b30dc2773bc0,1,
6122,5905,2024-10-10,Amazon Pay,924.14,Successful,txn_9a3141de8d3a4aa78fe5880512151e89,1,
6123,5906,2024-11-08,Gift Card,776.07,Successful,txn_f520995e640b4a4181ca29977dcc4347,1,
6124,5907,2025-08-09,Debit Card,56.54,Successful,txn_4f6ce38d4b324c40bc1765595992bb9d,1,
6125,5908,2024-02-05,Credit Card,135.84,Failed,txn_0119abd1beb34a3e9f754ec00f63133b,1,
6126,5908,2024-02-05,Credit Card,135.84,Successful,txn_a03734face5d434ab98a0e4319470465,2,6125.0
6127,5909,2025-08-18,Credit Card,86.3,Successful,txn_4732ba79e20442b5a6fbb21abcdc867a,1,
6128,5910,2024-04-21,Gift Card,144.51,Successful,txn_2beee8fa60854734a5e019d372fd4e2a,1,
6129,5911,2025-09-23,PayPal,141.13,Successful,txn_fdfa951611e749e28a240f34bb047b15,1,
6130,5912,2024-02-01,Gift Card,241.68,Successful,txn_2e87fd0149f54dd3a90d73b52fed3db0,1,
6131,5913,2025-10-03,Credit Card,603.66,Failed,txn_08842a04417d45a1907554eec4f48dfe,1,
6132,5913,2025-10-05,Credit Card,603.66,Successful,txn_5e4699e6566949b78513407fbf556d27,2,6131.0
6133,5914,2024-11-25,Gift Card,900.0,Successful,txn_0b9c54a609934b9ea63ac8f69f6c2cfe,1,
6134,5915,2025-07-14,Debit Card,160.08,Successful,txn_b586f815d42b40a4a936f5418bf23ba2,1,
6135,5916,2025-10-09,Debit Card,113.46,Successful,txn_966710f206964574938ad0ad95693a7b,1,
6136,5917,2025-03-26,Amazon Pay,433.53,Successful,txn_e10304251fda42c69f3763e423c657c0,1,
6137,5918,2025-07-27,PayPal,104.34,Successful,txn_358ff180413949589c9b329d9093c72d,1,
6138,5919,2025-10-04,PayPal,297.28,Successful,txn_39ac0e87b2534ce0b8ee0ec7ae2fc301,1,
6139,5920,2025-10-11,PayPal,456.73,Successful,txn_a2bef4b4cd834c509f1eb60e35355174,1,
6140,5921,2024-06-10,Amazon Pay,41.9,Successful,txn_d9525ffa60f544f898f7fb12e9553be7,1,
6141,5922,2025-08-15,Amazon Pay,204.74,Successful,txn_c5d32ebe5df24235b4f5acc6f3d938b8,1,
6142,5923,2024-06-14,PayPal,481.47,Successful,txn_5b6b561e1c6a4d2b85e456ea29c2e8d4,1,
6143,5924,2025-09-18,Gift Card,37.7,Failed,txn_3d3b55c953ed4e39a597a370334ee03b,1,
6144,5924,2025-09-18,Gift Card,37.7,Successful,txn_4101180d86e04897865bc620b018af78,2,6143.0
6145,5925,2025-12-27,Credit Card,16.48,Successful,txn_6be529fabca14bdfb98732b3a1e0aff2,1,
6146,5926,2024-05-23,Amazon Pay,934.05,Successful,txn_07603363f31b41d582690e79ec128353,1,
6147,5927,2024-05-21,Credit Card,705.24,Successful,txn_ee06d509dd9648839d843f222de2003b,1,
6148,5928,2024-09-01,PayPal,110.18,Successful,txn_2943a2e5742243a3b00a1e0886c74299,1,
6149,5929,2024-01-13,Amazon Pay,486.21,Successful,txn_45d5d533a9b1413b9d95b9541ceda797,1,
6150,5930,2025-11-07,Amazon Pay,215.75,Successful,txn_1865412fa7b04a4db05d0984d16af664,1,
6151,5931,2025-09-17,Amazon Pay,223.56,Successful,txn_e5d581ce548647019f04954e2f822a14,1,
6152,5932,2025-03-26,Amazon Pay,309.26,Successful,txn_e20e650fc9654e609d5fe6faafafc6f4,1,
6153,5933,2025-10-07,PayPal,86.64,Failed,txn_42989ca19ad94b4abc5161465b0f8b46,1,
6154,5933,2025-10-07,PayPal,86.64,Successful,txn_ca252bb12d11411e88422c01e5cceb04,2,6153.0
6155,5935,2025-10-24,Amazon Pay,98.48,Successful,txn_2f744759dfc447d9b287aa4c439e150a,1,
6156,5936,2024-06-18,Credit Card,553.32,Successful,txn_78cb9630c2c34434aadb68a20d618856,1,
6157,5937,2024-05-30,Credit Card,98.26,Successful,txn_1838ed8c5ed04706afe62c84f0452522,1,
6158,5938,2025-01-27,Credit Card,107.87,Failed,txn_849c5f9bff44475abb7955f982b348ef,1,
6159,5938,2025-01-28,Credit Card,107.87,Successful,txn_e3058413940d4501beeee719fbc190c9,2,6158.0
6160,5939,2024-11-21,Debit Card,121.76,Failed,txn_9174704ecf4d4510880a0bd6af7befe1,1,
6161,5939,2024-11-21,Debit Card,121.76,Successful,txn_cdbbf5b4971d447d8ba820851a3916e9,2,6160.0
6162,5940,2024-12-24,Gift Card,129.0,Successful,txn_cc41454df8e1470f8c70af46106f0643,1,
6163,5941,2025-05-20,Debit Card,456.73,Successful,txn_bf245907c200403584cdaf775035f4fe,1,
6164,5942,2024-04-23,Gift Card,230.56,Successful,txn_425b980aa45346a7bc6f6984a598e8ee,1,
6165,5943,2025-03-26,Amazon Pay,181.12,Successful,txn_5bf9a2b56d834db0b8d972b839603e49,1,
6166,5944,2025-03-29,Gift Card,2155.36,Successful,txn_9600eb3cdfae48b7884e9f2f331f4a95,1,
6167,5945,2024-02-10,Gift Card,320.98,Successful,txn_221d0b9fd52b48f5ae502338c7868567,1,
6168,5946,2025-03-16,PayPal,1790.9,Successful,txn_dad7de4463d241f0857c9e63d0ecae33,1,
6169,5947,2025-08-08,Amazon Pay,16.2,Successful,txn_491fd177292847c097e67fd6e17e343b,1,
6170,5948,2024-12-24,Debit Card,86.3,Failed,txn_712457b0d2f44b068d22fc41b65985bc,1,
6171,5948,2024-12-24,Debit Card,86.3,Successful,txn_8091b06033da45a3a951b95955fdc6ca,2,6170.0
6172,5949,2025-05-13,Debit Card,264.9,Successful,txn_d1423c60b28d4ce3a501b79f2294071d,1,
6173,5950,2025-10-12,PayPal,428.8,Failed,txn_b2bde236c3d84ab0a99c8b7b1e566bc4,1,
6174,5950,2025-10-14,PayPal,428.8,Successful,txn_78e3d79d5f2f49b4b6fdf82dac0c561f,2,6173.0
6175,5951,2024-12-24,Gift Card,243.6,Failed,txn_ea2e040b93584d849b2b2aa2a9191736,1,
6176,5951,2024-12-26,Gift Card,243.6,Successful,txn_de28d83fabf14f94870be475bbf7cc9d,2,6175.0
6177,5952,2024-12-14,Credit Card,94.48,Successful,txn_89a258c386a44f488e8620d138e94b22,1,
6178,5953,2024-01-07,Gift Card,293.15,Failed,txn_7f76703cb1d1441fa2aee47d5a1f7620,1,
6179,5953,2024-01-07,Gift Card,293.15,Successful,txn_b70fd23ad56d4cf88ba23070c73e3006,2,6178.0
6180,5954,2025-12-29,PayPal,173.28,Successful,txn_618275cf3e7443559842336a95a35b1d,1,
6181,5955,2024-10-10,Credit Card,440.31,Failed,txn_3580df1ed1a54b4b83aeeb7595c85a3e,1,
6182,5955,2024-10-12,Credit Card,440.31,Successful,txn_9b2b046509d5429eb10a53841af101a2,2,6181.0
6183,5956,2024-12-03,Amazon Pay,2155.36,Successful,txn_0cf6f45da1ba4a7eb15abbf8f2d49699,1,
6184,5957,2025-07-22,PayPal,120.05,Successful,txn_a380179eb12c40e192d81a96196dc458,1,
6185,5958,2025-11-23,Debit Card,451.5,Successful,txn_1ddaac7c74df4061b07ed23cd6504754,1,
6186,5959,2024-07-25,Amazon Pay,576.3,Successful,txn_78f994e46a8440a28b701853f76f8840,1,
6187,5960,2025-10-06,Gift Card,11.5,Successful,txn_64552b8b98fc41c4a9cb14ea31c5170a,1,
6188,5962,2025-10-23,PayPal,171.52,Successful,txn_c5549bd33a6c41dfb3e42da08f9f95c7,1,
6189,5963,2024-06-03,Gift Card,969.3,Successful,txn_80fa3a403eb443abbeeac0a26d229e80,1,
6190,5964,2025-02-24,Gift Card,972.42,Successful,txn_501ee8a9aab140d4b8da90f41e207aca,1,
6191,5965,2025-08-02,Debit Card,725.04,Successful,txn_083783223e8c4bb6bc09d4aa6e7f1387,1,
6192,5966,2025-03-16,Debit Card,414.22,Successful,txn_5a835e47496f4b45a83d8e01c62bc456,1,
6193,5967,2024-07-09,Amazon Pay,505.56,Successful,txn_73fdfa6c64b04dcf830d75387e59e141,1,
6194,5968,2024-07-16,Amazon Pay,369.82,Successful,txn_edb15408f4634adeb7a4ecfc5bdbd274,1,
6195,5969,2024-11-22,Debit Card,302.5,Successful,txn_455216a0f476422dbc6131e626a49c6d,1,
6196,5970,2024-11-20,Debit Card,972.42,Successful,txn_789476df41c448eca4eb91b2611f5971,1,
6197,5971,2024-08-06,Credit Card,226.92,Successful,txn_d78695151cde41c486bef7e16c9a393e,1,
6198,5972,2025-11-03,Debit Card,57.56,Successful,txn_422acfaad4b144b892a1d2d48aef05bc,1,
6199,5974,2024-10-23,Amazon Pay,505.56,Successful,txn_b2b7f5b8bf824bd68c4535e43b49da94,1,
6200,5975,2025-06-06,Amazon Pay,340.38,Failed,txn_8c9e675e22c54a238fa2d60496adf900,1,
6201,5975,2025-06-06,Amazon Pay,340.38,Successful,txn_cb7c16e9a50c44a6877f185b61a3c0d7,2,6200.0
6202,5976,2025-10-25,Amazon Pay,1253.62,Successful,txn_03d8443d79594e31ac4db2b30b7c7e8b,1,
6203,5977,2025-03-26,Amazon Pay,22.71,Successful,txn_588c32755b714979806422f81ef555a4,1,
6204,5978,2025-10-23,Debit Card,14.19,Successful,txn_bcf0418c858143fe9eb961040ba3a0de,1,
6205,5979,2024-01-01,Amazon Pay,975.9,Failed,txn_82a85b0f2f4844adaf860a6a981d2905,1,
6206,5979,2024-01-03,Amazon Pay,975.9,Successful,txn_eb646fd089444c908454e57c60880f8b,2,6205.0
6207,5980,2025-07-18,Credit Card,136.4,Successful,txn_a56e9198bdab47938f1fed7b90ea2c70,1,
6208,5981,2024-02-23,Credit Card,453.44,Successful,txn_bfb9da55db1a47758a1e3896b5b35a19,1,
6209,5982,2025-10-28,Credit Card,16.48,Successful,txn_aecedc16f132465892badf97ff8b169a,1,
6210,5983,2024-03-09,Amazon Pay,15.94,Successful,txn_9b6b274b9c8d458c82641c7d0cd61508,1,
6211,5983,2024-03-09,Debit Card,39.41,Successful,txn_11ef1d0f81884f928b4880d9111a1f72,1,
6212,5984,2025-04-02,Credit Card,129.45,Successful,txn_b4460a2c72f44ae29dd185ed59f61fa5,1,
6213,5985,2024-03-19,PayPal,144.99,Failed,txn_6786b77aa28540618494f4990a7bd2d3,1,
6214,5985,2024-03-19,PayPal,144.99,Successful,txn_ff40a927db4347ce9401bcc7395efc34,2,6213.0
6215,5986,2025-07-02,Credit Card,219.24,Failed,txn_e1b552749d204ccdbfb45f3f48a7fddf,1,
6216,5986,2025-07-02,Credit Card,219.24,Successful,txn_f94678bbdece4672adfad753c9bf38b2,2,6215.0
6217,5987,2024-04-21,Credit Card,207.98,Successful,txn_ab8e844a31ef42c9ad9c67d0ceaabc66,1,
6218,5988,2025-11-17,Credit Card,594.56,Successful,txn_9569e1006cb544bbb962fc49d71750bc,1,
6219,5989,2024-11-06,Gift Card,521.12,Successful,txn_37b132ebf0bc47ac81cbc951634cb76d,1,
6220,5990,2025-03-17,PayPal,924.14,Successful,txn_7f412d21c10346988ca678f940d8dc86,1,
6221,5991,2025-09-02,Debit Card,72.03,Successful,txn_6c4b71073691440c8be0010d4fd443db,1,
6222,5992,2024-01-19,Debit Card,28.46,Successful,txn_180e4e0063674555be09ee423c64651c,1,
6223,5993,2024-07-05,Amazon Pay,220.0,Successful,txn_7161ea45111c4590b421f9f9757e5dee,1,
6224,5994,2025-06-15,Gift Card,49.83,Successful,txn_1446c148e0544f3bb581ad63bc6c6c5f,1,
6225,5995,2024-04-07,Debit Card,76.9,Successful,txn_6b5018c6377748c2a628494f6e0598a3,1,
6226,5996,2025-11-30,Debit Card,1515.73,Successful,txn_a1c64ab6dc7b4bf8a486e63d6bba3900,1,
6227,5997,2024-11-29,Gift Card,110.18,Successful,txn_0a84e26876184fd8827cd42f1cab204a,1,
6228,5998,2025-12-29,Credit Card,1421.46,Successful,txn_18ea13418da94991802f768a07991871,1,
6229,5999,2025-03-18,Credit Card,421.56,Failed,txn_33ceaa1078ca494897509d86d714cd5e,1,
6230,5999,2025-03-20,Credit Card,421.56,Successful,txn_04c96af605894a82bf559fa8d69380b8,2,6229.0
6231,6000,2025-12-07,Credit Card,35.25,Successful,txn_51caa72ea0864ad6b1d271c761d6764b,1,
6232,6001,2025-07-10,Amazon Pay,58.68,Successful,txn_95cf3c480fea4af7a2aefd4c3094140b,1,
6233,6002,2025-06-01,PayPal,55.55,Successful,txn_a2c3a97c18db42238762baf2c69e5383,1,
6234,6004,2024-06-04,Debit Card,153.72,Successful,txn_343a67d6de3f4c18b46bbd16e7cc8161,1,
6235,6006,2024-05-09,Amazon Pay,345.84,Successful,txn_94ee58196e5846d3ae0c75514d9b7807,1,
6236,6007,2024-07-04,PayPal,45.45,Successful,txn_4509fae602f4407eb4f6aaf90b13be7d,1,
6237,6008,2025-09-16,PayPal,282.85,Successful,txn_56a0d0f225ca4129af2d556799f40dfd,1,
6238,6009,2024-04-28,PayPal,767.36,Successful,txn_fdabd6fa4bba45fe8663d9e3f89ddb15,1,
6239,6010,2025-11-10,Amazon Pay,22.71,Successful,txn_4a6f7de275bd4784a3f2c3732e7e7e9d,1,
6240,6011,2025-11-11,Gift Card,323.61,Failed,txn_dee5a1294f294895801fe821c4967f74,1,
6241,6011,2025-11-11,Gift Card,323.61,Successful,txn_3cb420c8f7db40dea0af71a8866008fb,2,6240.0
6242,6012,2024-11-03,PayPal,281.07,Successful,txn_e380f4c33435417f86900c789cccc8e3,1,
6243,6013,2025-11-22,Amazon Pay,56.54,Successful,txn_e7e8932a012444e29bfb7e5cd771103c,1,
6244,6014,2025-09-26,PayPal,170.76,Successful,txn_2f2a3c39e7724a30908fb67de887e589,1,
6245,6016,2024-05-25,Debit Card,2155.36,Successful,txn_e72759a35b8e4281923059c887d7edda,1,
6246,6017,2024-09-14,Gift Card,69.66,Failed,txn_23561af515a040b88795456429a4e9e7,1,
6247,6017,2024-09-16,Gift Card,69.66,Successful,txn_21152b72196b4753a0745164ded9e4f1,2,6246.0
6248,6018,2024-11-10,Amazon Pay,622.7,Successful,txn_f4fe8909105043d1a74fd21ea0aa2789,1,
6249,6019,2024-05-10,Gift Card,230.56,Failed,txn_4c93a375044242ba9a72c305271cb4f1,1,
6250,6019,2024-05-11,Gift Card,230.56,Successful,txn_36362b15a55d4f958bea6d7ac35b6bea,2,6249.0
6251,6020,2025-09-21,Debit Card,975.9,Successful,txn_beebb17f1325446bbbe26200dd34b933,1,
6252,6021,2024-01-08,PayPal,83.05,Successful,txn_d274b9209dda4b15a295ff7cc7f3f011,1,
6253,6022,2025-08-08,Gift Card,29.96,Successful,txn_9e3029e613e3427f855e37d3f323019e,1,
6254,6023,2025-05-31,Amazon Pay,242.1,Successful,txn_434ec55aa1b74f338d8baa9edbffce2b,1,
6255,6024,2025-08-26,Gift Card,675.46,Successful,txn_5f46be4abefd48778eba689181ad8cce,1,
6256,6025,2024-07-11,Amazon Pay,344.52,Successful,txn_b60f7ee561664819829e7462ad92e6cc,1,
6257,6026,2025-09-23,Credit Card,626.91,Successful,txn_04333b2e81234252ba6a2631a299f81e,1,
6258,6027,2024-06-23,Debit Card,299.91,Successful,txn_04a8780be1d34f9390a6231ddcc25e67,1,
6259,6028,2024-12-18,PayPal,393.04,Successful,txn_521fb0ff3acd4b8bbd77d9b9ca498f8e,1,
6260,6029,2024-01-06,Debit Card,35.66,Successful,txn_747fc78c65534f92bbf848b8c0cd2711,1,
6261,6030,2024-01-10,PayPal,2507.24,Successful,txn_2be0868a9acb494e860c9eef46e805e6,1,
6262,6031,2025-04-26,PayPal,249.84,Successful,txn_90d23320930a47c8bf4aef512d8dedc3,1,
6263,6032,2024-03-22,Gift Card,108.4,Successful,txn_d8ceb9835f4a493e80c891e6e3b3e811,1,
6264,6033,2025-08-11,PayPal,917.21,Successful,txn_59e2273f943547fbb3ab34345a246b33,1,
6265,6034,2024-04-30,Gift Card,335.8,Successful,txn_c6e709a90e7e4b35b6fd44997f7a196d,1,
6266,6035,2025-11-22,Debit Card,129.45,Successful,txn_a1406398e0734561861f0ef83aa89552,1,
6267,6036,2024-09-02,Debit Card,223.56,Successful,txn_941f1c80725f46ca9efa68b6f398faa5,1,
6268,6037,2025-05-24,Gift Card,70.68,Successful,txn_3db83f4d004b4150a958ad312f7fc0a5,1,
6269,6038,2025-03-20,PayPal,487.66,Successful,txn_d171ee3e5fb34e71bb574cf1d5cb96ce,1,
6270,6039,2025-08-11,PayPal,107.58,Failed,txn_0338fec41c91447ab1fef390cd3b3c17,1,
6271,6039,2025-08-11,PayPal,107.58,Successful,txn_e80b344875b44539825ea5d602b9517a,2,6270.0
6272,6040,2025-11-30,Gift Card,80.04,Successful,txn_3375247c83964081a1fcc3873602264e,1,
6273,6041,2024-04-13,Debit Card,716.82,Successful,txn_9706943416ae49679b4fbee2c7529f84,1,
6274,6042,2025-02-22,PayPal,16.48,Successful,txn_3ed2d3531ee84a82b5da759200e21742,1,
6275,6043,2025-03-27,Debit Card,289.02,Successful,txn_5e6d677e379c42e884cabe5314ffc2a8,1,
6276,6044,2025-01-30,Amazon Pay,68.2,Successful,txn_461d9fd70e4b4441a5aa159a86322435,1,
6277,6045,2025-03-04,Debit Card,62.46,Successful,txn_0829d85afb6e4ba69e01e60be13c351b,1,
6278,6046,2024-01-19,Credit Card,576.3,Successful,txn_39d10497649447709836b318cfb64007,1,
6279,6047,2024-03-27,Debit Card,115.22,Successful,txn_f2106c845a1d41699bccb8485c0635b2,1,
6280,6048,2024-01-01,Credit Card,38.7,Successful,txn_d64e226fbac343a0bc94e968f7c99586,1,
6281,6049,2025-04-26,Debit Card,259.92,Successful,txn_088361a367fa40a4ac88be056951fbb9,1,
6282,6050,2024-09-26,Gift Card,55.53,Successful,txn_ce788fdfe06043bfb812b8e49599abd7,1,
6283,6051,2025-02-05,Debit Card,86.64,Successful,txn_6d024045118e4f33a1ca30a27957fb21,1,
6284,6054,2024-09-26,Amazon Pay,553.45,Successful,txn_93db370995fb4930ab91b6e86769955e,1,
6285,6055,2025-02-26,Gift Card,51.24,Successful,txn_191bec9c310e4169a7efd02581efcd91,1,
6286,6056,2024-10-01,PayPal,268.52,Failed,txn_80045a065a4c41b69bcd828f8587db20,1,
6287,6056,2024-10-01,PayPal,268.52,Successful,txn_6acecdd737f145a5b95ae4f220ab93c3,2,6286.0
6288,6057,2025-01-15,Amazon Pay,1304.73,Failed,txn_82880ab6bbe044df982a14b05574deda,1,
6289,6057,2025-01-17,Amazon Pay,1304.73,Successful,txn_534e82a3337443d3b2e0355da090af7e,2,6288.0
6290,6058,2025-06-14,Gift Card,160.08,Successful,txn_f2a5958bfd6e484fbffdd85a27b682d9,1,
6291,6059,2024-03-26,PayPal,529.8,Successful,txn_1808847d6ead49e982a111f6b457a3c6,1,
6292,6060,2024-05-26,Gift Card,20.32,Successful,txn_3edd30fab9bf462ab05bc3dc37739270,1,
6293,6060,2024-05-26,PayPal,14.72,Successful,txn_464d622ae0b549bca84585126c112d15,1,
6294,6061,2025-09-08,PayPal,360.18,Successful,txn_79c73b9f8e264e2182818fb939a02258,1,
6295,6062,2024-06-16,Credit Card,629.36,Successful,txn_20ad4fe561e148319f3f2e26c6e2af74,1,
6296,6063,2024-04-12,Amazon Pay,169.62,Successful,txn_c117f63beb7e43899bc45f00e1341c8e,1,
6297,6064,2024-07-01,Amazon Pay,671.3,Successful,txn_cb69971a09744b939aa032f7eaa97ae1,1,
6298,6065,2025-06-13,Credit Card,493.39,Successful,txn_368206d3f45d467e83ecc8c18191b2f9,1,
6299,6066,2025-01-05,Credit Card,192.55,Successful,txn_7ca4b31d36f641179f488cb90742407d,1,
6300,6067,2025-03-22,Credit Card,477.88,Successful,txn_cbb9af8891bb4fb6a38fc6dae206be77,1,
6301,6068,2024-10-06,Debit Card,120.28,Successful,txn_6fe2a86b5af3435ba3e6453f564f7d7a,1,
6302,6068,2024-10-06,Credit Card,383.42,Successful,txn_20f07f87d83c450da335a1db024a8950,1,
6303,6069,2025-01-26,Credit Card,352.5,Successful,txn_b436d38d611a4ee286680490d99a4567,1,
6304,6070,2025-11-20,Credit Card,267.84,Successful,txn_3da0f89b88af401eae978209ce551e57,1,
6305,6071,2024-11-10,Gift Card,132.85,Successful,txn_5543f69df1a5487dbef19496c73eb0f9,1,
6306,6072,2025-08-24,Debit Card,34.36,Failed,txn_6fd1a383e7274c62a57dcbcf337b6d82,1,
6307,6072,2025-08-24,Debit Card,34.36,Successful,txn_30f5c55c0c2e4a21a6788548f86b9e0a,2,6306.0
6308,6073,2024-01-20,Amazon Pay,295.56,Successful,txn_7cfbf2dff2c34931ab51cdc27af66c4b,1,
6309,6074,2025-05-24,Gift Card,248.94,Successful,txn_1d93bd05c098447d97df37c0d71dfe89,1,
6310,6076,2025-05-20,Debit Card,66.44,Successful,txn_7a89d3997245420d92f6bd1e1c2e9d5c,1,
6311,6077,2025-04-15,Debit Card,108.72,Successful,txn_29a1159bede1467a9f577b2b420eac9e,1,
6312,6078,2024-02-28,Gift Card,139.32,Successful,txn_e97b6554e31e4e68b416fc9a0fe82a0a,1,
6313,6079,2025-12-02,Amazon Pay,486.21,Successful,txn_85f2fc5bd4a74f7489a02a838ddd1adc,1,
6314,6080,2024-02-12,PayPal,135.84,Failed,txn_5d1ca59351d34fffb657f2f30930f645,1,
6315,6080,2024-02-14,PayPal,135.84,Successful,txn_b1945d3de0804dc9a1b1d314e03dd286,2,6314.0
6316,6081,2024-11-19,Debit Card,317.25,Successful,txn_61d65013484945a787a1e73148dfe41c,1,
6317,6083,2025-06-18,Amazon Pay,68.13,Successful,txn_cc0fa0398c604300a7a9ec9447f72787,1,
6318,6084,2025-10-31,Credit Card,22.14,Successful,txn_0cd2c9e88a664f7abd10dc5017e5687b,1,
6319,6085,2025-04-07,Gift Card,18.18,Successful,txn_3e5f3a7b9aea46338efffec45d83761a,1,
6320,6086,2024-09-18,Amazon Pay,480.99,Successful,txn_9b94ee8677c34a36b791f1be9c59877d,1,
6321,6087,2024-11-30,Debit Card,323.61,Successful,txn_b439309866c84df691143eb12aaa2a04,1,
6322,6088,2024-08-05,Debit Card,28.19,Successful,txn_135ab668703c4ecfab716c8e7cd1446b,1,
6323,6089,2024-11-01,Credit Card,423.39,Successful,txn_819622c5135c49e3b59176b6bd951a64,1,
6324,6090,2025-01-16,PayPal,207.09,Failed,txn_98cee4074f6349ca9b257c5b9b5244d6,1,
6325,6090,2025-01-18,PayPal,207.09,Successful,txn_3b9bfd84d65c42678cdfde8054f74ad9,2,6324.0
6326,6091,2025-02-15,Credit Card,88.28,Successful,txn_9adf890358e541c39f9921640fa58200,1,
6327,6092,2025-06-24,PayPal,603.66,Successful,txn_4e6031f15a9f4beaba96513c382478cc,1,
6328,6094,2024-03-27,Amazon Pay,405.51,Successful,txn_9293d484787b4e708a0fd3d35be59966,1,
6329,6095,2025-11-10,Debit Card,387.75,Successful,txn_23ba4e4ef2cf4911b2ba50972cc05a77,1,
6330,6096,2025-05-16,Amazon Pay,174.96,Failed,txn_df939c47e95a4efbb823287d100cddc0,1,
6331,6096,2025-05-18,Amazon Pay,174.96,Successful,txn_65b8efc0502c4da0a31cae28fff2012f,2,6330.0
6332,6097,2024-04-19,Debit Card,156.09,Successful,txn_dca03bdc474847358f1c0922ac8b9383,1,
6333,6098,2025-04-04,Amazon Pay,142.38,Successful,txn_61bda8d698fe487592c65168e92f00cc,1,
6334,6099,2024-10-20,PayPal,301.83,Successful,txn_c3a3a87cbe3f4109a290d94675c93dd9,1,
6335,6100,2024-07-04,Debit Card,705.65,Successful,txn_53e97c95710942418510c8cb214a30d1,1,
6336,6101,2025-04-24,PayPal,214.84,Failed,txn_35e56f7d36314b56ab40606986a02f32,1,
6337,6101,2025-04-26,PayPal,214.84,Successful,txn_d886acf77c9d470b84673cb0b7a09dc7,2,6336.0
6338,6102,2024-08-10,Gift Card,379.9,Successful,txn_dc57fb1526fd40419bca11bea6cbd7a5,1,
6339,6103,2025-04-12,Gift Card,122.95,Successful,txn_56921868a22e42c58f825b8e66d6c972,1,
6340,6104,2025-04-20,PayPal,83.8,Successful,txn_586555038258466bb73c5ff05a00f9f7,1,
6341,6105,2025-08-08,PayPal,1337.83,Successful,txn_cce11e5211454bc1b9c7f3f21078b501,1,
6342,6106,2025-01-02,Debit Card,221.28,Successful,txn_dcc05ca3769f414aa3d83a9946dcd016,1,
6343,6108,2025-10-01,Gift Card,445.84,Successful,txn_01771d6d151249dd830fc21d4157224d,1,
6344,6109,2025-04-07,Debit Card,33.36,Successful,txn_4cb4b49b214c4eaea69b908b699a2698,1,
6345,6109,2025-04-07,Gift Card,122.88,Successful,txn_c2a520552c244fb7b7ee12e8d11e3ed3,1,
6346,6110,2025-06-04,Gift Card,234.52,Successful,txn_aecdd3c61688421181cc9418f5835798,1,
6347,6111,2025-06-18,Amazon Pay,359.48,Successful,txn_96904af2a1e84730ada6b975245a9365,1,
6348,6112,2025-02-02,Gift Card,1304.73,Successful,txn_4a4f2f52f07b4955b0d9d0f5136a8385,1,
6349,6113,2025-10-17,Debit Card,92.3,Successful,txn_ea9e7204682140bbba8878a547456d54,1,
6350,6114,2025-07-07,Debit Card,594.56,Successful,txn_609c732830fb4b47883a3ba825e565a1,1,
6351,6115,2025-10-23,Gift Card,1242.66,Successful,txn_07f477fde8c44c30885f123ce174afb0,1,
6352,6116,2024-10-25,Debit Card,58.84,Successful,txn_0a8e9c6bd23148f5b3782c6386f01d2d,1,
6353,6117,2025-12-09,PayPal,136.66,Successful,txn_5dab8b7e9ab24e0fa3fc469d716105bb,1,
6354,6118,2024-10-11,Credit Card,93.95,Failed,txn_d79f7babd913489e822f7c723f176572,1,
6355,6118,2024-10-11,Credit Card,93.95,Successful,txn_f75239363b524c14a8ba10411be8dc71,2,6354.0
6356,6119,2025-05-25,Credit Card,470.16,Successful,txn_9d9d6acf333343238f35b8526738396e,1,
6357,6121,2025-01-31,Amazon Pay,87.48,Successful,txn_23aed0801eee40e3b2d43f5c91aff7d2,1,
6358,6122,2024-03-26,Debit Card,76.9,Successful,txn_3d27ed683c4544759bda53da649265ca,1,
6359,6123,2025-03-23,PayPal,87.48,Successful,txn_fdfe95038bfa48f9857f20bef8e3023e,1,
6360,6124,2024-07-15,Amazon Pay,30.62,Successful,txn_fe5b1436481b42ae87c36c6a679fec4f,1,
6361,6124,2024-07-15,Debit Card,34.78,Successful,txn_b119680d544d4ad98b4dcd5f0aa15532,1,
6362,6125,2024-06-28,Credit Card,96.9,Successful,txn_b5cbbfa39fbe411bb918cb77b0d51c58,1,
6363,6125,2024-06-28,Debit Card,107.88,Successful,txn_5d7f61f9dcfd423c9bfbb74383974088,1,
6364,6126,2025-02-03,Amazon Pay,196.52,Successful,txn_911aa3d99113411a98e1613efcf25f4f,1,
6365,6127,2025-03-03,Debit Card,281.07,Successful,txn_060ca953edd845fabdda281bbf536cda,1,
6366,6128,2024-09-26,PayPal,31.23,Successful,txn_5895b284f3e94f25a9ae14073049f249,1,
6367,6129,2024-11-22,PayPal,625.15,Successful,txn_03ca7d80b6634273ab4879127752c5c8,1,
6368,6130,2024-09-27,Amazon Pay,204.74,Failed,txn_0d03c67b37d34aaea634dcb118347319,1,
6369,6130,2024-09-29,Amazon Pay,204.74,Successful,txn_78c643ef57484a14bd42f75c3e78c2f6,2,6368.0
6370,6131,2024-10-26,Amazon Pay,98.52,Successful,txn_bd78f787273e4c058ecd25f162b91922,1,
6371,6132,2024-11-29,Gift Card,113.46,Successful,txn_70492629a5b844689ba6a67794cc8748,1,
6372,6133,2025-09-03,PayPal,160.49,Successful,txn_7ef91d9bdc50420abea6f336500d4361,1,
6373,6134,2024-03-18,Gift Card,83.2,Successful,txn_66c460609abc4440bae51e461e54a717,1,
6374,6135,2025-05-20,Credit Card,45.45,Successful,txn_41810c1c83d744b4a13bc57f99af565d,1,
6375,6136,2024-11-09,Amazon Pay,304.0,Successful,txn_5d3b2a7da5d54878ac8c18891a729bfe,1,
6376,6137,2025-10-19,Credit Card,390.84,Successful,txn_800c24b96efd40b5a3e4484f25b1c6dc,1,
6377,6138,2024-11-05,Amazon Pay,182.64,Failed,txn_2104610f10914b1786ed6b0edde0184c,1,
6378,6138,2024-11-05,Amazon Pay,182.64,Successful,txn_b5e3cffed12e4365b6dc5f977ceae764,2,6377.0
6379,6139,2025-07-27,Gift Card,98.52,Successful,txn_a02935d338e544e4b6aed82234039082,1,
6380,6140,2024-07-03,Credit Card,176.56,Successful,txn_7a810372d504465fbf4f24e6e222475c,1,
6381,6141,2024-01-23,PayPal,99.0,Successful,txn_245a7bf2c163436d94fdbe022938d2a0,1,
6382,6142,2024-05-01,PayPal,205.12,Successful,txn_f9f72b320d454a1d82fe29b169fd4086,1,
6383,6143,2025-02-19,Credit Card,99.97,Successful,txn_4bb72ca801404999bec95b039ed92ff1,1,
6384,6144,2024-01-18,Gift Card,307.68,Successful,txn_168ab380d7cd4032a34831e64047f1f3,1,
6385,6145,2024-10-29,Debit Card,340.62,Successful,txn_5848469c872142dd9f26656b9f75c6de,1,
6386,6146,2025-04-18,Amazon Pay,99.97,Successful,txn_0d9f09573e954114bd58873deef4947c,1,
6387,6147,2025-11-05,Amazon Pay,1250.3,Successful,txn_25f97aee33d648fd86600b25504af6b5,1,
6388,6148,2025-01-19,Amazon Pay,57.61,Successful,txn_9b7d9744af914a359eb6a35ddf719452,1,
6389,6149,2025-05-07,Debit Card,517.38,Successful,txn_d65cc0446e0c495d9883633e93d03e60,1,
6390,6150,2024-09-27,Debit Card,259.92,Successful,txn_5ed27e31fd6e461f862d40ae1119b2ae,1,
6391,6151,2024-08-26,PayPal,242.1,Successful,txn_238c7d9fb66143f18657e40b7b963aa9,1,
6392,6152,2024-08-25,Amazon Pay,106.02,Successful,txn_cd9999399d9e48f8bc0ba9db14ef43b2,1,
6393,6153,2024-03-16,Amazon Pay,170.76,Successful,txn_a518309f1e404f07b7620d87ea0e5a6d,1,
6394,6154,2025-07-30,Credit Card,42.91,Successful,txn_f9c844ebed174c5690bad33bd02fc552,1,
6395,6154,2025-07-30,Gift Card,21.21,Successful,txn_400610b570154d0e8457affcd74aaa00,1,
6396,6155,2025-10-11,Credit Card,527.25,Successful,txn_4cfa1d13b3b94bebb64ec81b2c7b5e60,1,
6397,6156,2025-09-11,PayPal,446.88,Successful,txn_f7650986bf234c1290bdccc072d8ead9,1,
6398,6157,2025-09-13,PayPal,84.77,Successful,txn_62bd64993f84444f926686a3545897b8,1,
6399,6158,2025-07-14,PayPal,718.15,Successful,txn_5c375ef292e94428aa2898a8c9822017,1,
6400,6159,2025-10-12,PayPal,725.04,Successful,txn_2fcb9cbbc9bc4a25accb1b8464ec6bed,1,
6401,6160,2024-06-08,Amazon Pay,278.58,Successful,txn_33c5c26987d0466ba69ac824fe247e31,1,
6402,6161,2024-02-24,PayPal,93.95,Successful,txn_d923c2f097c2481593f627ad07becb28,1,
6403,6162,2025-03-30,PayPal,385.1,Successful,txn_30953b71c9324e0da2bc3e364a43d3a9,1,
6404,6163,2024-04-28,PayPal,703.0,Successful,txn_f8731137c2cf42aaa307f0d90622c1bb,1,
6405,6164,2025-08-17,Debit Card,76.9,Successful,txn_d346bd645d754683b4872171fc4456ce,1,
6406,6165,2025-06-12,Gift Card,47.24,Successful,txn_786f988862354b38b770ba502f121b4e,1,
6407,6166,2025-02-05,Debit Card,34.36,Successful,txn_8cb76b44298146b9a228e4cabd7011d9,1,
6408,6167,2025-09-20,Gift Card,11.68,Successful,txn_d4115da6ea7643499a0a39b655de662b,1,
6409,6168,2025-04-15,Amazon Pay,390.48,Successful,txn_a503545648294368aa0f5c80c30d2b6b,1,
6410,6169,2024-11-11,Credit Card,176.56,Successful,txn_30c70c021ae2449d87f57b2cf104746b,1,
6411,6170,2024-04-27,PayPal,2974.46,Successful,txn_95fda5f6f7c8456a99568071c225e85c,1,
6412,6171,2024-09-30,PayPal,175.75,Successful,txn_46adbcaa907d44fc8df0fddfb5554edb,1,
6413,6172,2025-12-12,Amazon Pay,128.24,Successful,txn_e0c2df7a937a46479c7c457a032fa4dc,1,
6414,6173,2024-01-08,Amazon Pay,311.97,Successful,txn_b2dc2ae81fc842c0ae35b7e0a19837bd,1,
6415,6174,2024-12-29,Credit Card,111.06,Successful,txn_0edf2d60440f4c1784f7ec9661c8bbd9,1,
6416,6175,2024-06-02,Amazon Pay,25.85,Successful,txn_d15e380ed41e41809544bb3cf18c179b,1,
6417,6176,2024-12-17,Credit Card,73.77,Successful,txn_b809bd1b20ff4728996767aaf94728ca,1,
6418,6177,2024-04-08,Debit Card,56.54,Successful,txn_0253471777634784af4960f6012fd667,1,
6419,6178,2024-05-30,Debit Card,324.8,Successful,txn_d508f76291b24a7caedfb00b8602084e,1,
6420,6179,2024-07-12,Credit Card,70.86,Successful,txn_2291ed72de994a3580a5ef70df523193,1,
6421,6180,2024-10-29,Gift Card,307.6,Successful,txn_5e0bb2655cc841da85d8148ec0319fa8,1,
6422,6181,2025-08-16,PayPal,52.16,Successful,txn_a5cf3d8ee1dd47ebb5019f986000ea1e,1,
6423,6182,2024-04-24,PayPal,338.84,Successful,txn_e64e18c31e2b47b08dc521bebb2cfb93,1,
6424,6183,2025-08-21,Credit Card,220.0,Successful,txn_d422a5bdfaee4c3d922c304e284fbb48,1,
6425,6184,2024-09-12,Debit Card,1253.62,Successful,txn_f19e1d1dc3b34938a011f86baca042fd,1,
6426,6185,2025-06-28,Credit Card,484.65,Successful,txn_7e77717e19dd447e955f3e8fd5ff3a62,1,
6427,6186,2025-07-12,Credit Card,150.5,Failed,txn_a6868c05cbe04b9fb61b4b4ff7260eda,1,
6428,6186,2025-07-14,Credit Card,150.5,Successful,txn_868c1bab42c443348f629f1fd468b2dc,2,6427.0
6429,6187,2025-09-07,Debit Card,337.28,Successful,txn_4078b8a0ea2a48adbe071f100aa37328,1,
6430,6188,2025-11-19,Amazon Pay,1471.8,Successful,txn_c12cd83c123d455f840fba18d51af3f7,1,
6431,6189,2025-09-30,Credit Card,503.7,Failed,txn_c4aadabe0ce2450e8f46d852dc39c9c1,1,
6432,6189,2025-10-01,Credit Card,503.7,Successful,txn_486e0a8c76174ba986ac3e270771faf4,2,6431.0
6433,6190,2024-03-01,Amazon Pay,174.96,Successful,txn_ca896ed556cd4349a6f4ded4ff66fdf4,1,
6434,6191,2024-12-19,Debit Card,52.63,Successful,txn_ffcf0f0f31754b03af0ce6df6dd34ac6,1,
6435,6192,2025-07-22,Credit Card,218.7,Successful,txn_a188c17221384bdbb6073762a029ed3f,1,
6436,6193,2025-08-17,Debit Card,171.52,Successful,txn_9552b3d0549d419bbd1044eb02644b2e,1,
6437,6194,2024-02-10,Credit Card,196.52,Successful,txn_ac7fafdd5338484d8aeac6f2c53ea12b,1,
6438,6196,2025-09-03,Gift Card,93.96,Failed,txn_3456b20696eb4acab5024025e1b63645,1,
6439,6196,2025-09-04,Gift Card,93.96,Successful,txn_39b48863de2c4d5aa8b775d26278529f,2,6438.0
6440,6197,2025-03-04,Credit Card,301.83,Successful,txn_2b07c8efcbb4464a94b927b17306d1b0,1,
6441,6198,2025-02-06,Gift Card,138.06,Successful,txn_7c10059c36914e4898686cb1ca5f4534,1,
6442,6199,2025-02-27,Amazon Pay,192.55,Successful,txn_a08cbbe0c205478ab5be4c78bda2fbbe,1,
6443,6200,2024-10-25,PayPal,912.0,Successful,txn_b860b4004b824d8b8bc6467565333a34,1,
6444,6201,2025-10-27,Debit Card,256.14,Successful,txn_018b39055d0548dbbf62b1e6608ce276,1,
6445,6202,2025-06-02,PayPal,51.7,Successful,txn_99601a9eb96344aa8006ceb5f9147861,1,
6446,6203,2025-08-09,Amazon Pay,671.3,Successful,txn_612b40f7fcf7436fb3b460c25bffe9ab,1,
6447,6204,2024-05-13,Debit Card,325.2,Successful,txn_2f070e6b07c3420e9dd7e631afd62391,1,
6448,6205,2025-09-07,Amazon Pay,569.52,Successful,txn_a50f7e349b1f416682abd6d264281137,1,
6449,6206,2024-01-21,Gift Card,119.84,Successful,txn_be85c79e6193421084fee5f6c4ff9f42,1,
6450,6207,2025-07-10,Gift Card,44.28,Successful,txn_f8776d0903c545829e42ce0cd8eec55c,1,
6451,6208,2025-06-01,Amazon Pay,190.2,Failed,txn_3ca5baea6b2140d79cd1a7a028a46e32,1,
6452,6208,2025-06-01,Amazon Pay,190.2,Successful,txn_e0c7d8c74ad440b2852d3c90994ae039,2,6451.0
6453,6209,2025-02-23,Amazon Pay,243.83,Successful,txn_b43f1a22faa946efb5f1a29ff2182d6d,1,
6454,6210,2024-10-12,PayPal,703.0,Successful,txn_01e44862cbc94062b88fc38a82c2bbcd,1,
6455,6211,2024-02-12,Gift Card,84.57,Successful,txn_083ee8f3b72d40548d1c3fc74f36be2a,1,
6456,6212,2025-11-16,Gift Card,160.08,Successful,txn_aff97c8511e24356a68a3c2f53bfafa9,1,
6457,6214,2025-10-14,Debit Card,21.77,Failed,txn_ae639e2008bb4c5ba25cbcf5faace5d3,1,
6458,6214,2025-10-16,Debit Card,21.77,Successful,txn_4dc214bbd37848aaa2048117ed082856,2,6457.0
6459,6215,2024-11-26,PayPal,129.45,Failed,txn_c7fdff9e4353420997349604caebdb06,1,
6460,6215,2024-11-26,PayPal,129.45,Successful,txn_ed590ffef5a848498cdfc94346fd32b0,2,6459.0
6461,6216,2025-07-19,PayPal,1304.73,Successful,txn_e65c663c9c6c4c7a8e36e787d3406fcc,1,
6462,6217,2025-02-21,Debit Card,204.78,Successful,txn_13fa3bbdb5e3427291eb2b18fa4f2cdc,1,
6463,6218,2024-10-27,Gift Card,117.57,Successful,txn_974ba758854043a38e2582761ec5e6ae,1,
6464,6219,2025-03-14,Credit Card,187.9,Successful,txn_5f2bc99da21f45078b14ebc1ce49e6c8,1,
6465,6220,2025-06-26,Debit Card,62.96,Failed,txn_70a6be7cf9cf40df854e699052e96247,1,
6466,6220,2025-06-28,Debit Card,62.96,Successful,txn_17a8b65122804e7a8fa91ccf2d61d592,2,6465.0
6467,6222,2025-06-23,Debit Card,343.53,Successful,txn_65a8d76ee371412fb7d88c5fe3ba3bf4,1,
6468,6223,2024-06-24,PayPal,325.2,Failed,txn_5719f726b37347a0868fa384d0933e38,1,
6469,6223,2024-06-24,PayPal,325.2,Successful,txn_24edfbb8a5e1485f853e80beb38ddd52,2,6468.0
6470,6224,2025-10-26,Credit Card,70.95,Successful,txn_e3143d1a6f8146d59f7a677cd4fd9fe5,1,
6471,6225,2024-06-01,Credit Card,548.48,Successful,txn_704ce72f800941a383ad8e1d262ba0f0,1,
6472,6226,2024-01-28,PayPal,304.0,Successful,txn_d7742ea5399e4d519171eab650142ebd,1,
6473,6227,2024-09-21,Debit Card,337.28,Successful,txn_9a8f37b694534aa6a39ad84419437250,1,
6474,6228,2025-11-18,Amazon Pay,81.75,Successful,txn_de7d1d797f74437ab08553b213d07fcd,1,
6475,6229,2024-11-06,Debit Card,32.96,Successful,txn_4578b8c2f783443eb0284c3d339d0b71,1,
6476,6230,2024-12-26,Gift Card,347.07,Successful,txn_9a6aeef4e63f49c791b16bd0bf6b6239,1,
6477,6231,2024-12-24,Credit Card,254.31,Successful,txn_14fe5cc2651f42d39764630f4b16c79a,1,
6478,6232,2024-07-25,Credit Card,526.95,Successful,txn_7bd0620942d44d5a9150a79768957413,1,
6479,6233,2024-02-07,Credit Card,82.5,Successful,txn_ec1760b830574b3384716cb61522988a,1,
6480,6234,2024-02-05,PayPal,1026.93,Successful,txn_ccef3043fbd748f184293af617488d2c,1,
6481,6235,2024-08-14,PayPal,491.25,Successful,txn_6fd75b4bc06f428295b508f7e5d4c0cc,1,
6482,6236,2025-11-29,Debit Card,160.33,Successful,txn_2bfec08d18fe45859d6be48972199fa1,1,
6483,6237,2025-10-05,Credit Card,608.0,Successful,txn_4c61efd674344e9a9230dcded8618f98,1,
6484,6238,2024-10-22,Gift Card,107.58,Successful,txn_d30607badcc0494095f8c68adb0192a5,1,
6485,6239,2024-06-13,Credit Card,75.98,Successful,txn_6adc4b19e77e4ce89cdfb54b5a0d8233,1,
6486,6241,2024-12-21,PayPal,340.08,Successful,txn_6b5414b8b77f490dad94b8a69032b090,1,
6487,6242,2024-07-27,Gift Card,256.14,Successful,txn_56513606645d4648a40229b0918c6e84,1,
6488,6243,2024-02-11,Credit Card,188.28,Successful,txn_774789ac180c4e3898afd7e3a1b79d56,1,
6489,6244,2025-12-09,Credit Card,548.48,Successful,txn_c4a19948c54243beb9f6976ab2f1c2cb,1,
6490,6247,2025-08-14,PayPal,59.92,Successful,txn_345258349edf498988ffc80914cedb86,1,
6491,6248,2025-01-11,Debit Card,51.6,Successful,txn_515ec7f5c33d422387dbbaaf7e085339,1,
6492,6249,2024-04-26,Debit Card,353.12,Successful,txn_7949ae911cad49db906eada8274ccd12,1,
6493,6250,2025-04-14,PayPal,1834.42,Successful,txn_a9222bf3fa7d44e18108bac6863a249c,1,
6494,6251,2024-04-11,Gift Card,190.2,Successful,txn_0e7799bc8e654018b31c0041a87845b5,1,
6495,6252,2024-03-17,Debit Card,303.92,Successful,txn_3c703d6469784bfd81cbc3a3cbb968b2,1,
6496,6253,2024-09-23,Credit Card,87.08,Successful,txn_d39ed801378f497c81973a65454df079,1,
6497,6254,2025-02-10,Debit Card,179.74,Successful,txn_c1322ba8689449ccae19c719b58599f7,1,
6498,6255,2024-09-13,Gift Card,160.49,Successful,txn_3c7f3101be194644ac8c320a600bff8c,1,
6499,6256,2024-05-29,PayPal,51.6,Successful,txn_eb5bf27314c5485190559adcf2856918,1,
6500,6257,2024-08-26,Credit Card,290.04,Failed,txn_7bab70c9682b4098977d92de67589a96,1,
6501,6257,2024-08-28,Credit Card,290.04,Successful,txn_cc3bd16184dd461b82dbfcee93f1243d,2,6500.0
6502,6258,2025-10-12,Debit Card,231.9,Successful,txn_407062d57a4245449c5b8b53c7c84f68,1,
6503,6259,2025-08-11,Debit Card,529.8,Successful,txn_68392d6670584ed8a738960854a3fcfc,1,
6504,6260,2024-04-08,Credit Card,240.12,Successful,txn_ee95099e0c34414abc8d7e1355a25388,1,
6505,6261,2025-02-18,Amazon Pay,91.32,Successful,txn_b1b06775a08d4bdaa89206b18e952a1d,1,
6506,6262,2025-03-31,Gift Card,496.44,Failed,txn_7434c3db423a4da4ba08d091aca7d0cc,1,
6507,6262,2025-04-01,Gift Card,496.44,Successful,txn_3b0030a45d9b41599430898e49a5e24f,2,6506.0
6508,6263,2025-07-13,Credit Card,74.52,Successful,txn_2dd46d1a46194acb85f690421fbb74c4,1,
6509,6264,2024-12-19,Gift Card,51.28,Successful,txn_eadb8dbcec664cb59c1365512c1f84ec,1,
6510,6265,2024-10-08,Debit Card,2155.36,Successful,txn_5ed220172cd64f498e824010ed3f7a13,1,
6511,6266,2025-10-05,Gift Card,981.2,Successful,txn_5470c7a6e03c410f8ddf51b1bb1d5a58,1,
6512,6267,2025-01-01,Debit Card,1077.68,Successful,txn_94346b2301d846f8ac757ebd4f935c38,1,
6513,6268,2025-01-26,PayPal,41.36,Successful,txn_c34c31d8a06a4d8eac40c411e9d073aa,1,
6514,6269,2024-01-05,Gift Card,51.28,Successful,txn_2ffa4ca95c6a43dcb678b8499513a65a,1,
6515,6270,2024-08-02,Gift Card,304.0,Successful,txn_0717d4569b7b4a2c9f128beeb7be2fb2,1,
6516,6271,2024-08-07,Amazon Pay,148.64,Successful,txn_98b4ee77e0c1474abb83dc7e1074a376,1,
6517,6272,2025-05-27,Gift Card,161.4,Successful,txn_c79ddf33e2b7422682ff5a60d41e91b7,1,
6518,6273,2024-12-23,Gift Card,301.0,Successful,txn_9e19d7b88aa9437daad2b6e6a739916f,1,
6519,6274,2024-11-26,PayPal,451.5,Failed,txn_7710b1cc32db4e4189dd495d4aa5da38,1,
6520,6274,2024-11-28,PayPal,451.5,Successful,txn_bc4b9f7ec5ac48278c0b2add5e2a0867,2,6519.0
6521,6275,2025-04-20,Amazon Pay,462.76,Successful,txn_52f87235d29a4830881e44fc1ee23fba,1,
6522,6276,2025-03-28,Gift Card,934.05,Successful,txn_6dcd0d78a8864396b7e2fc3e8d7dcc13,1,
6523,6278,2024-11-17,Credit Card,124.8,Successful,txn_a66f62f538814caeaf6dd398d5720dfa,1,
6524,6279,2025-08-22,Debit Card,23.0,Successful,txn_1634c93dd1f845838cf66392a761d6f8,1,
6525,6280,2025-12-21,Debit Card,170.76,Successful,txn_b8a3081038b64849a73c7fae3073e3ab,1,
6526,6281,2024-09-18,Gift Card,108.85,Successful,txn_d292a70e6b424ecc809df4b93d8944ce,1,
6527,6282,2025-02-26,Debit Card,144.06,Successful,txn_9dd64b3ad8694f959b189b906fb19f25,1,
6528,6283,2024-01-07,Credit Card,297.92,Successful,txn_afcdb0bad8824b5485a75c595ead4590,1,
6529,6284,2025-02-20,Debit Card,325.2,Successful,txn_eec39446f581493c96234915734c1282,1,
6530,6285,2024-05-02,PayPal,32.7,Successful,txn_01eb9f53de05466dbb55bfc3accc0cfb,1,
6531,6286,2025-11-26,Debit Card,484.65,Successful,txn_777e2acc91f8464aacf13d5c073eafd1,1,
6532,6287,2024-11-13,Amazon Pay,98.36,Failed,txn_d3f41277cc3941ab9efc5d43fb2f1376,1,
6533,6287,2024-11-13,Amazon Pay,98.36,Successful,txn_7b9ad14413c74cf4a87fbd5e06a2f4af,2,6532.0
6534,6288,2024-04-16,Amazon Pay,307.17,Successful,txn_875c85f4ad784c27bfadcfc2e15b8529,1,
6535,6289,2024-09-24,Debit Card,336.2,Successful,txn_4f71ea4d956d4da196fcba4f89b443a9,1,
6536,6290,2025-06-11,Debit Card,13.04,Successful,txn_a5e1901ee2594872b48c7b6135790afc,1,
6537,6291,2025-05-12,Debit Card,96.68,Successful,txn_d466db1754484b5db39c76728d789d38,1,
6538,6292,2024-08-02,Amazon Pay,1391.28,Failed,txn_fdd3393d388249e4b1041a8c4d189487,1,
6539,6292,2024-08-02,Amazon Pay,1391.28,Successful,txn_11315c8934234847a9a88c42faca68d2,2,6538.0
6540,6293,2024-06-07,Debit Card,136.66,Successful,txn_a612d5ab74624088bbb3c3680775fb43,1,
6541,6295,2024-07-31,PayPal,53.86,Successful,txn_6e39a7dc52144a0ab203ebdcb403a275,1,
6542,6297,2024-04-23,Amazon Pay,115.26,Failed,txn_e46d1242c93648298d8572867e4d5489,1,
6543,6297,2024-04-25,Amazon Pay,115.26,Successful,txn_da018389f6274a93958e8c8571320a0d,2,6542.0
6544,6298,2024-10-29,PayPal,546.64,Successful,txn_7f0fcb8625f34a41986febe85612b391,1,
6545,6299,2024-09-02,Gift Card,36.36,Successful,txn_30462a1efca246ed9a065543b689ec4a,1,
6546,6300,2024-04-02,Amazon Pay,913.46,Failed,txn_ffdce3fe171241109b912f5633c05dcc,1,
6547,6300,2024-04-04,Amazon Pay,913.46,Successful,txn_b03e886293fb42648e52fb82d7575196,2,6546.0
6548,6301,2024-04-10,Debit Card,899.79,Successful,txn_0453e1bd015140ad9deaebe3ba2dc172,1,
6549,6302,2025-08-20,Amazon Pay,210.78,Successful,txn_e8409ab90afc46cca3df98ddf110677a,1,
6550,6303,2025-09-02,Gift Card,413.03,Successful,txn_acf2887357a9494aae0e68329be68bdb,1,
6551,6305,2025-01-27,Debit Card,83.2,Successful,txn_2e69b20b88204272bf5eefaf3b0db911,1,
6552,6306,2024-01-11,Debit Card,150.6,Successful,txn_794e9e888c14401c9ab8d138464b3bde,1,
6553,6307,2024-02-01,Debit Card,470.16,Successful,txn_de42991469e1497da953cace302cd556,1,
6554,6308,2024-07-08,PayPal,400.2,Successful,txn_dc5f6234b47e41cfa0558df45068d308,1,
6555,6309,2025-07-17,Debit Card,176.25,Successful,txn_61def8343e8d4221a5c8d1d8b668aab4,1,
6556,6310,2025-11-25,PayPal,595.84,Successful,txn_f8fa416d3bc940c895c7043224d2c9d4,1,
6557,6311,2025-01-15,Amazon Pay,139.12,Failed,txn_d3202a60eab54c82b95fd44109bb8d87,1,
6558,6311,2025-01-16,Amazon Pay,139.12,Successful,txn_7b5b672713d94a51b70548f90cafaff8,2,6557.0
6559,6312,2025-06-04,Gift Card,148.64,Successful,txn_5994fb7cc5884ce3a6c6f698e644a963,1,
6560,6313,2024-06-04,Gift Card,34.36,Successful,txn_44ab13f734864f49aa74724675697210,1,
6561,6314,2025-09-30,Debit Card,823.32,Successful,txn_998853ef18764d2897d2a0d4b7ee07e6,1,
6562,6315,2024-03-03,PayPal,5.4,Successful,txn_17186d49797d45b1969dc1a914a0bff9,1,
6563,6315,2024-03-03,Debit Card,17.6,Successful,txn_44bb98e39ec8412286127deb062bb9ac,1,
6564,6316,2025-06-14,Credit Card,1391.28,Successful,txn_8f4e473e571046b29cbc76965b7a9bde,1,
6565,6317,2024-09-01,PayPal,2675.66,Successful,txn_a29c5d4b43074412b93dd4dbbe44be69,1,
6566,6318,2025-04-29,PayPal,35.25,Successful,txn_a722ee758bf6495393df9dded2dbed54,1,
6567,6319,2024-11-28,Amazon Pay,409.98,Successful,txn_4ebd4df4a5d041c5b85c980b514973d0,1,
6568,6320,2025-06-26,Credit Card,52.63,Successful,txn_c3b16f426e594212a86472cec704c8ba,1,
6569,6321,2025-05-23,PayPal,261.36,Successful,txn_e8e1c8a81c5a4958bf64b385bd8197c0,1,
6570,6322,2024-07-02,Gift Card,2507.24,Successful,txn_7eda0df1f6d246b4b21153fb8a538c08,1,
6571,6323,2025-10-02,Debit Card,129.45,Failed,txn_6d29f44250a24e15a21f39ba57632208,1,
6572,6323,2025-10-03,Debit Card,129.45,Successful,txn_7bb1a37392f046eeb3554c7afcd2b7fd,2,6571.0
6573,6324,2024-02-11,Debit Card,895.45,Successful,txn_1c44f4ec5c9b4241a7516463848cf51c,1,
6574,6325,2024-12-12,Credit Card,33.62,Successful,txn_ae54c5c7287d4f7591b178c3ad4e02c0,1,
6575,6326,2024-10-15,PayPal,1488.3,Successful,txn_798d0e8d8d074725b2f58debabd483a1,1,
6576,6327,2025-10-30,PayPal,23.36,Successful,txn_41e1fae9d0c1445184dd9cd18a564359,1,
6577,6328,2025-07-02,Amazon Pay,50.16,Failed,txn_6fda9f7f12fd46d688c42437204721d0,1,
6578,6328,2025-07-02,Amazon Pay,50.16,Successful,txn_18f1069c373f4ad49ce036b58cb4e9d0,2,6577.0
6579,6329,2024-09-02,Debit Card,104.49,Successful,txn_688d722b79404c06b8c7dbd0f1cbdcd1,1,
6580,6330,2024-09-19,Debit Card,1304.73,Failed,txn_5980133424f04af79422747dfcfc7024,1,
6581,6330,2024-09-21,Debit Card,1304.73,Successful,txn_54f5b621f6e04f36bcf5e3a30ea63b74,2,6580.0
6582,6331,2024-05-30,Amazon Pay,718.96,Successful,txn_fc1de6e15a6d47f4bfecdd7431b2b960,1,
6583,6332,2024-05-15,Debit Card,35.34,Successful,txn_2dc8b4505fc14b218c9ff8fb4ec763d9,1,
6584,6333,2024-05-26,PayPal,208.97,Successful,txn_49929a4a51824f818cc4d5a6d8cdc1fc,1,
6585,6334,2024-02-15,Debit Card,414.22,Successful,txn_c38d5b6563494b3fba954e33fab84424,1,
6586,6335,2024-03-02,Credit Card,895.45,Successful,txn_82048c6d8f434f8dbb7ad314edfe0723,1,
6587,6336,2025-11-16,PayPal,214.84,Successful,txn_971322d3111e48929044b9eb1dc69b36,1,
6588,6337,2024-07-03,Debit Card,1026.93,Successful,txn_43527894a6604106bef725c5542b23e7,1,
6589,6338,2025-01-26,Gift Card,1515.73,Successful,txn_096b23f260784d3f839be3a4b7d8ec01,1,
6590,6339,2024-09-28,Debit Card,17.83,Successful,txn_93df815e09e745af8d5049799550cb72,1,
6591,6340,2024-01-31,Gift Card,10.1,Successful,txn_ab28ca8453a4479c94faad74dcc86136,1,
6592,6341,2024-09-28,Credit Card,428.8,Successful,txn_86a4fc56e2c74bdc90b875d6879a30fc,1,
6593,6342,2024-06-03,Debit Card,88.26,Successful,txn_030e6ca0ac3f4ffd983fdc23a70e1507,1,
6594,6343,2025-05-05,Credit Card,143.96,Successful,txn_540c689f2a20411ca2ec609339d8b6d5,1,
6595,6344,2025-11-15,Amazon Pay,254.31,Successful,txn_ea176e29e3104faf84a754bfb3de9fd3,1,
6596,6345,2025-07-27,PayPal,341.91,Successful,txn_c910e9530e2749b3877338f383a14f51,1,
6597,6346,2025-12-18,Credit Card,330.54,Successful,txn_fedce3ceb7064e1c8f14fafacc238144,1,
6598,6347,2024-07-06,Gift Card,105.26,Successful,txn_dd3edfb5b4004c5f802d781d57d2f6d8,1,
6599,6348,2025-08-30,PayPal,41.9,Successful,txn_64523309f9a74129833d1a9de8626a86,1,
6600,6349,2024-08-10,PayPal,899.79,Successful,txn_60d423cb3e6849d6965d4fde1bd924f6,1,
6601,6350,2024-03-24,PayPal,92.3,Successful,txn_2c621c0167c646d88af5ef5f6d0ef62a,1,
6602,6351,2025-04-04,Gift Card,273.32,Successful,txn_eb6f618c65c34fc193c7553a784d1664,1,
6603,6352,2024-04-05,Amazon Pay,278.28,Successful,txn_2309d94c47574cc2bafc98d644bb1eb4,1,
6604,6353,2025-01-19,Credit Card,33.22,Successful,txn_27dcd0866da447a69b6393cfb6f2cf15,1,
6605,6354,2024-10-29,Debit Card,143.96,Successful,txn_34812c5fe06e4efa8f278c69765f9c2a,1,
6606,6355,2025-04-09,Credit Card,1077.68,Successful,txn_a3a0c57c42994410b4fe645d80c19a1d,1,
6607,6356,2025-04-13,Amazon Pay,924.14,Successful,txn_5df4f92fb844491f95ab18da6e2598a9,1,
6608,6357,2024-10-01,Amazon Pay,304.0,Successful,txn_fcaf919176c84e1893916b7c13ce3edd,1,
6609,6358,2024-07-07,Amazon Pay,499.85,Successful,txn_a11843752d3b4ec08abf9493826da352,1,
6610,6359,2025-12-08,PayPal,29.7,Successful,txn_ea34e60f72a3444ea7a75018ebd0e70b,1,
6611,6361,2024-10-17,Gift Card,118.08,Successful,txn_f5e1eeec55d14e4b9d3fbe5704396ad2,1,
6612,6362,2025-01-29,Gift Card,241.68,Successful,txn_d032773351914ee397a40bb481c206b3,1,
6613,6363,2024-06-16,Debit Card,83.05,Successful,txn_61bc6ba3b3cd4fd682efd519b930fbd6,1,
6614,6364,2024-03-02,Amazon Pay,53.79,Successful,txn_21ceb13e5620493fa7959f698e8a285c,1,
6615,6365,2025-09-21,Credit Card,169.84,Successful,txn_eabef877c8f643a2b89a8f6b7c506c8d,1,
6616,6366,2024-12-17,Debit Card,142.38,Successful,txn_1cf94dabfd3e4a44bbbc6b6c35577cd1,1,
6617,6367,2025-05-17,Credit Card,414.99,Successful,txn_ed65806c5bc540ad9ba492a605175872,1,
6618,6368,2024-07-17,PayPal,289.02,Successful,txn_b0f787d4755a4700820bdd99d4b5d8fc,1,
6619,6369,2024-03-01,Gift Card,32.6,Successful,txn_961cae5a988e4796a759172e6c74e1ee,1,
6620,6370,2024-08-31,Gift Card,243.83,Successful,txn_5da668da4c75420b9de037a4ddcfbceb,1,
6621,6371,2025-08-30,Debit Card,135.84,Successful,txn_c9995e714bfc47d2a45ca091c3611768,1,
6622,6373,2025-08-19,Amazon Pay,146.77,Successful,txn_bb62d9d85f2a40879b3b76940230c367,1,
6623,6374,2024-03-12,PayPal,289.02,Successful,txn_74adf513d8674dcf9420756cabebfee9,1,
6624,6375,2025-06-22,Credit Card,1350.92,Failed,txn_7efb95cf2504485db817b89e02536510,1,
6625,6375,2025-06-24,Credit Card,1350.92,Successful,txn_6bef7a3fef544ce98f311372523980d6,2,6624.0
6626,6376,2024-08-27,Gift Card,583.68,Successful,txn_39a3ba5117f643dd9df9d11a2b08c184,1,
6627,6377,2025-11-10,Amazon Pay,249.19,Successful,txn_e58bf04d333c44668e5fd286e3ab5d74,1,
6628,6377,2025-11-10,Credit Card,63.11,Successful,txn_1ac4376f495d487092e60b71af19c8a5,1,
6629,6378,2025-07-31,Debit Card,244.98,Successful,txn_c0da077478ee492891c6d7b2bf3c257f,1,
6630,6379,2025-10-13,Debit Card,49.18,Successful,txn_f67c8b2d5eb14a80b8e5279e9c6840e7,1,
6631,6380,2025-04-05,Gift Card,139.32,Successful,txn_34304dfa1b2c47269ec43fb42ad0e3a7,1,
6632,6381,2024-09-29,PayPal,56.54,Successful,txn_8c4ea942411f42679603b164fc841b8f,1,
6633,6382,2025-01-11,PayPal,268.55,Successful,txn_007679a62053467e93a4d26ddcce773b,1,
6634,6383,2025-09-29,PayPal,205.29,Successful,txn_8a789011868342789692721950f125bf,1,
6635,6383,2025-09-29,Gift Card,490.35,Successful,txn_e5375b9ba53f443f8e4e40475d20ac6c,1,
6636,6384,2025-09-14,Debit Card,327.0,Successful,txn_225281a2f3504168a00eaf1516e1de4f,1,
6637,6385,2025-12-06,Amazon Pay,1834.42,Successful,txn_b1e9750e6f5a4908ba40753f3e4b01c5,1,
6638,6386,2025-03-31,PayPal,173.28,Failed,txn_8617eb7681a14434ae11fda0875ac55f,1,
6639,6386,2025-03-31,PayPal,173.28,Successful,txn_46e6256401b44ad3b73a1089e8f7787f,2,6638.0
6640,6387,2025-01-25,Amazon Pay,445.84,Successful,txn_27569058fdbd46f7b861fb7c7a0d77ee,1,
6641,6388,2025-05-12,PayPal,57.61,Successful,txn_caf6540bd1394ff7ab9fc7839fcf8485,1,
6642,6390,2024-07-22,Gift Card,35.66,Successful,txn_df9afe700a4b407799cfdecfdfca37a3,1,
6643,6391,2025-11-08,Gift Card,58.84,Successful,txn_4c993a20bad84d05bbe4ca9172dabffe,1,
6644,6392,2024-03-14,PayPal,1964.49,Successful,txn_4a38e28128ef48ddaada4506a92eb39e,1,
6645,6393,2024-04-25,Amazon Pay,48.33,Successful,txn_1f658535a5814a69b5a5e1785a1b4008,1,
6646,6394,2024-06-12,Gift Card,222.09,Successful,txn_2aa845e2bd7e47cba5aef1637ff4e17e,1,
6647,6396,2024-07-22,Debit Card,540.68,Successful,txn_1027b7139f984d81b242fac2da335469,1,
6648,6397,2025-06-07,PayPal,353.12,Successful,txn_f22a715187fd4da285943d4b4865b0f4,1,
6649,6398,2025-01-23,Debit Card,573.3,Successful,txn_8b4b005dd80743a9bc34ea657b3ea491,1,
6650,6399,2025-07-03,Debit Card,297.92,Successful,txn_762c0f349cf44c829e5b9a2c4b9d4883,1,
6651,6400,2025-11-29,Credit Card,1242.66,Successful,txn_29373cd0f0b8450c9915a1e3947df172,1,
6652,6401,2024-12-31,PayPal,55.53,Successful,txn_dcebe471fca548d58a1edc0dd1d9b71d,1,
6653,6402,2025-04-06,Amazon Pay,42.95,Failed,txn_1b46c43b6dc74dc99c72959f04e9322c,1,
6654,6402,2025-04-07,Amazon Pay,42.95,Successful,txn_90c0ef95f66c4ec1a7068493e261a570,2,6653.0
6655,6403,2024-07-05,Debit Card,97.62,Successful,txn_9cd5008d09fd42eeb675dbd72a1707de,1,
6656,6404,2024-04-21,PayPal,56.54,Successful,txn_3f93083fd8904b05bbc640dd98626f1d,1,
6657,6405,2025-10-25,Debit Card,281.85,Successful,txn_9b6934614d464c8996b83a35668515d0,1,
6658,6406,2025-04-19,Credit Card,92.76,Successful,txn_b3d2d85b596e41faaa37cdd36cdbf2df,1,
6659,6407,2025-03-11,PayPal,311.97,Successful,txn_4ef23c80bf674935aa005b473d6470df,1,
6660,6408,2024-08-04,Credit Card,194.4,Successful,txn_7afe193b3b2b48c8bb0de324dce78b23,1,
6661,6409,2025-01-12,Gift Card,486.0,Successful,txn_ca0b3c7e3bc64dc689ba799b22b418a8,1,
6662,6410,2025-04-12,Credit Card,1834.42,Successful,txn_e1d4dbb0da3243bc9352935695c52745,1,
6663,6411,2024-01-03,Amazon Pay,199.94,Successful,txn_dc7ee2a2b5a6478b94ead96a496b2770,1,
6664,6412,2025-05-19,Credit Card,175.75,Successful,txn_04f5e2a4b00243d1ac3e8f073d19b7e3,1,
6665,6413,2024-04-30,PayPal,196.52,Successful,txn_f39ca4cc0d93431e8567e2143ce44765,1,
6666,6414,2024-08-04,Credit Card,603.66,Successful,txn_6710a4680b894c5db1540fbc49669b8b,1,
6667,6415,2025-07-24,PayPal,53.6,Successful,txn_1779eaf628714f20b63cb58dcbd778f9,1,
6668,6416,2024-08-25,Debit Card,1278.04,Successful,txn_194781a042394f57896369b43b7f0865,1,
6669,6417,2025-08-14,Debit Card,423.85,Successful,txn_b32daa14c97c4624a514fa5087fe9fc7,1,
6670,6418,2025-12-25,Credit Card,608.0,Successful,txn_f16d7c9868d7489c9667a757e38eef1a,1,
6671,6419,2024-08-03,Credit Card,594.56,Successful,txn_d6bf625a04644121a2c5baa69126d85f,1,
6672,6420,2025-03-21,Gift Card,74.03,Successful,txn_4d814547cb1f41bfa9531899de94d6eb,1,
6673,6421,2024-09-23,Credit Card,1471.8,Successful,txn_89505afec8054475bfbcb11e1a6711e9,1,
6674,6422,2025-12-18,Gift Card,542.02,Successful,txn_68c18acba6b5464889e81e2325056fa9,1,
6675,6424,2025-08-03,Credit Card,387.02,Successful,txn_b24ff6317d3948ca8ec408f160c71b85,1,
6676,6425,2024-06-19,Debit Card,31.77,Successful,txn_db58750f6a6c483e80042d318b25f740,1,
6677,6425,2024-06-19,PayPal,66.63,Successful,txn_23cc292e6aca4862bd648df2fbedd2e1,1,
6678,6426,2025-02-20,Credit Card,264.84,Successful,txn_fe1ed84389574baea7089674bc9ecfb0,1,
6679,6427,2025-04-25,Amazon Pay,43.15,Successful,txn_04c88fce56474059aca0f6d5c3fdbc60,1,
6680,6428,2025-06-17,Debit Card,84.0,Successful,txn_74acd2bdecb34d33b180d5db0c63427a,1,
6681,6429,2025-06-22,Debit Card,174.63,Successful,txn_4025965017d1453a9199f30ffaca2e01,1,
6682,6429,2025-06-22,Credit Card,286.41,Successful,txn_e8f87e023c85474b9f2a92b8894a6e47,1,
6683,6430,2024-10-17,Amazon Pay,117.57,Successful,txn_33ca5b38120046439d6bae70191a60e0,1,
6684,6431,2024-12-01,PayPal,134.26,Successful,txn_b84334b2dee9404f842b881a90f23e26,1,
6685,6432,2025-10-27,Gift Card,900.0,Successful,txn_5d17457993594417ad2c208f25ed7d3d,1,
6686,6433,2025-10-11,PayPal,210.6,Successful,txn_55cb892dd36146bdbf32df3fb9e75183,1,
6687,6434,2024-04-07,Credit Card,393.0,Successful,txn_17bbeb72aa174eebb136ac05941b3bb3,1,
6688,6435,2025-11-07,PayPal,1077.68,Successful,txn_9e4b6e43afcd476db5a8301befadf1a7,1,
6689,6436,2024-07-26,Credit Card,917.21,Successful,txn_3ca87f51deb64df39b5870faa01de8c5,1,
6690,6437,2024-12-12,Debit Card,205.12,Successful,txn_68186678e5444d46961baba2e0bc475c,1,
6691,6438,2025-07-20,Debit Card,51.54,Successful,txn_acdc0217f67d4fd0807c723490e1faf5,1,
6692,6439,2024-03-06,Credit Card,325.2,Successful,txn_d603fd9575ce49c48044f5de47c6ae6b,1,
6693,6442,2024-02-01,PayPal,129.0,Successful,txn_60a65326f0804009b15db90d89afd235,1,
6694,6443,2024-05-25,Gift Card,631.95,Successful,txn_b1c47198d2664808b67c6fefa928fac3,1,
6695,6444,2024-06-08,Gift Card,199.94,Successful,txn_b6e6b0778bf540da995ef3c1f3340ab1,1,
6696,6445,2025-12-23,Credit Card,986.78,Successful,txn_8ba7c062d53548558f217e9b608afbb0,1,
6697,6446,2024-09-03,Gift Card,276.66,Successful,txn_dcb915aa07f94e5fa81d4dbf69ad911a,1,
6698,6447,2025-01-06,Amazon Pay,295.44,Successful,txn_275fd5519c3a46f9afe9b49113d0a61b,1,
6699,6448,2024-08-27,Amazon Pay,196.52,Successful,txn_1fa327f0a8294c6b927cd999cb8b7bb4,1,
6700,6449,2024-06-16,Gift Card,45.66,Successful,txn_e7292966174843b4b15bbd398c8f41c6,1,
6701,6450,2024-08-01,Debit Card,526.95,Successful,txn_552d5296e9de43ee91ce40283bed19df,1,
6702,6451,2024-04-15,Gift Card,70.95,Successful,txn_cde50f2083a84ae9bb5f1099ee785c7f,1,
6703,6452,2024-10-05,Credit Card,124.09,Successful,txn_6d1861c04799477fb89ab828b953e29b,1,
6704,6452,2024-10-05,PayPal,163.96,Successful,txn_afc7f5bc9d044d48b2e5e6ba3a471696,1,
6705,6453,2025-06-13,Gift Card,295.2,Successful,txn_e2b4b96468bb43d7b0a9e5afa87375f3,1,
6706,6454,2024-07-21,Gift Card,223.56,Successful,txn_94c1c304ad404c19a7c45e9b1cd3255e,1,
6707,6455,2024-10-29,Gift Card,53.6,Successful,txn_cfc0619ec4634f4aaa50c7106d6513d3,1,
6708,6456,2024-01-21,Gift Card,46.15,Successful,txn_b9cac6b9a2ed4d7b97a0cacb410b010a,1,
6709,6457,2025-06-14,Credit Card,11.68,Successful,txn_846b38e645d64d2ab1107b3317dbb780,1,
6710,6458,2024-12-07,Credit Card,135.84,Successful,txn_48e6db2cd5c54308bd1729f4af9faa0e,1,
6711,6459,2025-08-27,Gift Card,90.9,Failed,txn_33a4f84cccc64d9f973e231f1429eadf,1,
6712,6459,2025-08-29,Gift Card,90.9,Successful,txn_5580d907a22d48af96d52e372c066277,2,6711.0
6713,6460,2024-12-21,Amazon Pay,309.26,Successful,txn_026496a877bc4ab7a759a9ef3a39b940,1,
6714,6461,2025-01-07,Credit Card,97.62,Successful,txn_c0accbf400cb4a8b9c0cd1293db9e977,1,
6715,6462,2025-12-26,PayPal,65.4,Successful,txn_35d50b4e32a24a57a758bd57b15010cb,1,
6716,6463,2025-06-21,Credit Card,179.76,Failed,txn_bb0a2dfb5f3046b2916fe47ef80f4de5,1,
6717,6463,2025-06-23,Credit Card,179.76,Successful,txn_28e3b50751df4c7591f2b8ec4bae5119,2,6716.0
6718,6464,2024-12-20,Credit Card,320.98,Successful,txn_63334cfa1dad40e082bcf0ed0327f6ba,1,
6719,6465,2025-03-26,Gift Card,189.95,Successful,txn_f8371321e97a47ff84ba92db440ffa8c,1,
6720,6466,2024-02-29,Debit Card,173.28,Successful,txn_d6e77838c456445e89f0718a40cdc3a3,1,
6721,6467,2025-08-01,Gift Card,33.22,Successful,txn_e166b2a1ede44806a263bf245eb69477,1,
6722,6468,2025-06-18,PayPal,675.46,Successful,txn_3c2a7429bd974a61be2a93f3345b02ae,1,
6723,6469,2024-01-23,Credit Card,330.54,Successful,txn_2e0f2822b0354fec851536f0e11ac149,1,
6724,6470,2024-06-27,Amazon Pay,69.03,Successful,txn_28d1723f5d0143efafc1b7d3bb54348a,1,
6725,6471,2024-06-22,PayPal,245.25,Successful,txn_2873e827b83d44bfbdd2ac0bb30bfa70,1,
6726,6472,2024-10-11,Credit Card,33.44,Successful,txn_edfbcf32a64845e8a8e79c5ad5a48c31,1,
6727,6472,2024-10-11,Amazon Pay,40.33,Successful,txn_48ecf99d29e04f2dbc0befa684475c5e,1,
6728,6473,2025-03-01,Amazon Pay,684.62,Successful,txn_72c66d50155347aea538696f5941b367,1,
6729,6474,2024-06-05,Debit Card,50.16,Successful,txn_f1dfa1729262443789e04416897a8c2e,1,
6730,6475,2025-09-13,Gift Card,210.6,Successful,txn_2b237ef08c5343f6a22252931c352aaf,1,
6731,6476,2025-06-15,Gift Card,49.5,Successful,txn_4b6f3ceffc8b4814bf1ebb9a9cac4609,1,
6732,6477,2025-11-26,PayPal,28.19,Successful,txn_4b1d9b1f86d8451186cdc6cca05e4d6a,1,
6733,6478,2025-07-24,Gift Card,1834.42,Successful,txn_3c38ec4ebde1420ea1fbbb963b1134ce,1,
6734,6479,2025-12-22,Debit Card,828.44,Successful,txn_ced531d098524e039323cd12fb3b67a4,1,
6735,6480,2024-12-02,Credit Card,13.8,Successful,txn_576f48c8a78f45658eca29a9a734d264,1,
6736,6481,2025-01-15,PayPal,64.5,Failed,txn_df6b52d63f6743f78cf799f2afc559dc,1,
6737,6481,2025-01-16,PayPal,64.5,Successful,txn_7b3adbb8e35f4a889f8335a5480f7771,2,6736.0
6738,6482,2024-02-07,Gift Card,471.68,Failed,txn_676104b7885047b0a74d315f72952c3d,1,
6739,6482,2024-02-09,Gift Card,471.68,Successful,txn_6bbda2bb8c5f4a30ae7d7f367d002635,2,6738.0
6740,6483,2025-10-17,Amazon Pay,111.06,Successful,txn_40edeebf0b7c442aa063b2eed8b574df,1,
6741,6484,2024-10-17,Gift Card,66.96,Failed,txn_910492c071e248be8bb5af308eaa2f07,1,
6742,6484,2024-10-17,Gift Card,66.96,Successful,txn_2c2ef57509e247aeb7608184deebc292,2,6741.0
6743,6485,2024-06-16,Debit Card,264.9,Successful,txn_6234b491585548058ea4a9873e9258ba,1,
6744,6486,2025-04-19,PayPal,148.08,Successful,txn_719cfaf3ddba4d659e8658ac7231cc8a,1,
6745,6487,2024-07-13,Amazon Pay,46.38,Successful,txn_8301d18da30c4173a5e546e5a100644f,1,
6746,6488,2025-03-22,Credit Card,625.15,Successful,txn_01c36d814343444584ab37cc63f89459,1,
6747,6489,2025-08-07,Amazon Pay,674.56,Successful,txn_f1662da8e06241d9803b0217c3740922,1,
6748,6491,2025-10-09,Amazon Pay,104.34,Successful,txn_b9ddbffd4bae4f8b9699aa39cf47e984,1,
6749,6492,2024-01-21,Debit Card,345.15,Successful,txn_027c5b8b093e4c6ab74434fab9e050cd,1,
6750,6493,2024-09-24,PayPal,456.73,Successful,txn_149ca7f3dfec4473ae76db2a47214568,1,
6751,6494,2025-12-23,Amazon Pay,1278.04,Successful,txn_8add02f37893444e91dfd50a789d9217,1,
6752,6495,2025-03-27,Amazon Pay,243.79,Successful,txn_8360e57cfb084844a04409258fd65b03,1,
6753,6495,2025-03-27,Debit Card,63.89,Successful,txn_8bc29269d4914b7a90270b55f1769e97,1,
6754,6496,2025-05-13,Credit Card,924.14,Successful,txn_9c256b38b1994ffca6410ae228430c71,1,
6755,6497,2025-01-19,Gift Card,50.75,Successful,txn_a0aed8862c7544deac57bdededbf8bc4,1,
6756,6498,2025-05-31,Credit Card,268.55,Successful,txn_4436cadaa42d4bcba08e724bdae1a856,1,
6757,6499,2024-04-04,Gift Card,794.7,Successful,txn_81aea4306d5141b99bdbc4190e5576d6,1,
6758,6500,2025-03-10,PayPal,895.45,Successful,txn_200520243e054c0eb9b6031ca1984128,1,
6759,6501,2025-01-02,Credit Card,200.64,Successful,txn_2d31a7b47a12416d9eb448dcba525f42,1,
6760,6502,2024-05-15,Credit Card,168.1,Successful,txn_51b0673448b64f3e84ec7cdb71c8cfee,1,
6761,6503,2024-09-26,Debit Card,55.35,Successful,txn_e2625047e31d41a898a192d6bc6f4fd5,1,
6762,6504,2025-08-10,Debit Card,39.19,Successful,txn_1a21c6d037e44138be27a2a57c1d5a56,1,
6763,6505,2025-12-30,Credit Card,226.4,Successful,txn_36b72abbebbd4457a7d1facf8ecb46cc,1,
6764,6506,2024-03-23,Debit Card,25.3,Successful,txn_33c923bb87aa47a390be8be5927a4716,1,
6765,6507,2025-10-22,Amazon Pay,87.12,Successful,txn_a141f3c87bff4baa85bd041a0d9d4e94,1,
6766,6508,2025-08-28,Debit Card,51.6,Successful,txn_4b52adb6e65444e1b164785c264f0388,1,
6767,6509,2025-05-16,Gift Card,84.71,Failed,txn_ac5d6ad45d054d9f914b92f5fb056940,1,
6768,6509,2025-05-18,Gift Card,84.71,Successful,txn_835cf254deae46f9b766f281072fafc8,2,6767.0
6769,6510,2025-08-25,Credit Card,16.48,Successful,txn_0bbf160e66374b4f824281d1203c7a6a,1,
6770,6511,2024-11-27,Debit Card,339.42,Successful,txn_b76079d9c06143bb868a624e6587d91a,1,
6771,6512,2025-07-03,Credit Card,27.18,Successful,txn_fa02468113ec420f8e856c85956e59ea,1,
6772,6513,2024-12-15,PayPal,456.73,Successful,txn_c9aef142578f47b586f2c3e5497c829e,1,
6773,6514,2024-06-17,Credit Card,1421.46,Successful,txn_1b95743b65c747ec89d8c25343d43fcc,1,
6774,6515,2024-01-04,Debit Card,241.68,Successful,txn_6b666f71a36b415387ceea0b43da4c09,1,
6775,6516,2025-01-15,Gift Card,2155.36,Failed,txn_609993ef7c62444186bd6acaa4d088cb,1,
6776,6516,2025-01-15,Gift Card,2155.36,Successful,txn_6932c10b758c408d8f0fcf1c6016cc8d,2,6775.0
6777,6517,2025-01-19,PayPal,1799.58,Successful,txn_8aacfcc1b4c849388dcae0697cf78d24,1,
6778,6518,2024-04-04,PayPal,172.6,Successful,txn_d288eb9a66cd47f4b37b85a565ff3d1c,1,
6779,6520,2025-06-26,Amazon Pay,390.84,Successful,txn_72982bed3e674b6ebb40bfe9b3de39dc,1,
6780,6521,2025-09-08,Amazon Pay,169.84,Successful,txn_24771590f43f49138412ef2368c06fd1,1,
6781,6522,2025-05-11,Debit Card,813.03,Successful,txn_cfd3e102896d4ad69db5cbbb04d444ec,1,
6782,6523,2024-11-12,PayPal,194.4,Successful,txn_c78ffab6b0014512ab0a53475c68a779,1,
6783,6524,2024-12-21,Amazon Pay,169.62,Successful,txn_38ca3ec54bb84199900e0bf9ac2d43d8,1,
6784,6525,2024-06-25,Credit Card,141.36,Successful,txn_98baa5a3d2b74de29ec59ab9eed71c5d,1,
6785,6526,2025-02-13,Debit Card,385.92,Successful,txn_bd5d2d6c64d648bfa2bcdaab674a21f2,1,
6786,6527,2024-01-01,Debit Card,477.88,Successful,txn_3cbefae458c044148a9982f3032ee8aa,1,
6787,6528,2025-01-27,Credit Card,259.92,Successful,txn_78870ad1f4884d6fa153bd7c89954ef6,1,
6788,6529,2025-09-29,Debit Card,204.74,Successful,txn_d87053d7f7d54e08ad964cf76c05e8ce,1,
6789,6530,2024-10-22,Credit Card,493.39,Successful,txn_143dcbcac7b6459b8beae482516a11d8,1,
6790,6531,2025-03-28,PayPal,276.66,Successful,txn_32b12e677dd0467eb69243129a2e59cd,1,
6791,6533,2025-12-20,Credit Card,196.8,Successful,txn_ef8a8259ea164788a43cd9d080970663,1,
6792,6534,2024-11-25,Credit Card,297.92,Successful,txn_303555ef204b47c297b7e8bbb468bccd,1,
6793,6535,2024-07-22,Credit Card,148.64,Successful,txn_c4fc55d045024cb198dd1cc86835cd45,1,
6794,6536,2024-06-18,Credit Card,68.13,Successful,txn_2dda18d1f4594d23a21307f7680bd186,1,
6795,6537,2025-02-04,Amazon Pay,29.52,Successful,txn_be14f3d5d2a64ddd86a238cd10cd7d3a,1,
6796,6538,2024-02-19,Gift Card,577.65,Successful,txn_390ab46b331d44359eb1df3231b08eea,1,
6797,6539,2024-01-01,Credit Card,26.8,Successful,txn_ccbd6d2f1d9f446180f03ef1dea5a443,1,
6798,6540,2025-02-22,Debit Card,25.8,Successful,txn_f7b51b43e3fd4c5f9e1ef127150ab9c9,1,
6799,6541,2025-10-27,Debit Card,15.15,Successful,txn_c31070b9804a4bcd917ac3d061d23597,1,
6800,6542,2025-03-16,PayPal,156.09,Successful,txn_bf09dcc3a2b74df68cb01a3bc70d2cd5,1,
6801,6543,2024-06-19,Amazon Pay,297.28,Successful,txn_174c1541369e4618b0d632f9875a9262,1,
6802,6544,2025-10-11,Credit Card,1096.96,Successful,txn_f4ecb0195307423494ee363bf7014d5d,1,
6803,6545,2025-07-14,PayPal,317.0,Successful,txn_80754ed79d3b469897aa80f3b1c0da5f,1,
6804,6546,2024-06-05,Credit Card,626.91,Successful,txn_059c0eebb7a54f6f9ba305c42c2618c8,1,
6805,6547,2025-09-16,Credit Card,456.73,Successful,txn_fc917ee12e8c434fb50a8e3140023860,1,
6806,6548,2024-02-21,Gift Card,75.4,Successful,txn_c0ebbd8e42dc49eb8c18c0f913894b67,1,
6807,6549,2025-01-26,PayPal,376.56,Successful,txn_36e3c3154cc745edb0e1f713dfb24678,1,
6808,6550,2025-03-25,Debit Card,176.56,Successful,txn_54d62950ed2e4e2989247eabb7440c3d,1,
6809,6551,2024-03-02,PayPal,117.26,Successful,txn_3a80e25101b14f3b8471f751bd4d2d45,1,
6810,6552,2025-12-11,PayPal,125.28,Successful,txn_24827ce074c14057a4e0850e0d4f3629,1,
6811,6553,2025-07-02,Debit Card,78.24,Successful,txn_c63cc6e9fcc7483daae340d5a9a8dd04,1,
6812,6554,2024-04-19,Gift Card,529.8,Successful,txn_89742f51d78e48e7bbec9ca4bed29ece,1,
6813,6555,2024-01-15,PayPal,603.66,Successful,txn_5e01d0eb48f74a7ea355d66fb524edb2,1,
6814,6556,2024-02-22,Credit Card,3928.98,Successful,txn_e37944d63ba64edd89535a59bd6f0c1b,1,
6815,6557,2025-12-12,Gift Card,299.91,Successful,txn_a4d92c128cd64d0aa4bba3115bba8b58,1,
6816,6558,2025-09-07,Credit Card,261.36,Successful,txn_490cc758a3924573a5fa32c9a1daa142,1,
6817,6559,2025-12-08,Gift Card,828.44,Successful,txn_dcb920ff86e2409d94d2555211545319,1,
6818,6560,2024-10-09,Amazon Pay,215.74,Successful,txn_1858703427f64777aa75544e7611109c,1,
6819,6561,2025-01-12,PayPal,148.64,Successful,txn_db3dd78be25d4d8ba351a51555ea60aa,1,
6820,6562,2025-03-23,Amazon Pay,35.34,Successful,txn_ed125ed7692c4f709b1c81fdfe7e4e58,1,
6821,6563,2025-02-22,Amazon Pay,5.4,Successful,txn_8537b4a5cbdf4f618556f75537f1582e,1,
6822,6564,2025-04-29,Debit Card,28.78,Successful,txn_61db3b865e544649a69dc067422111cd,1,
6823,6566,2025-12-31,Debit Card,3928.98,Failed,txn_f9c0b4f55a8b400e80208e68f14daa4b,1,
6824,6566,2025-12-31,Debit Card,3928.98,Successful,txn_c1270d9149244c19bf26608ef806d46f,2,6823.0
6825,6567,2025-10-28,Amazon Pay,196.8,Successful,txn_c3c2409027d54138ae867ef2b7b51904,1,
6826,6568,2025-07-05,Debit Card,345.84,Successful,txn_6892e92e46644f85b7afeb6464706ef0,1,
6827,6569,2025-09-28,Gift Card,190.2,Successful,txn_dc42607832d744b39dcc91459f9d9a48,1,
6828,6570,2024-01-03,Credit Card,45.45,Successful,txn_82bb2601facb4602a604d1ccbcbd4cb7,1,
6829,6571,2024-05-31,Gift Card,332.07,Successful,txn_7807bd0315384945a6d7bce877f1d5ae,1,
6830,6572,2025-06-25,Credit Card,53.14,Successful,txn_1369da02b9854b3a8d1737796d6154c6,1,
6831,6573,2024-04-07,Credit Card,297.92,Successful,txn_3466896506484b49a2e50651818b5cd0,1,
6832,6574,2025-01-08,Gift Card,451.5,Successful,txn_8e074164d92349d38309011fd0cd0349,1,
6833,6575,2024-08-15,Credit Card,144.51,Successful,txn_3ebc7e1d8c874c5ca8d5a805dfcc31d8,1,
6834,6576,2025-04-20,Debit Card,60.6,Successful,txn_8e66d8452d1f444586b2fe14e8cf16a3,1,
6835,6577,2025-01-09,PayPal,115.22,Successful,txn_894c551c34234c6481ba15a86bb8793a,1,
6836,6578,2024-04-21,PayPal,99.0,Successful,txn_e298e137056243b9aac8a6a535faee97,1,
6837,6579,2025-11-27,Credit Card,73.86,Successful,txn_7e3efaaec8454ac4811ca5cadad62a04,1,
6838,6580,2024-03-24,Gift Card,160.49,Successful,txn_a127abd75690446cbc090b1ac8374adc,1,
6839,6581,2024-01-01,Credit Card,83.2,Successful,txn_c56226c65a5149b0bab25d6d40824a71,1,
6840,6582,2024-11-09,PayPal,828.44,Successful,txn_287872a2d4b646749d364a0a8f766092,1,
6841,6583,2025-10-14,Amazon Pay,98.4,Failed,txn_8fc31cddb21a4fe9ba1a5c09e847cb18,1,
6842,6583,2025-10-15,Amazon Pay,98.4,Successful,txn_4c6dcdddb43b48839161e440a11ab4e7,2,6841.0
6843,6584,2025-11-27,Amazon Pay,1250.3,Successful,txn_90b31f5ee85148faac3af40fe7aef914,1,
6844,6585,2025-08-06,Amazon Pay,826.06,Successful,txn_1b3f328a51184417b183b4dc544f173a,1,
6845,6586,2025-08-31,Debit Card,175.75,Successful,txn_e751d9f20bf8445d8dde957b828b9531,1,
6846,6587,2024-02-11,PayPal,169.71,Successful,txn_ff3c6de745994a3a9709c2641ac812bb,1,
6847,6588,2024-07-12,Amazon Pay,352.5,Successful,txn_7d811ff45ab94226b0d6148a9ae68cca,1,
6848,6589,2025-11-08,Credit Card,274.44,Successful,txn_5f9c2b94066c4a449eb1c80d4304433e,1,
6849,6590,2025-07-04,Amazon Pay,58.63,Successful,txn_ace75e6b0fb34131b497deccb5c42dec,1,
6850,6591,2025-07-28,Gift Card,345.84,Failed,txn_2099c2e907ae443a886a337ab4c97760,1,
6851,6591,2025-07-28,Gift Card,345.84,Successful,txn_b7cb554686474e10a88269591939707a,2,6850.0
6852,6592,2025-04-13,PayPal,143.9,Successful,txn_8250e2d5d0194f99b8bbc4f6edbd7bd0,1,
6853,6593,2025-07-26,Credit Card,716.82,Successful,txn_b7e2bf485d8d435ca652c119a24b2710,1,
6854,6594,2024-08-25,Amazon Pay,259.92,Successful,txn_b9d5ae2c982943a285427cff31e328a3,1,
6855,6595,2025-06-03,Gift Card,295.2,Successful,txn_e5cfea1416774f72b1751e1dd9c22195,1,
6856,6596,2025-08-13,Gift Card,307.17,Successful,txn_9115e954dbb34c68bd36f19d0c9770dc,1,
6857,6597,2024-05-12,Gift Card,196.8,Successful,txn_aa5becd35806499bb8d0ac9e9fc93722,1,
6858,6598,2024-11-03,Credit Card,400.2,Successful,txn_a6e47e45f2544655ae6087ce762bddf1,1,
6859,6599,2025-08-18,PayPal,115.28,Successful,txn_803bb8c8217e48d6a02bf919a0341f97,1,
6860,6600,2024-01-13,Credit Card,41.6,Successful,txn_65584fded5ad4e4b8db36dde34bfcbde,1,
6861,6601,2025-10-08,PayPal,496.44,Successful,txn_7a8f6254087a48eb927401f25e17010b,1,
6862,6602,2024-05-04,Gift Card,150.5,Successful,txn_4a200cbadfe7484385a1ac0037cd0709,1,
6863,6603,2024-04-23,Debit Card,89.1,Successful,txn_19182da94ec642f2bd63108d9b7459c2,1,
6864,6605,2025-07-18,Amazon Pay,491.3,Successful,txn_f31cc6b1572745b49d6ca47be15c868e,1,
6865,6606,2025-11-03,PayPal,174.42,Successful,txn_add87d23f7f341188ebb1c73826d7e0e,1,
6866,6607,2025-05-23,Credit Card,218.61,Successful,txn_2d57ab497dff48e5ac4076513d411827,1,
6867,6608,2024-08-16,Gift Card,271.01,Successful,txn_ce2638bc16994d91b410ded441c1732d,1,
6868,6609,2024-06-05,Gift Card,40.83,Successful,txn_0ca6da6757184431bef819b852df8a68,1,
6869,6610,2024-01-03,PayPal,252.78,Successful,txn_7452b06304a84bf1b906602f1dad6cc4,1,
6870,6611,2025-07-17,Gift Card,154.63,Successful,txn_1064afa95b6f4771b2e89da97318d096,1,
6871,6612,2025-03-02,Credit Card,311.97,Successful,txn_dba650f576d64ef7a78e44b3c6d2a6b0,1,
6872,6613,2025-01-13,Credit Card,91.32,Successful,txn_7b17aa209a504ae8ad8bcf21945a7808,1,
6873,6614,2025-11-28,Amazon Pay,166.4,Successful,txn_4b5619cbbd364c5c8ac76da02b65eecf,1,
6874,6615,2024-10-11,Gift Card,463.89,Successful,txn_11136e87e09a457984d46c0d05c0df4c,1,
6875,6616,2024-04-11,Amazon Pay,212.3,Successful,txn_717276515e9b45f2b3e4092c1da9904d,1,
6876,6617,2024-01-30,Amazon Pay,204.78,Successful,txn_6b8aeb767cca4d4bb1531e41df5f0b8b,1,
6877,6618,2024-04-11,Credit Card,172.34,Successful,txn_9ad81bffeb914755ac7e6767e036b749,1,
6878,6619,2025-09-23,Credit Card,227.94,Successful,txn_5946aec3d7184d71a365cdfbd1ebc443,1,
6879,6620,2025-06-01,Amazon Pay,53.79,Successful,txn_b1305b920d9947a18a4c5dc1a6e74a8d,1,
6880,6621,2025-01-26,Credit Card,431.88,Successful,txn_be73cb6cc9184099ac5552c7ed0cb4c9,1,
6881,6622,2024-04-24,Gift Card,259.92,Successful,txn_a3e3b0bf827345e88f3d217554ede87c,1,
6882,6623,2025-05-16,Gift Card,83.05,Successful,txn_0cab8fea56ab4353be1f8d7c0ab9a7eb,1,
6883,6624,2025-11-25,Amazon Pay,323.61,Successful,txn_ca391fe3e24441adae7a29522c76e371,1,
6884,6625,2025-07-12,PayPal,121.76,Successful,txn_66af9d0e38c7480e8e617cb58ddd374b,1,
6885,6626,2024-08-31,Gift Card,102.39,Failed,txn_cb31856725524107898aef732639dc42,1,
6886,6626,2024-09-02,Gift Card,102.39,Successful,txn_6fc2adacc9554337b65f9c3d97e88eef,2,6885.0
6887,6627,2025-12-25,Credit Card,230.52,Successful,txn_70bf4e8d01c648aab09074d1c0d54b44,1,
6888,6628,2024-08-03,Debit Card,69.66,Successful,txn_e66c590b54284c369e90b4766912fc73,1,
6889,6629,2025-06-22,Gift Card,1790.9,Successful,txn_c00dd126626d4f5fb8f59cf1abf0b397,1,
6890,6630,2025-12-20,Amazon Pay,126.8,Successful,txn_4f2d2d706b7e45a8933a1fa8901c7d37,1,
6891,6631,2024-01-24,PayPal,297.28,Successful,txn_81bf7f76998549e3b0b074f470842076,1,
6892,6632,2024-10-08,PayPal,317.0,Successful,txn_521b7ba4513847d9af0d2a9987df3750,1,
6893,6633,2024-01-14,Debit Card,218.61,Successful,txn_d4067765be864d699a62153b06a283b2,1,
6894,6634,2025-12-22,PayPal,286.65,Successful,txn_5111cec409b14718894399eea6e9a874,1,
6895,6635,2024-10-23,Debit Card,900.0,Successful,txn_d3ef4a2dc7a444879b3ea00d369ebecb,1,
6896,6636,2025-04-04,PayPal,521.12,Successful,txn_e12cc3ef52824e5f849400065a85576a,1,
6897,6637,2024-07-01,Gift Card,331.92,Successful,txn_2ae67a4e3d6340498eee52650c26e705,1,
6898,6638,2024-05-14,PayPal,277.65,Successful,txn_c78324a9a6a6445690a492c9d3d59da6,1,
6899,6639,2024-11-07,Gift Card,199.94,Successful,txn_98b783a2ebab4c05bccacea53c40aba3,1,
6900,6640,2024-10-02,Debit Card,86.3,Successful,txn_b5713d3de2fa41bcae12b63f7e2e09b1,1,
6901,6641,2025-01-20,PayPal,450.0,Successful,txn_1d709ad85e5d4be8bae55a491c3a50a6,1,
6902,6642,2025-09-25,PayPal,156.05,Successful,txn_72d83ab553aa4d4580c256d903a7b576,1,
6903,6642,2025-09-25,Credit Card,40.99,Successful,txn_86f654d31e784395a5026545de1160a0,1,
6904,6643,2024-12-03,Debit Card,1242.66,Failed,txn_0b5fc9d047db4e79a07f5c900ed35a6d,1,
6905,6643,2024-12-03,Debit Card,1242.66,Successful,txn_33c52f1dbad44d45818462c0ea98c1f4,2,6904.0
6906,6644,2024-01-21,Debit Card,143.63,Successful,txn_ad2c9593983b48b7907f819a62f10b9c,1,
6907,6645,2024-08-24,Gift Card,1242.66,Successful,txn_81a8935cae314aaba82c3622d50e4742,1,
6908,6646,2025-03-20,Gift Card,174.96,Successful,txn_4bb530b8fcd649f1b9907a7dfa0d4bb5,1,
6909,6647,2025-12-30,Debit Card,407.22,Successful,txn_40f2ef7086b14ecbaf1a0601af2743a2,1,
6910,6648,2025-01-20,Gift Card,105.39,Successful,txn_9d06a215f7e5485ba292a172a0e7f8ca,1,
6911,6649,2025-07-09,Credit Card,290.7,Successful,txn_b77faead849d4305ba5203722e4638ef,1,
6912,6650,2025-12-08,PayPal,181.12,Successful,txn_fcc1504abecd4824abbafb73aa2d3688,1,
6913,6651,2024-06-02,Gift Card,10.34,Successful,txn_a5201cdb9c8444f9b94d46796b119169,1,
6914,6652,2025-10-16,PayPal,21.77,Successful,txn_1e3d3319a1cb4f3d83d645b1fd94fe09,1,
6915,6653,2025-05-13,Gift Card,21.77,Successful,txn_1d256f437bef43b89977a4366b3b9165,1,
6916,6654,2025-06-27,Gift Card,517.38,Failed,txn_bdd88a026b7b423d82de39d5f7257a42,1,
6917,6654,2025-06-27,Gift Card,517.38,Successful,txn_f65c951945c1429c86df91590217430f,2,6916.0
6918,6655,2025-12-31,Credit Card,154.63,Successful,txn_eed48c96eba84f31b24ea0aa60196b3b,1,
6919,6656,2025-08-06,Gift Card,53.71,Successful,txn_95722aa53da7491497335baf8168cec4,1,
6920,6657,2024-02-16,PayPal,56.54,Successful,txn_20aa34b56d64496e8c7378789163660b,1,
6921,6658,2025-02-09,Credit Card,705.24,Successful,txn_cfa1532d63af4bc3b7bef6eb0b7e3609,1,
6922,6659,2025-09-15,Credit Card,42.46,Successful,txn_463ee519f6f549a684c718433dfbfdc3,1,
6923,6660,2025-01-31,PayPal,540.27,Successful,txn_64cf0142a1054917a4a0327c0cd8e1a3,1,
6924,6661,2024-11-07,Gift Card,580.53,Successful,txn_bfd91e1016ec4dfeba34ca2b2db28c7c,1,
6925,6662,2025-06-15,Gift Card,207.09,Successful,txn_389700ae302d411cbed1b74ea5d69aed,1,
6926,6663,2025-06-23,Amazon Pay,29.42,Successful,txn_adb3272e8a5e45cda42dfdf9ca936aba,1,
6927,6664,2025-01-31,Gift Card,49.5,Successful,txn_db87f40ed9664359b1acf7190094f28d,1,
6928,6665,2025-10-02,Debit Card,477.88,Successful,txn_390cb2036fa44344925f1e0d3ee9824f,1,
6929,6666,2024-04-21,Debit Card,153.72,Successful,txn_f5cd60be92474b108b9f7bbe291fb490,1,
6930,6667,2024-04-26,PayPal,423.0,Successful,txn_9f3aeb8b0e5246a1b735994dfeb12939,1,
6931,6668,2024-07-29,PayPal,481.47,Successful,txn_a1cad20fc5584617a3eea4ec48ab5a87,1,
6932,6669,2024-04-12,Credit Card,99.97,Successful,txn_d7443493726e4dac818cfaa22f3ef2fb,1,
6933,6670,2024-02-19,Gift Card,450.0,Successful,txn_99642870bfcc46b2a57424732d8a9bf3,1,
6934,6671,2024-03-31,Amazon Pay,13.04,Failed,txn_d998cce31f8e4842ae83e65d88ed937b,1,
6935,6671,2024-03-31,Amazon Pay,13.04,Successful,txn_3fbf07535eca474db3e798a910417d67,2,6934.0
6936,6672,2024-07-07,Debit Card,311.35,Successful,txn_d5bec450877145ecb2afaf2a29668546,1,
6937,6673,2025-06-03,Credit Card,84.71,Successful,txn_2749b85fd3274c47b37d8700a2ec1cc7,1,
6938,6674,2025-10-17,Amazon Pay,87.12,Successful,txn_f66e7e18eaf641a8922b671bb88560d6,1,
6939,6675,2024-08-10,Gift Card,118.1,Failed,txn_5ad3a8b0ad144ec9aff60ee3b5048be3,1,
6940,6675,2024-08-10,Gift Card,118.1,Successful,txn_ab5581428c644e3782f791d44ed0b030,2,6939.0
6941,6676,2025-10-07,Gift Card,238.94,Successful,txn_6e17035290b34fc3850edfa9af1b9e44,1,
6942,6677,2024-08-26,Debit Card,113.08,Successful,txn_8280e4bb32484fbaa97832887389e0f7,1,
6943,6678,2025-11-07,Credit Card,83.2,Successful,txn_75572544981b4657ae6ca902ae8de7ea,1,
6944,6679,2025-10-12,Amazon Pay,29.7,Successful,txn_126b51ad48a64a64b41e065435275e3a,1,
6945,6680,2025-09-20,Credit Card,170.76,Successful,txn_3bda83fa201e41e8812843fbf945010d,1,
6946,6681,2024-07-07,Credit Card,900.0,Failed,txn_978862a66b3e4aaf8d2fd44ab03e8cb8,1,
6947,6681,2024-07-09,Credit Card,900.0,Successful,txn_b181eeae373d4bf5becf0a0baee343b7,2,6946.0
6948,6682,2024-05-06,Debit Card,580.53,Failed,txn_795bd9c83dd140f9aebfa09b55d84181,1,
6949,6682,2024-05-08,Debit Card,580.53,Successful,txn_6dbc24d756b44ddbab97b28da0c122aa,2,6948.0
6950,6683,2024-02-03,PayPal,175.75,Successful,txn_6e560f7698ac4a428f2612d5911e0612,1,
6951,6684,2024-11-10,PayPal,445.84,Successful,txn_022e27ca386149acb864221827371ee4,1,
6952,6685,2025-12-09,PayPal,200.64,Successful,txn_909a2e193b1b4e139b36269e291db729,1,
6953,6686,2025-10-12,Amazon Pay,428.8,Successful,txn_6341e4a3848e4a9888a309b693511f8e,1,
6954,6687,2024-08-07,Credit Card,329.0,Successful,txn_ae3046d2d79544ec9fe6aebe69dd0154,1,
6955,6689,2024-01-26,Amazon Pay,924.14,Successful,txn_eb6f83e7f06b471380168dd02a238d00,1,
6956,6690,2025-11-27,Gift Card,108.72,Successful,txn_584949e95ec541488d11a01683839912,1,
6957,6692,2024-06-06,Credit Card,256.14,Successful,txn_690ff3dd6e4b4e8ca4129e98a72270c1,1,
6958,6693,2024-03-11,Gift Card,174.96,Successful,txn_5e23ed339c0541f3bb43c5240e60a6a6,1,
6959,6694,2025-06-11,Gift Card,487.95,Successful,txn_181e163d22b849e6aacf5f3af76f2a17,1,
6960,6696,2024-10-25,PayPal,546.64,Successful,txn_6f3581b174dc4c238cb67841bc8398cf,1,
6961,6697,2025-04-02,PayPal,972.42,Successful,txn_c0a6f7b5c4e5451c9c1a8800e1b6e2a7,1,
6962,6698,2024-07-06,Debit Card,44.64,Successful,txn_952bde8b3d7e418081e262b64add2c61,1,
6963,6699,2024-05-30,Debit Card,823.32,Successful,txn_2b5491d7f19b4f3c890167eea9cbd074,1,
6964,6700,2024-07-02,PayPal,462.07,Failed,txn_c5ada0ae6fdb43948547a4764d0e040b,1,
6965,6700,2024-07-03,PayPal,462.07,Successful,txn_a6746375fadc480f8eb72db3913bede2,2,6964.0
6966,6701,2024-03-20,Credit Card,207.98,Successful,txn_6f22dd87f7a14efbadeb130cafd2747c,1,
6967,6702,2024-04-06,Debit Card,230.75,Successful,txn_c4b8f1507b7545a3adb56195c66d1be7,1,
6968,6703,2024-04-12,PayPal,113.46,Successful,txn_b4fdfd7459fe4b9aa5985a11578170cd,1,
6969,6704,2024-08-14,PayPal,26.08,Successful,txn_c8df7e9d78854884944f549642371f2d,1,
6970,6705,2025-08-26,Debit Card,317.25,Successful,txn_014b95545927433692cde316d05fe326,1,
6971,6706,2025-07-22,Debit Card,139.29,Successful,txn_6726acaf396a45a5a800aa366e6422e3,1,
6972,6707,2025-09-30,Amazon Pay,1487.23,Successful,txn_75443aaa82304a578fe9436a2e974ad6,1,
6973,6708,2024-09-25,PayPal,68.49,Successful,txn_97a0adab094e4e4babf6ab4e004ede75,1,
6974,6709,2024-09-19,Credit Card,440.31,Successful,txn_c02fc67abb8c49f696dfb38401274d67,1,
6975,6710,2025-08-03,Credit Card,794.7,Successful,txn_880743108ca345c196b9c6763ab9044f,1,
6976,6711,2025-12-16,PayPal,55.35,Successful,txn_7b67b5e662144913add4b13753dce404,1,
6977,6712,2024-04-30,Amazon Pay,144.06,Successful,txn_7c3513167bdd44eda73d80d9bff4ba94,1,
6978,6713,2025-07-17,Debit Card,1458.63,Successful,txn_ad3166982c494c21b6788a6d6054e390,1,
6979,6714,2025-12-15,Amazon Pay,390.48,Successful,txn_a0bff19a31de4abb95f55584dd9e3dfa,1,
6980,6715,2025-05-20,Gift Card,241.68,Successful,txn_7810830875954b8094f8cd2409607dd5,1,
6981,6716,2025-12-14,Gift Card,102.48,Successful,txn_6407f6505d454ec5aa5ff7fe803b85bd,1,
6982,6717,2024-04-22,Credit Card,67.86,Successful,txn_e2c21d48f6d146bcb05c073231a25c06,1,
6983,6718,2025-03-03,Gift Card,12.9,Successful,txn_c901c0bb7e114e88be98351f4effd756,1,
6984,6719,2024-10-14,Debit Card,32.96,Successful,txn_927802b5532c4391af444cbfc1defec3,1,
6985,6720,2025-06-22,Credit Card,924.14,Successful,txn_1331cc8143384ecc80acea5dce2cf5ed,1,
6986,6721,2025-03-06,Credit Card,99.97,Successful,txn_ec60d3ef832b45e2bd2660714b47ecc8,1,
6987,6722,2025-02-13,Gift Card,59.04,Successful,txn_1d9f46b0c883424cbfb563fcbf995853,1,
6988,6723,2025-06-30,Gift Card,917.21,Successful,txn_a7c49dfacd974d8d9bc57787a804f6ed,1,
6989,6724,2024-09-03,Debit Card,297.28,Successful,txn_51b2c7749ca043a59425dd816c0d9f92,1,
6990,6725,2025-07-30,Debit Card,111.6,Successful,txn_02cb036319ea4a39bfff2c0eb1585add,1,
6991,6726,2024-02-16,Debit Card,222.12,Successful,txn_ec8945a16337404f9bbcd0dd8bd93695,1,
6992,6727,2025-07-01,Debit Card,529.8,Successful,txn_6f12aeba03324c799b920f1093b1b618,1,
6993,6728,2025-07-14,Gift Card,277.65,Successful,txn_353df1816bd04cb18a98119b944bac02,1,
6994,6729,2025-11-03,Credit Card,1337.83,Successful,txn_11b02301441d43d9b819e45b77a77d6f,1,
6995,6730,2025-11-20,Gift Card,281.88,Successful,txn_f0c67a218ffb42c791115b46e58b4c45,1,
6996,6731,2024-08-12,Debit Card,323.61,Successful,txn_2b4791b9329e4df881425671b6d6ee91,1,
6997,6732,2024-03-10,PayPal,56.87,Successful,txn_fc127911c74a4922b966fee705161e69,1,
6998,6733,2024-12-13,Debit Card,215.74,Successful,txn_cf64f57e4efc4c24be3f24bf83fde7d1,1,
6999,6734,2024-08-02,Gift Card,986.78,Successful,txn_a14d138afa8d45408e0af2fb60f930b5,1,
7000,6735,2025-10-22,Credit Card,402.78,Successful,txn_4f30d365030140efae07a7bc2030c0d5,1,
7001,6736,2025-05-16,Debit Card,86.64,Successful,txn_269b65407fea491ca7344ab0a04971e0,1,
7002,6737,2024-11-13,PayPal,141.36,Successful,txn_fe9c83fe7dec47108a40564848b7c7f3,1,
7003,6738,2024-03-16,Credit Card,242.1,Successful,txn_e1ee752792544dbb84b59fd64cd4c61e,1,
7004,6739,2025-10-17,Amazon Pay,480.99,Successful,txn_dadee08fbfae48c59ba16e10924a7b6f,1,
7005,6740,2025-01-13,Gift Card,473.82,Successful,txn_1b4e9a18a08e4d7197e36ee78bc7597e,1,
7006,6741,2025-01-26,PayPal,84.77,Successful,txn_a37eabcc5f7e464c913845c1aaaf3d9e,1,
7007,6743,2025-06-04,Credit Card,156.76,Successful,txn_ca58ec53a7214463ad4e8950d553cd7e,1,
7008,6744,2025-11-17,Debit Card,725.04,Successful,txn_0931a6d17e3148ea8139ae9cebbdc8d1,1,
7009,6745,2025-11-22,Debit Card,695.64,Successful,txn_1b220a0fbd7347a59950412168a981a9,1,
7010,6746,2025-04-29,PayPal,29.07,Successful,txn_801e87bbbeac4f218d7b4c21f290da5a,1,
7011,6747,2024-12-12,Credit Card,212.04,Successful,txn_13e4e61e7aed482cae72708b707f5793,1,
7012,6748,2025-12-28,Amazon Pay,981.2,Successful,txn_e7e40448e13d42289c4d5d0f48ca9c5c,1,
7013,6749,2024-07-25,Gift Card,486.21,Successful,txn_6a7aef19c1e84d95a4bc426e88547ffd,1,
7014,6750,2025-09-02,Gift Card,98.25,Successful,txn_c39762162b2548c1b17eb61ff68e1874,1,
7015,6751,2024-10-10,Amazon Pay,207.98,Successful,txn_760d9624179942aea869409373683b06,1,
7016,6752,2024-08-11,Debit Card,548.48,Successful,txn_ffdc0a40a556406db08d90ef2a65211b,1,
7017,6753,2025-03-08,PayPal,101.5,Successful,txn_0ba6d34cc76e4225bd55daee71dd4612,1,
7018,6754,2025-04-11,Amazon Pay,776.07,Successful,txn_1f1e1c84ed5a48b48eeb011a17f3ad94,1,
7019,6755,2025-03-13,PayPal,194.56,Successful,txn_3523fd8cb8bb4db7a980dd86775ddfec,1,
7020,6756,2024-11-13,Gift Card,144.06,Successful,txn_ac3705413c8b4765bc786727f158a34f,1,
7021,6757,2025-11-12,Amazon Pay,108.85,Successful,txn_5ca3dc0254774c9d8ec9fa0251e9efe8,1,
7022,6759,2025-01-21,Amazon Pay,83.05,Successful,txn_700be47d47254252ad5ff333d6e93d31,1,
7023,6760,2024-07-14,PayPal,569.52,Successful,txn_b2ee13a9099443b993e0c157a54a314e,1,
7024,6761,2025-04-27,Gift Card,193.51,Successful,txn_dff006fd53f042a290efda1c3570a98f,1,
7025,6762,2024-01-31,Gift Card,631.95,Successful,txn_08cb4614e31e42738da518378011fe44,1,
7026,6763,2025-12-26,Amazon Pay,128.07,Successful,txn_e8afa651f71d46c3923dde6baf2a4419,1,
7027,6764,2025-07-09,Amazon Pay,170.31,Successful,txn_903e782cda19468d841f594499d416b8,1,
7028,6765,2025-08-14,Credit Card,19.56,Successful,txn_aa6a45c465234714882efba9e84ff051,1,
7029,6766,2024-07-16,PayPal,84.71,Successful,txn_9c5cc92f8d63421b8cfb50dd3b861442,1,
7030,6767,2024-08-12,Credit Card,99.99,Successful,txn_087ba69d493d4421ae587ea77689b418,1,
7031,6768,2025-02-28,Debit Card,423.85,Successful,txn_46f711a7331742a7984d73a5cbba2a15,1,
7032,6769,2024-01-10,Gift Card,204.74,Successful,txn_26b5c1e6c0484da782e25d76a0667e11,1,
7033,6770,2025-03-31,Debit Card,230.7,Successful,txn_ab122a0f5eed42f484d59161cdca7bf4,1,
7034,6771,2025-08-23,Credit Card,847.68,Successful,txn_6546b9946d554c02b1ad78216f11cb59,1,
7035,6772,2025-02-05,Amazon Pay,483.36,Successful,txn_fe0c857a2b9745be8d442ea41dc43dc5,1,
7036,6773,2025-10-17,Amazon Pay,1471.8,Successful,txn_7c2b5cb4c63244d7b7f09b22be954f3a,1,
7037,6774,2024-11-09,PayPal,187.9,Successful,txn_56dcff2f9c9c4e2697d224e915f5b4a8,1,
7038,6775,2024-06-03,Gift Card,87.12,Successful,txn_91d2fad4fca64a1b841d106eeb44cf2e,1,
7039,6776,2025-10-14,Gift Card,323.61,Successful,txn_6e0f0766e726402197eb7e6fda09d1d8,1,
7040,6779,2025-02-06,PayPal,226.16,Successful,txn_99d33be975ea4399912a9105842e5166,1,
7041,6780,2024-11-22,Gift Card,794.7,Successful,txn_8d6ddbe44b85409b9092674c9b4d94a0,1,
7042,6781,2024-07-01,Debit Card,376.56,Successful,txn_0e0b5c066a3541cd9a590e3b2753b421,1,
7043,6783,2025-06-12,PayPal,622.7,Successful,txn_b8195759c1f149599cbda4a2e5e473ea,1,
7044,6784,2025-06-07,Debit Card,1515.73,Successful,txn_5843284415f14fee9497fcbb28d8d509,1,
7045,6785,2025-11-15,Gift Card,135.84,Successful,txn_fc1e21107a8147ec9aa7720e5d87a57c,1,
7046,6786,2025-11-15,Credit Card,317.0,Successful,txn_58d939ce99244c648322161667be4fa0,1,
7047,6787,2024-11-21,PayPal,214.06,Successful,txn_26895dc8391147d5bc78fbd24345e564,1,
7048,6788,2024-04-20,Debit Card,235.14,Successful,txn_80e0392523d247e3a9b773f52ad0de1a,1,
7049,6789,2024-02-19,Debit Card,330.54,Successful,txn_f5f9f6138e8240a69fa4937d3cecef7d,1,
7050,6790,2025-03-23,Debit Card,165.0,Successful,txn_703645ba52754b24ad634979ca0e7c3b,1,
7051,6792,2024-02-20,Debit Card,453.44,Failed,txn_ae0ff8e49f1c4868b5ddbba035d62c89,1,
7052,6792,2024-02-21,Debit Card,453.44,Successful,txn_3f56e160494b47c8884abaf3629b3eb7,2,7051.0
7053,6793,2024-01-24,Gift Card,293.54,Successful,txn_6ff346dbf7dd4b62bb7bd592fb8a6b1f,1,
7054,6794,2024-09-30,Gift Card,385.1,Successful,txn_e981ea217e554cfa8d1d88ee46f961d0,1,
7055,6795,2024-12-11,Amazon Pay,137.5,Successful,txn_e828a0914da44d689bfa7eeb42ba06a3,1,
7056,6796,2025-06-28,Amazon Pay,388.8,Successful,txn_c31557c5f9ff4b5295d3d62ae02d2c42,1,
7057,6797,2024-06-17,Amazon Pay,32.25,Successful,txn_e6bea55449a94860b010f7d98a12952b,1,
7058,6798,2024-08-08,Gift Card,287.92,Successful,txn_3b853d067e7d4be1b78114df8e990442,1,
7059,6799,2025-08-21,PayPal,1515.73,Successful,txn_194f27e438454ae590fa7f0731098590,1,
7060,6800,2025-03-28,PayPal,55.53,Successful,txn_b3daaa7d21e34b939bc102b00b17eeee,1,
7061,6801,2025-08-27,Credit Card,594.56,Successful,txn_538a13e826cb45bbbf81bd5a03e9defe,1,
7062,6802,2025-10-17,Debit Card,120.05,Successful,txn_821fffadf7d541418407fca767c2a616,1,
7063,6803,2024-04-01,PayPal,668.76,Successful,txn_6c5f1604ebb3497bb315f7c7aa0e5003,1,
7064,6804,2024-05-14,Gift Card,16.2,Successful,txn_a6659d8b6d3e47658b1fd04546619a0a,1,
7065,6805,2025-09-07,Gift Card,291.6,Successful,txn_99fb415acd6b4ab7be61534e99cfda54,1,
7066,6806,2025-02-07,PayPal,84.24,Successful,txn_05a3819ea91c466a8f8d7382db1af221,1,
7067,6807,2024-02-16,PayPal,22.83,Successful,txn_ce572d087e2d4fcca3692790109c6002,1,
7068,6808,2024-03-07,Amazon Pay,847.68,Successful,txn_860191ec1ed74a11a2e53c5b006ec090,1,
7069,6809,2025-09-24,Debit Card,16.35,Failed,txn_a112b60524f34e5aac814da47c561a69,1,
7070,6809,2025-09-24,Debit Card,16.35,Successful,txn_36a6396024994fc0b904de178d47071e,2,7069.0
7071,6810,2024-12-05,Gift Card,135.17,Successful,txn_f7aa0c5da2ce46a58895bac81f8e4b6f,1,
7072,6811,2024-08-30,Debit Card,55.35,Successful,txn_79e62edf840e446c86c82f7232943ea8,1,
7073,6812,2025-10-01,Debit Card,1480.17,Successful,txn_c04b57529133499fa2d02d4554435e75,1,
7074,6813,2024-07-19,Credit Card,462.07,Successful,txn_182461f40dde4da392b0e2f6d63b0190,1,
7075,6815,2024-10-17,Amazon Pay,86.64,Successful,txn_27241f855e334fe6ac19ea9be4f9ae86,1,
7076,6816,2025-10-03,Gift Card,92.14,Successful,txn_5839f80bc1e948258db156a0d62cb121,1,
7077,6816,2025-10-03,PayPal,353.78,Successful,txn_709daf49ce5e49d88b46c06038f9feb5,1,
7078,6817,2024-10-01,Credit Card,16.48,Successful,txn_efd95bcba67f4655bea810e2e7688ab6,1,
7079,6818,2024-11-25,Gift Card,238.94,Successful,txn_eca9f62e963448c7b487d4e46d68fbde,1,
7080,6819,2024-09-19,Gift Card,235.34,Successful,txn_72a7cc94161940c7bead4aab40c3d7d9,1,
7081,6820,2025-11-28,Credit Card,226.16,Successful,txn_d677fd263b6a402f99c66b9ac9608fba,1,
7082,6821,2024-05-18,PayPal,281.07,Successful,txn_f393c24b4ddf42c2a1f7d5b44cd51de4,1,
7083,6822,2024-02-16,Debit Card,55.55,Successful,txn_baa60f1315fe4fc3984b821f33086e6c,1,
7084,6823,2024-12-15,Debit Card,242.1,Successful,txn_c7ee082214484c1a95f97a7ee7793995,1,
7085,6824,2024-12-02,PayPal,383.68,Successful,txn_cb7e848c91dd4d34a322af3a33ac3210,1,
7086,6825,2025-04-15,PayPal,322.26,Successful,txn_3a535e1256214317a9c28b13acb153ed,1,
7087,6826,2025-05-05,Gift Card,160.33,Successful,txn_142550d3fe974b73be51de9f272f2923,1,
7088,6827,2025-09-22,Credit Card,166.4,Successful,txn_204582559eb84785882dae5283459fa9,1,
7089,6828,2024-03-13,Debit Card,28.19,Successful,txn_b6abc21bb9664b2d8d0e5975d0050026,1,
7090,6829,2024-08-01,Credit Card,347.07,Failed,txn_19be94e3d3aa46629f7cc336a83d5bd2,1,
7091,6829,2024-08-02,Credit Card,347.07,Successful,txn_96ba2c5e5763431c99aafdcf179c19c6,2,7090.0
7092,6830,2025-08-17,PayPal,69.56,Successful,txn_0cce25d7c85346f88053752c3ef715c5,1,
7093,6831,2024-09-16,Gift Card,695.64,Failed,txn_da2cf0650d4a47c48eb8d85f7f7fe98a,1,
7094,6831,2024-09-17,Gift Card,695.64,Successful,txn_3e62caed4c2a45c0b79cc5265fb7d093,2,7093.0
7095,6832,2024-09-01,Gift Card,463.89,Successful,txn_b3fba5c3f2db46cfbc3067d9801d9c1e,1,
7096,6833,2024-01-06,PayPal,490.6,Successful,txn_ac765cc566d44233b05a415e10452770,1,
7097,6834,2024-06-19,Amazon Pay,243.83,Successful,txn_1be76e7297f64f7e8b34fcc7d98b22c2,1,
7098,6835,2025-11-28,Amazon Pay,170.76,Successful,txn_240a0d377d294c6a816ceff099c5d445,1,
7099,6836,2025-08-17,Gift Card,3928.98,Successful,txn_5d55e2ab15804edf9ee09a6093619c7e,1,
7100,6837,2024-01-20,Amazon Pay,105.39,Successful,txn_5e56b3a48fb840ff8057783576090780,1,
7101,6838,2025-11-25,Debit Card,651.4,Successful,txn_f68a52b619b84f03b65a0fccef11bcbc,1,
7102,6839,2024-06-18,PayPal,491.25,Successful,txn_e5b05800cc404057a5bb10a9dd58136b,1,
7103,6840,2025-04-06,Credit Card,324.8,Successful,txn_a059d2e0c98840ef9034b5a2b3213b5b,1,
7104,6841,2025-02-23,PayPal,204.74,Successful,txn_edb025fbd57e48c3bd8cd44b01cf4641,1,
7105,6842,2025-08-28,PayPal,261.36,Successful,txn_514e27a951f84a6ab23eaad666a85aec,1,
7106,6843,2025-05-12,PayPal,67.86,Successful,txn_cf74886f068247159f694465723b1fc4,1,
7107,6844,2024-12-20,Debit Card,278.58,Successful,txn_b1b69283d21940ab82805434728bebd0,1,
7108,6845,2025-05-07,PayPal,112.76,Successful,txn_2fc7e0f46c7e4910b2bdaec39c05d96e,1,
7109,6846,2024-07-03,Gift Card,618.52,Failed,txn_b154358c61c8471a9062a2666c8a0e76,1,
7110,6846,2024-07-05,Gift Card,618.52,Successful,txn_0ca531446b88496b83d219afd038610d,2,7109.0
7111,6847,2024-01-06,Credit Card,345.78,Successful,txn_b8bc66d18d74483484cf966a6f108fbf,1,
7112,6848,2025-09-03,PayPal,65.92,Successful,txn_731cbd053130403aa82a74f9b9596284,1,
7113,6849,2024-11-23,Gift Card,1337.83,Successful,txn_b42203de47674aeb8484e5f814a68c00,1,
7114,6850,2024-04-11,PayPal,43.54,Successful,txn_489338bbe6224973ab424e8af93fc12a,1,
7115,6851,2025-02-02,PayPal,98.26,Failed,txn_2e879fee02ce4cfb8f18953dd1afa2ac,1,
7116,6851,2025-02-02,PayPal,98.26,Successful,txn_13b5f13207354f15bfbc08917985c5e3,2,7115.0
7117,6852,2025-01-16,Gift Card,15.51,Successful,txn_0fbc347687ec4f5596a526300039bbba,1,
7118,6853,2024-02-08,Amazon Pay,912.0,Failed,txn_b3e848c8676a40cbac17448ef8ad7597,1,
7119,6853,2024-02-10,Amazon Pay,912.0,Successful,txn_fc00e5d51d47484ca7a4593fc12f5b31,2,7118.0
7120,6854,2024-02-13,PayPal,83.2,Successful,txn_cd224c8fca08443292dd8c0c150dea32,1,
7121,6855,2024-08-12,Amazon Pay,79.2,Successful,txn_4692c6d0c7ed4dff802acfece336f623,1,
7122,6856,2025-01-30,Credit Card,451.5,Successful,txn_5c408ed7e50d44eb8d4dd88dd6e12fa5,1,
7123,6857,2024-03-19,PayPal,215.74,Successful,txn_e28bc327154042c892f7abc64c34446f,1,
7124,6858,2024-09-11,Amazon Pay,156.24,Successful,txn_71ce0459444a4c448224e4ccffb588c1,1,
7125,6859,2024-06-05,Amazon Pay,453.44,Successful,txn_40662a5fcb314c49a9fead38f1ebf286,1,
7126,6860,2024-07-11,Amazon Pay,80.7,Successful,txn_348dda40a5874e76a7d8e293df8280e2,1,
7127,6861,2025-06-07,Credit Card,3031.46,Successful,txn_d7792a0e91464711b1c361fe9ab911b3,1,
7128,6862,2024-04-11,Debit Card,78.7,Successful,txn_2e518376fd3c4624b923e823cb7cf7ce,1,
7129,6863,2024-01-08,Gift Card,256.4,Successful,txn_1d51c4b4b2924a699ff7b1ff00589acb,1,
7130,6864,2024-04-10,Credit Card,197.4,Successful,txn_97bb5e29ac2b4ff2861e2734517b567c,1,
7131,6865,2025-03-28,PayPal,387.02,Successful,txn_f31e746f8ece4f1fa7c4edb71221af6f,1,
7132,6866,2024-10-17,Credit Card,53.6,Successful,txn_39da3bb856b2425b826fe206cabdaefa,1,
7133,6867,2024-03-23,Amazon Pay,70.5,Successful,txn_7c0b209f299c4cc09ffd2d215f7dcf9b,1,
7134,6868,2025-03-02,PayPal,293.15,Successful,txn_b8c9272fc5d444509115d54e6b94c767,1,
7135,6869,2024-06-30,Amazon Pay,56.54,Successful,txn_54df75c2fb1844d88ad32d919704e77c,1,
7136,6871,2025-09-03,Gift Card,41.36,Successful,txn_9bf21d0343e34cf3b9ccf90b5852cae1,1,
7137,6872,2024-08-06,Amazon Pay,108.85,Successful,txn_bf15ca33b72b490787d8a714bf4fc593,1,
7138,6873,2024-01-08,Gift Card,45.66,Successful,txn_44dbb1ed1f8c4c26945a6f86340bd4be,1,
7139,6874,2025-04-25,Debit Card,252.78,Successful,txn_eadd3426aa584a47acc81fc76bc2a2c3,1,
7140,6875,2025-12-26,Gift Card,406.0,Successful,txn_6b470fd856c04a1f8f2bde885dfd733a,1,
7141,6876,2024-11-16,Amazon Pay,180.09,Successful,txn_1c88801ffe80481498fc51518ac00f4e,1,
7142,6877,2025-02-27,Debit Card,400.2,Successful,txn_405c2529119948d2977ec742fe93769f,1,
7143,6878,2024-09-20,Credit Card,379.9,Successful,txn_48e76752a3334eaa8e428b13a5cfe941,1,
7144,6879,2025-04-18,PayPal,195.24,Successful,txn_0c3603ff06e346b2b69dff652646fbc4,1,
7145,6880,2025-09-15,Debit Card,18.4,Successful,txn_dc1a9cd533144967a73bbc26da82944b,1,
7146,6881,2025-05-20,Credit Card,138.45,Successful,txn_991e0c52d33344559d378963eb6630dc,1,
7147,6883,2025-12-23,Credit Card,176.56,Successful,txn_2b1adfd8ebd0440289bc092ef7f16adf,1,
7148,6884,2025-04-27,Amazon Pay,86.64,Successful,txn_5ca5fc40bf37405883b82f1124d89638,1,
7149,6885,2025-04-14,Gift Card,230.56,Successful,txn_18a5a94f91164c86b9a3acb9aee27abc,1,
7150,6886,2025-09-14,Amazon Pay,426.9,Successful,txn_9853af8fe1ac49a88312c551e170137d,1,
7151,6887,2024-09-15,Gift Card,192.55,Successful,txn_c809924fa2b7401b9589e50f29b01938,1,
7152,6888,2024-03-26,Debit Card,263.2,Successful,txn_f854b92927d148db8839b4ca25750b81,1,
7153,6889,2024-09-01,Amazon Pay,29.42,Successful,txn_9288d93d096a4fc2bcff453fde7d938b,1,
7154,6890,2024-05-19,PayPal,291.6,Successful,txn_26003364e2244fe583b31075ceca0861,1,
7155,6891,2024-09-08,Gift Card,813.03,Successful,txn_f007c9ff361341f1b70684fb96c6e360,1,
7156,6892,2024-09-10,Credit Card,293.15,Failed,txn_40813e10c61c488ba7ccddaa3973bd94,1,
7157,6892,2024-09-11,Credit Card,293.15,Successful,txn_367029a166604ceca2f8d410844267a9,2,7156.0
7158,6893,2025-05-02,PayPal,226.4,Successful,txn_4c11b3efef7e44e7b135c29b91d1db88,1,
7159,6894,2025-11-22,Debit Card,453.44,Successful,txn_7b77eba214eb4474ab92bd18a4e4bdff,1,
7160,6895,2025-10-25,PayPal,292.86,Successful,txn_d7078df7d29a4623b15f1c25765e773b,1,
7161,6897,2025-05-12,Debit Card,487.66,Successful,txn_c7daf59f2a0b4d298081299404fddbdf,1,
7162,6898,2025-06-05,Gift Card,276.6,Successful,txn_123d1115f2be476a8d564b5e7d51f24d,1,
7163,6899,2025-02-08,Debit Card,622.7,Successful,txn_27c7a77ea0e64808a51742344e58bad1,1,
7164,6900,2025-04-17,Amazon Pay,192.55,Successful,txn_a1c72a8f01a34cdfbf29bebb6b64ee43,1,
7165,6902,2024-12-06,PayPal,11.5,Successful,txn_97f12160317e4a29bc74111f88a1526b,1,
7166,6904,2025-12-12,Gift Card,456.73,Successful,txn_302c70ba59ae4f88a22a24791ff20d1e,1,
7167,6905,2024-04-15,Debit Card,293.15,Successful,txn_6632d622e8e64fdb84fbb75b69f3668f,1,
7168,6906,2024-05-29,Amazon Pay,113.14,Failed,txn_abbf369a9600432aa2f4c8d22fcc8b4d,1,
7169,6906,2024-05-29,Amazon Pay,113.14,Successful,txn_77df508d5a924c0e8576ddd8ebac373e,2,7168.0
7170,6907,2025-03-10,Amazon Pay,144.06,Successful,txn_157ba587f10445699fb45d2924550b02,1,
7171,6908,2025-05-25,Debit Card,84.77,Successful,txn_067f6a56dec34272a76fd9d9ab7910ac,1,
7172,6909,2025-02-26,Debit Card,60.27,Successful,txn_3dcd0176983a47e8968ce73a32e7b2e7,1,
7173,6909,2025-02-26,Gift Card,20.13,Successful,txn_87d84ebf99a44174b23e9a2b15e2ac1f,1,
7174,6910,2025-11-25,Amazon Pay,299.91,Successful,txn_dad67db345044173b37b3866bd12a7ca,1,
7175,6911,2025-02-04,PayPal,42.57,Successful,txn_6121d12f90484a18a6842c530fabdc58,1,
7176,6912,2024-07-20,Gift Card,63.4,Successful,txn_d80f1c0110494577a69229db98452616,1,
7177,6913,2024-10-09,Debit Card,719.8,Successful,txn_43d9c679ef1742a08492f057852cd6f7,1,
7178,6914,2024-03-21,Debit Card,80.4,Successful,txn_52671853ea394f588e1314bd3a5f8d75,1,
7179,6915,2025-09-05,Gift Card,264.84,Successful,txn_468611f6f9fa40b29341d259eca9fcfa,1,
7180,6916,2024-06-26,Debit Card,83.2,Successful,txn_d4f5d205462041adbad1d26554594c20,1,
7181,6917,2025-11-18,PayPal,5.4,Successful,txn_e68d5faabc16460c845fe880a0e524fd,1,
7182,6918,2024-10-13,Credit Card,115.26,Successful,txn_47f72b7171ad42eea0e68fb8ff34fb76,1,
7183,6919,2024-04-04,Debit Card,45.45,Successful,txn_5e46b16f98724613aef679ed5b5bdb22,1,
7184,6920,2024-08-12,Credit Card,539.22,Successful,txn_9044bf25f1394cb7b899a582540482b2,1,
7185,6921,2024-03-22,Debit Card,421.56,Failed,txn_f1571c3012bb46cabe7f287bcf122c6c,1,
7186,6921,2024-03-23,Debit Card,421.56,Successful,txn_b856c194b1504b9fa7fff72049b42199,2,7185.0
7187,6922,2024-03-21,PayPal,271.01,Successful,txn_9ea3f10d73b7409e98867f91e1dbbd7e,1,
7188,6923,2025-06-23,Debit Card,68.13,Successful,txn_ffea9165e08e418e962538032ef969cf,1,
7189,6924,2024-07-28,Amazon Pay,455.88,Successful,txn_ed4ae37ed4ad40cebeafa0e6671553ad,1,
7190,6925,2024-02-04,Amazon Pay,917.21,Successful,txn_cbdcfd48be484a1ea5ce9060a2dd35cf,1,
7191,6926,2024-02-11,PayPal,569.52,Successful,txn_b8a6ce5b602c4a8195cc4c7742245c5c,1,
7192,6927,2025-11-12,Debit Card,161.58,Successful,txn_69e285c009ba4b38897300abb1f3ddc1,1,
7193,6928,2024-05-14,Debit Card,88.26,Successful,txn_02269c48899e4b01815d54dd84a6a0c5,1,
7194,6929,2025-07-24,PayPal,246.52,Successful,txn_ea452793148447178c21501da299b117,1,
7195,6929,2025-07-24,Debit Card,95.0,Successful,txn_2dd5ef2341354b3798ec12c79b486a25,1,
7196,6930,2025-07-29,Debit Card,66.96,Successful,txn_e9799d3d0a644a269494ca493c9ac709,1,
7197,6931,2024-08-28,Gift Card,52.06,Successful,txn_57a0e8d2a89a4d53a6ec28ce77b6a249,1,
7198,6931,2024-08-28,PayPal,38.5,Successful,txn_ff59ad73eefb4e169a9e6bbccca36ab9,1,
7199,6932,2025-07-02,PayPal,895.45,Successful,txn_c0bdd66da59b452d9f42981c4b9a086e,1,
7200,6933,2024-10-22,Amazon Pay,718.96,Successful,txn_6a4c8388db994c85b7cad763b1c393af,1,
7201,6934,2025-05-15,Debit Card,462.07,Successful,txn_dc3bcbc9208542df952916fd26ab0b61,1,
7202,6935,2024-10-07,Gift Card,409.98,Successful,txn_f64ccc306d21497b88c69d8cc35c7ca3,1,
7203,6936,2025-07-02,Credit Card,675.46,Failed,txn_74aec6ab3c874d9da18209de5e42ffd4,1,
7204,6936,2025-07-03,Credit Card,675.46,Successful,txn_4c1a77381be143dabca5746b312f867e,2,7203.0
7205,6937,2025-01-26,Credit Card,385.29,Successful,txn_509f4bdea6d94835bdd4003dfeca1325,1,
7206,6937,2025-01-26,Amazon Pay,510.16,Successful,txn_f3b9333e8fa94f13a45dd5be4ba5e8ce,1,
7207,6938,2025-07-22,Gift Card,52.63,Successful,txn_018cb5e607f348978de08d4082d189df,1,
7208,6940,2024-06-19,Amazon Pay,192.5,Successful,txn_9528d144847648b3b41b0f75caaca072,1,
7209,6941,2024-11-03,Amazon Pay,9.9,Successful,txn_1e1ea772959f46cf843988b735dce402,1,
7210,6942,2025-11-16,Gift Card,76.9,Successful,txn_7927bbe97e0e4357aaadaf05219deabb,1,
7211,6943,2024-07-29,Amazon Pay,168.48,Failed,txn_136cfbdd2ff44cb79d0f2d9afc3766dc,1,
7212,6943,2024-07-30,Amazon Pay,168.48,Successful,txn_c8e99f6e47b9476381ff15c1e517df9b,2,7211.0
7213,6945,2024-01-28,Debit Card,674.56,Successful,txn_2d32966c909d44db918118cba34925fe,1,
7214,6946,2025-05-07,Gift Card,274.44,Successful,txn_0860ba9059b84a11b61ea3455a5b4438,1,
7215,6947,2025-08-15,Credit Card,486.21,Successful,txn_42899b5c04674b14b748fac34a6f7288,1,
7216,6948,2025-05-06,Amazon Pay,69.66,Successful,txn_0691e5fd201b4e23a371a202ef3e2515,1,
7217,6949,2025-05-30,Amazon Pay,14.19,Successful,txn_b83297b595354a159671e83f121b80f0,1,
7218,6950,2024-07-07,Credit Card,170.31,Successful,txn_e5d3e7f635204256876c03f49c7de2b0,1,
7219,6951,2025-04-27,Amazon Pay,375.8,Successful,txn_5821fc53b82248338f2656b86d694cef,1,
7220,6952,2025-11-02,Debit Card,1250.3,Failed,txn_00c4abcbcb6b4b94b924b0f771578fb2,1,
7221,6952,2025-11-03,Debit Card,1250.3,Successful,txn_56c7e4576489464bb82ab396189cc2fa,2,7220.0
7222,6953,2024-02-18,Credit Card,484.65,Successful,txn_884b4c13ec8d476db93077ba0b30a7f9,1,
7223,6954,2024-12-14,Gift Card,569.52,Successful,txn_590d8417fc664a5fa5b028f77ff27262,1,
7224,6955,2024-04-28,Amazon Pay,553.45,Successful,txn_4905ad7ff9054c1db3d0282fb2e993b9,1,
7225,6956,2024-03-06,PayPal,205.12,Successful,txn_ddc0df604d7b42f0b9801f03756267c6,1,
7226,6957,2024-02-15,Amazon Pay,359.48,Successful,txn_c7f865fd87d64f849c3fc091aa580eec,1,
7227,6958,2024-06-01,Credit Card,197.04,Successful,txn_7493581c5bef4facaaa0677e18a18a86,1,
7228,6960,2025-03-09,Amazon Pay,626.91,Successful,txn_1184a25a43b24457a7d373623fe05e43,1,
7229,6961,2025-08-16,Debit Card,564.52,Successful,txn_e67df96340d94248ab34e33ae56729f8,1,
7230,6962,2024-03-30,PayPal,104.49,Successful,txn_73abf325530848d7bcccf9ff35a6718d,1,
7231,6963,2025-03-29,Debit Card,196.52,Successful,txn_b026cc0c04544cd5be4ff32291cd17b2,1,
7232,6964,2025-07-13,Amazon Pay,117.26,Successful,txn_ea2b438879cc478c92aed0cd42b1d897,1,
7233,6965,2024-02-08,Debit Card,271.01,Successful,txn_a9b205c681434db7b2bf41344ed45447,1,
7234,6966,2024-06-29,PayPal,35.66,Successful,txn_f99aad399a044be78efefb71b0f9a0ec,1,
7235,6967,2024-08-16,Debit Card,388.8,Successful,txn_1cfda4d5c86e4381bd1b8c735690610b,1,
7236,6968,2025-05-03,Credit Card,102.39,Successful,txn_9b153216f58445a687a4b7530a904c0b,1,
7237,6969,2024-11-02,Debit Card,282.85,Successful,txn_0c24eb1a438144c582cc5f8d70677ce9,1,
7238,6970,2024-03-09,Amazon Pay,209.5,Successful,txn_2033c1c0ffd848d5bc74c46a20d00de6,1,
7239,6971,2025-02-24,Gift Card,42.46,Successful,txn_9ce5b12b808842aba1717926437a148f,1,
7240,6972,2025-06-20,PayPal,631.95,Successful,txn_7cd2aca8bb1442349a7013f5011b187d,1,
7241,6973,2025-02-20,PayPal,277.65,Successful,txn_d44310938ba44741a59c54254b0be6f9,1,
7242,6974,2024-06-16,PayPal,339.08,Successful,txn_71546949609d41e980ab4b8cf77b8305,1,
7243,6975,2024-06-06,Debit Card,96.04,Successful,txn_331cd0fc663b4a08ad858ed89157f2fb,1,
7244,6976,2024-11-26,Credit Card,1458.63,Successful,txn_289c011c1e5241d0b30b1aa0b3c00bd4,1,
7245,6977,2025-12-31,Debit Card,160.49,Successful,txn_8917478066de46678c1cf114b82c7a83,1,
7246,6978,2025-11-21,Debit Card,594.56,Successful,txn_5f4a31923c384b888b99c0a0c1b1f90d,1,
7247,6979,2025-11-07,Credit Card,389.12,Successful,txn_dd0cfd91fb0e4adea27f75326da1738e,1,
7248,6980,2025-06-24,Debit Card,69.56,Successful,txn_ae515bc62a714aaa95ee104d9f06c7ca,1,
7249,6981,2024-03-03,Amazon Pay,625.15,Successful,txn_59d46cf6808a4de49a97bf653287f31a,1,
7250,6982,2025-06-17,Credit Card,5.05,Successful,txn_a833364e31c44089808939a508bbe74a,1,
7251,6983,2025-10-12,Amazon Pay,165.96,Successful,txn_9a83e5e80f844f39baa34276b14df824,1,
7252,6984,2024-12-29,Debit Card,41.9,Successful,txn_81f6aa7d96564b8ea801efac25fbc47d,1,
7253,6985,2025-11-29,PayPal,163.32,Successful,txn_f9c38ecc86424a70babd2b954755b155,1,
7254,6986,2024-02-16,Debit Card,578.45,Successful,txn_6c4dc515766a414b8f8be70f8fc066f0,1,
7255,6987,2025-06-30,Gift Card,402.78,Successful,txn_e7bae6d5c79645f8b0fe34e6a539383d,1,
7256,6988,2025-08-15,Credit Card,83.05,Failed,txn_22cda731c36940daa5b7c4ac43e632c8,1,
7257,6988,2025-08-16,Credit Card,83.05,Successful,txn_9ee3dadbe77d4a7eabd3b06d06bce56e,2,7256.0
7258,6989,2025-08-29,Credit Card,98.4,Successful,txn_02d52d31363d49b5a61b4a72a2aaaf13,1,
7259,6990,2025-01-31,Gift Card,113.46,Successful,txn_9c997161944848e889d5058a7f4280ec,1,
7260,6991,2024-04-22,Amazon Pay,215.74,Failed,txn_c1feac6cc81d41ffb8956d93ac1f62f6,1,
7261,6991,2024-04-23,Amazon Pay,215.74,Successful,txn_1bd6e8692fb4467bb23490172a2ed93d,2,7260.0
7262,6992,2025-03-14,Credit Card,172.34,Successful,txn_279663c0d2504f1e812bbab7d01d7c66,1,
7263,6993,2024-03-10,Gift Card,767.36,Failed,txn_c680b28401534e2c80b157ee9b2a217c,1,
7264,6993,2024-03-12,Gift Card,767.36,Successful,txn_e7d9f447e0e24a6e8d8cfe880cef519b,2,7263.0
7265,6994,2024-04-21,Gift Card,215.74,Successful,txn_daef2a97639144fd934ce7f40a91999a,1,
7266,6996,2025-12-29,PayPal,166.59,Successful,txn_560f66099dfb45a3b17587335f4c1856,1,
7267,6997,2024-09-17,Gift Card,341.52,Successful,txn_beb48104fb744ad6b72d978f23ad7587,1,
7268,6998,2024-02-03,Amazon Pay,34.83,Successful,txn_2f19f92c52ac4507b30d6d9a91c98af4,1,
7269,6999,2025-03-14,Amazon Pay,197.04,Successful,txn_43f73efcc7d0412390f1e6837e10f738,1,
7270,7000,2024-05-19,Debit Card,235.14,Successful,txn_80d256d554d7470aaf16d0916f5b0e9b,1,
7271,7001,2024-06-05,Credit Card,150.6,Successful,txn_b9b23518cad74e84a7e8050d114f7fac,1,
7272,7002,2025-03-11,Credit Card,423.84,Successful,txn_e65134c99c694134a7f063283dc74147,1,
7273,7003,2025-10-28,Debit Card,49.05,Failed,txn_5b30f6597a4446059a53bef710496e0b,1,
7274,7003,2025-10-28,Debit Card,49.05,Successful,txn_c0b9427a23094ab7929afafe6c38f0ae,2,7273.0
7275,7004,2024-09-27,Credit Card,2974.46,Successful,txn_bd3b9e2a94f64d82bf45651ef1c1b152,1,
7276,7005,2024-01-12,PayPal,286.65,Successful,txn_2e11b6bb50bb4a8ea7f5fccbe1769bb9,1,
7277,7006,2024-08-31,Credit Card,304.0,Successful,txn_2cc75fc40ec84d219abe118c1492031c,1,
7278,7007,2025-01-04,Credit Card,231.38,Successful,txn_f1164cd892cb435ab4c6c6549c0407b3,1,
7279,7008,2024-03-02,Credit Card,304.0,Successful,txn_a5882ce2b32b48698b47b3d78eb64ea1,1,
7280,7009,2025-06-18,Amazon Pay,261.36,Successful,txn_f116dd80b4a34f7dacb1fa1560848213,1,
7281,7010,2024-05-11,Amazon Pay,1488.3,Successful,txn_0c93dc6f18ae4aaa9e50d2d716780840,1,
7282,7011,2024-02-02,Gift Card,2155.36,Successful,txn_112d9e65626a42d2baf1642b3dfb0199,1,
7283,7012,2025-02-22,Debit Card,108.51,Successful,txn_bc0f8fa61ba747fa8d104efd18e98e73,1,
7284,7012,2025-02-22,Credit Card,233.01,Successful,txn_6d79e21842334b358e0577449cabe2b0,1,
7285,7013,2024-06-05,Gift Card,90.84,Successful,txn_f36d126012ce42f395ffb24780df6f79,1,
7286,7014,2024-01-27,Amazon Pay,23.0,Successful,txn_c973d2820faf4313ba272a241bf2340a,1,
7287,7015,2024-04-05,Amazon Pay,76.49,Successful,txn_11c7cd430a194ff4a4b62ebe009fa3f3,1,
7288,7015,2024-04-05,Debit Card,109.03,Successful,txn_998020e87e4049008e7eccba77256ef5,1,
7289,7016,2024-06-10,PayPal,193.51,Successful,txn_16ba0aaab8f14540a526b42ca6ee143e,1,
7290,7017,2025-08-16,Credit Card,1250.3,Successful,txn_a80a932c224543ba96ac236a253c6139,1,
7291,7018,2024-02-13,PayPal,847.68,Successful,txn_0353246df44c46bb86cfb993e52adea1,1,
7292,7019,2025-01-16,Amazon Pay,329.0,Successful,txn_bc92d4fdbfbf46b6a53d91b92a90758d,1,
7293,7020,2025-07-04,Gift Card,1096.96,Successful,txn_ef0c803990f0410d857f5fa9e81ad150,1,
7294,7021,2024-05-02,Debit Card,626.91,Successful,txn_9fccb5f2a85d42869955eb6c3bd54838,1,
7295,7022,2024-10-26,Credit Card,58.68,Successful,txn_aab1f7def102414a8db950e6a3509791,1,
7296,7023,2024-10-29,Amazon Pay,2285.38,Successful,txn_723fc9195046457fa0a2de7a52bbb514,1,
7297,7024,2025-09-07,Gift Card,462.76,Successful,txn_1665cdd33d07431e8dea8af6b98191ea,1,
7298,7025,2024-08-25,Amazon Pay,34.78,Successful,txn_1ee5a3ed32604d199ebfaa189d6fe248,1,
7299,7027,2025-03-31,Credit Card,33.22,Successful,txn_b19313319c8042f88ecec903a78ec9d4,1,
7300,7028,2025-03-24,Gift Card,174.24,Successful,txn_16414c4ffc364fd6bb4a4ea32dbdee6f,1,
7301,7029,2025-11-29,PayPal,470.16,Successful,txn_4db697f3faa044d8af0272cd82d1b549,1,
7302,7031,2025-07-19,PayPal,34.5,Successful,txn_bec7c6269ba049f885be96efea685241,1,
7303,7032,2024-08-15,Gift Card,48.02,Successful,txn_1ac2c14fe0b34aa4989258952581b96c,1,
7304,7033,2024-02-28,Amazon Pay,106.28,Successful,txn_81302d5caacc459c884a7ba9f810acde,1,
7305,7034,2025-10-08,Amazon Pay,265.93,Successful,txn_bd84a08768e84347abfec25bf18d969c,1,
7306,7035,2025-04-27,Amazon Pay,139.14,Successful,txn_6ad6e682ae984f0f88d379f039bbf2c5,1,
7307,7036,2025-05-06,Gift Card,56.38,Successful,txn_c70bbf87e39b49579b584f6d6bdabf22,1,
7308,7037,2024-05-11,Amazon Pay,221.58,Successful,txn_324adb7bb32f4db694595c34187f136b,1,
7309,7038,2024-12-29,Gift Card,222.92,Successful,txn_baed046c5ab5435ea7b7883fa5beb9eb,1,
7310,7039,2024-01-26,Credit Card,346.79,Successful,txn_c1f318d8ab3440408662775a10a79cff,1,
7311,7039,2024-01-26,Amazon Pay,565.21,Successful,txn_86f4f8812a0d4f22add2b0b989c55437,1,
7312,7040,2024-02-02,Credit Card,102.3,Successful,txn_cf2ecb80c36e468eafea0443965bc8d2,1,
7313,7041,2025-02-27,Credit Card,1391.28,Successful,txn_738287dc30d64acb8cdb3ed51ea6a831,1,
7314,7042,2025-12-19,Gift Card,487.95,Successful,txn_12a98189e4e84d5ea15fb57dec2a9ff7,1,
7315,7043,2025-05-10,Gift Card,235.08,Successful,txn_23f19d94e37447a49a619c5c929633f1,1,
7316,7044,2024-04-08,Credit Card,603.66,Successful,txn_4ffe1754007c487d954cc004e755a8ef,1,
7317,7045,2024-01-13,Amazon Pay,2974.46,Successful,txn_e909f897acc941edadb955fa81bd0aa8,1,
7318,7046,2025-10-24,Amazon Pay,463.89,Failed,txn_5ba8a782db5b41b2b4559152664a7af9,1,
7319,7046,2025-10-24,Amazon Pay,463.89,Successful,txn_c366965f03344ae6ae946d7f99efd4aa,2,7318.0
7320,7047,2025-02-13,Credit Card,220.36,Successful,txn_db490a012970480fabed5c5127d06e46,1,
7321,7048,2025-04-27,Credit Card,91.32,Successful,txn_e2a0de27338a4545818cd5e6b1c0902a,1,
7322,7050,2024-08-19,Debit Card,2976.6,Successful,txn_dc7488431a39436b87c554390eb8da73,1,
7323,7051,2025-03-26,Debit Card,491.3,Successful,txn_71018c3804d442c8aac32aa6a12ade9c,1,
7324,7052,2025-05-06,Credit Card,166.59,Successful,txn_036564911d134eedb6e76151e4fb5eb6,1,
7325,7053,2024-03-21,Gift Card,725.04,Successful,txn_30472173629d4685b0fd51a6b540f316,1,
7326,7054,2025-06-23,Gift Card,537.04,Successful,txn_a4502c20156a4db597aa7c622567f31d,1,
7327,7055,2025-11-05,Credit Card,203.0,Failed,txn_f67709f93bf84f39b881bc26b822f524,1,
7328,7055,2025-11-06,Credit Card,203.0,Successful,txn_ca03d638099a4da5acd199b770d00be4,2,7327.0
7329,7056,2024-03-28,PayPal,1391.28,Successful,txn_22b9778ccc6246f5a7341823ebe52907,1,
7330,7057,2025-11-13,Debit Card,192.55,Successful,txn_4a7010d0f7614d389975cf68ccd2fb58,1,
7331,7058,2025-08-06,Gift Card,975.9,Successful,txn_a38c3f2566f14eacb1ae251c9ef2f0da,1,
7332,7059,2025-11-06,Gift Card,174.96,Successful,txn_0ee9c16c104d4249b004a5f61ec2fbee,1,
7333,7061,2025-08-13,Amazon Pay,277.65,Failed,txn_426e756f22a040ea8322ae5304195f7d,1,
7334,7061,2025-08-15,Amazon Pay,277.65,Successful,txn_71fe57f40d8f45099ba67f56f01d5d94,2,7333.0
7335,7062,2024-02-13,PayPal,1480.17,Successful,txn_9bb33bdab49e4bf783bb8ae636a332ab,1,
7336,7064,2025-10-26,Amazon Pay,847.68,Successful,txn_5eafa0948e7d412db1ee1641a22e647a,1,
7337,7065,2025-01-29,Gift Card,126.36,Successful,txn_4df93b30fb914662bf13fae91a5e741d,1,
7338,7066,2024-04-23,Debit Card,483.36,Successful,txn_20a1868eb4f644a48966af141d2797ba,1,
7339,7067,2025-12-04,Gift Card,88.26,Successful,txn_8f28feb4117c4b46a9411da3f80dc0ed,1,
7340,7069,2025-03-11,Amazon Pay,128.24,Successful,txn_d2b7e7c83e684d3693a2ce0b21bf3731,1,
7341,7070,2025-04-29,Debit Card,393.6,Successful,txn_52243549ecb145cd942231f4148ef7d8,1,
7342,7071,2024-12-29,PayPal,184.8,Successful,txn_9784bfab192e4904a65708b2999d5473,1,
7343,7073,2024-06-17,PayPal,214.84,Failed,txn_6fb7cd1f80494c8db2f69750bcd4c498,1,
7344,7073,2024-06-17,PayPal,214.84,Successful,txn_a3774f5c2821485fa97462ff04e1ff43,2,7343.0
7345,7074,2024-11-05,Gift Card,84.92,Successful,txn_2379f9924cd34ac4949bc50763c505e2,1,
7346,7075,2025-11-29,PayPal,29.11,Successful,txn_5b68f89f8e5b419ebc395f7a9cfa1654,1,
7347,7075,2025-11-29,Gift Card,61.37,Successful,txn_d5a6e5fe436546b796d1745e32d4a6a1,1,
7348,7076,2024-11-05,Gift Card,913.46,Successful,txn_628e1399866e49178a1cfb2d949f86f1,1,
7349,7077,2025-05-05,Debit Card,3031.46,Successful,txn_16f07ddf1827459e9d37f2a3a6d14704,1,
7350,7078,2024-01-09,PayPal,307.68,Successful,txn_6e2152b765324122ba3c195d7e445a7d,1,
7351,7079,2024-05-25,Gift Card,433.53,Successful,txn_e3e7837fbf06421c96e563651a89592d,1,
7352,7080,2025-06-04,Gift Card,823.32,Successful,txn_b3aeeebcc22241989301a6237a050970,1,
7353,7081,2024-12-12,Debit Card,74.52,Successful,txn_aedb0edf0f7545ae8eee2298a45d600b,1,
7354,7082,2024-10-21,Debit Card,383.68,Successful,txn_b26affc0714843ccaf6b3675fad65254,1,
7355,7083,2025-06-19,Credit Card,794.7,Successful,txn_b9662aa9bfe642c7b972083e6c187d16,1,
7356,7084,2025-10-23,PayPal,608.0,Successful,txn_b4fb3fe7eb274a6e911a4796696e9fed,1,
7357,7085,2024-11-04,Amazon Pay,445.84,Successful,txn_412995cd7265498cb0f888caa63a0f25,1,
7358,7086,2024-10-18,Debit Card,68.13,Successful,txn_41ec0c7a41f04b2c820a066a7f91479c,1,
7359,7087,2024-10-25,Gift Card,153.84,Successful,txn_2f0ca4891f924c7a9bbb2230ea1332d6,1,
7360,7088,2025-11-07,Credit Card,244.98,Successful,txn_15a63ef1e61540b8926c47be6cca790b,1,
7361,7089,2024-12-12,Amazon Pay,564.84,Successful,txn_0b12c01314d24d408d58f61163f2f352,1,
7362,7090,2025-04-07,Amazon Pay,52.63,Successful,txn_8b90616725c745528dc1ae8d286cb66c,1,
7363,7091,2025-09-23,Debit Card,320.66,Failed,txn_1842809e228a4312a826c7981250234f,1,
7364,7091,2025-09-23,Debit Card,320.66,Successful,txn_d7cdfcddf33a4f1f88dc769c80a661a8,2,7363.0
7365,7092,2025-10-07,Amazon Pay,924.14,Successful,txn_7f43a4835a0044a0b73fce453032f439,1,
7366,7093,2024-08-14,Credit Card,900.0,Successful,txn_0ef99bebe61f477280f6a9247a895ed4,1,
7367,7094,2025-04-28,Amazon Pay,146.77,Successful,txn_85d9c869ccc8432b89cb3d4ae38be22c,1,
7368,7095,2025-07-12,Gift Card,195.24,Successful,txn_1ebd0888aa8f446c95aba43fd111650f,1,
7369,7096,2025-08-20,PayPal,11.68,Successful,txn_fd3ad5f890cd4a2795ff78d417c83c7e,1,
7370,7097,2025-04-03,Credit Card,557.52,Successful,txn_026016b0135c419fb244a9f66ef2ba4c,1,
7371,7099,2025-01-21,Credit Card,1421.46,Successful,txn_a73867043e4f492eb76e84673a35602e,1,
7372,7100,2025-04-03,Debit Card,33.6,Successful,txn_23cb15c88e284ccc938b6f172276e5c7,1,
7373,7101,2025-12-15,Credit Card,161.37,Successful,txn_27df436ef73c4c10aa1016f3b3a8f20a,1,
7374,7102,2025-12-28,Credit Card,263.2,Successful,txn_48827ba696a144388e360055cf9d6e96,1,
7375,7103,2024-01-03,Debit Card,711.9,Successful,txn_51a624c5c8bf4292a8196583fcb7708c,1,
7376,7104,2025-01-24,Debit Card,329.0,Successful,txn_8d2ebc8a5b414efe9e4a0a5b0bafe608,1,
7377,7105,2024-07-01,Credit Card,80.04,Successful,txn_edf277d0e15f4f7199ca93ebb13e881b,1,
7378,7106,2024-07-09,Debit Card,292.86,Successful,txn_a1518084f19b4c1bb1d02449a9752693,1,
7379,7107,2024-04-06,Credit Card,160.8,Successful,txn_e533c01d234f410384ffad512b681d7a,1,
7380,7108,2024-07-01,Credit Card,25.85,Successful,txn_cb4ed50ed0aa4e84b81619144ed704a7,1,
7381,7110,2025-12-29,Gift Card,301.83,Successful,txn_8c1c4927323a4a9f85d0b923a450c05b,1,
7382,7111,2025-06-18,Amazon Pay,148.08,Successful,txn_376bce7875b0445c96afcb7d80330f2c,1,
7383,7112,2025-04-30,Gift Card,393.6,Successful,txn_ad814ed37a4c40abb14894447acf9a3e,1,
7384,7113,2025-06-25,PayPal,484.65,Successful,txn_e0a1573c6534427b81fbd3fab04f3c56,1,
7385,7114,2024-07-09,PayPal,148.08,Successful,txn_a92ea04921254e828607614be6997d44,1,
7386,7115,2025-04-18,Credit Card,1250.3,Successful,txn_68148495c7314bcfb77cb6b878261ba4,1,
7387,7116,2025-08-11,Credit Card,96.18,Successful,txn_83c781642ce74b648ae54589e67ce2db,1,
7388,7117,2025-09-03,Debit Card,675.85,Successful,txn_5511dcc6657f4723be9be6e694dbabeb,1,
7389,7118,2024-01-29,PayPal,74.03,Successful,txn_30fd1f52ea5d441e978dfc88816aeea4,1,
7390,7119,2025-01-02,PayPal,259.82,Successful,txn_c9fb91ef956d43508f195992191cd900,1,
7391,7120,2024-02-04,Credit Card,229.6,Successful,txn_f46d963d367f4158833e41fee2c98872,1,
7392,7122,2025-12-03,Amazon Pay,168.48,Successful,txn_dbd4f6aca93e4a3b9734ceffd704689d,1,
7393,7123,2024-02-06,Debit Card,278.28,Failed,txn_429acea19aba4010bfa9269203f572c4,1,
7394,7123,2024-02-07,Debit Card,278.28,Successful,txn_09e38714576e44ca85e63121160e89cb,2,7393.0
7395,7124,2024-07-02,Credit Card,22.71,Successful,txn_bca649fad2c84873a86b7d0e3fc2624d,1,
7396,7125,2024-03-20,Gift Card,15.74,Successful,txn_2bb2d0fe3c2948afb4f82fab11269e62,1,
7397,7126,2025-09-06,PayPal,197.4,Successful,txn_07e1ab23d8384fe0a79b38125bf508ef,1,
7398,7127,2024-12-30,Amazon Pay,276.12,Successful,txn_5e2b0fb9d9a84a959b4bf2507f8a1ad7,1,
7399,7128,2025-12-01,Debit Card,53.71,Successful,txn_683ad6d6d07a48cbaafe12e92c2e2b51,1,
7400,7129,2024-03-09,Debit Card,44.64,Successful,txn_ab8b6e544c0346c283ce80b5b7c508fc,1,
7401,7130,2025-01-01,Amazon Pay,230.75,Successful,txn_acdf4a06eeb441ed803a1336f69f8f6a,1,
7402,7131,2024-07-19,Amazon Pay,2974.46,Successful,txn_c639b41961d343839f57bf4a8d32322b,1,
7403,7132,2025-12-18,Credit Card,122.49,Successful,txn_4a0967d8a2ea47e08b604c2b74388229,1,
7404,7133,2024-06-23,Credit Card,54.36,Successful,txn_cb92f496b0e049f4a4ab24514956516e,1,
7405,7134,2024-01-30,PayPal,1151.04,Successful,txn_c93adb1a020949948a716437d86e080e,1,
7406,7135,2024-10-20,Amazon Pay,445.84,Successful,txn_0ba20130b3404913853442547eb21e04,1,
7407,7136,2024-06-03,PayPal,383.68,Successful,txn_9ebda6c441f04df9a9ef59c2358b69a4,1,
7408,7137,2024-04-23,PayPal,917.21,Successful,txn_f4e3efe5da97495bae3c3f7c30b2acb3,1,
7409,7138,2024-10-11,Gift Card,51.24,Successful,txn_713e66c735734726a51edc419a9de180,1,
7410,7139,2024-10-22,Amazon Pay,1391.28,Successful,txn_1835aba5057d418a922c9941b15e5edf,1,
7411,7140,2024-10-16,Gift Card,173.28,Successful,txn_d8614917c8164085b45188baa9dfca40,1,
7412,7141,2024-08-08,PayPal,1142.69,Successful,txn_051310ac56154e90b1f138d9170f2016,1,
7413,7142,2025-05-30,Debit Card,204.15,Successful,txn_58ffae7b1be44c05810a174b4beb1b16,1,
7414,7143,2024-02-25,Gift Card,245.25,Successful,txn_74bda44f3bcf402692cf47bac0003dea,1,
7415,7144,2025-10-08,Gift Card,23.0,Successful,txn_2be7aee7133e441181effc86ef9227fa,1,
7416,7145,2024-07-22,Credit Card,194.56,Successful,txn_3a20d73b8c7b4d838586dfeb9b86f563,1,
7417,7146,2025-03-27,Gift Card,171.52,Successful,txn_e439c77b188544b0939f0b58959c25e3,1,
7418,7147,2025-12-24,Credit Card,30.65,Successful,txn_9511421af854471fbc92cc18e8fd9efa,1,
7419,7147,2025-12-24,Debit Card,15.5,Successful,txn_d4838511b47e412ea320f3c7194f9b86,1,
7420,7148,2024-03-17,Debit Card,152.2,Successful,txn_7714211312554e31abaeb55ff95d938b,1,
7421,7149,2025-06-18,Gift Card,546.64,Successful,txn_bc9e80d54d4f40f3afcab3e1e11306c7,1,
7422,7150,2024-11-11,PayPal,517.38,Failed,txn_0cef27430c5e4bebb5ae22de4bcea7fa,1,
7423,7150,2024-11-12,PayPal,517.38,Successful,txn_9a9c1dff85924cc8aa3c20c28da43faa,2,7422.0
7424,7151,2025-06-18,Credit Card,256.14,Successful,txn_9c2e667ac0344bf09f07c59d9c1ef475,1,
7425,7152,2025-10-20,Amazon Pay,899.79,Successful,txn_ca9912fe62c842dbb250a08f7fffc8f8,1,
7426,7153,2025-12-06,Gift Card,661.92,Failed,txn_6dea0cf75aa74960b285e2d8edd22be3,1,
7427,7153,2025-12-07,Gift Card,661.92,Successful,txn_cabac877837446c98afbb6c5724f5723,2,7426.0
7428,7154,2024-02-02,Amazon Pay,301.0,Successful,txn_5ce6ccb8f95140c88771948287a028f8,1,
7429,7155,2025-05-03,PayPal,1471.8,Failed,txn_5af5d902d6584aa49fd37bff43d16836,1,
7430,7155,2025-05-03,PayPal,1471.8,Successful,txn_ec476fd4f9af4c89875a32c8aec749eb,2,7429.0
7431,7156,2025-03-31,Amazon Pay,96.75,Failed,txn_40d402787ef84827a2d5279f3642b15c,1,
7432,7156,2025-04-02,Amazon Pay,96.75,Successful,txn_a32a2806f28e429f8c02dcdf1df348d0,2,7431.0
7433,7158,2025-12-27,Debit Card,1488.3,Successful,txn_d2530b53ac7946eca8e872f116c41431,1,
7434,7159,2025-03-21,PayPal,639.02,Failed,txn_eef94103a71c485c8ae742cbda4207b1,1,
7435,7159,2025-03-23,PayPal,639.02,Successful,txn_9d87b735120b410db74cd44341470d80,2,7434.0
7436,7160,2025-02-01,Amazon Pay,102.3,Successful,txn_d9f7de41a1bf4e18a336e4d158a751f8,1,
7437,7161,2025-05-06,Amazon Pay,264.9,Successful,txn_b7847d6a5a9d48b9ae0a29c57690ad1f,1,
7438,7162,2025-03-20,Credit Card,481.47,Successful,txn_fb1376cb783044c9b8f2517a2bf6a395,1,
7439,7163,2025-12-22,Credit Card,253.75,Successful,txn_7ff44d7f9aa04e3396c1f4f806e0a20a,1,
7440,7164,2025-09-21,Gift Card,104.49,Successful,txn_bde8af35142f499496d353f2fce33f2b,1,
7441,7165,2024-05-03,Gift Card,49.05,Successful,txn_80f50d2a3c8e46fdbaabd5ac6b6ecca2,1,
7442,7166,2024-02-18,Gift Card,641.32,Successful,txn_1cf08859cd204d128c943a1253d86e72,1,
7443,7167,2025-01-30,Debit Card,301.83,Successful,txn_f021b6f628d442218711f250173fe89b,1,
7444,7168,2024-11-22,Amazon Pay,580.53,Successful,txn_52a4de9cdf764e10ac3aa7204751f64d,1,
7445,7169,2025-06-25,Gift Card,493.39,Successful,txn_27b19a86163645d18f54360bd8c241bd,1,
7446,7170,2025-02-10,Debit Card,481.47,Failed,txn_b314934acf1a4c55bc7d328f03daba47,1,
7447,7170,2025-02-11,Debit Card,481.47,Successful,txn_dcaf1deb9ed64afcaae57e6e6e3a74ff,2,7446.0
7448,7171,2024-09-03,Gift Card,260.56,Successful,txn_7a373d23b36941429186ad912f03c301,1,
7449,7172,2024-12-25,Gift Card,388.8,Successful,txn_de61e20f0bfc448abd3294250564b822,1,
7450,7173,2025-01-20,Credit Card,80.4,Successful,txn_52254931a5bd4d29b3e2f42b5d17e423,1,
7451,7174,2025-09-08,Amazon Pay,76.9,Successful,txn_96a57bc0ea314fe48d2d791ac0b75fef,1,
7452,7175,2024-02-21,PayPal,695.64,Successful,txn_1fc6cab609e240f8bd324a901453b05a,1,
7453,7176,2024-04-08,Credit Card,196.8,Successful,txn_fcce6c45e83947159798e708656b4468,1,
7454,7177,2025-07-15,Credit Card,281.85,Successful,txn_f8be7371ff4949a9b3af45dc38fa5fe3,1,
7455,7178,2024-09-23,Amazon Pay,273.32,Successful,txn_9a372066e1254bf6a409cf0ca6a493f8,1,
7456,7180,2024-02-29,PayPal,311.97,Successful,txn_6593e9d7cb8149bbac994d1ba32ed4f9,1,
7457,7181,2024-07-18,PayPal,105.26,Successful,txn_37c57fb80deb45958437fc6eedfeecbf,1,
7458,7182,2025-10-07,Debit Card,292.86,Successful,txn_a3d010ed8d194db9bc063e56b3c8bb4c,1,
7459,7183,2024-08-04,Debit Card,913.46,Failed,txn_0ea106a3462f4bdf9d7254711fa917c7,1,
7460,7183,2024-08-05,Debit Card,913.46,Successful,txn_f219678410394f04a29ccc6f66c97509,2,7459.0
7461,7184,2025-11-27,Amazon Pay,1391.28,Successful,txn_6c4c66bb705a4c4795914e5744d7f676,1,
7462,7185,2024-01-15,Debit Card,542.02,Successful,txn_85c599a9805440778a6b272d8e1a2b17,1,
7463,7186,2025-07-20,Amazon Pay,175.32,Successful,txn_bf5f51b53d324344a74ca49a7380da90,1,
7464,7187,2025-09-09,Credit Card,204.74,Successful,txn_cad13ad97fb0458c8fd88e1992f516b9,1,
7465,7188,2024-08-13,PayPal,433.53,Successful,txn_2fffd5010b744e9690910fa74cad576e,1,
7466,7189,2024-06-11,PayPal,622.7,Successful,txn_e3241b11938a4a96a8ec4524a5e13476,1,
7467,7190,2024-08-14,PayPal,847.68,Successful,txn_0f94954612684023a38bb4c160c06157,1,
7468,7191,2024-08-01,Debit Card,275.0,Failed,txn_77389e9b0c944c0aae8a86dba39bb618,1,
7469,7191,2024-08-01,Debit Card,275.0,Successful,txn_8622ea215294475e8afd1ffa26285494,2,7468.0
7470,7192,2025-02-01,Gift Card,477.88,Successful,txn_822c1134896c4062adff95f8109ac722,1,
7471,7193,2024-01-08,Gift Card,603.66,Successful,txn_9aa3629d88f14d59bb27188dd5d2bdd6,1,
7472,7194,2025-07-17,Amazon Pay,51.28,Successful,txn_e93b6f2988564aa69f94d879be25b612,1,
7473,7195,2025-03-10,Credit Card,383.68,Successful,txn_3620d3f7091b4f25b5e513b88f0add86,1,
7474,7196,2025-07-12,PayPal,23.36,Successful,txn_1ced7b04e9e54c5b90ad1c8fd382c625,1,
7475,7197,2024-10-01,Credit Card,223.56,Successful,txn_36c906fa6f5b4581bbf42ece822734a5,1,
7476,7199,2025-08-10,PayPal,112.76,Successful,txn_e8768f47fe714f1ca72570308e4765e7,1,
7477,7200,2025-05-24,Debit Card,307.11,Successful,txn_953993d467934be6899b628c80e57b4a,1,
7478,7201,2025-08-26,Credit Card,431.48,Successful,txn_641d5d00cfb341c69cdabfdb41aa7861,1,
7479,7203,2024-02-19,PayPal,96.66,Failed,txn_a3b8ea95514b4a618936e748d034c72f,1,
7480,7203,2024-02-19,PayPal,96.66,Successful,txn_2a306b2f47234791bec7cfd2b6d01e2d,2,7479.0
7481,7204,2025-03-14,Credit Card,52.16,Successful,txn_978b4b8ee471481eb450f1b89d6582fa,1,
7482,7205,2024-07-04,Gift Card,53.86,Successful,txn_8d19982befc94d41956696e3dc65207c,1,
7483,7206,2025-07-16,Debit Card,311.97,Successful,txn_f441c6773d2842b59f3f5f758839bc51,1,
7484,7207,2025-08-05,Credit Card,62.96,Successful,txn_c1abe8226c72420889f6dd2c8ebe4f5e,1,
7485,7208,2025-06-16,Amazon Pay,64.5,Successful,txn_d4a8277a79054422a13f1377bb4b4829,1,
7486,7209,2025-03-17,Debit Card,16.1,Successful,txn_911e18b3eb8641b7846e9d6d4374899f,1,
7487,7211,2024-05-22,Amazon Pay,169.84,Successful,txn_f273159527e34866b664037ec0178bcd,1,
7488,7212,2024-05-01,Amazon Pay,307.17,Failed,txn_0ee800c430b545e588505b2059f92e0c,1,
7489,7212,2024-05-03,Amazon Pay,307.17,Successful,txn_e8b71dae3e1e46ac884ea5efe6656b3e,2,7488.0
7490,7213,2025-05-06,Gift Card,3928.98,Successful,txn_ed3b479c02ca489a9c08f2e3c1c540ea,1,
7491,7214,2025-10-17,Credit Card,126.36,Successful,txn_1203949733654950a443f1a5d101a40f,1,
7492,7215,2025-07-04,Amazon Pay,74.52,Successful,txn_c09559e993e448e6a18e26ed490eb98d,1,
7493,7216,2025-12-13,Amazon Pay,83.2,Successful,txn_d5344de58891496b85cd3937fe7220b6,1,
7494,7217,2024-03-23,Amazon Pay,40.83,Successful,txn_35691adfa2024818a918bccd3d859d8d,1,
7495,7218,2025-02-25,Credit Card,126.39,Successful,txn_ea555d4539c643f0b149080a791cc32e,1,
7496,7219,2024-08-24,Amazon Pay,847.68,Successful,txn_fb4b6ace32b34cfb94e491b9b0f2c779,1,
7497,7220,2025-08-09,Amazon Pay,578.45,Successful,txn_8bf4210bb6584e32bf0e5dc9d9aec605,1,
7498,7221,2025-06-30,Debit Card,82.4,Successful,txn_046cbd50c2cb48dcbd8a6048308c451c,1,
7499,7223,2025-01-12,Gift Card,154.63,Successful,txn_2ce64bab29d642b892879b2c9e9763a6,1,
7500,7224,2025-10-02,Gift Card,823.32,Failed,txn_de7bc36cf63e414e88d75849c6e41172,1,
7501,7224,2025-10-04,Gift Card,823.32,Successful,txn_fead52f6d94d45ba91575788b74d12c8,2,7500.0
7502,7225,2025-04-19,Debit Card,22.83,Successful,txn_af401256e7624d59b69d7b58bb98e90d,1,
7503,7226,2025-12-14,Debit Card,725.04,Successful,txn_822514885f0d4a669a8ca4c21dc1bf47,1,
7504,7227,2025-06-09,PayPal,57.4,Successful,txn_0bea49bbb27f48909675ee05f4eef0fc,1,
7505,7228,2025-12-05,Debit Card,45.66,Successful,txn_bd5720fa787b4ac98a69a0677e560d07,1,
7506,7229,2024-01-21,Amazon Pay,136.4,Successful,txn_fd6867b21e2a479c9c1e608e1efddc33,1,
7507,7230,2024-11-04,Debit Card,80.7,Successful,txn_a1c137af344f4805925afae4b9a88dce,1,
7508,7231,2024-02-10,Credit Card,370.2,Successful,txn_7fc24d7169be47ac8b9446462bdf0b42,1,
7509,7232,2024-02-06,Amazon Pay,636.12,Failed,txn_37921c97fedb43829fed6ca810268600,1,
7510,7232,2024-02-06,Amazon Pay,636.12,Successful,txn_588edff463664389891ea9b52fce4d52,2,7509.0
7511,7233,2025-01-14,PayPal,433.53,Successful,txn_47bd8767a6374ded9ee2824609916f01,1,
7512,7234,2024-04-07,Debit Card,1142.69,Successful,txn_83a54e7f9bf449c5b8edf2ec2cae350a,1,
7513,7235,2024-10-08,Debit Card,421.56,Successful,txn_cdd3cb0b0e0148819e856f262bcc0732,1,
7514,7236,2025-11-12,Amazon Pay,383.68,Successful,txn_3eb9ca1c0e0b49609badae08226566fe,1,
7515,7237,2025-01-18,Debit Card,79.71,Successful,txn_fc58c76bbd53414ebecac10f992f1f77,1,
7516,7238,2024-08-04,Gift Card,564.84,Successful,txn_c51a0cf6b5ee41629eafdb55a3c95428,1,
7517,7239,2024-08-16,Debit Card,1799.58,Successful,txn_06f1617a8ffa446881e0784f6c068a54,1,
7518,7240,2024-12-29,Amazon Pay,98.36,Successful,txn_40bbf51edc834dd6a46175dc5bdbbcc0,1,
7519,7241,2024-06-23,PayPal,88.56,Successful,txn_3914e99838c049ebb636cfc3df30642e,1,
7520,7242,2025-10-02,Gift Card,107.03,Successful,txn_8538a08b86574eada4d21faee05ae5a7,1,
7521,7243,2025-05-16,Gift Card,2155.36,Successful,txn_a47d5c39577d4290aaebdfb4a32511fc,1,
7522,7245,2025-05-20,Gift Card,390.48,Successful,txn_95ecd29598d84af8b55d5fa63b70b7b2,1,
7523,7246,2024-10-16,Debit Card,1487.23,Successful,txn_e96390a83e3a4758a4a2a355a59bd4d8,1,
7524,7247,2025-06-23,Debit Card,917.21,Successful,txn_45c009d7a941474cbb660c2b542254b7,1,
7525,7248,2025-05-29,Credit Card,517.38,Failed,txn_7335ace626524738816a05d1c19c13c8,1,
7526,7248,2025-05-30,Credit Card,517.38,Successful,txn_df7be4fa3861403b8a46ea1e9d91c5f7,2,7525.0
7527,7249,2025-02-21,Gift Card,59.4,Successful,txn_cc8fb2a992b7470eb392b77594522d3e,1,
7528,7250,2024-06-05,Gift Card,1026.93,Successful,txn_faee8e6d51ad46b99c7ca5ad20b10657,1,
7529,7251,2025-08-04,Debit Card,26.8,Successful,txn_b8d80bd30d084fd5955fc4701d12134d,1,
7530,7253,2025-06-11,Credit Card,192.55,Failed,txn_ae3710c6af8f43e6935d9332906d6c48,1,
7531,7253,2025-06-12,Credit Card,192.55,Successful,txn_88095720112b4a738173f894920ab4bb,2,7530.0
7532,7254,2025-11-20,Gift Card,241.65,Successful,txn_88f6464f685d4d9fb3aa8ea65e9305bb,1,
7533,7255,2025-06-09,Amazon Pay,1337.83,Successful,txn_971f51051d0b4dabbba20953e19281e8,1,
7534,7256,2024-07-20,PayPal,29.42,Successful,txn_db896b7e25944d38b5f98126ec1084e4,1,
7535,7257,2024-07-01,Gift Card,56.54,Failed,txn_0b4bbc48bf0a4110bba79a64fd153319,1,
7536,7257,2024-07-01,Gift Card,56.54,Successful,txn_f6a3d5a5a751454cac6de6a5a2fc3634,2,7535.0
7537,7258,2024-01-04,PayPal,503.7,Successful,txn_c5f83cab65854d8cbf90ca4fe9385a4c,1,
7538,7259,2025-11-13,Credit Card,70.68,Successful,txn_90ba6b68e079407380b09a79515d94f6,1,
7539,7261,2025-10-15,Credit Card,608.0,Successful,txn_bfa6493ffb27420d8d5121655686165a,1,
7540,7262,2024-11-10,Amazon Pay,348.84,Successful,txn_1ccdb92175634cd3876c2d83b0903076,1,
7541,7263,2025-06-27,Gift Card,330.96,Successful,txn_9c3e44db4af5462480080165e403ce60,1,
7542,7264,2024-11-07,Amazon Pay,173.28,Successful,txn_9b6e27af71464b3e8beb22006b96db92,1,
7543,7265,2025-01-09,Credit Card,200.64,Successful,txn_edde2f4016e34ed5bdeaa312822bd96c,1,
7544,7266,2024-09-09,Credit Card,161.4,Successful,txn_36c27ad28e294d0e85c8277b5a3bb12c,1,
7545,7267,2025-01-24,Gift Card,499.85,Successful,txn_76d1b91a786b42b38cd50b10cc501a53,1,
7546,7268,2025-12-02,Amazon Pay,152.25,Successful,txn_e48f756e18a04b5f9cb28f0e4c90abd5,1,
7547,7269,2024-04-13,PayPal,1834.42,Failed,txn_2d7cd36ed09f43c0b08008a66d7b706c,1,
7548,7269,2024-04-15,PayPal,1834.42,Successful,txn_008d3143454346138ecbc67e6d923018,2,7547.0
7549,7271,2024-04-06,Debit Card,62.64,Successful,txn_4ea548a154ee4c1992efdc55582ee88d,1,
7550,7272,2024-05-07,Amazon Pay,34.5,Successful,txn_8ffc261377ff47a3bfbea347b79b6fc0,1,
7551,7273,2024-07-24,Debit Card,34.5,Successful,txn_fb87096891484a9fb7726a11b68d543d,1,
7552,7274,2024-03-22,PayPal,400.2,Successful,txn_1dade955af414aeea1eab460c8ee7a11,1,
7553,7275,2025-07-03,Debit Card,83.05,Failed,txn_eb0c76a8fbf8412b886fb9891926327c,1,
7554,7275,2025-07-04,Debit Card,83.05,Successful,txn_df38ad454ac34be09277f61fbd03c9e0,2,7553.0
7555,7276,2025-06-18,Credit Card,311.35,Successful,txn_ac3236606fc24a1990eed20a441efed3,1,
7556,7277,2024-06-29,Amazon Pay,65.31,Successful,txn_696eb9c61ba24a328799dab963b0ec4e,1,
7557,7278,2024-04-11,Amazon Pay,115.12,Successful,txn_cb732ca92b2547f1ab427c1b01407295,1,
7558,7279,2025-06-24,Debit Card,192.55,Successful,txn_43f60e89957c4e4093039eba6976554e,1,
7559,7280,2024-07-22,Amazon Pay,389.12,Successful,txn_4a424007fbfd43898c52a3ab422f4c6b,1,
7560,7281,2024-01-31,PayPal,389.12,Failed,txn_1b77d79d82c6464cabaef9863ef2de2b,1,
7561,7281,2024-02-01,PayPal,389.12,Successful,txn_9787d8ad8d3042f69838622e7689ca23,2,7560.0
7562,7282,2024-11-17,PayPal,505.56,Successful,txn_7080cac970a24ec89a91e6db4eda087c,1,
7563,7284,2024-12-03,Amazon Pay,242.1,Successful,txn_ad2dee1d0c2b441d91aa83d382813704,1,
7564,7285,2024-04-24,Debit Card,27.0,Successful,txn_8e7c616dddf542e4b059f902af00b480,1,
7565,7286,2024-08-16,Credit Card,225.9,Successful,txn_b51ada57f7534c2d9b29248170856f0d,1,
7566,7289,2025-03-18,Gift Card,127.38,Successful,txn_90d57b68395742adba682fb779b468c6,1,
7567,7290,2024-05-23,Gift Card,34.83,Successful,txn_271e1dd14b5e4ecba20dbae611ac5435,1,
7568,7291,2024-09-17,Credit Card,99.33,Successful,txn_7e9c34ea2f4e423ebbc6d8e5424b67c8,1,
7569,7292,2024-05-22,Debit Card,254.31,Successful,txn_6c5596d2c2574e4e8d43ad78f39ab104,1,
7570,7293,2025-02-06,Amazon Pay,200.64,Successful,txn_fe9167872bd94549b33c6b60bb86ff1a,1,
7571,7294,2025-02-08,PayPal,1391.28,Successful,txn_20edd67a78024f4eb26367fd8c265822,1,
7572,7295,2025-02-13,Amazon Pay,675.85,Successful,txn_96b7c09ada284cfdb3369a05e603b82b,1,
7573,7296,2024-12-01,PayPal,226.4,Successful,txn_b3ea8f246fd64d4da8b38099183d81ca,1,
7574,7297,2025-05-13,Gift Card,472.02,Successful,txn_920eb20ece10444baf94e9b08c24913d,1,
7575,7298,2024-08-29,Credit Card,32.6,Successful,txn_9c251e7df68c4b2780eeaa2dbae8e665,1,
7576,7299,2024-12-04,Credit Card,445.92,Successful,txn_baee90b518d84212bd1b297106ebe744,1,
7577,7300,2024-07-28,Gift Card,847.68,Successful,txn_481d6889b17f4ffeb055819134aa8c51,1,
7578,7301,2025-05-30,Debit Card,317.0,Failed,txn_60bdbf3a6e824d9a860f42f85d5886e9,1,
7579,7301,2025-05-30,Debit Card,317.0,Successful,txn_28593e2753c94add93ac2f5d663fabd8,2,7578.0
7580,7302,2025-08-31,PayPal,261.63,Failed,txn_3494b8912a584856b984bb39c33c0cec,1,
7581,7302,2025-08-31,PayPal,261.63,Successful,txn_6c27c142c0d74791b56053fa27b4287c,2,7580.0
7582,7303,2024-08-15,Credit Card,330.96,Successful,txn_9500e57fe9fb411da6ccd17488e379cd,1,
7583,7304,2024-03-19,Debit Card,149.8,Successful,txn_50d3425216cd421a83b2ccbb69ad4030,1,
7584,7305,2025-01-12,PayPal,430.89,Successful,txn_ad19302a272047ff88ce289c8db7f823,1,
7585,7306,2024-02-09,PayPal,453.44,Successful,txn_81e20f9416934fb0931a8b1c8b404f8c,1,
7586,7307,2025-10-26,Gift Card,145.02,Successful,txn_256f19086cbf4d2eb2180943fdcf7d7e,1,
7587,7308,2025-08-03,Gift Card,126.8,Successful,txn_c32a3d2d794549268f5a9cc881f636b7,1,
7588,7309,2025-11-11,Credit Card,253.75,Successful,txn_cba6bc9eefdd4c749fef1b86cabe94c7,1,
7589,7310,2025-01-09,Debit Card,705.65,Successful,txn_3a8e4890ed674afba0e43f758a1bde72,1,
7590,7311,2025-09-08,Amazon Pay,161.13,Successful,txn_fced60e5bb7446c0826e7c61161ace67,1,
7591,7312,2024-04-29,Debit Card,895.45,Successful,txn_30f1881a0e1e4e1787bf76377f44f276,1,
7592,7313,2024-02-03,Amazon Pay,203.0,Successful,txn_4d9edd6d503a49ac8fcb924e7b22e003,1,
7593,7314,2024-11-10,Amazon Pay,97.62,Successful,txn_58b70c9eb17746328d08f3010ccd0551,1,
7594,7315,2025-08-04,Amazon Pay,243.83,Successful,txn_b472976de6114a639f8bfbfa23cbeed3,1,
7595,7316,2025-05-15,Credit Card,185.07,Successful,txn_2d3cb660968f406892cebcdd98ddb406,1,
7596,7316,2025-05-15,Amazon Pay,520.17,Successful,txn_e5e9f75b11ba4105a46d3f397984399a,1,
7597,7317,2024-05-07,Credit Card,578.45,Failed,txn_1a1bcb3b7e3648ea8ee261b0ff26630c,1,
7598,7317,2024-05-09,Credit Card,578.45,Successful,txn_c6edcbecb0c646e9a5ae3243c6cf83fa,2,7597.0
7599,7318,2024-08-12,PayPal,179.74,Successful,txn_506126f1ae934e4096d70488d5a8c19c,1,
7600,7319,2024-09-29,Credit Card,304.0,Successful,txn_7a49affaf4e048c19c272878670e3bf2,1,
7601,7320,2024-09-05,Debit Card,51.54,Successful,txn_05ff06f6bea54ee395413b0bb2d7802d,1,
7602,7321,2025-03-20,Amazon Pay,56.76,Successful,txn_f52f8e2a18dd429789f94d4ef30a143b,1,
7603,7322,2025-05-26,Amazon Pay,197.4,Successful,txn_32f671b3e1394430ae580070fe959584,1,
7604,7323,2025-11-10,PayPal,409.98,Successful,txn_7bc400a2e5b744d19f761ca1bc0552be,1,
7605,7324,2024-10-17,PayPal,68.2,Failed,txn_6aa6fffbdcac405a8c1b9dca23851211,1,
7606,7324,2024-10-19,PayPal,68.2,Successful,txn_7226c827997a4f2a97eedb4ff0d282f4,2,7605.0
7607,7326,2025-11-03,PayPal,1488.3,Successful,txn_4f98561f8762446d84598cebb989331f,1,
7608,7327,2024-04-16,Credit Card,113.46,Successful,txn_e4dcb09640bd4db9af47d4c8c952a04b,1,
7609,7328,2025-05-10,Amazon Pay,1834.42,Successful,txn_a2f5668126b44df09a8f7a9a90be1fef,1,
7610,7329,2024-11-22,Debit Card,98.1,Successful,txn_8b937c9174ec41e5853dc34736efa82e,1,
7611,7330,2024-08-31,Debit Card,138.3,Successful,txn_c5fe3bf1ca4e41b28817ee2ea3fd5511,1,
7612,7331,2024-11-21,Debit Card,343.04,Successful,txn_a0303fd482c94ca187910affefa99288,1,
7613,7332,2025-06-19,Amazon Pay,129.45,Successful,txn_80ed8700e9114443a7c20f85b998b94a,1,
7614,7333,2024-07-16,PayPal,75.75,Successful,txn_e09516e9ba6a4b92a8dac9b326c424ee,1,
7615,7335,2024-08-30,PayPal,286.65,Successful,txn_3016185a9b3f4f6e8cbe51b8227e4171,1,
7616,7336,2025-04-21,PayPal,84.24,Successful,txn_aa9e2f685a6c4ee4b63e67b81add4ce1,1,
7617,7337,2024-08-14,Debit Card,185.04,Successful,txn_13764d22205e432eab1b23754a0add3b,1,
7618,7337,2024-08-14,PayPal,223.71,Successful,txn_1fe4d5ad8c2c4f22a97ed4a14ead41e5,1,
7619,7338,2024-04-28,Credit Card,105.26,Successful,txn_cd538aecbeb247dcbf1e44426739fd86,1,
7620,7339,2024-11-01,PayPal,399.88,Successful,txn_c7b9e900dff2495e9c7ba735a6a25d1c,1,
7621,7340,2024-08-25,Debit Card,675.46,Successful,txn_b3929b9d01c64a979ea097bf28ea1633,1,
7622,7341,2025-09-20,Gift Card,134.0,Successful,txn_d32642ffaa5b446fa6a277cf1248575b,1,
7623,7343,2025-05-13,Gift Card,414.99,Successful,txn_25a75c2387c34caea27a9998f2851fb3,1,
7624,7344,2025-07-25,Amazon Pay,975.9,Successful,txn_5cfbb330e5d3429a93259cdb3ad494ce,1,
7625,7345,2024-03-10,Credit Card,548.88,Successful,txn_c8c47504aec64556be22500a9223a6a7,1,
7626,7346,2024-08-07,Credit Card,1386.21,Successful,txn_303e36a6eb8d4db6ae9e618476a8a137,1,
7627,7347,2025-05-08,PayPal,139.12,Successful,txn_3c58144cd89047688ea30240ec32122f,1,
7628,7348,2025-09-13,PayPal,51.6,Successful,txn_fea843ee4cbb4620bd06907b0c462969,1,
7629,7349,2024-02-09,Debit Card,149.8,Successful,txn_63c8c4a44fc14cc2a42dc517611e9287,1,
7630,7350,2024-10-14,Amazon Pay,340.38,Successful,txn_9d4852b55b2145cd986db42286ac8a24,1,
7631,7351,2025-02-08,Debit Card,253.75,Successful,txn_840ca07fe0c043d4b87bc1cc83399632,1,
7632,7352,2025-09-10,Credit Card,1391.28,Successful,txn_2959f4a6665448ee9fa54b5f5722fc1f,1,
7633,7353,2024-03-27,Credit Card,399.88,Successful,txn_30d1b297cc42461181675819684c2ecd,1,
7634,7354,2024-10-09,PayPal,92.3,Successful,txn_9965ce96817d4def81ebe6620becb3ab,1,
7635,7355,2025-06-20,Amazon Pay,295.56,Successful,txn_4c661d5bebf545c487b29f28450faca6,1,
7636,7356,2024-02-05,Amazon Pay,58.84,Successful,txn_8d9db86aa9ec4d43ab3603d6f3b14927,1,
7637,7357,2025-06-13,Amazon Pay,84.57,Failed,txn_7c3d09a522a14bfbba2f6dd58dcfb476,1,
7638,7357,2025-06-14,Amazon Pay,84.57,Successful,txn_f31736d3c2f0468da9d735de81dc2198,2,7637.0
7639,7358,2025-03-18,Gift Card,139.29,Successful,txn_7e02caf676ae43b082aeeac2726e3f02,1,
7640,7359,2024-11-27,Credit Card,486.21,Successful,txn_0bb46208aa3649d8b3f0cf52ae18ae46,1,
7641,7360,2024-03-25,Credit Card,417.94,Failed,txn_f65e168f0fd545adbd4f25c0ee92e241,1,
7642,7360,2024-03-27,Credit Card,417.94,Successful,txn_cb2aafebbee84393a8079bb5de1db9b4,2,7641.0
7643,7361,2024-03-07,Gift Card,564.84,Successful,txn_f92e902d2adf4161a4e63f33a50898ee,1,
7644,7362,2025-02-10,Credit Card,462.07,Successful,txn_3d7bb4912f894f2d92ded2355906e80a,1,
7645,7363,2025-10-06,Gift Card,163.32,Failed,txn_b97cb3fdc46d4b47bf1403bc73876040,1,
7646,7363,2025-10-07,Gift Card,163.32,Successful,txn_37b529bf13fd46b39654916e02b587cd,2,7645.0
7647,7364,2025-06-30,Gift Card,48.34,Successful,txn_0e1364166f454ce999e80d6e868d1e9c,1,
7648,7365,2024-08-19,Amazon Pay,442.76,Successful,txn_0ff8e7e1e26448988e5242f2fc69e970,1,
7649,7366,2024-08-02,Debit Card,301.0,Successful,txn_0e3218d0952f4bb996837651215c351c,1,
7650,7367,2025-01-26,Gift Card,45.42,Successful,txn_9de626b2c56a43948957908b65056928,1,
7651,7368,2025-03-21,Credit Card,52.63,Successful,txn_fcbad85106884b02ad14b2b9843bd5e9,1,
7652,7369,2024-12-14,Gift Card,360.18,Successful,txn_dbba485767d34f3096c76847f9ddbb5a,1,
7653,7370,2025-08-03,Debit Card,490.6,Successful,txn_35060a6a2f0a4bdc976db5738c8c799c,1,
7654,7371,2024-04-15,Debit Card,188.28,Successful,txn_977bd7f8a13e4035b23709ccad912d5a,1,
7655,7372,2024-08-18,Gift Card,74.03,Successful,txn_d503e257186140a0b649f36b34fd33a9,1,
7656,7373,2024-08-28,Credit Card,261.36,Successful,txn_ce85216deb7f4c54b8f68b0c944c19ca,1,
7657,7374,2024-04-20,Gift Card,542.02,Successful,txn_52bbce77ac284cc08fa59362eb667574,1,
7658,7375,2024-10-20,PayPal,22.62,Successful,txn_a6c698ccdbb141eca1c4639c04042db0,1,
7659,7376,2024-10-20,PayPal,113.46,Failed,txn_2f8bc48c4f5f4dbf804f66d9f3364825,1,
7660,7376,2024-10-22,PayPal,113.46,Successful,txn_66b87e3a1946415da58396db48b407f1,2,7659.0
7661,7377,2024-12-24,Amazon Pay,10.34,Successful,txn_fe19121947cc4d08b66cf539e9185b24,1,
7662,7378,2025-11-22,Amazon Pay,314.68,Successful,txn_22d701b56b2e41649720c144b899ad60,1,
7663,7379,2024-02-26,Amazon Pay,462.07,Successful,txn_7ca14bb6ec1b4a16bb369c12c51b3e7c,1,
7664,7380,2024-09-26,Debit Card,271.01,Successful,txn_4389555fcec142df95eb60eeaff4df6a,1,
7665,7381,2025-03-12,Gift Card,402.78,Successful,txn_e882bbcc6f7b49f496df3716a0435b56,1,
7666,7382,2025-07-31,Gift Card,986.78,Successful,txn_7ed8fd8083384e84a5b8109e73101057,1,
7667,7383,2024-01-07,Gift Card,69.03,Successful,txn_061eb9303e054d008513aa73d9723c8a,1,
7668,7384,2025-02-02,PayPal,296.16,Successful,txn_2aa598d48aad47dc81be013ec91d58b8,1,
7669,7385,2025-01-21,Amazon Pay,276.66,Successful,txn_3b2ee7119c9c418ea94c4f363fb20b4a,1,
7670,7386,2025-07-31,Gift Card,122.49,Successful,txn_6781c6a4155b41f9a981af1d867fb47d,1,
7671,7387,2024-02-13,Gift Card,96.75,Successful,txn_916f12edd56c4febb89a0095c6bd5de2,1,
7672,7388,2024-07-06,Credit Card,1253.62,Successful,txn_33afd529b1ac43a49ca0e89117397d9a,1,
7673,7390,2024-10-09,Debit Card,194.56,Successful,txn_ac09c22cca3e45f7a8a8bb5ab5c9f186,1,
7674,7391,2025-08-31,Debit Card,307.6,Failed,txn_f8a89d5d3c57419fa7765cf62485cd9a,1,
7675,7391,2025-08-31,Debit Card,307.6,Successful,txn_b90a0618ca064a79a42855be8d714a1e,2,7674.0
7676,7392,2024-04-15,Debit Card,1151.04,Successful,txn_8ad886ce8c664ffb937831b3196c6758,1,
7677,7393,2024-05-11,Credit Card,35.66,Successful,txn_7e28486b7de144e39d29ea4a0329185d,1,
7678,7395,2025-08-05,Credit Card,111.06,Successful,txn_dc4c01da84594e1baf8519b50ed809d9,1,
7679,7396,2024-11-30,Gift Card,106.02,Successful,txn_211ee1a7724c4dc491cfccf4772c7523,1,
7680,7398,2024-09-28,Gift Card,661.92,Failed,txn_68e4a6c4792f4f8981e886e1103e5a35,1,
7681,7398,2024-09-29,Gift Card,661.92,Successful,txn_83f96262fa4444dbb4031966949f926b,2,7680.0
7682,7399,2024-04-06,Debit Card,480.99,Successful,txn_3c9d1f2d6e3a41a2a2e010943d6058c4,1,
7683,7400,2024-04-03,Amazon Pay,214.06,Successful,txn_2eafd2662962496a8c972cb7c40aa4c9,1,
7684,7401,2025-05-01,Gift Card,431.88,Successful,txn_45bd236d0e3f450cb8fb6aeb20a22d80,1,
7685,7402,2024-01-15,Gift Card,11.07,Successful,txn_3bde5a9906844175b9682f5f9ed21b48,1,
7686,7403,2025-02-20,PayPal,78.38,Successful,txn_9c84c45a16a54a30b4065200cd4b6253,1,
7687,7404,2024-02-24,Debit Card,121.13,Successful,txn_9a84f33880244dc591c45823fa9621a5,1,
7688,7404,2024-02-24,Gift Card,76.27,Successful,txn_33b472e2a5b54ca8bf88b22a119f33b9,1,
7689,7405,2024-02-19,PayPal,299.91,Successful,txn_c6bf83a40c7549ddb40cc1622a2d06ea,1,
7690,7406,2025-08-10,Amazon Pay,53.79,Successful,txn_6768e68f44314966918d1f4ce8addd76,1,
7691,7407,2024-10-10,Credit Card,25.25,Successful,txn_93c01de4c93f4d23bc9c349fee6b9a34,1,
7692,7408,2024-03-05,Debit Card,292.86,Successful,txn_dbaff1510d704ae4b42ba3c9812504b5,1,
7693,7409,2024-01-11,PayPal,118.08,Successful,txn_dd6a6fc7d2784af1a8b22b2a1cc331b6,1,
7694,7410,2025-11-03,Amazon Pay,273.32,Successful,txn_95cb3cc096f84b9cabf0e0fe0ef7ddde,1,
7695,7411,2024-06-16,Debit Card,86.64,Successful,txn_2be5e69729754c52943baf6641ad1c38,1,
7696,7412,2024-12-31,Gift Card,89.28,Successful,txn_77038dafd3c0440596bf4beec3023742,1,
7697,7413,2025-01-07,Gift Card,88.26,Successful,txn_e9123a60260a48078215b868ad559f06,1,
7698,7414,2025-01-09,PayPal,39.19,Successful,txn_44a99f1c3507462a9d88753865f013aa,1,
7699,7415,2025-01-28,Debit Card,58.68,Successful,txn_04e12649c8634bacb8473273f2fae5f1,1,
7700,7416,2025-09-29,Amazon Pay,651.4,Successful,txn_4f2741cf67784dd183c0142522a3da9d,1,
7701,7417,2025-12-02,Amazon Pay,51.6,Successful,txn_eb1d6d92a2e94f628e0441f503dcb602,1,
7702,7418,2025-04-30,Debit Card,577.65,Successful,txn_1de8edda021b45b89c816eb2fa600ad6,1,
7703,7419,2024-11-15,Amazon Pay,301.83,Successful,txn_3a38e4e3416c48ec8437b144121fab04,1,
7704,7420,2024-07-28,Amazon Pay,1337.83,Successful,txn_ac55394c4f924bd1a2960f199d0656bd,1,
7705,7421,2025-02-18,Credit Card,115.26,Successful,txn_ad10505b67604389ac6dcf24b4de1873,1,
7706,7422,2025-10-23,Debit Card,111.6,Successful,txn_76bcafb126e14189a74a3f6a209cfb1a,1,
7707,7423,2024-12-29,Gift Card,242.1,Successful,txn_494aaa8084944f94aad44850fd69d08b,1,
7708,7424,2025-02-18,Amazon Pay,21.29,Successful,txn_bce0da276aa24574bef8bae24728e03e,1,
7709,7424,2025-02-18,PayPal,22.45,Successful,txn_6e22b7e409b24b118b4cfdb3ef59601f,1,
7710,7425,2025-11-21,PayPal,661.92,Successful,txn_b1c7e72041d64fa3a36e871eb81e3e7d,1,
7711,7426,2025-03-12,Debit Card,262.98,Successful,txn_f48b57e485ee45a38e43352709748f0d,1,
7712,7427,2024-01-13,Gift Card,226.92,Successful,txn_aee2e9fb841d446ea99d44cf95fec673,1,
7713,7428,2025-07-21,Credit Card,548.48,Successful,txn_e6ea99faa70444acb63b986f07449e12,1,
7714,7429,2024-12-13,Credit Card,25.8,Successful,txn_541503d7b43a4d9c9517e3d9acb48986,1,
7715,7430,2025-01-17,Debit Card,24.59,Successful,txn_234889befb5646218081f04a5bc4d3d1,1,
7716,7431,2024-08-21,Amazon Pay,625.15,Successful,txn_38ecd6bc87814962b9fffa3a27e49c87,1,
7717,7432,2025-02-28,Amazon Pay,393.6,Failed,txn_8f805a0133904194aff3ed4388eefa84,1,
7718,7432,2025-03-02,Amazon Pay,393.6,Successful,txn_7c8dbe2463f74d1192ad916b3f10c5ba,2,7717.0
7719,7433,2024-01-13,Gift Card,172.83,Successful,txn_160e20e12d8f45149baeab43531ef8f9,1,
7720,7434,2024-09-01,Gift Card,345.78,Successful,txn_deb6001f6f954a1eba7404c6f0e7668b,1,
7721,7435,2024-11-18,Amazon Pay,152.2,Successful,txn_f61e4a7007de4620af54ec2b51c3acb3,1,
7722,7436,2024-01-25,Debit Card,826.06,Successful,txn_5eb3e537f0f243eea07998f99c52326e,1,
7723,7437,2024-01-19,Debit Card,317.0,Successful,txn_37fd387993dd416e9eb3c35273588f1e,1,
7724,7438,2025-05-07,Gift Card,260.56,Successful,txn_e672c35152c349dcb5fcb5be69b8cfa2,1,
7725,7439,2025-08-05,Credit Card,674.56,Successful,txn_137f07bc9910436cadaada09ffa5508c,1,
7726,7440,2024-08-05,Credit Card,934.05,Successful,txn_e7627e65cb0f47fd89674d2c3ec354df,1,
7727,7441,2024-04-16,PayPal,17.83,Successful,txn_be58176598c34f0c9a898112a93a779a,1,
7728,7442,2024-01-03,Debit Card,361.11,Successful,txn_49a08b23e5524ccd92bc46ce1a5f5f6a,1,
7729,7442,2024-01-03,PayPal,233.45,Successful,txn_4ce406c8c05a46f6a5dd68a3924db668,1,
7730,7443,2024-04-23,Amazon Pay,986.78,Successful,txn_ebdfeaf90eb1453fb438970fee083372,1,
7731,7444,2025-12-18,Gift Card,487.95,Successful,txn_88ae644f08e742b3af997623f7c4e28e,1,
7732,7445,2025-06-20,Gift Card,153.72,Successful,txn_92b4630218834f18869d1654aa6b67ae,1,
7733,7446,2024-05-17,Debit Card,573.3,Successful,txn_53bcf5bb6a1a4140ac3b290260bdd343,1,
7734,7447,2024-02-05,Credit Card,695.64,Successful,txn_f48fcf7acd66447da6581c82d2fd877f,1,
7735,7448,2025-09-08,PayPal,350.39,Successful,txn_8f33203a717241d18d29f75dfefea652,1,
7736,7448,2025-09-08,Credit Card,219.13,Successful,txn_4e0491a2b3f342e8bf0d010630ed6c3b,1,
7737,7449,2025-08-16,Credit Card,52.16,Successful,txn_923b7b6ea8bc4b809c7883560fbbdcc9,1,
7738,7450,2024-09-30,Amazon Pay,290.7,Successful,txn_b0590406e452402f87e1a76010992198,1,
7739,7451,2024-10-20,Gift Card,80.7,Successful,txn_32b1d3a47c4a49718ebee1a2bb89ae4b,1,
7740,7453,2024-09-22,Debit Card,441.4,Successful,txn_50322ac23ea54224b4e8fa206ed19e33,1,
7741,7454,2025-02-28,Gift Card,102.39,Successful,txn_1d5209bbca074c9db53a87891d737e46,1,
7742,7455,2025-10-03,Credit Card,975.9,Successful,txn_eab947f19a254e699242c0c5a2ef9ddb,1,
7743,7456,2024-06-21,Amazon Pay,113.36,Successful,txn_fc8096f5cf674b3eb8d79801cc7db099,1,
7744,7457,2024-12-10,Amazon Pay,29.52,Successful,txn_f525ba9b71f94d21b79f22da5f0d9951,1,
7745,7458,2025-03-02,PayPal,661.92,Successful,txn_0e5e3371859343629271b161b077e262,1,
7746,7459,2025-06-17,Debit Card,207.09,Successful,txn_3c17e845ac8f417ca7ab0adc96c2786b,1,
7747,7460,2024-01-28,Amazon Pay,87.12,Successful,txn_b0cfa2053a4e43508b277b432ab3501d,1,
7748,7461,2025-01-22,Amazon Pay,426.9,Successful,txn_70c2f34d9d544f3dbb8c60b8cf421ae6,1,
7749,7462,2024-09-11,PayPal,50.75,Successful,txn_d6f904064a544082bd94444c200ad3b5,1,
7750,7463,2025-12-27,Amazon Pay,456.73,Successful,txn_88adda82d6d44d67bc26c156bd07954c,1,
7751,7464,2024-02-26,Amazon Pay,90.9,Successful,txn_f591443c84de47d9bae1daac94a56f40,1,
7752,7465,2025-06-05,PayPal,917.21,Successful,txn_90e392026ddc4dcabaaa6cb3a19692ae,1,
7753,7466,2025-03-08,PayPal,174.24,Successful,txn_01d050c01307443099d0f828fff13869,1,
7754,7467,2025-08-10,PayPal,46.15,Successful,txn_3256e3c4833844a2a679cbbfae9ad98b,1,
7755,7468,2024-06-10,Debit Card,446.88,Successful,txn_65a01bc4a05b4a54a942be9fdd2d1b17,1,
7756,7469,2025-04-27,Debit Card,375.8,Successful,txn_5bfe9b5d5621416cb46b32bad66c10a4,1,
7757,7470,2024-12-29,Credit Card,268.52,Successful,txn_651f08a2ae764201a84526357c0e2ddc,1,
7758,7471,2024-09-04,PayPal,264.9,Successful,txn_e6bc4e724cf64f65b09319b01470dbed,1,
7759,7473,2024-07-07,Gift Card,195.95,Successful,txn_8d67985dca6c410f881a9e51687571bb,1,
7760,7474,2025-01-07,PayPal,261.63,Successful,txn_b8d0241de6d54f8283c882505e98c038,1,
7761,7475,2024-05-24,Debit Card,113.55,Successful,txn_548444095f5e4101899c4f1981475849,1,
7762,7477,2024-07-13,Amazon Pay,149.8,Failed,txn_b3c5c979b9c04779b1bb69e6649cfb82,1,
7763,7477,2024-07-14,Amazon Pay,149.8,Successful,txn_623390994b644f168ff6f28296ab400b,2,7762.0
7764,7478,2025-07-02,Debit Card,278.58,Successful,txn_1495f20b9f0a4949be16304afded2e96,1,
7765,7479,2025-04-30,Debit Card,78.38,Successful,txn_aea7740d8d384d21bcee75b6052c8c28,1,
7766,7480,2024-08-03,PayPal,44.28,Successful,txn_d280a1c6b85a49aaa9fa1e3f91721737,1,
7767,7481,2024-05-28,Credit Card,56.87,Successful,txn_ec9b14f642d842209d8a20d11cf8b2e8,1,
7768,7482,2024-12-06,PayPal,27.18,Successful,txn_2f9158cb00854a3d99fb28ec50b6f7eb,1,
7769,7483,2024-12-08,Amazon Pay,51.24,Successful,txn_cc0386c938c043459f6e51e42579ee0e,1,
7770,7484,2025-11-28,Gift Card,282.26,Successful,txn_1f988fe85fad4231abbc93327177ae98,1,
7771,7485,2025-10-03,Credit Card,2507.24,Successful,txn_e887845270f24e828c3bddd616b46ced,1,
7772,7486,2024-11-30,Debit Card,102.3,Successful,txn_39827295992c417b9476db7fb5e9ccc4,1,
7773,7487,2025-01-15,Gift Card,618.52,Successful,txn_bdb9e29d547e40558e82215178acd335,1,
7774,7488,2024-04-24,Amazon Pay,69.03,Successful,txn_cd82158deb00410b90f75331aaa5009e,1,
7775,7489,2025-05-02,Gift Card,2675.66,Successful,txn_cb1489ba15d348a99fc427734f3a8993,1,
7776,7490,2025-04-20,Amazon Pay,69.66,Successful,txn_88a0630838ba40298f61439d2b5d97b7,1,
7777,7491,2024-11-19,Amazon Pay,44.28,Successful,txn_2b93676ba81a4e5a9913453cb6319201,1,
7778,7492,2025-03-22,Amazon Pay,684.62,Successful,txn_878aed2f773644a2aaa98b361289ce48,1,
7779,7493,2025-07-29,Debit Card,626.91,Successful,txn_68e4e25dbd8145c2b55e48c9a124f593,1,
7780,7494,2025-12-12,Gift Card,97.2,Successful,txn_49b58c30091a4b54a1b35400c1f60284,1,
7781,7495,2025-11-25,Amazon Pay,242.1,Successful,txn_56842c0c6f3b4eba9d0f91b3fecd44de,1,
7782,7496,2024-03-25,Debit Card,490.6,Successful,txn_d423b26af6cc46279e00db7430dac65e,1,
7783,7497,2024-08-05,Credit Card,138.3,Successful,txn_43d38ab712624946a098af5a93d988af,1,
7784,7498,2024-01-27,Debit Card,301.83,Successful,txn_b101cc7e2f1344f2a94e0831209bad46,1,
7785,7499,2025-08-26,Amazon Pay,2507.24,Failed,txn_59babfada221405c97a4c993fa59c4eb,1,
7786,7499,2025-08-28,Amazon Pay,2507.24,Successful,txn_d0e866046aa34352baecc89373d3d0aa,2,7785.0
7787,7500,2025-06-21,Amazon Pay,148.06,Successful,txn_59783627592a44f6b5db1b1516715904,1,
7788,7502,2025-12-10,Gift Card,29.07,Successful,txn_1b8efcc47fa24075bc36abcb572c0a16,1,
7789,7503,2024-10-13,Amazon Pay,42.12,Successful,txn_4c656a26137244909cb80b0e5907ae6e,1,
7790,7504,2025-04-18,Amazon Pay,578.45,Successful,txn_070d07a3d3ed436fb9fe718d80143e80,1,
7791,7505,2025-10-04,Credit Card,222.09,Successful,txn_fbb383ace3cc486185b486279f5fa6b5,1,
7792,7506,2025-08-07,PayPal,75.3,Successful,txn_ec1fd394efb748389bcdd541a070ff16,1,
7793,7507,2025-02-21,Amazon Pay,900.0,Successful,txn_4ead146361c44d679aa082c180f78964,1,
7794,7508,2025-11-18,Debit Card,333.18,Successful,txn_33bb5a7318054cd9aa0ea24f4744773d,1,
7795,7509,2024-12-02,PayPal,84.0,Successful,txn_a9a12b97d40047c1b2ac1d0557fd70cb,1,
7796,7510,2025-12-27,Credit Card,576.3,Successful,txn_7f88e6bc8e2c43409da3c752ac4e78a3,1,
7797,7511,2025-07-17,Debit Card,260.56,Successful,txn_9a60dd3b70944995b887560330595089,1,
7798,7512,2025-02-21,Credit Card,68.49,Successful,txn_febe055ca4a54cc9bb039cbf9d4da6ef,1,
7799,7513,2025-12-12,Credit Card,49.18,Successful,txn_91e4535cab6545b38700111d33f187d3,1,
7800,7514,2025-12-06,PayPal,297.92,Successful,txn_3b54287fafae4233ab9fad2c542f47c8,1,
7801,7515,2025-07-30,Debit Card,58.84,Successful,txn_7fa298e893e44895b3b137b7cd9dec3c,1,
7802,7516,2025-02-13,Gift Card,409.98,Failed,txn_86ea9f2451c243a8b479813e7f039069,1,
7803,7516,2025-02-13,Gift Card,409.98,Successful,txn_8ca7dbde88934d629f85d262201bce8e,2,7802.0
7804,7517,2025-03-22,Amazon Pay,578.45,Successful,txn_32d779ec19a147668ab7dc003e95937f,1,
7805,7518,2024-03-29,Credit Card,22.14,Successful,txn_48d71d8f3b2b40ef85c076f587ae078b,1,
7806,7520,2025-01-09,PayPal,223.56,Successful,txn_830c6947708746039ea340f350658bd4,1,
7807,7521,2025-12-04,Debit Card,138.06,Successful,txn_c1daa096e5ef4506a42cff1b458f53ca,1,
7808,7522,2025-09-09,Gift Card,433.53,Successful,txn_28cfe07dcc834e769d468a1a3114b4c8,1,
7809,7523,2025-06-02,PayPal,28.46,Successful,txn_32a31a02bfc34b26ad4db6c427c0b972,1,
7810,7524,2025-09-28,Gift Card,225.9,Successful,txn_cfcc799d502247afb0c0add46f0f506f,1,
7811,7525,2024-07-15,PayPal,1337.83,Successful,txn_5c8cba30be5542da8c7c5883069a5ad9,1,
7812,7526,2025-09-06,Debit Card,215.16,Successful,txn_99d71df509cf4ef2bd56cb51402a1815,1,
7813,7527,2025-05-18,Gift Card,71.72,Successful,txn_9b61cf08653d4230b626ffde3d4dba73,1,
7814,7528,2025-05-31,Gift Card,105.26,Failed,txn_c431f8f67c9d4ec58bf6fa1060be0dfc,1,
7815,7528,2025-06-01,Gift Card,105.26,Successful,txn_fbc4a01ebd4e4461af8593d81f69fcc9,2,7814.0
7816,7529,2025-03-18,Gift Card,302.5,Successful,txn_6fd68d590bff4e45a9847b8d752e0c1b,1,
7817,7530,2024-05-06,Credit Card,375.8,Successful,txn_3be78f3ecd914496a8bd4f56db0afe66,1,
7818,7531,2024-12-01,Debit Card,75.4,Successful,txn_cb312b5369eb4fbfaba55d720a805825,1,
7819,7532,2024-09-30,Credit Card,26.57,Successful,txn_0be15ba016864967aeebccbc9b98b121,1,
7820,7533,2024-10-03,Amazon Pay,438.3,Failed,txn_84edd2b83634435ab63fe0e2a35896f2,1,
7821,7533,2024-10-04,Amazon Pay,438.3,Successful,txn_5437af5fef08406e9fd3c9670f6aef3b,2,7820.0
7822,7534,2024-10-12,Gift Card,161.25,Failed,txn_1a1a426a7ae5436cbc7a233a87632881,1,
7823,7534,2024-10-14,Gift Card,161.25,Successful,txn_e86f3cb47e314fdb9382cf37687f7c4c,2,7822.0
7824,7535,2024-11-05,Amazon Pay,576.3,Successful,txn_6107893241bf4920aa87dc4338256b6f,1,
7825,7537,2024-06-02,Gift Card,423.84,Successful,txn_9b352e41fb604ffea10930fc712ce623,1,
7826,7538,2024-11-01,Credit Card,235.14,Successful,txn_2c7566b73c4f46fd9176375717c695c6,1,
7827,7539,2024-05-12,Gift Card,44.28,Failed,txn_3cdfe1d37a72475a9f7ba222593cd51c,1,
7828,7539,2024-05-12,Gift Card,44.28,Successful,txn_a94035d2d31745fcb09e5d61e3c03229,2,7827.0
7829,7540,2025-05-16,Amazon Pay,311.97,Successful,txn_767cf94587874ac29341f567b14f1756,1,
7830,7541,2025-04-28,PayPal,320.98,Successful,txn_39d149db54194666b1447ec7e2c5eb94,1,
7831,7542,2024-09-29,PayPal,3928.98,Successful,txn_9d59c2fdc38b4f24999196226ddf6583,1,
7832,7543,2024-05-18,Gift Card,23.0,Failed,txn_48fe1c8b422c43cf8ac733f5bfe5a145,1,
7833,7543,2024-05-20,Gift Card,23.0,Successful,txn_45a2f0c7b1a0435a9b9f5425aacea043,2,7832.0
7834,7544,2024-02-07,Gift Card,175.89,Successful,txn_098dd20f18504389908e3b7b92b08b3f,1,
7835,7545,2025-03-22,PayPal,631.95,Successful,txn_c33b404b76254b01a6df9a02ad94d947,1,
7836,7546,2024-01-27,Amazon Pay,110.69,Failed,txn_9a7c8c3e6467482586e2dd2b03c9efe4,1,
7837,7546,2024-01-28,Amazon Pay,110.69,Successful,txn_5aafb3a5a1284308b1a1d6653b880ae6,2,7836.0
7838,7547,2024-04-24,Credit Card,51.24,Successful,txn_7a8d413287b645c38e00431ef4e46cdd,1,
7839,7548,2025-08-19,Debit Card,427.14,Successful,txn_aa9b2f75a689486cb20a1823cd2ea928,1,
7840,7550,2024-02-24,Amazon Pay,98.26,Successful,txn_0673bf47d3214c7f86de60932951417c,1,
7841,7551,2025-07-17,PayPal,127.38,Successful,txn_5b89c8411fe846d5bf814a0fcfb603fa,1,
7842,7552,2024-12-29,PayPal,330.54,Successful,txn_09bfcb4ef3b2488cbb833cd8331864e6,1,
7843,7553,2025-08-20,Gift Card,450.0,Successful,txn_923e535e10d14fb49c109f554c9851ec,1,
7844,7554,2024-01-17,Amazon Pay,393.04,Successful,txn_5bc727eadc0b4d99b03a5ce89b6ccc44,1,
7845,7555,2025-10-19,Amazon Pay,207.98,Successful,txn_28acc02414324b3abc6b5b81b781db84,1,
7846,7556,2025-07-10,Amazon Pay,406.0,Successful,txn_496ed6c7dc3c4ddb9fd5a201caf74de3,1,
7847,7557,2024-05-25,PayPal,225.9,Failed,txn_40ff05c535db49e59e613bd246bc97e2,1,
7848,7557,2024-05-26,PayPal,225.9,Successful,txn_99afe40fb83b49bfaec352bc869bf94b,2,7847.0
7849,7558,2025-04-08,Debit Card,307.11,Successful,txn_f41e8d5765ad49cfb09168580144c677,1,
7850,7559,2024-04-01,Gift Card,671.3,Successful,txn_f4ddb53a08dd4ce88e7537f6a14ac2d6,1,
7851,7560,2024-04-23,Gift Card,2285.38,Successful,txn_151161ff47d7423b9a37dab0fdf72282,1,
7852,7561,2025-03-17,Amazon Pay,339.42,Successful,txn_adc7ec0b010d49bdb4cfd31dd25ca841,1,
7853,7562,2025-03-12,Debit Card,196.8,Successful,txn_4e0ab60e020a487aadd09d7dbc8dbff2,1,
7854,7563,2025-08-15,Debit Card,335.8,Successful,txn_47ef41b8dd884794a6a04f3aaf6a8588,1,
7855,7564,2025-05-12,Credit Card,20.7,Successful,txn_57444ef476244e929dbf0f2fcaac42c9,1,
7856,7565,2025-04-02,PayPal,462.76,Successful,txn_d0fdf09f322e41e8afd1a322da205dab,1,
7857,7566,2025-06-25,Amazon Pay,110.18,Successful,txn_d0ba51a69dea4e0faea09ae550086f9b,1,
7858,7567,2025-12-07,Debit Card,102.48,Successful,txn_66cfa4eeee7e4c9d8fa9f1031f827831,1,
7859,7568,2025-01-09,Gift Card,73.77,Successful,txn_59bb4f82548c453282f64a0c5fc7cffe,1,
7860,7569,2024-11-29,Credit Card,1077.68,Successful,txn_e4226cbb9d004cc994b4cb68c15ed80e,1,
7861,7570,2024-06-19,Credit Card,330.96,Successful,txn_2d4a2a77c49545b0928349263c9cf687,1,
7862,7571,2025-07-11,Gift Card,463.89,Successful,txn_55ce063729dc4d3ea77767f9ae7ded07,1,
7863,7572,2024-01-01,Credit Card,577.65,Successful,txn_b9981c3c488b48e784bb22230abe1cb9,1,
7864,7573,2025-11-16,Credit Card,304.5,Successful,txn_a715e40dbb0d4d9fa67caa9af6992721,1,
7865,7574,2025-12-25,Credit Card,1239.09,Successful,txn_13281f6a720147f09f6170372f1c1ffa,1,
7866,7575,2024-09-13,Debit Card,947.64,Successful,txn_31a100762b094bd7957bf8957586bef5,1,
7867,7576,2025-06-13,PayPal,546.64,Successful,txn_189b627584b042439785602dc973404d,1,
7868,7577,2025-11-24,Debit Card,51.92,Successful,txn_fbf79c93394d4a049b01e85d67a4b750,1,
7869,7577,2025-11-24,PayPal,48.4,Successful,txn_c22f0de3bba745568a0a0e1decb361e1,1,
7870,7578,2024-10-18,Amazon Pay,461.04,Successful,txn_ef24516b7fac40a2a88d3d8bfef476dd,1,
7871,7579,2025-06-08,Credit Card,49.24,Failed,txn_809065499ac34158b46416ae9fc8190c,1,
7872,7579,2025-06-09,Credit Card,49.24,Successful,txn_f59292446cff4b5f9dd499b8c4583981,2,7871.0
7873,7580,2024-04-11,Debit Card,291.6,Successful,txn_a5f04e7ee3614827a9eb43b42994305e,1,
7874,7581,2025-09-05,Debit Card,136.26,Successful,txn_17998bf731814a2a95f36af8b163e873,1,
7875,7582,2024-06-06,PayPal,79.71,Successful,txn_fbb1bdf617214e2fb444889efc575738,1,
7876,7584,2024-06-19,PayPal,27.18,Failed,txn_9283c2ca23fb4c6f84da35e929e4df83,1,
7877,7584,2024-06-20,PayPal,27.18,Successful,txn_837db813d61a473e8f701846fba64cc5,2,7876.0
7878,7585,2024-09-17,Credit Card,196.8,Successful,txn_ca02bf6061474c42abb452f43b650443,1,
7879,7586,2025-10-28,Gift Card,505.56,Successful,txn_99587b17347d4a50bc68bacfa7065c03,1,
7880,7587,2025-01-05,Gift Card,6.9,Successful,txn_5261cd37673c49b1b6089a7a80765165,1,
7881,7589,2025-04-05,Amazon Pay,170.31,Successful,txn_e5b4b017dcbf4c61a517144541d46997,1,
7882,7591,2024-08-15,Gift Card,1480.17,Successful,txn_0be3665f41964603acc4ccdb188c3fed,1,
7883,7592,2025-05-14,Debit Card,393.6,Successful,txn_7e482cb92d244ad1a0cbf118e92ffba7,1,
7884,7593,2025-11-19,Credit Card,29.42,Successful,txn_c7bea1711a604516b307ec4ea71735cf,1,
7885,7594,2024-08-16,Credit Card,179.74,Successful,txn_1baa1acd101145e79dbce8fef4677e6e,1,
7886,7595,2025-02-01,Amazon Pay,409.98,Successful,txn_155837b12cc64a14b701ade505c9dc0b,1,
7887,7596,2024-10-28,Credit Card,138.33,Failed,txn_7efe269727924f7694fe683d91b57645,1,
7888,7596,2024-10-28,Credit Card,138.33,Successful,txn_4873a7c03eca438c83db49586d7b58cb,2,7887.0
7889,7597,2025-04-05,Gift Card,136.66,Failed,txn_d8bcede47f3748199ef93f2de4700370,1,
7890,7597,2025-04-05,Gift Card,136.66,Successful,txn_ca010851e7cf4440ad56a38b2dd8f051,2,7889.0
7891,7598,2024-09-15,Credit Card,296.16,Failed,txn_4775cb1ca75a4b3fb494ea1dc8ae335c,1,
7892,7598,2024-09-17,Credit Card,296.16,Successful,txn_aae300d017ba4be1895966ff283c9607,2,7891.0
7893,7599,2024-05-17,Amazon Pay,438.3,Successful,txn_a0a2615e5c664493bd0db6cd0ce0cd85,1,
7894,7600,2025-10-28,Debit Card,87.12,Successful,txn_8a93954c161647b4803b11c734d61086,1,
7895,7601,2024-03-01,PayPal,241.68,Failed,txn_5d3c2d1fd73b42ea8b9bad7a4d02123f,1,
7896,7601,2024-03-03,PayPal,241.68,Successful,txn_1363fb5f1e044893a17683911164224f,2,7895.0
7897,7602,2025-10-30,Credit Card,472.02,Successful,txn_b131f61c79f04bdebb6a2794eff050a8,1,
7898,7603,2024-04-14,Amazon Pay,389.12,Successful,txn_c2cbaba38eb54614bfe508daa8a4fd67,1,
7899,7605,2024-12-11,Credit Card,149.04,Successful,txn_947249a1957d41969ee17897c017750a,1,
7900,7606,2025-09-22,PayPal,924.14,Successful,txn_527766b31a344fba81c5346b2c63dc62,1,
7901,7607,2025-06-11,Credit Card,161.58,Successful,txn_fcb93d922f3c4fe2a1046e3af48bed96,1,
7902,7608,2024-05-20,Gift Card,671.3,Successful,txn_b51a6bce3d3844f3b14896a8aeefffa5,1,
7903,7609,2025-09-22,PayPal,166.4,Failed,txn_76d2032dd21a453381ec76371e0cf017,1,
7904,7609,2025-09-24,PayPal,166.4,Successful,txn_8bdd84eb208b491c9a4f68ca98905237,2,7903.0
7905,7610,2025-11-06,PayPal,68.49,Successful,txn_c9fcdd8cd7df4db18028f37f4ba411f1,1,
7906,7611,2024-07-17,Credit Card,304.5,Successful,txn_279096ec4cef4c548e75e00e5c25ca1f,1,
7907,7612,2024-05-25,Amazon Pay,148.06,Successful,txn_40f1fa65fdc947f4993db8ce9b7fe352,1,
7908,7613,2025-11-21,Amazon Pay,165.48,Successful,txn_44968c73c0a74c71b7baa4c93e1e201e,1,
7909,7614,2025-08-02,PayPal,282.26,Successful,txn_ec12be78c74f479197745ed6452b6b96,1,
7910,7615,2024-07-30,Gift Card,297.92,Failed,txn_246e00918fd94709bccbb1a18a2cf0c1,1,
7911,7615,2024-07-31,Gift Card,297.92,Successful,txn_bed29163dd0a4c67a958c7b4740cdb0b,2,7910.0
7912,7616,2024-09-29,Debit Card,197.04,Successful,txn_3148cb0dfdee434bbf7381392f9cf06c,1,
7913,7617,2025-07-20,Debit Card,240.12,Failed,txn_cccd73978cbf4329980e605df826bc17,1,
7914,7617,2025-07-20,Debit Card,240.12,Successful,txn_4bd5aa52ec0e459f87463c4f5c3c67e5,2,7913.0
7915,7618,2024-01-16,Gift Card,383.68,Successful,txn_a7e5133219c64cc1810c294a15acbd1a,1,
7916,7619,2025-05-20,Amazon Pay,84.0,Successful,txn_e9302057a8a24d26b4b043d6f35e8bbd,1,
7917,7621,2024-09-26,PayPal,125.7,Failed,txn_771f124d369b436d8e554031332ce8cd,1,
7918,7621,2024-09-27,PayPal,125.7,Successful,txn_5e1a4376c3a042d98d4efe46e3909066,2,7917.0
7919,7622,2024-05-23,Debit Card,583.68,Successful,txn_35ec2180e8a74b37b6fa8f571998bab5,1,
7920,7623,2025-07-06,Gift Card,499.85,Successful,txn_26c19f582af84b9d9f0bd01d4ccbc0d1,1,
7921,7624,2024-11-05,Gift Card,294.75,Failed,txn_1097bfec948b48e8a1ca2d56d426043a,1,
7922,7624,2024-11-05,Gift Card,294.75,Successful,txn_3dad488a2885429cb7d7c932454dea1a,2,7921.0
7923,7625,2024-10-06,Debit Card,88.26,Successful,txn_4114fda3d1f1491f9d7ca2d82d0b1b74,1,
7924,7626,2024-01-09,Credit Card,215.74,Successful,txn_c5a526db6fde4ee396afd06581cec7c5,1,
7925,7627,2025-08-20,PayPal,142.38,Failed,txn_e61a9b28e54b4eb8b89b8e20848f392a,1,
7926,7627,2025-08-21,PayPal,142.38,Successful,txn_c37d186c8f4d4a9aab7568202ed653e1,2,7925.0
7927,7628,2025-09-21,PayPal,89.1,Failed,txn_3d622a7a71e744f6b72ea157bc175b67,1,
7928,7628,2025-09-21,PayPal,89.1,Successful,txn_b4945e63dfb54ea493aa73b7c0a686c8,2,7927.0
7929,7629,2024-12-10,Credit Card,33.22,Failed,txn_092b2d7bae964a39b86ee56c39b0d6f6,1,
7930,7629,2024-12-12,Credit Card,33.22,Successful,txn_c94746c74c9347938df258678297028e,2,7929.0
7931,7630,2025-10-29,Amazon Pay,180.09,Successful,txn_64fe79b1599b4074bb5f7cf33994e31a,1,
7932,7631,2024-08-21,Debit Card,34.83,Successful,txn_633225360fe04e81b99027bc448e9a27,1,
7933,7632,2024-10-27,Amazon Pay,608.0,Successful,txn_68bb1b3617704515985f27d3b73839d8,1,
7934,7633,2025-03-12,Gift Card,84.77,Successful,txn_75cabb7f38d54bc78c7bb2c2619ad5b6,1,
7935,7634,2025-03-02,Gift Card,423.39,Successful,txn_e2e1e25569fe490f8f2b681cca45fdeb,1,
7936,7635,2024-03-31,PayPal,168.1,Successful,txn_bbc000225e81456cb7cb877d875889cf,1,
7937,7636,2025-04-06,Amazon Pay,1011.84,Successful,txn_077810be3af342b28601d177ff89f33b,1,
7938,7637,2024-11-25,Gift Card,1337.83,Successful,txn_62292ae567e14ac5b77b0b4363cd8d8a,1,
7939,7638,2025-11-04,Credit Card,8.59,Successful,txn_8b85a261c6ca49e2862214dd1382ab82,1,
7940,7639,2024-06-21,Gift Card,118.08,Successful,txn_1e3eab5c6be14109a22cef9209f833cd,1,
7941,7640,2024-08-09,Debit Card,340.08,Successful,txn_4e127e6f8c984c3d9e907a9ac3aa8a33,1,
7942,7641,2025-09-27,Amazon Pay,141.13,Successful,txn_7de2cc4c3f89420f8e839b5cb9188112,1,
7943,7642,2024-02-12,PayPal,81.75,Successful,txn_7feac64545614d82a8935089fbceba1f,1,
7944,7643,2025-03-07,PayPal,274.44,Successful,txn_31631244383f444dbfe9924d946ba5d2,1,
7945,7644,2025-01-02,Debit Card,55.53,Failed,txn_f1c9c9ce4069455d806908a03391b27d,1,
7946,7644,2025-01-04,Debit Card,55.53,Successful,txn_e0d758efc2024944be00825f048cd706,2,7945.0
7947,7645,2024-02-05,Credit Card,490.6,Failed,txn_122897327f454809bc008ea35913f99b,1,
7948,7645,2024-02-06,Credit Card,490.6,Successful,txn_2f1aaca84571441cab6bda8de5406ff5,2,7947.0
7949,7646,2024-05-01,Gift Card,208.97,Successful,txn_742dcaf056e1490983474c27607632f7,1,
7950,7647,2025-05-19,Amazon Pay,294.75,Successful,txn_47800aebf241407887010b7946ac274a,1,
7951,7648,2024-08-30,Amazon Pay,900.0,Successful,txn_0aba14fc201d4344a1d902354639221d,1,
7952,7649,2025-06-22,Gift Card,1790.9,Successful,txn_0a42b734518c4be2b3537865312826db,1,
7953,7650,2024-01-06,PayPal,969.3,Successful,txn_a113501dac334aef9e9c64fcfcbe4fa6,1,
7954,7651,2024-09-24,PayPal,2155.36,Successful,txn_8f0f42f175d64d2fb464ae1ea6b5929f,1,
7955,7652,2024-10-18,Credit Card,114.8,Successful,txn_c0f556a63e214998b4f936e9007fad18,1,
7956,7653,2025-02-28,Gift Card,282.0,Successful,txn_a71fe019dccd4105a592b842c5d49621,1,
7957,7654,2024-05-01,Debit Card,330.54,Successful,txn_67b59e15f7474e34adbd38b49af8ad83,1,
7958,7655,2024-10-12,Gift Card,25.77,Successful,txn_2a253a2249b34d468ef6dd775fed12be,1,
7959,7657,2025-12-01,Credit Card,107.2,Successful,txn_59cb09afc80745cab6d0ad2fe6814b61,1,
7960,7658,2024-04-23,Gift Card,254.13,Successful,txn_94b349c13bbb470fa48913cfc76bdfee,1,
7961,7659,2024-10-02,Gift Card,294.75,Successful,txn_6798b4de9f3f45f898f1c05083735d4a,1,
7962,7660,2024-04-04,Gift Card,725.04,Successful,txn_0f742365b06142da826aa4a1e46f095c,1,
7963,7661,2024-04-22,Amazon Pay,11.07,Successful,txn_782de66bc7814a4996a83afd1bce1890,1,
7964,7662,2024-01-08,Credit Card,1026.93,Successful,txn_1c87d03c8b2a4416b5c06c6c4906e84a,1,
7965,7663,2024-06-23,Amazon Pay,674.56,Successful,txn_20a8be0157a442ffa81167450c829cc6,1,
7966,7664,2024-11-22,Amazon Pay,143.63,Successful,txn_f688223fa3f64ef587c1947810a7242c,1,
7967,7665,2025-12-14,Credit Card,118.8,Successful,txn_9232bb975d304ca7800874787eccf844,1,
7968,7666,2024-03-20,Amazon Pay,1278.04,Successful,txn_64068534857041b38c13d2902e72027f,1,
7969,7667,2024-03-29,Credit Card,917.21,Successful,txn_c2b7521a18cb4e5785f08a3261177c43,1,
7970,7668,2025-10-06,Gift Card,259.92,Successful,txn_8be19ea6d53d408ca7fdf395113eb30b,1,
7971,7669,2024-05-25,Amazon Pay,390.48,Successful,txn_c0b2c902e5c7443eb5763711ab81da9e,1,
7972,7670,2025-02-11,Debit Card,195.24,Successful,txn_1adb64bd8f7540c5af72a23abe252924,1,
7973,7671,2024-05-29,Gift Card,96.04,Successful,txn_cf05b02c94124e78922810bf42f141fe,1,
7974,7672,2024-05-17,Debit Card,69.03,Successful,txn_3bc06fa2b891469191b6a8edd66f03a0,1,
7975,7673,2024-04-12,Credit Card,172.2,Successful,txn_c1945306fd254c80b017fc50c39ac088,1,
7976,7674,2024-04-25,PayPal,583.68,Successful,txn_fcc715568a0b496996ecc60fbbbb366a,1,
7977,7675,2024-11-22,Debit Card,718.15,Successful,txn_74e7b543da8f455e9bf81cba3d0b442e,1,
7978,7676,2025-11-21,Credit Card,99.97,Successful,txn_8e0f8c2562ea450db546d08f98ba2ed1,1,
7979,7677,2024-07-14,Debit Card,433.53,Successful,txn_fddfdf7da69b4356befefef43cbbadb8,1,
7980,7678,2024-04-24,Gift Card,86.64,Successful,txn_17242ffe832543c5bd265e6ffc4ee8c9,1,
7981,7679,2025-08-29,PayPal,74.03,Successful,txn_00b53321c6cb476cb53b022d5482efaa,1,
7982,7681,2024-10-03,Amazon Pay,131.22,Successful,txn_5bb00336ccaf4cc88958694c470dade7,1,
7983,7682,2024-11-04,Debit Card,583.68,Successful,txn_73dedfcf242243fbb13f982b5f6df7ee,1,
7984,7683,2024-06-16,Gift Card,102.39,Successful,txn_0217da014e95447eb287079eae8754b1,1,
7985,7684,2025-01-01,Debit Card,80.7,Successful,txn_c3cfc71b16af436aa218a1fc076a26e7,1,
7986,7685,2025-11-28,PayPal,847.68,Successful,txn_0631f186e8e9494d9f3c7aff9ffc8c36,1,
7987,7686,2025-03-31,Credit Card,172.83,Successful,txn_8f52c33230db4112bc744160f671587d,1,
7988,7687,2024-04-12,Gift Card,236.2,Successful,txn_45f0fc284597447094c2e9e6fdb86eb8,1,
7989,7688,2025-11-03,Debit Card,99.0,Failed,txn_1babfc37c88f434b9081c25f48e58993,1,
7990,7688,2025-11-05,Debit Card,99.0,Successful,txn_2e9cdd6b5e3947e3b9b51827a3e2426c,2,7989.0
7991,7689,2025-02-25,PayPal,438.3,Successful,txn_da328ba9d29e4f44994eeca3bb401076,1,
7992,7690,2024-01-21,Amazon Pay,301.83,Successful,txn_a6000ffdb4f040f396202e57e46a426c,1,
7993,7691,2025-01-17,PayPal,428.8,Successful,txn_29e51480c66f48f7858a0cd9efe0f436,1,
7994,7692,2024-08-04,Debit Card,180.09,Successful,txn_5f2562bd0b6a4dd59b30b690758cf3ec,1,
7995,7693,2025-12-25,Gift Card,1487.23,Successful,txn_1d7ed25cdfdf4b409c620700abf5e956,1,
7996,7694,2025-04-19,Debit Card,28.19,Successful,txn_d42d93894e7f4cd4b92dd32cf403cc73,1,
7997,7695,2025-05-11,Credit Card,1964.49,Successful,txn_699fdd0ea5e94a148c5f978da3a12a1f,1,
7998,7696,2024-02-05,Amazon Pay,899.79,Successful,txn_a43e307f98b845adab507050b6d629aa,1,
7999,7697,2024-06-07,PayPal,161.25,Successful,txn_056cd520e8294d2bb72ce93e35de6f17,1,
8000,7699,2025-10-23,PayPal,282.26,Successful,txn_9ded0ebfd54b4658b6753b35fb60b22b,1,
8001,7700,2024-05-14,PayPal,1421.46,Successful,txn_5726bd92435643c7803725b3e2f52fb1,1,
8002,7701,2024-10-25,Credit Card,63.4,Successful,txn_de930cdce3f046bd8063fce1fec52dbd,1,
8003,7702,2024-04-06,Debit Card,486.0,Successful,txn_3a2186b361224633a0d1147527b265db,1,
8004,7703,2024-10-23,PayPal,339.08,Successful,txn_092b5282332849088de798d4e1030097,1,
8005,7704,2024-03-30,Debit Card,339.08,Successful,txn_2fa443a090c645e39b3f67415caada07,1,
8006,7705,2025-03-23,Gift Card,160.08,Successful,txn_3a4bff9ad5da4184ac0947e54335ed35,1,
8007,7706,2025-05-09,Debit Card,574.52,Successful,txn_1e442c92f669435786c5df3f3f525445,1,
8008,7707,2025-08-05,Debit Card,268.95,Successful,txn_3aa48bbb255c452a9fa666e3d920bf2d,1,
8009,7708,2024-01-12,Gift Card,232.56,Successful,txn_caf6cb53d07e45c1b73a4d6e27155096,1,
8010,7709,2025-03-29,PayPal,254.31,Successful,txn_aeaa1bc023d64a63a1ff80b136fe513b,1,
8011,7710,2025-04-20,Credit Card,60.36,Successful,txn_54464c1b51a7426d8105a3770810b31e,1,
8012,7710,2025-04-20,Amazon Pay,78.09,Successful,txn_84191adae3b541f1b156ddc719e33ff3,1,
8013,7711,2024-01-03,Amazon Pay,37.73,Successful,txn_2a930a999e164bb68526eced15083c76,1,
8014,7711,2024-01-03,Gift Card,103.63,Successful,txn_61bff3ffe9e74cdd945faa825416ac21,1,
8015,7712,2024-01-23,Gift Card,1391.28,Successful,txn_0b18c819fae14c119e52d34f6dddf173,1,
8016,7713,2024-03-28,Credit Card,185.84,Successful,txn_aa7f9fe2cc7e4e8fb3eaa82018b60628,1,
8017,7714,2024-03-28,Gift Card,215.16,Successful,txn_5ac96ed10bbf4f8aa1202d9e62ff3009,1,
8018,7715,2024-11-05,Amazon Pay,423.39,Successful,txn_3e03f400f0de449f9d351ca560f4e0c2,1,
8019,7716,2024-01-12,PayPal,487.66,Successful,txn_e74c20c4f8e740fb900ccff254d15256,1,
8020,7717,2024-03-08,PayPal,180.09,Failed,txn_cb7e5895212f4cd18fcde536b25d920b,1,
8021,7717,2024-03-09,PayPal,180.09,Successful,txn_39091005f43b4455bbba7945df575beb,2,8020.0
8022,7719,2025-06-20,Amazon Pay,145.02,Successful,txn_a932a06664d34ab8afb6f05bbba67386,1,
8023,7720,2024-09-05,PayPal,117.57,Successful,txn_46a738314a6444daac5cca7d7cdc9be9,1,
8024,7721,2024-10-31,PayPal,268.55,Successful,txn_349529630a7d4b2e89f6858b055917c0,1,
8025,7722,2025-07-05,Credit Card,327.0,Successful,txn_e8587261869447e1ab49078389081454,1,
8026,7723,2024-07-26,Gift Card,113.36,Failed,txn_469e91cea7d74e3d9d3e87c2da42ccd6,1,
8027,7723,2024-07-28,Gift Card,113.36,Successful,txn_9fc07de8015246c5be9b9e9f98b00346,2,8026.0
8028,7724,2025-09-24,Gift Card,15.15,Successful,txn_8095e9d15cf849a2b67008cd8092d1a4,1,
8029,7726,2025-07-10,Debit Card,189.95,Failed,txn_7fb5a50f0d46405faa2f9499e3d34b62,1,
8030,7726,2025-07-11,Debit Card,189.95,Successful,txn_48f319a39e444a7ea4c66fbe78f829cd,2,8029.0
8031,7727,2024-12-03,Gift Card,55.35,Successful,txn_094afb1f27ac4c6bb0eb2d41390a5185,1,
8032,7728,2024-04-14,PayPal,24.01,Successful,txn_693ca57552a04f03b541d7f88e0af708,1,
8033,7729,2024-07-10,Amazon Pay,297.92,Successful,txn_8cd2a1e95812454493703d16ce7ffa0b,1,
8034,7730,2024-11-06,Gift Card,2285.38,Successful,txn_db2c9e71b8e24097964896c2ebe0dcbf,1,
8035,7731,2024-02-21,Gift Card,369.82,Successful,txn_194a339658ef4d5eba5883f3ff280b48,1,
8036,7732,2024-03-09,Debit Card,462.07,Successful,txn_7d82cde16c754cd7bd4cfd8d1863032e,1,
8037,7733,2025-10-16,Credit Card,527.25,Successful,txn_b173666830cd41ddbc4b467d99c21251,1,
8038,7734,2024-07-05,Debit Card,445.92,Successful,txn_fff0650d19a64955b7a831994ffa5fea,1,
8039,7735,2024-04-21,Credit Card,725.04,Failed,txn_42458218d9b14d47a5c582cc6f7fb4fb,1,
8040,7735,2024-04-21,Credit Card,725.04,Successful,txn_08e39ba3d58b46419219f7c064223224,2,8039.0
8041,7736,2024-04-03,Amazon Pay,28.78,Failed,txn_63fc457089f543d2950bddb9cf5db7b9,1,
8042,7736,2024-04-05,Amazon Pay,28.78,Successful,txn_c7dfd8745f084a2b9972f44a9ad80d2a,2,8041.0
8043,7737,2024-07-09,Amazon Pay,160.3,Successful,txn_5011b78b0da84e91922a30a464b83acc,1,
8044,7738,2024-06-18,Credit Card,325.2,Successful,txn_9075b245626041bf888ab7a492af0ead,1,
8045,7739,2025-09-24,Debit Card,75.98,Failed,txn_e00887d679d640f28b26673897295464,1,
8046,7739,2025-09-25,Debit Card,75.98,Successful,txn_d114b2b4c4b14bed8072c40589bb121b,2,8045.0
8047,7740,2024-10-06,Credit Card,859.95,Successful,txn_6c75832c531446508ea45a9eeef107e7,1,
8048,7741,2024-12-18,Debit Card,138.33,Successful,txn_f65d599fc2934272904970aa04d8fc85,1,
8049,7743,2025-09-10,PayPal,301.83,Successful,txn_eb4c7faeea134171a7afe440a6f03c16,1,
8050,7744,2025-09-28,Gift Card,204.15,Successful,txn_85686f98fc6e45e69d1eb3feed721c80,1,
8051,7745,2025-09-30,PayPal,307.17,Successful,txn_e07b48dd159a4081abe3567c3ef6a43f,1,
8052,7746,2024-11-20,Credit Card,625.15,Successful,txn_6458721a54f24b0bbf82ba3123495762,1,
8053,7747,2024-06-09,PayPal,53.14,Successful,txn_05b1439457d64e52a4cd2cdce8543276,1,
8054,7748,2025-04-09,Amazon Pay,495.86,Successful,txn_e32cd7dbc0e046b1bbdcb016adb812fb,1,
8055,7748,2025-04-09,PayPal,480.04,Successful,txn_26c8796471974016a3b7bd6389f4c60f,1,
8056,7749,2025-04-29,Amazon Pay,293.54,Successful,txn_4ec19ad9f6384acaaf6d321cae158843,1,
8057,7750,2025-03-19,Gift Card,11.5,Successful,txn_5108592631964f30997f8fc1bce55ed6,1,
8058,7751,2025-05-05,PayPal,2675.66,Successful,txn_cd81225b24874c5c90d4f2d467d70c55,1,
8059,7752,2025-12-09,Gift Card,490.6,Successful,txn_d004844863184a35bc2a941d4830da25,1,
8060,7753,2025-09-07,Credit Card,46.72,Successful,txn_482ccc6a327a4442afce0f0f17e5f77a,1,
8061,7754,2024-08-07,Amazon Pay,323.61,Successful,txn_948f57d3fa8044a9a0dce03572f53d7b,1,
8062,7755,2025-11-24,Credit Card,674.56,Successful,txn_184a18e42bb645c19beffa12fe22aa54,1,
8063,7756,2024-10-17,PayPal,542.02,Successful,txn_6167c1516c0d4a37b79d9e617886246b,1,
8064,7757,2025-07-22,Gift Card,225.9,Successful,txn_6b75f1a6f99f43a885bd68ea48d814eb,1,
8065,7758,2025-06-18,Amazon Pay,282.26,Successful,txn_7f8bb07fc1ff4b4eae586230c2fa03db,1,
8066,7759,2025-12-28,Debit Card,27.18,Successful,txn_6b5b7ee10a664281a29c9bbb460458d4,1,
8067,7760,2025-02-13,Gift Card,168.0,Successful,txn_33aef698e13342e78b2eb8c1bf0c9e09,1,
8068,7761,2024-01-15,PayPal,1304.73,Successful,txn_b00dc510f31e4ccab9e86158fe10ab04,1,
8069,7762,2024-09-17,PayPal,35.34,Successful,txn_f7f6f7083acb431f8b0e0c62447c7be0,1,
8070,7763,2025-09-06,PayPal,1337.83,Successful,txn_211a46fb49d04f0ebe1fcddb62efef29,1,
8071,7764,2024-04-29,Gift Card,2976.6,Successful,txn_3233defba7884e21ae71ef26e59372b1,1,
8072,7765,2024-04-09,Credit Card,118.08,Successful,txn_4c327c45699d4f229f69efa9a59d3e07,1,
8073,7766,2024-02-13,PayPal,27.18,Successful,txn_ffff01a012cc486ba25b0395a9ce77af,1,
8074,7767,2025-12-01,Credit Card,278.28,Successful,txn_9a7fb11ef26846888fc1db5be02257bd,1,
8075,7768,2024-08-01,Amazon Pay,138.3,Successful,txn_2cecfe2692464f328cbf4ae38f10abe3,1,
8076,7769,2024-06-07,PayPal,661.92,Successful,txn_98427f39466642539ef1a37e2a625e25,1,
8077,7770,2024-12-18,Amazon Pay,414.99,Successful,txn_a7663a3ab7f84bc1a3b1849f111c3cf5,1,
8078,7771,2024-11-25,Debit Card,185.52,Failed,txn_7567de9ca9794ee18d58dbdf68e617b7,1,
8079,7771,2024-11-25,Debit Card,185.52,Successful,txn_13c879b423d840ecb6a0162a77cee87e,2,8078.0
8080,7772,2025-11-07,PayPal,69.66,Failed,txn_40d9c32aa32c479ea9e1249eea35cf5b,1,
8081,7772,2025-11-07,PayPal,69.66,Successful,txn_9fdf384b3d0e4b70ab15c9ffb91de635,2,8080.0
8082,7773,2024-01-13,PayPal,12.9,Successful,txn_6efb68d1762e4776ae3c83c143d64223,1,
8083,7774,2024-09-03,Debit Card,486.21,Successful,txn_7b1e3f1c6cde4c5581694c69d6e6997d,1,
8084,7775,2024-09-27,Debit Card,96.66,Successful,txn_81b486d787784d5fb661c3675f27452b,1,
8085,7776,2025-11-13,PayPal,705.24,Successful,txn_c875223d91be4bd0b6165b9cd350c730,1,
8086,7777,2025-06-23,Debit Card,451.5,Successful,txn_3dbc452eb7fa4c20b5434a53e63366d0,1,
8087,7778,2024-06-08,Credit Card,226.16,Successful,txn_2f1801622a0c479e87b2af8bfb3e1646,1,
8088,7779,2024-11-29,Amazon Pay,271.01,Successful,txn_eb48baf725484f858694e8178358d6f1,1,
8089,7780,2025-05-18,Gift Card,2976.6,Successful,txn_257b524cea6d4da29f13e4e712836a93,1,
8090,7781,2025-04-18,Debit Card,219.24,Successful,txn_064d1e6147b64755b1683a7549ea2109,1,
8091,7782,2025-03-29,PayPal,110.18,Successful,txn_3e577385de3f410da007cd4d6cfdc464,1,
8092,7783,2025-06-22,Debit Card,175.32,Successful,txn_afc601a9a5424b95a6daf9f5f1c5410f,1,
8093,7784,2024-09-22,Credit Card,130.28,Successful,txn_770018e1509a4da397cfeff3b81baba1,1,
8094,7785,2024-03-04,PayPal,3928.98,Successful,txn_a82741c949c242619ac42a2e6d336425,1,
8095,7786,2024-04-15,Amazon Pay,823.32,Successful,txn_7c80f1eb318d418cba568466e7ecdf48,1,
8096,7787,2025-06-22,Credit Card,107.42,Successful,txn_65b0ee2bdd8a40eea644f5e39e304fab,1,
8097,7788,2024-01-18,Amazon Pay,32.96,Successful,txn_f1a501192b8c4abeb9d9a039b15a52dd,1,
8098,7789,2025-11-09,PayPal,517.38,Successful,txn_96bafc7642f4460b92d10a0f599ffe55,1,
8099,7790,2025-04-18,PayPal,102.37,Successful,txn_27e84a9bb62a49ca828108c5a4c9a3b0,1,
8100,7791,2024-12-17,Debit Card,258.69,Successful,txn_0bb9fc39d3a54586a81e0c58ab70d5ec,1,
8101,7792,2024-02-15,Credit Card,107.03,Successful,txn_ffd36a3d240a47b4a3b0a0aca06370fc,1,
8102,7793,2025-04-14,Gift Card,105.39,Successful,txn_42d7629517d842d3b35f591a95241ff2,1,
8103,7794,2025-05-24,Credit Card,1488.3,Successful,txn_fc41ee66d1de4eb19c4bbe41e6c5a435,1,
8104,7795,2024-05-03,Gift Card,345.84,Successful,txn_a0bbbc25c60d46bfa735c684749a71ab,1,
8105,7796,2024-05-25,Debit Card,438.3,Failed,txn_91d463efeac540e99fff4459eb990224,1,
8106,7796,2024-05-25,Debit Card,438.3,Successful,txn_119dea8962b94a42a98c30730876335f,2,8105.0
8107,7797,2025-03-02,Credit Card,254.31,Successful,txn_cfd34f54a5224ed0a27ca5f4812f5903,1,
8108,7798,2025-10-09,Amazon Pay,847.68,Successful,txn_9178776671fa4bd590cf2c7a879492e7,1,
8109,7799,2025-09-29,PayPal,2507.24,Successful,txn_928c0a4f733f47f2b76e4258ef72f912,1,
8110,7800,2025-11-16,Debit Card,145.02,Successful,txn_b2bac1d07c5b428fb78bb317868ef2f6,1,
8111,7802,2025-05-03,Debit Card,433.53,Successful,txn_d910fa7d9a804fcdb69aacf1703430d6,1,
8112,7803,2024-08-01,Credit Card,895.45,Successful,txn_bf4493a7c8df4f59bffeac8ce2072988,1,
8113,7804,2025-11-20,Gift Card,27.0,Successful,txn_f64e60c53c2c424aa0ab2a920c0ab8c2,1,
8114,7805,2024-12-06,Credit Card,2675.66,Successful,txn_54a2a640bee7404bbafbd52aab5a56ce,1,
8115,7806,2024-07-14,Amazon Pay,324.8,Successful,txn_a1af7c8ff78f43aa81bc3a8df9e64d32,1,
8116,7807,2025-10-19,Credit Card,226.28,Successful,txn_a90938c4805748238c03c6681dacea48,1,
8117,7808,2024-10-23,PayPal,2675.66,Successful,txn_5f6f5481d0ce4b2b82726cf80de54cb0,1,
8118,7809,2024-01-16,Gift Card,661.92,Successful,txn_7f3ada2d0b2e4689aa365d3d376d1af7,1,
8119,7810,2025-02-19,Debit Card,2507.24,Successful,txn_b5e23de98a1e45d29d807874670dc98d,1,
8120,7811,2024-04-30,Amazon Pay,43.54,Successful,txn_79e50e4cc6d8457d9f7f7989fd9dcbd2,1,
8121,7812,2025-07-29,Credit Card,127.71,Successful,txn_c2f1ee3fc2204f3388d9a90734c3164f,1,
8122,7813,2025-07-08,PayPal,1790.9,Successful,txn_d6673512761a40aaa1113e63cfe59243,1,
8123,7814,2024-10-19,Credit Card,826.06,Successful,txn_5ce1bcf4915e492ab5613c962dcd6f71,1,
8124,7815,2025-12-26,PayPal,66.44,Successful,txn_73e9c45872314436817bf75662eda09d,1,
8125,7816,2024-08-22,Credit Card,2285.38,Successful,txn_eebc86e075ca4d74b8f4b2469837273c,1,
8126,7817,2025-04-02,PayPal,214.06,Successful,txn_e37cc6da9b3949fba555b0f98e2c1a32,1,
8127,7818,2025-04-12,Amazon Pay,73.77,Successful,txn_2178c18998684a208ef71bcb21207174,1,
8128,7819,2025-12-29,Credit Card,139.12,Successful,txn_41b9afea73fd411396076240cd81dd65,1,
8129,7820,2025-03-21,PayPal,1834.42,Successful,txn_1f2ec6b1053e4eddb0114e161a5aae86,1,
8130,7821,2025-09-09,Amazon Pay,42.12,Successful,txn_bea294f55b1f46c7999204cd9b7abfb8,1,
8131,7822,2025-08-14,Debit Card,58.63,Successful,txn_145c9048ff13433281edc51175d2fbb7,1,
8132,7823,2025-11-21,Gift Card,705.24,Successful,txn_d7e2054dcda5467fae339253a4b2637d,1,
8133,7824,2024-08-23,Amazon Pay,445.92,Successful,txn_7e5781c785a74d36b7059f84d084fa19,1,
8134,7825,2025-05-15,PayPal,50.16,Failed,txn_8416778afa8f4a32bf94ac93ef779705,1,
8135,7825,2025-05-15,PayPal,50.16,Successful,txn_448cde37b1c04930ad4ae6f850beae8d,2,8134.0
8136,7826,2025-12-29,Credit Card,319.77,Successful,txn_a3ec563f91014f77a2e6ac199b4cf063,1,
8137,7827,2024-12-08,Gift Card,23.36,Failed,txn_4b22d76f3d154d5ebebd26fc388cffde,1,
8138,7827,2024-12-10,Gift Card,23.36,Successful,txn_a6bf15b68929422b894bf8502f7037ec,2,8137.0
8139,7828,2025-08-31,Credit Card,12.9,Successful,txn_1fe8ae9d6fe54bbc8b758a97b092d15e,1,
8140,7829,2024-09-03,Debit Card,569.52,Successful,txn_a5e69469da78425189877129aea4d065,1,
8141,7830,2024-02-25,Gift Card,569.52,Successful,txn_c71fa4c9396b4ed7b4d4584f7ae87f01,1,
8142,7831,2025-03-15,Gift Card,23.62,Successful,txn_3c4950ca7aac4877b1a83cc9c91401d2,1,
8143,7833,2024-09-20,Gift Card,83.8,Successful,txn_2eec3b34927a49f28e1f0fbc00f0bc56,1,
8144,7834,2024-11-24,PayPal,370.15,Successful,txn_48abc6a2b6074c7c966a4765d40a519b,1,
8145,7835,2025-12-17,Credit Card,1253.62,Successful,txn_6eb5f3cad75a44449eff6208c4b133ef,1,
8146,7836,2025-08-15,Credit Card,243.83,Failed,txn_b4dab2bc95684a0ca1ff0818966122c9,1,
8147,7836,2025-08-16,Credit Card,243.83,Successful,txn_30040e52eb6241e394380dc6c87bafc8,2,8146.0
8148,7837,2025-09-22,PayPal,113.46,Successful,txn_d31679ce4a9c42749bb605dd83db6f2e,1,
8149,7838,2024-05-19,Gift Card,69.66,Successful,txn_95af8390f5a749fbba0a6744b58b6f18,1,
8150,7839,2024-05-05,Amazon Pay,537.04,Failed,txn_21ed0da33f8d45b2a5eeb9a1d5638c7d,1,
8151,7839,2024-05-06,Amazon Pay,537.04,Successful,txn_cd82cef9d13b4ec98989e6a9bcc75c5c,2,8150.0
8152,7840,2024-10-01,Credit Card,651.4,Successful,txn_5883dc643b3b4720afc16d4cae8b4ee4,1,
8153,7841,2025-10-24,PayPal,421.56,Failed,txn_e37ed0714cf24b9392df156a182c5f91,1,
8154,7841,2025-10-26,PayPal,421.56,Successful,txn_69250e4f0c514029bb7011bebfd95cec,2,8153.0
8155,7842,2024-12-19,Gift Card,127.71,Failed,txn_2affb772e8274453bc7b94522aa63ca4,1,
8156,7842,2024-12-21,Gift Card,127.71,Successful,txn_3b08c637591348969b04e8fd8c866a3a,2,8155.0
8157,7843,2025-04-25,Amazon Pay,273.32,Successful,txn_c388049147094fa09444752eed40d597,1,
8158,7844,2024-02-24,Debit Card,142.38,Successful,txn_c2a0c679ac874880bcf96854d57e5914,1,
8159,7845,2025-12-12,Credit Card,126.8,Failed,txn_68bfed73965845b2b925604a3af0f7da,1,
8160,7845,2025-12-13,Credit Card,126.8,Successful,txn_850dd01829114776b6280975f80f0dca,2,8159.0
8161,7846,2024-05-03,Debit Card,376.56,Successful,txn_242a2bacabb44b5e81df8c7ead396aca,1,
8162,7847,2025-10-09,PayPal,2974.46,Successful,txn_775c7a600efe4bdc8d02abe0e634adc6,1,
8163,7848,2024-11-05,Debit Card,82.4,Successful,txn_e5b36a70b17448829a74aebe2c0f5bb6,1,
8164,7849,2025-12-03,Debit Card,1278.04,Successful,txn_0c059aa9a751499c84718352b0046cde,1,
8165,7850,2024-03-26,Amazon Pay,118.1,Successful,txn_ceefc5fc8c774d07bbc68ea940f88c76,1,
8166,7851,2024-07-06,Gift Card,2285.38,Successful,txn_832438baa478435baab568d5af0e7026,1,
8167,7852,2025-07-27,Credit Card,19.43,Successful,txn_758b0ae9de1f4a938a678ff5d819625a,1,
8168,7852,2025-07-27,Debit Card,64.81,Successful,txn_9256de7d382b4f67b957dafd31ca1e8f,1,
8169,7853,2024-01-04,Debit Card,235.08,Successful,txn_5b39a8ddc06745dba4f2dcd94416e58a,1,
8170,7854,2025-04-09,Gift Card,1096.96,Successful,txn_b4519e0127ee42fc9e43507bd428e267,1,
8171,7855,2025-09-08,Credit Card,924.14,Successful,txn_b75a133a2e0b4d46b124c0bfff83574d,1,
8172,7856,2025-05-23,PayPal,353.12,Successful,txn_df75e0b30fc04650bfb4b834178fad8e,1,
8173,7857,2025-02-13,PayPal,113.08,Successful,txn_79709a65da5b4058bd6c1ff9e1d139ee,1,
8174,7858,2024-07-13,Credit Card,338.84,Successful,txn_df1705398eba4ee58a857c9d614b2bb9,1,
8175,7859,2024-04-13,Amazon Pay,40.4,Successful,txn_03b7c45fc3fd44e3b9e4239a4c529b22,1,
8176,7860,2024-06-26,Debit Card,986.78,Successful,txn_92bf2f6bb81b41b4b7cba74402633318,1,
8177,7861,2024-06-19,Gift Card,242.1,Successful,txn_67c725bfeb044c7a97e7a334ea5fbc0c,1,
8178,7862,2024-03-25,PayPal,100.32,Successful,txn_4866c5f3ba3a4d19abf0eb6f7c0077f1,1,
8179,7863,2024-12-17,PayPal,261.36,Successful,txn_7cb32ecfa07e439ebbf95150838110e9,1,
8180,7864,2024-02-07,Debit Card,847.68,Successful,txn_ae14b5ff78f8472fa661e9e2cf0956cd,1,
8181,7865,2024-09-16,Gift Card,161.4,Successful,txn_f1a78a21492543298f185db7e4ec2294,1,
8182,7866,2025-08-06,Gift Card,175.89,Successful,txn_7fdf5ad767d94de5b114c779a57cffc2,1,
8183,7867,2025-03-15,Credit Card,1480.17,Successful,txn_19cca2f00a714401b04727e26681226f,1,
8184,7868,2025-10-18,Gift Card,264.9,Successful,txn_534186da3bc743dc83c525992669189d,1,
8185,7869,2025-10-20,Gift Card,113.36,Successful,txn_cff59819f9f349f19559186c8df54f7a,1,
8186,7870,2024-02-26,Debit Card,32.25,Successful,txn_ae09d9f7cef441e3b87bb966d0d702a5,1,
8187,7871,2025-10-26,Debit Card,1964.49,Successful,txn_56fada3564e64ff19edf051f754a778a,1,
8188,7872,2025-04-14,Debit Card,529.8,Successful,txn_d6a8f5881c9140649987dad592aecf23,1,
8189,7873,2025-06-08,Debit Card,1350.92,Successful,txn_bc812c9144ab403c8e5eb25c37a02034,1,
8190,7874,2025-11-08,Gift Card,11.5,Successful,txn_36fb1dbc467040eb9f2360015b643213,1,
8191,7875,2025-08-04,Debit Card,110.18,Successful,txn_1ab03f3a2cfe4ed48b65ad361ece5eef,1,
8192,7876,2025-08-06,Credit Card,151.2,Successful,txn_5e229bdfff3149399f0bff4b9e4aef03,1,
8193,7877,2025-03-10,Debit Card,3031.46,Successful,txn_d5d79a787b0f4c55a0e74712d2a88402,1,
8194,7878,2025-06-20,PayPal,576.3,Successful,txn_e62be3a49dea46dba81d73e09c9cc5ed,1,
8195,7879,2025-03-16,Amazon Pay,161.13,Successful,txn_32b04b16edf54dd78f49bcc124045c86,1,
8196,7880,2024-03-23,Credit Card,325.2,Successful,txn_6a9774ff68074b6a8c59a40b056f164e,1,
8197,7881,2024-04-10,Debit Card,254.13,Successful,txn_ac5564cbbe0244219c5349d873cfda55,1,
8198,7882,2024-07-25,PayPal,134.48,Successful,txn_72fae3133b7e4ba289c800324813a333,1,
8199,7883,2024-01-15,Debit Card,120.48,Successful,txn_8ccc8479c76f41f583be723e29d8eb65,1,
8200,7883,2024-01-15,PayPal,106.24,Successful,txn_5cf7786b767e49bc86a1038abe98cc84,1,
8201,7884,2024-05-23,Gift Card,421.56,Successful,txn_6ba65835b5e84ad8831268ba9461cf4f,1,
8202,7885,2024-11-24,Debit Card,243.6,Successful,txn_36000008325545f18a28a59e47c5dd33,1,
8203,7886,2024-05-29,PayPal,252.78,Successful,txn_c6e4665100c743f9a2c6fa0a730db117,1,
8204,7887,2024-01-27,PayPal,343.04,Successful,txn_b2587900b7444a47884c816b24500a49,1,
8205,7889,2024-12-08,PayPal,402.78,Successful,txn_4c4ff1aff629408da13bb0eb2c00f3cc,1,
8206,7890,2025-03-03,Credit Card,258.69,Successful,txn_096c674547ec482692b27b691515a8be,1,
8207,7891,2024-07-27,Amazon Pay,684.62,Successful,txn_1eea4592a0d342c28125b2befd8467a4,1,
8208,7892,2024-11-11,Credit Card,26.8,Successful,txn_70e71fde66dd423986bf99060b85f7d7,1,
8209,7894,2025-11-12,Credit Card,636.12,Successful,txn_b9108ceeff2a48b59c377b20c9dd09d6,1,
8210,7895,2024-10-22,Debit Card,1453.95,Successful,txn_95a503e8abe5478e9280bdb6bd471152,1,
8211,7896,2025-01-16,PayPal,98.52,Successful,txn_81eae17cd88744889aa88d72566915b5,1,
8212,7897,2025-06-21,Debit Card,97.2,Failed,txn_3fd058d978fb4137bd1bba05d07dbb44,1,
8213,7897,2025-06-21,Debit Card,97.2,Successful,txn_bca3c0b121a94f4bbda75ebb5d042ba3,2,8212.0
8214,7898,2024-07-21,Credit Card,170.76,Successful,txn_400060426f1f4a8db64ecc87fc54dc53,1,
8215,7899,2025-02-19,Amazon Pay,143.63,Successful,txn_5bf0993cd9c04d17bd4524e52cf2b493,1,
8216,7900,2025-07-30,Credit Card,57.61,Successful,txn_4be9fe84a8324c978ad73e0d3dfc8782,1,
8217,7901,2024-08-24,Credit Card,242.1,Successful,txn_8d3ad42dddca446daa4a35f3dc617259,1,
8218,7902,2025-04-23,Amazon Pay,163.5,Successful,txn_e9983394a24c4c1dbe46217b9e6b1b33,1,
8219,7903,2024-02-26,Debit Card,291.6,Failed,txn_ec2cf1d2a1624656b01210b38ebc2bbe,1,
8220,7903,2024-02-27,Debit Card,291.6,Successful,txn_083cd4ca2acc49c79ae85796ba94a454,2,8219.0
8221,7904,2024-10-09,Credit Card,222.92,Successful,txn_16d059a8108b4948ac1959074c8eed7e,1,
8222,7905,2025-11-05,Credit Card,262.98,Successful,txn_cc76933c06fb49259b3fdd7137c28b09,1,
8223,7906,2025-03-17,Gift Card,311.97,Successful,txn_6c09b41d6c5b4da3b5ce56338d10ebb8,1,
8224,7907,2024-11-08,Amazon Pay,36.03,Successful,txn_70b15b084c6047e1a06327c84e35b8dd,1,
8225,7907,2024-11-08,Debit Card,17.68,Successful,txn_3ffbb0f11ab141ee800552d9358c03ec,1,
8226,7908,2024-09-11,Gift Card,370.2,Successful,txn_cc8b986b0fdc48c9add3b92d7cc1aefd,1,
8227,7909,2024-09-26,Gift Card,324.8,Successful,txn_550d0c7726b1465bbc6783d6d7eeaadf,1,
8228,7910,2024-09-26,Amazon Pay,84.57,Successful,txn_14388fc72adc48cb8209a2848daf9791,1,
8229,7911,2025-09-08,Gift Card,270.82,Successful,txn_14d9def567474bbea161db3d87e93637,1,
8230,7912,2024-06-28,Amazon Pay,169.84,Successful,txn_27cd37d88f774ece847a4cac9dd735fa,1,
8231,7913,2025-11-19,Amazon Pay,131.6,Successful,txn_6ec4dcd9702a448ca6c72ec987a0242f,1,
8232,7914,2024-11-03,PayPal,540.27,Successful,txn_c835046994f94f62884982b38be6ef57,1,
8233,7915,2025-10-07,Amazon Pay,14.98,Successful,txn_b633f3c1029f4beea5d5ee78c3c268ae,1,
8234,7915,2025-10-07,Debit Card,30.47,Successful,txn_35b23295c73b4b7497b238a9c98c636b,1,
8235,7916,2024-03-15,Debit Card,207.09,Successful,txn_aa0d5d0a3f5a415c93b8a39251f8f75a,1,
8236,7917,2025-04-17,Amazon Pay,418.14,Successful,txn_0de789aef0864a8e8ac7a464a3f33da1,1,
8237,7918,2025-12-21,Gift Card,6.9,Successful,txn_1ae12dd0594940bba75b59afb4cb06f6,1,
8238,7919,2024-08-29,Amazon Pay,143.9,Successful,txn_f905812c0f7745dca1a3aa1a5de6cde6,1,
8239,7920,2024-07-24,Credit Card,1250.3,Successful,txn_c24a20f171da49a997eb899197e73bf3,1,
8240,7921,2025-05-24,Credit Card,389.12,Failed,txn_6a995bc3951a487a8da6cd8253038c2a,1,
8241,7921,2025-05-25,Credit Card,389.12,Successful,txn_85723f18ad8e4136adb6373d1187e561,2,8240.0
8242,7922,2024-12-07,Amazon Pay,220.36,Successful,txn_29b1ed107f3f4027bcf49276e378f084,1,
8243,7923,2024-11-17,Debit Card,521.12,Successful,txn_378ebf1a30c74052892eb74f6b521f49,1,
8244,7924,2025-12-18,Gift Card,145.02,Failed,txn_92688fd616aa48cc8b2a5fc93bcd3378,1,
8245,7924,2025-12-20,Gift Card,145.02,Successful,txn_460cb0974b7847dfa03123662a62499d,2,8244.0
8246,7925,2025-04-14,PayPal,353.12,Successful,txn_ebd43ef8a2ce419ebb1971e2fc27317c,1,
8247,7926,2024-04-22,Amazon Pay,45.42,Successful,txn_c1c2ec7d38cb4939bd5a118c8fb2ae5f,1,
8248,7927,2025-05-30,Gift Card,216.8,Successful,txn_16f9b3a1d8c8440cbbc4c0a8ae2697aa,1,
8249,7928,2025-05-21,PayPal,340.08,Successful,txn_617553f9104d4320803d33d7b6ace890,1,
8250,7929,2025-02-21,PayPal,577.65,Successful,txn_ff62f2b9e11d49de8d53695da6fea2c3,1,
8251,7930,2024-11-22,Credit Card,385.1,Successful,txn_347ca03b933c4b7798fa205805a9f7b3,1,
8252,7931,2024-06-04,Debit Card,341.52,Successful,txn_0081bd4ae2824fa2aab10c615deacce5,1,
8253,7932,2025-06-25,Amazon Pay,314.68,Successful,txn_af651f9aea3a4b00951d0caa554daf92,1,
8254,7934,2025-09-07,PayPal,433.53,Successful,txn_b57a28087b62470c8bb01b40420cf020,1,
8255,7935,2024-11-24,Gift Card,80.04,Successful,txn_1b9f3be0424748d5a377119b35562bac,1,
8256,7936,2024-04-25,Debit Card,293.54,Successful,txn_dddbeaa3b3514c5ea291f9bec61eb532,1,
8257,7937,2025-04-30,PayPal,161.58,Successful,txn_33fb32f217754d53b0a4db842b8328b2,1,
8258,7938,2025-11-10,PayPal,181.12,Failed,txn_eee6ad6cfb004b1d83f139965731a663,1,
8259,7938,2025-11-11,PayPal,181.12,Successful,txn_29598c38fc324a94b86ed703798bb5a7,2,8258.0
8260,7939,2024-08-10,PayPal,55.53,Successful,txn_9e04aa893554423593497c674ef2ef18,1,
8261,7940,2024-11-15,PayPal,1790.9,Successful,txn_8fee14e0f65b4e69b8a15b85562fe8f2,1,
8262,7941,2025-12-16,Credit Card,499.85,Successful,txn_6a1b9ca267784a88a98d4554b520e9a9,1,
8263,7943,2024-08-17,Gift Card,324.8,Successful,txn_60a4211608fa49ba99f006da87ed4de2,1,
8264,7944,2025-09-06,PayPal,156.15,Successful,txn_a2649378b0f94982b2c87bc86f9383a4,1,
8265,7945,2025-09-17,Amazon Pay,913.46,Successful,txn_4b91abcd3b5942c8b158d0d8d74e33fd,1,
8266,7946,2024-09-30,PayPal,49.44,Successful,txn_94f69a87c91d49ef9490f315d9df29dd,1,
8267,7947,2024-09-28,Debit Card,2974.46,Successful,txn_01052113a7654f1ca40c14215b7fe552,1,
8268,7948,2024-12-28,Gift Card,325.2,Successful,txn_2d5589c450ed4094843fd14dc19e8b52,1,
8269,7949,2024-05-14,PayPal,9.2,Successful,txn_0c3f828b98a04cf3b6d02a19ec71a04b,1,
8270,7950,2024-03-07,PayPal,370.2,Successful,txn_32f8ff72f14941b6bdb70bee485e8420,1,
8271,7951,2025-08-18,Credit Card,254.31,Successful,txn_b5ddcc7a4e81461e99e53c292993f17b,1,
8272,7952,2024-01-05,Gift Card,639.02,Successful,txn_0120929d4a894a129177687138daab1e,1,
8273,7953,2025-01-25,Gift Card,934.05,Successful,txn_17b8347a4a18443ea0e7f0ece38d1be4,1,
8274,7954,2025-10-04,Gift Card,143.1,Successful,txn_1190c9433e0e4195a809eed9da3afc52,1,
8275,7954,2025-10-04,Amazon Pay,240.58,Successful,txn_19379f2a07a14aceb7e753c776d811cf,1,
8276,7955,2025-02-08,Amazon Pay,193.62,Successful,txn_8643faa367e84b318bf368258de8cf57,1,
8277,7956,2024-05-18,Debit Card,13.8,Successful,txn_0cfc1cad79244b34b76936156bb329ff,1,
8278,7957,2024-02-01,Credit Card,273.32,Successful,txn_cd4395486e13472fbb739aa628c0c0a0,1,
8279,7958,2024-06-04,Credit Card,102.48,Successful,txn_631a11de772f4bafb537ef59a1653371,1,
8280,7959,2024-11-17,Debit Card,223.56,Successful,txn_ef52ec7f14024f379d2b588e0dc70368,1,
8281,7960,2024-04-23,PayPal,10.1,Successful,txn_46287dea863345ae8ffc79ac4556f77e,1,
8282,7961,2025-11-15,Credit Card,50.16,Successful,txn_6a691f256cfe47ab9a073bc0d0fc9620,1,
8283,7962,2025-11-03,Amazon Pay,41.9,Successful,txn_5e2514e6127f4b698fa24d7b85489777,1,
8284,7963,2024-08-14,Gift Card,141.36,Successful,txn_071645f7384a4941bfc6ecd23e887aa0,1,
8285,7964,2024-11-01,Credit Card,19.8,Successful,txn_23b3e397f04a4463adfb6cbce77437e8,1,
8286,7965,2025-04-30,Debit Card,1834.42,Successful,txn_7889d54d4e3b4d32bc5098e62663774f,1,
8287,7966,2024-05-08,Gift Card,138.06,Successful,txn_e4ca9c93f1074c4a8f5300fc9e0bf182,1,
8288,7967,2025-10-14,Credit Card,53.86,Successful,txn_0b381c6097974bae891a00b270dc0e4b,1,
8289,7968,2025-04-04,Credit Card,23.62,Failed,txn_1be1d359ee3045dda7fab9204a8edc00,1,
8290,7968,2025-04-04,Credit Card,23.62,Successful,txn_bef2daa43d9c4b56837100101b910380,2,8289.0
8291,7969,2024-04-18,Gift Card,35.66,Successful,txn_2c419006f0074c6a86cfde92ee7bd70a,1,
8292,7970,2024-09-09,Amazon Pay,105.39,Successful,txn_335fd9b53c5c4e86abd27be69b54afc9,1,
8293,7971,2024-07-21,PayPal,1386.21,Successful,txn_ed88b2acdd8f444eb19d97284338e2f1,1,
8294,7972,2024-11-09,PayPal,483.36,Successful,txn_9f9af104d3844dc3a512678c2ec00a21,1,
8295,7973,2025-12-22,Gift Card,631.95,Failed,txn_b574baeb30a846fdb6094447e453b4eb,1,
8296,7973,2025-12-22,Gift Card,631.95,Successful,txn_030eb7ec8a5e4d47be7714176cb8d96d,2,8295.0
8297,7974,2025-04-13,Credit Card,340.38,Successful,txn_328a77bb0a464aa79ba610948fd33f7c,1,
8298,7975,2024-03-28,Credit Card,212.04,Successful,txn_16772d144a474286b392ef722bc8b97e,1,
8299,7976,2024-10-25,Credit Card,144.99,Successful,txn_444b66a775784f3fa6aaf903c17cc617,1,
8300,7977,2024-06-09,Credit Card,491.3,Successful,txn_09cd1b5f71764b3d8047dbdca6fe2e98,1,
8301,7978,2025-12-15,Amazon Pay,227.94,Successful,txn_a5b8b84d94af4dc89114e8e1adcb366b,1,
8302,7979,2024-01-29,Credit Card,445.92,Successful,txn_782252c11cbd46d28dd3a8b3176000db,1,
8303,7980,2025-12-21,Credit Card,484.65,Successful,txn_7f4725ddd8c844b1b61b34bc58ff04e9,1,
8304,7981,2024-06-02,Amazon Pay,81.75,Successful,txn_f30c45a9ab824514a05f4bb11d6a6f02,1,
8305,7982,2025-10-17,Gift Card,576.3,Successful,txn_45aa675287254cf8940fb4b80dca98c0,1,
8306,7983,2025-01-06,Debit Card,29.42,Successful,txn_09c8a7cb20ab48d89a902e88df5d1772,1,
8307,7984,2024-02-02,PayPal,259.92,Successful,txn_349b71cecff2450190ae52f7c087185d,1,
8308,7985,2024-06-21,Gift Card,171.52,Successful,txn_240c2391807e444baac9eecf4b067160,1,
8309,7986,2025-09-13,Debit Card,166.59,Successful,txn_2268b6472b0540fa92ee598fe1c9631b,1,
8310,7987,2024-11-17,Gift Card,15.08,Successful,txn_2c020e5ff6e244c6b3d7061c079597e7,1,
8311,7988,2025-02-21,Debit Card,78.24,Successful,txn_54f66d9053324abdb3e9ce38930212d2,1,
8312,7989,2024-07-27,Gift Card,160.33,Successful,txn_11cd4622fcb44dd5a5f6d65b3e7cd65c,1,
8313,7990,2025-04-19,Gift Card,299.91,Successful,txn_5df4912db449489ca73f11e5eb8aaeff,1,
8314,7991,2025-09-22,PayPal,529.8,Successful,txn_ac85db332f8941c2a9c784ab7ed0b35e,1,
8315,7992,2024-10-10,Credit Card,8.59,Successful,txn_a9bdf659f5154f81aa0be0df01e5b23b,1,
8316,7993,2024-08-16,Credit Card,2974.46,Successful,txn_72648b2d076545ec8d80f7fd2b428979,1,
8317,7994,2024-03-25,Gift Card,150.48,Successful,txn_277187265fea4194b185d916b114199e,1,
8318,7995,2025-04-21,Credit Card,47.22,Successful,txn_42bb566e794f4cb0988e1b6447c7be99,1,
8319,7997,2025-03-23,Debit Card,17.83,Successful,txn_b54bbf827c0846908e2aa00c4794a664,1,
8320,7998,2025-05-12,Debit Card,243.6,Successful,txn_320be59e46b04424bf696643a71aa359,1,
8321,7999,2025-09-12,Debit Card,442.76,Failed,txn_d9d58f60ca3c41a79b65846362d96dd2,1,
8322,7999,2025-09-14,Debit Card,442.76,Successful,txn_e7837a1719004dd88a2d0fff2417c870,2,8321.0
8323,8000,2024-09-09,PayPal,409.98,Successful,txn_44abfecf3bda4a4aa58e24d493367424,1,
8324,8001,2024-05-22,Gift Card,423.84,Successful,txn_0b953053151e4e0baacf7c384dab6278,1,
8325,8002,2024-10-14,Debit Card,296.12,Successful,txn_426a4e2ef9e74374a038871c4c1a3b20,1,
8326,8003,2025-11-16,Credit Card,80.4,Failed,txn_5a29a1d15d9e41859b0c95a1540ea730,1,
8327,8003,2025-11-18,Credit Card,80.4,Successful,txn_18d83f66454c462184549e79dd77f987,2,8326.0
8328,8004,2025-02-10,PayPal,345.84,Successful,txn_5fa13615ef7d46d186fd60471c8e35b2,1,
8329,8005,2024-04-22,Amazon Pay,96.68,Successful,txn_7bc41d56dfa4406fb4b742b3ff032031,1,
8330,8006,2024-02-13,Credit Card,57.61,Successful,txn_493be27a85ab4a398ee8a606fbedde13,1,
8331,8007,2024-06-26,Debit Card,187.9,Successful,txn_10f5b7eeab3b417f84b2529e02699dcc,1,
8332,8008,2024-01-23,Amazon Pay,254.31,Successful,txn_7184c29cf70a439eba273028c7b3e4e6,1,
8333,8009,2024-03-18,Credit Card,359.48,Successful,txn_80a908c155ca459595c9857da466ff62,1,
8334,8010,2025-12-16,Gift Card,438.3,Successful,txn_0f61c2904b134e40bc26a94603dfadf0,1,
8335,8011,2025-03-16,Credit Card,230.56,Successful,txn_2b0f459da35546e69ae274003ce76a84,1,
8336,8012,2024-10-19,Debit Card,110.18,Successful,txn_77f8c424798748bba120e37ab3f10f8c,1,
8337,8013,2024-05-04,Gift Card,149.04,Successful,txn_be0f388fd09d41d8b5e474044ea72595,1,
8338,8014,2024-02-27,PayPal,1011.84,Successful,txn_b279e5b9006c4eda881d174d8a7d1750,1,
8339,8015,2025-08-08,PayPal,98.25,Successful,txn_6bc70f1a894a480cb7a0925d1d93e351,1,
8340,8016,2025-11-30,Credit Card,70.95,Successful,txn_4a4579275de94df0b5eb1da745361262,1,
8341,8017,2025-10-10,Amazon Pay,173.28,Successful,txn_bb44c1d02f5f4dbb8a23cec81045e9ee,1,
8342,8018,2024-03-06,Debit Card,289.02,Successful,txn_be965312aa6c498fb71b99be6c80df52,1,
8343,8020,2024-04-27,Amazon Pay,216.8,Successful,txn_1796da07604645bea2898182f93cfe4d,1,
8344,8021,2025-12-11,Credit Card,548.48,Successful,txn_c59b02a96f5d488c921f5adef03a91d3,1,
8345,8022,2024-10-23,Gift Card,899.79,Successful,txn_b104d9f8062b4b59af41cae5704fadc7,1,
8346,8023,2025-08-22,Gift Card,716.82,Successful,txn_bada236aef244d7ba8434ce3eb954112,1,
8347,8024,2024-10-23,Gift Card,1337.83,Successful,txn_7cdd33a1bc444382af54b213d927230b,1,
8348,8025,2024-09-16,Amazon Pay,165.48,Successful,txn_8701ddedacde4c91827bae0d9de694bb,1,
8349,8026,2025-05-04,Gift Card,360.18,Successful,txn_f4fa973d8d2e4690b47a6cf45bae92a1,1,
8350,8027,2024-09-10,Debit Card,89.88,Failed,txn_a62ce1d3304041008fc23e9c219f615e,1,
8351,8027,2024-09-11,Debit Card,89.88,Successful,txn_506964e4b966459b8dc9e450934586ad,2,8350.0
8352,8028,2025-03-08,Gift Card,94.44,Successful,txn_866178b738fd423fbe5b735ab071395f,1,
8353,8029,2024-10-30,PayPal,402.78,Successful,txn_08a1351fd75747e3a4410d4dad31eb99,1,
8354,8030,2024-10-10,Amazon Pay,99.99,Successful,txn_47cccdfdb58a4cf6804a6c32c001a5f9,1,
8355,8032,2025-11-25,Amazon Pay,156.09,Successful,txn_b32aa860ad1440138e0da4659a114a7f,1,
8356,8033,2025-01-01,Gift Card,1278.04,Successful,txn_0acee7d05ce74cde9f18837aa007df3f,1,
8357,8034,2025-08-16,PayPal,517.38,Successful,txn_8e71758217eb45ba97872f50cabe4577,1,
8358,8035,2024-05-24,Debit Card,900.0,Successful,txn_81f4a5762eb24dd684db7f54973c02f8,1,
8359,8036,2025-07-09,PayPal,139.12,Successful,txn_9525a9ecb16144fab3235d5e79ebb84a,1,
8360,8037,2025-10-30,Debit Card,376.56,Successful,txn_cc6c6a65540944adb9862562675729f9,1,
8361,8038,2024-07-12,Gift Card,859.95,Successful,txn_d5949bb0e0ae44dc82d4da13a0cdb7d9,1,
8362,8039,2025-11-03,PayPal,776.07,Successful,txn_004c6daf7948477e87debe371c74e491,1,
8363,8040,2025-04-16,Credit Card,668.76,Successful,txn_ac2dcdad50264fa4a3f2954a3cf1aa51,1,
8364,8041,2025-10-07,Amazon Pay,226.72,Successful,txn_2d890f65485b4b9c86dee76454dc2f43,1,
8365,8042,2024-07-20,Amazon Pay,8.59,Successful,txn_def17109431b4930ac86752a4b26e2a2,1,
8366,8043,2025-04-20,Gift Card,204.78,Successful,txn_f016f37a180b4c3eaedc2d044ca292b8,1,
8367,8044,2025-08-06,PayPal,23.0,Successful,txn_0e503e58143241f692226b8e46d3506b,1,
8368,8045,2024-10-07,Credit Card,243.6,Successful,txn_0fd54776f32e42a18a179edd2426fdee,1,
8369,8046,2024-07-30,PayPal,125.7,Successful,txn_3db732e2fca54a5d8309896e4c3d1704,1,
8370,8047,2024-09-27,Gift Card,175.32,Successful,txn_f18ea63bc12640dfb638755fa6dfdd8f,1,
8371,8048,2024-08-08,Debit Card,22.14,Successful,txn_9b40b319e8d9421ba0eb5bc09a4d68cf,1,
8372,8049,2025-09-30,Credit Card,641.32,Successful,txn_842f1815a287464bbb26b184d28e89e6,1,
8373,8050,2024-03-10,Gift Card,297.92,Successful,txn_fc1f376dec8a4ef2b6684ac3bfb87ced,1,
8374,8051,2025-12-22,Gift Card,93.95,Successful,txn_d8cf649dea2f46e899581ba5c1750137,1,
8375,8052,2025-07-11,PayPal,124.8,Successful,txn_2e36bb405aea47c4b80aa00771a5e13b,1,
8376,8053,2024-04-10,Amazon Pay,135.9,Failed,txn_624526ad0b6a4795b911800e72d0019f,1,
8377,8053,2024-04-12,Amazon Pay,135.9,Successful,txn_d8c0fdd8ff1f4fdead6b3e6915409c45,2,8376.0
8378,8054,2024-04-25,Debit Card,526.95,Successful,txn_1ded57c8c17b48759d85939d888993cc,1,
8379,8056,2025-08-10,Credit Card,78.24,Successful,txn_2a9c9d9564fc412e9cc93d444d1575ac,1,
8380,8057,2024-02-13,Amazon Pay,172.2,Failed,txn_aad20667b5204863ac8c75120b9dcb53,1,
8381,8057,2024-02-15,Amazon Pay,172.2,Successful,txn_6544cfda19ae415da871141283a92247,2,8380.0
8382,8058,2025-09-29,Credit Card,34.5,Successful,txn_fe68f0eee23d4cc4a77b2e60ccef45e9,1,
8383,8059,2024-11-27,Amazon Pay,295.56,Successful,txn_b04240ba805547579e8ad93fb7d46d5c,1,
8384,8060,2024-11-19,Credit Card,85.38,Successful,txn_408428ddfee24de7865cb036af085b99,1,
8385,8061,2024-08-09,Gift Card,695.64,Successful,txn_401db8a4ce2d40cab9781d2964c50839,1,
8386,8062,2025-11-27,Amazon Pay,73.77,Successful,txn_ac60a9cbf4244baf8f69755de29cfa4b,1,
8387,8063,2025-07-27,Credit Card,67.24,Successful,txn_53b12976555a4520ab84f8df23e38429,1,
8388,8065,2024-07-18,PayPal,84.77,Successful,txn_e0a1d0c3bbcd4c79927186831c5789dd,1,
8389,8066,2025-12-14,Debit Card,256.4,Successful,txn_61ef423aefaf47a288e57197df6f85bc,1,
8390,8067,2025-01-07,Gift Card,546.64,Successful,txn_7f422ceb4334448299e3cbf39c802a5f,1,
8391,8068,2024-04-07,Gift Card,342.31,Successful,txn_5c2541b503874551ac4b5f03ab3243c0,1,
8392,8069,2024-12-18,Credit Card,188.28,Successful,txn_cc36ddc4c02c41ca84959cf0a8259f32,1,
8393,8070,2024-10-22,Debit Card,899.79,Successful,txn_31a876e804424c06a86c89c7e2dff4cb,1,
8394,8071,2024-05-13,Gift Card,91.32,Successful,txn_e180bbc2d2314ef294f7f5d5772f8c79,1,
8395,8072,2024-07-08,Debit Card,190.2,Successful,txn_122b2b7b7460412dba02ddc6cda10596,1,
8396,8073,2024-01-17,Gift Card,684.62,Successful,txn_66b4eac038624e7d8d77d33a6bf83583,1,
8397,8074,2025-02-18,Credit Card,107.58,Successful,txn_b6365034c58d426094334ad3f4317745,1,
8398,8075,2025-09-27,Credit Card,88.26,Successful,txn_38c060d8919f461697ad55b7df477dfc,1,
8399,8076,2024-11-15,Gift Card,483.36,Successful,txn_f00ad4bc98ad4913aebd04706060799e,1,
8400,8078,2024-05-23,Credit Card,260.56,Successful,txn_c90c024d2f934796bc405a4f3834303b,1,
8401,8079,2025-06-27,PayPal,71.72,Successful,txn_eaed8c951f6045afb693666797bb3d81,1,
8402,8080,2024-08-19,Gift Card,451.5,Successful,txn_aa79b0b0be2945209ef7c2986237f0a8,1,
8403,8081,2024-09-18,Amazon Pay,160.8,Failed,txn_b83af36d38a94fd094ca8407621667cb,1,
8404,8081,2024-09-19,Amazon Pay,160.8,Successful,txn_a52ac217bcf047e9bb1dbac358c8cd55,2,8403.0
8405,8082,2024-10-15,Amazon Pay,222.09,Successful,txn_f7ad2daf9747464d88448e9a51d6360c,1,
8406,8083,2025-05-29,Amazon Pay,97.2,Successful,txn_78f6818137984ef0afe18dcf3c92aeb1,1,
8407,8084,2024-09-21,Debit Card,384.5,Successful,txn_49d3f0486f73493aba744a93a38b2c8e,1,
8408,8085,2025-10-28,Amazon Pay,297.28,Successful,txn_35d3140c14b44e478420ec7e88c2a5ba,1,
8409,8086,2025-04-26,Debit Card,76.9,Successful,txn_7d7d45f8e98d44dbbbe79d33a3fd06c2,1,
8410,8087,2024-11-11,Credit Card,278.58,Successful,txn_6e2219165a88497585f6a1b26185a2f4,1,
8411,8088,2025-10-17,Credit Card,402.78,Successful,txn_871d5a9ef46647288e7d725bb9aa7afa,1,
8412,8089,2024-10-10,Amazon Pay,89.28,Successful,txn_8ace12fd14a84bee971bbe5dee96ca2c,1,
8413,8090,2025-10-17,Credit Card,25.8,Failed,txn_392ac59dc3cf462d9583c39def0ef57a,1,
8414,8090,2025-10-18,Credit Card,25.8,Successful,txn_9f1c3bb500a44c07a1e64750eb426bec,2,8413.0
8415,8091,2024-01-16,Amazon Pay,1253.62,Successful,txn_723218fbbea7442ba3ba5153f07a195b,1,
8416,8092,2024-10-10,Amazon Pay,1964.49,Successful,txn_a329cec80cea4db28d32947b7a01436a,1,
8417,8093,2024-02-08,Debit Card,1026.93,Successful,txn_b70e01fa56714d3cabfece59b28f15a5,1,
8418,8094,2024-04-30,Gift Card,185.1,Successful,txn_e1c3919640d14b0f86023bccef9e88cc,1,
8419,8095,2024-05-03,Credit Card,339.08,Successful,txn_65d775e0eccf4145a52370369cd0af34,1,
8420,8096,2024-06-29,Credit Card,503.7,Successful,txn_3a44e6105a7643709a600ece95b1193e,1,
8421,8097,2024-08-28,Credit Card,113.46,Successful,txn_bb090ff1d3354d72b3cd42d7cc56aaad,1,
8422,8098,2024-05-28,PayPal,345.84,Successful,txn_fd4d96649853402bbb5e7a03f77888c3,1,
8423,8100,2024-09-25,Amazon Pay,238.94,Successful,txn_8813df4e77cd4921b84e80738e8563a6,1,
8424,8101,2024-12-21,Credit Card,230.75,Successful,txn_571c080e570d4e16a8fdc4f23c25e74d,1,
8425,8102,2025-01-15,PayPal,104.49,Successful,txn_b4f37ed0b1494b0a952ad7356d849943,1,
8426,8103,2024-02-13,PayPal,146.77,Successful,txn_a6faefc5f572482f8ba70ecefdcb7bc5,1,
8427,8104,2024-08-24,Credit Card,179.74,Successful,txn_15f8bb56c4664a78bf24b9d4f3742398,1,
8428,8105,2025-06-08,Amazon Pay,79.71,Successful,txn_0f24063cfb05468080b5e8567cc2c8b2,1,
8429,8106,2024-10-30,Debit Card,301.83,Successful,txn_8a195a8ec5f8452eb9c1000db463b657,1,
8430,8107,2025-03-27,Credit Card,128.24,Successful,txn_d5072a7b5492455cae30c2ba03fb8400,1,
8431,8108,2024-03-30,Amazon Pay,157.34,Successful,txn_40f1434dc2c4487ead1f1c0a7d86be8b,1,
8432,8109,2024-04-27,Credit Card,204.15,Successful,txn_768ff53ac5e84fae8e17ea7946e53b98,1,
8433,8110,2025-11-09,Debit Card,400.2,Successful,txn_c8add8effdb040dbb5c9b7adbf407b32,1,
8434,8111,2024-07-01,PayPal,30.16,Successful,txn_034d77a0c6384e1fbafed6804c795f6e,1,
8435,8112,2024-03-14,Credit Card,148.64,Successful,txn_1a964b6d6a7f4d92a13cc3fe96e57159,1,
8436,8114,2025-11-30,PayPal,51.54,Successful,txn_780e0373212646339d1752cd13227467,1,
8437,8115,2025-08-13,Debit Card,18.4,Successful,txn_23726d32dab9425eba6cc8ffb3180dac,1,
8438,8116,2024-01-28,Debit Card,537.04,Successful,txn_3c41402fde96447da52d4d515c26e6c5,1,
8439,8117,2025-10-18,Gift Card,96.04,Failed,txn_c73385f76f95466e98ce0870821f966c,1,
8440,8117,2025-10-19,Gift Card,96.04,Successful,txn_de5d9d03b0434c4fbeefb8901f4eab29,2,8439.0
8441,8118,2025-06-09,PayPal,102.48,Successful,txn_c5c1fab84e644d73ad3dc5fd4e7ae101,1,
8442,8119,2024-02-26,Amazon Pay,603.66,Successful,txn_6dd6e661450c408a85cae38c9c6b7f5b,1,
8443,8120,2025-07-15,Amazon Pay,493.39,Successful,txn_cd58688e14404ce1be00d3e4a7e6021d,1,
8444,8121,2024-07-14,Gift Card,491.25,Successful,txn_7f54e244a99d42e6b844d0f120c036e0,1,
8445,8122,2024-06-11,PayPal,243.83,Successful,txn_b58486506ee54c2293589d75d4e0b3ee,1,
8446,8123,2025-04-05,Credit Card,104.49,Successful,txn_20501750dd6d431690d48dc903d0d3be,1,
8447,8124,2025-08-22,Debit Card,539.22,Successful,txn_753ffa3a20ed48289053610a5684fcfe,1,
8448,8125,2024-03-21,Debit Card,1011.84,Successful,txn_d0304ab0e6b2405caa3d37afc1692cde,1,
8449,8126,2025-04-24,Gift Card,207.89,Successful,txn_6ccc1ded422b416cb92808eb741c1816,1,
8450,8126,2025-04-24,Debit Card,125.29,Successful,txn_58bf59264c6f4b8db695b85fee5f809a,1,
8451,8127,2025-10-15,Amazon Pay,293.54,Successful,txn_2282019e80aa4be491a588bebe50341b,1,
8452,8128,2024-05-20,Gift Card,1799.58,Successful,txn_75dc0d39f8624217a904dbeb9f1b8e08,1,
8453,8129,2024-01-16,Credit Card,102.48,Successful,txn_2296b5e4931e45109ef4904faa1c32e6,1,
8454,8130,2025-01-01,Debit Card,421.56,Successful,txn_de63522a8b2d4a57b412c06707492f28,1,
8455,8131,2024-07-22,Credit Card,440.31,Successful,txn_0814bc94d8a24f3a916f0dd6a45b64c0,1,
8456,8132,2025-06-19,Amazon Pay,912.0,Successful,txn_af3dfd195d8641e99d07a1f0ede24f50,1,
8457,8133,2024-12-04,Gift Card,260.56,Successful,txn_7a98dfadd67843a9816934dc1cd7cf32,1,
8458,8134,2024-05-06,Amazon Pay,214.06,Successful,txn_fa9271eea87f4be8a0a4973d20db2899,1,
8459,8135,2025-11-17,PayPal,205.79,Successful,txn_8a883bd3730d4c7fb3e7522d5417e85d,1,
8460,8135,2025-11-17,Credit Card,311.59,Successful,txn_d03f41f29e0c407eaf521a5e81c33c1e,1,
8461,8136,2024-08-09,Credit Card,145.02,Successful,txn_90de0623bc8e46ec8f194cdba697fd22,1,
8462,8137,2024-07-06,Credit Card,3031.46,Successful,txn_320c3fa8ac574341b35303bcdce1c669,1,
8463,8138,2024-06-26,Credit Card,2285.38,Successful,txn_b33850375b6346c08a4c4167b66e3211,1,
8464,8139,2024-06-01,Gift Card,503.7,Failed,txn_ca766d02b1f843b982a1c8bc49d9d1a4,1,
8465,8139,2024-06-02,Gift Card,503.7,Successful,txn_4f0a63bfaa6b45c7bce46f1a6bac0da9,2,8464.0
8466,8140,2025-03-01,Gift Card,87.12,Successful,txn_684d034ccfa24060b4ee7733b5303c54,1,
8467,8141,2024-02-11,Amazon Pay,141.13,Successful,txn_847ce7bf056648da8f0c8714ff0d49b3,1,
8468,8142,2025-12-06,Gift Card,480.99,Successful,txn_59f6d30ac1ac48eaaafa232376a36df5,1,
8469,8143,2025-06-18,Gift Card,30.16,Successful,txn_6e8c95f652e24e8183982267fb445122,1,
8470,8144,2025-10-26,Amazon Pay,423.84,Successful,txn_6ceff2fd81e94d459b018d7af29de05d,1,
8471,8145,2024-08-18,Debit Card,15.74,Successful,txn_331a193052e54c06ac8ce35fe95de708,1,
8472,8146,2025-01-04,Credit Card,200.88,Successful,txn_9fa922cefaee4d358b1541dd9e9514ee,1,
8473,8147,2025-09-29,PayPal,43.54,Successful,txn_4e7e6f632abd4ba993a28c85a567b8ad,1,
8474,8148,2025-05-24,Gift Card,39.19,Successful,txn_6f8f1b5b17df4ff5ae414ec6c9d1b644,1,
8475,8149,2025-05-19,Gift Card,58.63,Successful,txn_83ca6488091b465ca37b05fec93ec2e0,1,
8476,8150,2025-01-25,Amazon Pay,51.24,Successful,txn_b3b8f827ec504a9ab402e8bc24390c65,1,
8477,8151,2024-03-31,Debit Card,359.48,Successful,txn_e8bdc9fc6ea24ec0950d039fbb9228c9,1,
8478,8153,2024-04-20,Credit Card,238.94,Successful,txn_ed74d2cfcf2945a58c302547a65a525a,1,
8479,8154,2025-09-07,Debit Card,1337.83,Successful,txn_11475be8563742f89627e2143187a833,1,
8480,8155,2025-01-21,Gift Card,292.86,Failed,txn_130a8923c2284a25b4b3d39ae7b6fe65,1,
8481,8155,2025-01-22,Gift Card,292.86,Successful,txn_8949862a685d4cf08ad727d1b8501dfe,2,8480.0
8482,8156,2025-02-12,PayPal,196.8,Failed,txn_295b406d321343bf9879ffb28e3a4227,1,
8483,8156,2025-02-13,PayPal,196.8,Successful,txn_01049819d6a742b7ba32a9519d7c2375,2,8482.0
8484,8157,2024-01-26,Credit Card,108.72,Successful,txn_4193b1f6c275483e8f94af2e97013d24,1,
8485,8158,2025-12-14,Debit Card,50.4,Successful,txn_f6f8698107ed4d50b969d2cbdd08b04f,1,
8486,8159,2025-08-26,PayPal,88.56,Successful,txn_62e919c379154791aef050caecc30704,1,
8487,8161,2025-02-18,Amazon Pay,276.12,Successful,txn_12c1ba0a35734cfb940281036d7beef7,1,
8488,8162,2024-02-17,Debit Card,1515.73,Successful,txn_eb451da393fb49c888d8c20eaaf87971,1,
8489,8163,2025-03-03,Debit Card,847.68,Successful,txn_eb0e22506d5840c9865a32c109e1d428,1,
8490,8164,2024-10-26,Debit Card,122.95,Failed,txn_d1c0f96de80e46c6b88090022adb6128,1,
8491,8164,2024-10-27,Debit Card,122.95,Successful,txn_796143d1dd39419a9a06c7a976cdeaec,2,8490.0
8492,8165,2025-04-01,Debit Card,45.42,Successful,txn_a5f4fec9a76c4bf7b37f985853feec6a,1,
8493,8166,2025-01-21,Credit Card,144.51,Successful,txn_166207e2c54049329b598f9de7ce8007,1,
8494,8167,2024-11-03,Amazon Pay,29.42,Successful,txn_1ab0ba8ae5644f85bf05fd10299a1e3b,1,
8495,8168,2024-02-24,Credit Card,98.36,Successful,txn_74beb6a335d14f88abde681351f966dc,1,
8496,8169,2025-04-02,Amazon Pay,138.33,Successful,txn_a88e884d4b364c1d85a130941b02a0e5,1,
8497,8170,2025-01-08,Credit Card,431.48,Successful,txn_00e7b868e73a4d288a7163f42d90831d,1,
8498,8171,2025-08-29,Gift Card,5.4,Successful,txn_de34fc2a13c24eba85798a3ed69462d5,1,
8499,8172,2024-10-30,PayPal,2155.36,Successful,txn_ba46e0fcee0d4e758b602cc55fe9a0a9,1,
8500,8173,2025-05-21,Amazon Pay,160.33,Successful,txn_5e3a5b5050b94353b29f259299bffa2b,1,
8501,8174,2024-04-02,Amazon Pay,253.6,Successful,txn_4da1389eecaa434abc8785ce1fe5b88a,1,
8502,8175,2024-05-08,PayPal,74.52,Successful,txn_90b2b0cb9d4c49e1bf242ca2c6511c60,1,
8503,8176,2025-08-13,Gift Card,107.58,Successful,txn_7d9eaad7add34340a612c87ab111a844,1,
8504,8177,2024-09-10,PayPal,121.76,Failed,txn_d6ee52b194504612adac9fa4ef3e147a,1,
8505,8177,2024-09-12,PayPal,121.76,Successful,txn_18d453ca42c74ff9b442bed2eb3cccef,2,8504.0
8506,8178,2025-07-21,Credit Card,304.0,Successful,txn_ad5fe6953f9249fea8bf658f7593eb43,1,
8507,8179,2025-07-28,Gift Card,17.83,Successful,txn_ddfb04866371440280fac238b22d97ec,1,
8508,8180,2024-08-08,Gift Card,1242.66,Successful,txn_71ad51f672324f229565c57d461c04c0,1,
8509,8181,2024-06-11,Amazon Pay,580.53,Successful,txn_6412f8b5d0e2449b9f283bf3c9d6c77a,1,
8510,8182,2024-10-30,Credit Card,58.84,Successful,txn_1a0c5b4e4a4e434e853662197d12589f,1,
8511,8183,2025-01-31,Amazon Pay,445.92,Successful,txn_fff3509917bf4724817d6e96a11a4897,1,
8512,8185,2024-11-24,Amazon Pay,564.84,Failed,txn_6cf6bb234ac94f5f8eb68445bdbb20d5,1,
8513,8185,2024-11-26,Amazon Pay,564.84,Successful,txn_e38c9f7769ed496caa88ea8038c08cee,2,8512.0
8514,8186,2024-07-30,PayPal,393.6,Successful,txn_271410870fac444bb9a4f97f80844bcd,1,
8515,8187,2024-09-28,Amazon Pay,119.84,Successful,txn_a8a41a55c48f4d10938aa8016c88515c,1,
8516,8188,2025-04-18,Gift Card,43.74,Successful,txn_485b0279667c4a8d94707ab87ee24dbd,1,
8517,8189,2024-04-23,PayPal,172.2,Failed,txn_22c188b42ec148a9aa362b33f7c28c3f,1,
8518,8189,2024-04-24,PayPal,172.2,Successful,txn_a8b5b648cd334e14b697f71581f68867,2,8517.0
8519,8190,2024-05-15,Debit Card,193.36,Successful,txn_c666543b9ca84ccc91c2cabb4da3d93a,1,
8520,8191,2024-01-01,PayPal,146.77,Successful,txn_c8254814a325466596a843b19816d91d,1,
8521,8192,2024-07-20,Credit Card,393.0,Successful,txn_f13fc3368ef54fcc885918bb38cf4e32,1,
8522,8193,2024-02-15,Gift Card,55.32,Successful,txn_832a03796a154cf3b60c69883ef08ee5,1,
8523,8194,2024-05-25,Amazon Pay,192.55,Failed,txn_534a7a89956b44d1b65a551db932312c,1,
8524,8194,2024-05-27,Amazon Pay,192.55,Successful,txn_fc64c13d64044ca29c6109a5fca768d1,2,8523.0
8525,8195,2025-02-14,PayPal,304.5,Successful,txn_298df6bc848443c7986c4644c0d28495,1,
8526,8196,2025-10-27,Amazon Pay,174.24,Successful,txn_6ff1eb7e64b54e179889d38ceba91f3b,1,
8527,8197,2024-08-09,PayPal,49.05,Successful,txn_c2d3119a329b43689da15c68f4ff5edb,1,
8528,8198,2024-06-18,Credit Card,268.55,Failed,txn_52f708907b3649709b45639b25a62ef5,1,
8529,8198,2024-06-19,Credit Card,268.55,Successful,txn_5b803d881a8949cfa2350605398eb09a,2,8528.0
8530,8199,2025-06-21,Credit Card,156.15,Successful,txn_e0d975e772e649f58f27180200f11a0f,1,
8531,8200,2025-08-04,Credit Card,716.82,Failed,txn_36082f428d614746a529c98ed97d4dc1,1,
8532,8200,2025-08-06,Credit Card,716.82,Successful,txn_cf0ce3a2ec924c4986cb9e377d50cdd6,2,8531.0
8533,8201,2025-04-23,Amazon Pay,126.39,Successful,txn_19a7b9e1fb1d4e439750856a24f9525f,1,
8534,8202,2024-12-21,Debit Card,899.79,Successful,txn_dc50ee1649974e57b2a0d991b58fcfa3,1,
8535,8203,2025-01-14,Gift Card,96.66,Successful,txn_fd984c827a274bcdacd7be40776ac5e5,1,
8536,8204,2025-04-07,Gift Card,981.2,Successful,txn_47ada97bf3e54978ac501e8806ff9f11,1,
8537,8205,2025-07-24,Credit Card,338.84,Successful,txn_8796bb9581924f80919e4bc992e065d1,1,
8538,8206,2024-01-22,Debit Card,87.12,Failed,txn_37fdabe0d8824eea9f6e0b71195fe7e4,1,
8539,8206,2024-01-23,Debit Card,87.12,Successful,txn_bbe6d1461e694fdc957e747721dd5339,2,8538.0
8540,8207,2025-08-27,Gift Card,847.68,Successful,txn_b57129fad928425994264bfdb1717ea1,1,
8541,8209,2024-05-03,Credit Card,212.58,Failed,txn_712fba7cde3546659341801c2969dec1,1,
8542,8209,2024-05-04,Credit Card,212.58,Successful,txn_876a5741e7f34c36bc414dfff13d3356,2,8541.0
8543,8211,2025-04-12,Gift Card,330.96,Successful,txn_9a9172678b564269bb7783803e9067b6,1,
8544,8212,2025-08-07,Credit Card,86.64,Successful,txn_e16305e7a30e43d1aa3bcb98509935a9,1,
8545,8213,2025-08-11,PayPal,110.18,Successful,txn_94114d8753444327b47ca5875af16d12,1,
8546,8214,2025-06-28,Debit Card,417.94,Successful,txn_bbb5ed82c5ef4158a4f5439d4120ecda,1,
8547,8215,2024-02-18,Gift Card,433.53,Successful,txn_db6770890b1942e6bebc95d593f1ce53,1,
8548,8216,2024-06-21,PayPal,226.4,Successful,txn_5cf1054121d243eea5d6aa161aa82cce,1,
8549,8217,2024-10-28,PayPal,167.6,Successful,txn_434c3d2fccf644899f5dbf761b0de290,1,
8550,8218,2025-06-07,PayPal,445.84,Successful,txn_d92de406509d4c4d9e6063eec65d2046,1,
8551,8219,2024-09-13,Credit Card,196.8,Successful,txn_8c2007f8d6244d93a7b1660c93bb4dc0,1,
8552,8220,2025-07-29,Amazon Pay,81.81,Successful,txn_0546266aedfc4f4aa4ccb83dba043b24,1,
8553,8221,2025-04-29,Debit Card,1458.63,Successful,txn_fac676dfcf7042caa3906c4ba3212d72,1,
8554,8222,2024-10-17,Gift Card,210.6,Successful,txn_001c9c99b1444287a820e99db4cf3ab5,1,
8555,8223,2024-02-02,Amazon Pay,221.38,Successful,txn_d0bf9071c723400f8259e5b6efefbb42,1,
8556,8224,2024-02-20,Debit Card,311.35,Successful,txn_5c556357f1bc44eeb47e9101a76cbee3,1,
8557,8225,2024-04-30,Debit Card,108.4,Successful,txn_754e3bd337194cc6b519cbf6925f41ae,1,
8558,8226,2024-10-12,PayPal,50.4,Successful,txn_a58c493ee1b34dcb93722304da47f49b,1,
8559,8227,2024-07-27,Credit Card,725.04,Successful,txn_1c2ab0d4daae47cbab5192c383c5ef12,1,
8560,8228,2024-11-22,PayPal,1242.66,Successful,txn_84c69e304405442498937f889c1e3bfe,1,
8561,8230,2024-03-21,Credit Card,924.14,Successful,txn_db86579a2b35454995dbdb7acf636e6e,1,
8562,8231,2025-04-14,Gift Card,517.38,Successful,txn_ed61dea7b3da4b72bc1766db06adbcfc,1,
8563,8232,2024-03-29,Credit Card,975.9,Successful,txn_a95a4dd4c1c24803a7f081cd1ae53704,1,
8564,8233,2024-01-17,Gift Card,981.2,Successful,txn_0b12773d101c40bcbcd3c845f71d2ee9,1,
8565,8234,2024-06-13,PayPal,157.34,Successful,txn_ddd90f1990f74b81929d8a402cc4fe69,1,
8566,8235,2024-01-13,PayPal,427.14,Successful,txn_0e52436e637946e9b4f35cb05153a971,1,
8567,8236,2024-03-10,Amazon Pay,231.9,Successful,txn_82bfbd6084ec4d59bf6608bd1daabf9d,1,
8568,8238,2024-05-12,Amazon Pay,22.71,Successful,txn_96f4c72390ae4aa78fbd6d362c7e0b49,1,
8569,8239,2025-03-11,Debit Card,393.6,Successful,txn_dc454db9919f44e7be7f1a6bbf79237f,1,
8570,8241,2024-07-18,Amazon Pay,1391.28,Successful,txn_307255ecc28e4c12a97bf1141f6d8db7,1,
8571,8242,2024-06-17,PayPal,711.9,Successful,txn_d98be3aa1e6f4bea9810303a86e1a784,1,
8572,8243,2024-10-03,Amazon Pay,226.92,Successful,txn_03863448f1e546b4941954aca05201a4,1,
8573,8244,2025-12-17,Credit Card,113.08,Successful,txn_f5d8f0cab4124ed1b42fa02d7f52d03b,1,
8574,8245,2025-07-30,Debit Card,483.36,Successful,txn_b70b846dcd834c14b30da33128ffb8b8,1,
8575,8246,2025-02-02,PayPal,301.0,Successful,txn_f6abd8c037414f71a2d68531c0c9e82d,1,
8576,8247,2025-10-27,Gift Card,97.2,Successful,txn_285c9ae56294480781b1c935218010bf,1,
8577,8248,2025-07-09,PayPal,169.54,Successful,txn_6297e3b9372f414da727984d3d044113,1,
8578,8250,2025-10-22,Gift Card,60.88,Successful,txn_119abe4213564ec18abbb8975c90a211,1,
8579,8251,2025-06-06,PayPal,2974.46,Successful,txn_e187b765bf5b43649bece02459860ee1,1,
8580,8252,2024-03-15,PayPal,45.45,Successful,txn_a1e5051f43fe465f92172bb787589a37,1,
8581,8253,2025-08-29,Credit Card,390.84,Successful,txn_0d04bdcd7fba49529f9af0faa86b9aae,1,
8582,8254,2024-08-20,PayPal,96.66,Successful,txn_21661bfd19ec485b93c99cd6df41f8f1,1,
8583,8255,2025-12-14,Amazon Pay,43.15,Successful,txn_5906ad4331784c6c92f0d6c97eb1fd81,1,
8584,8256,2024-02-26,Credit Card,98.26,Successful,txn_f8a9b021b4b24020848566889f7603fd,1,
8585,8257,2025-03-11,Amazon Pay,975.9,Successful,txn_82072160f7404636aa05d64f318ae4e4,1,
8586,8258,2024-01-18,Debit Card,226.72,Successful,txn_9cb7bf26e9a7466bb32cb135ab441639,1,
8587,8259,2025-04-20,Credit Card,175.89,Successful,txn_e0b70bca73124693b7ea1c1bbd2150c9,1,
8588,8260,2024-07-22,Amazon Pay,113.55,Successful,txn_1dc228772ef14e6b819108d293532a56,1,
8589,8261,2024-07-02,Credit Card,301.0,Successful,txn_ae348063f1da4312acb836359c5b99e9,1,
8590,8262,2024-10-02,Debit Card,160.8,Successful,txn_91b08543f61547b0b4079c2065707293,1,
8591,8264,2024-02-06,PayPal,234.52,Successful,txn_e884b5b437504d7e9f97e40e149d4182,1,
8592,8265,2024-07-27,Gift Card,470.16,Successful,txn_2639acd357c749ba8e5ae94b5b46c3dc,1,
8593,8266,2025-05-11,Credit Card,1834.42,Successful,txn_0cd7c797596f488abbf6ab76d6015581,1,
8594,8267,2025-07-26,PayPal,487.66,Successful,txn_6aa2d7c6ec704f64ae5cec6ddac6e3e2,1,
8595,8268,2024-09-25,Amazon Pay,1011.84,Successful,txn_50229573219b4c409f32a40914583be0,1,
8596,8269,2024-04-30,Amazon Pay,417.94,Successful,txn_296cd82a7bbf4d6885dba67688019613,1,
8597,8270,2025-09-08,Debit Card,148.64,Failed,txn_7c8e266ac1364afa9c5b6eff1c15f0db,1,
8598,8270,2025-09-09,Debit Card,148.64,Successful,txn_e9ab484f778d40a8a6deadd7bf604be9,2,8597.0
8599,8271,2025-07-03,Debit Card,975.9,Successful,txn_49a489be841446d3ba874e62ff303aae,1,
8600,8272,2025-06-20,Amazon Pay,98.26,Successful,txn_1b38ff40fabb4d999238230c94f4b2da,1,
8601,8273,2025-06-05,PayPal,431.88,Successful,txn_627d9528065948f58d29c07336950aee,1,
8602,8274,2025-12-21,Credit Card,75.3,Successful,txn_b32d6eefb41446d6a486a3f589237329,1,
8603,8275,2025-01-21,Gift Card,60.32,Successful,txn_84dcb86bc0264503b15b7ae94fe307d6,1,
8604,8276,2025-09-25,Amazon Pay,134.4,Successful,txn_6fe151e4ce444fcfb693d0022e5c09be,1,
8605,8277,2024-12-27,Amazon Pay,161.4,Successful,txn_4dae9e4b6aac45b1a3eb41c138f06378,1,
8606,8278,2025-02-24,Amazon Pay,546.64,Successful,txn_db7c6b9cd7c2485a979b291235964bb7,1,
8607,8279,2024-03-31,Credit Card,148.64,Successful,txn_8aded5a6f5924c7089e3e2870ebb8642,1,
8608,8280,2024-01-08,Amazon Pay,30.84,Successful,txn_c5a56b237b1748a682ab68959347f425,1,
8609,8280,2024-01-08,Credit Card,20.4,Successful,txn_a19ec817517f4c258d3897c6ad1f7752,1,
8610,8281,2024-07-04,Credit Card,67.24,Successful,txn_73b38529e5ae4632b3ec9981430f9105,1,
8611,8282,2024-07-14,Amazon Pay,114.8,Successful,txn_f9b0fedbfe25449bb66bf6a513f7eecc,1,
8612,8283,2024-07-16,PayPal,25.8,Successful,txn_a95c79bd522f42e3b835adea568e59cc,1,
8613,8284,2024-10-16,Gift Card,307.68,Successful,txn_417f101514a2400badcdef5396f7e0d0,1,
8614,8285,2025-08-28,Gift Card,170.76,Successful,txn_082e0d1805194140a1612d2b2ff5d27a,1,
8615,8286,2025-07-14,Gift Card,794.7,Successful,txn_bf07632c04e94be997ce589172de6ecb,1,
8616,8287,2025-11-02,Credit Card,56.54,Successful,txn_a8da5ddd8cf74561bb9389e2a5957441,1,
8617,8288,2025-09-29,Gift Card,503.7,Successful,txn_f558350a9bd14e55b0ab5bd5c3a26709,1,
8618,8289,2024-09-04,Gift Card,180.09,Successful,txn_9645a264250e4bc280873ae3832767ff,1,
8619,8290,2025-05-31,Gift Card,1391.28,Successful,txn_0242fc971c7b47e9b5591177241b63f6,1,
8620,8291,2025-04-13,Gift Card,55.53,Successful,txn_b3a8d85541d446fa8f5d5fba43b9daee,1,
8621,8292,2025-02-26,Credit Card,639.02,Failed,txn_eca3b0b36ac142f9af3206f3afc522fc,1,
8622,8292,2025-02-28,Credit Card,639.02,Successful,txn_aabc950c79224a1ea41fe666b36d0ae9,2,8621.0
8623,8293,2025-11-22,PayPal,282.85,Successful,txn_88cb3ce5bc714fa48dc74dfec29f3363,1,
8624,8294,2025-02-24,Debit Card,486.21,Successful,txn_5924e751d7bd463f9e6511a31d256d80,1,
8625,8295,2024-11-06,Gift Card,330.54,Successful,txn_a10becd351d44945b649aeac5b96950a,1,
8626,8297,2024-01-27,Amazon Pay,383.68,Successful,txn_f07473fad6504e03b47faca92bc79461,1,
8627,8298,2025-10-24,PayPal,1799.58,Successful,txn_7cf2be8ca4c24ec89f5a8df668d8ddef,1,
8628,8299,2025-08-05,PayPal,473.82,Successful,txn_a9098547f7974eca8cfcfdb5ed4f3dc0,1,
8629,8300,2025-07-15,Gift Card,470.16,Successful,txn_f89c48c994064bc3acad5c3957ced2f8,1,
8630,8301,2025-04-08,Debit Card,128.64,Successful,txn_7b495a01f04242738954fa353dc4f9dc,1,
8631,8302,2024-03-04,Amazon Pay,87.48,Successful,txn_8e47de29b229433fa51d8e2ba2a5f9e4,1,
8632,8303,2024-04-19,Gift Card,32.96,Successful,txn_b87f9b9e2cbc47b091a52600c9a08490,1,
8633,8304,2025-04-18,Amazon Pay,276.66,Successful,txn_e762b9b3211c4eeebab87f804a2ec301,1,
8634,8305,2024-07-04,Credit Card,73.77,Successful,txn_86510be8c3d34393bbc3c922d957df8a,1,
8635,8306,2025-06-13,Amazon Pay,414.22,Successful,txn_a65a6377a3c24ac7977f7065f63f8b6c,1,
8636,8307,2025-05-18,Debit Card,681.24,Successful,txn_963e82774bf4413183b45a4368ece6b5,1,
8637,8308,2025-01-09,Debit Card,5.05,Successful,txn_5195146d419245778e7ee8d069154b9b,1,
8638,8309,2024-10-10,PayPal,78.38,Failed,txn_b5eb89b00b814bb5ac54026467572dc3,1,
8639,8309,2024-10-10,PayPal,78.38,Successful,txn_f188bef776ea4ce9ba938c7b43029d3c,2,8638.0
8640,8310,2025-11-25,Credit Card,230.52,Successful,txn_6c8102e608234525942a9e2404ce9ad7,1,
8641,8311,2024-08-16,Gift Card,405.51,Successful,txn_9169f9810cbb4714ba6beab758a739ab,1,
8642,8312,2024-10-07,Debit Card,510.93,Successful,txn_f9a0e35b31824635af6b4ab90de71cc8,1,
8643,8313,2024-09-29,PayPal,80.88,Successful,txn_2980e39be20246bbbd2a147284e45ebd,1,
8644,8313,2024-09-29,Debit Card,107.4,Successful,txn_ca1121fc951d4489b9344cbba1fa30e7,1,
8645,8314,2025-10-22,Gift Card,480.99,Successful,txn_cc268dd67979483297f147f0b37f37a1,1,
8646,8315,2025-08-17,Amazon Pay,671.3,Failed,txn_030daf112b9e4bfeabfbb203e3c0cfe2,1,
8647,8315,2025-08-19,Amazon Pay,671.3,Successful,txn_94170c0803a8449da6ab97ac08adc18a,2,8646.0
8648,8316,2024-04-06,Credit Card,259.92,Failed,txn_2ac7bb9c1a724aee9fb691ca50d9738f,1,
8649,8316,2024-04-08,Credit Card,259.92,Successful,txn_78a8dd4c930940928493c0bd86298dfd,2,8648.0
8650,8317,2025-05-11,Gift Card,148.96,Successful,txn_2896e9b4a0e44c04b0329f0f55763f7a,1,
8651,8318,2024-02-03,Amazon Pay,94.44,Successful,txn_7d47d873787d46a6ac873fbdcba6f45b,1,
8652,8319,2025-07-13,Gift Card,42.95,Successful,txn_0746838e538c47d592633de43c0fe8a2,1,
8653,8320,2024-03-22,PayPal,69.66,Successful,txn_2fed71ecc7f342b4b1a292d31b630a33,1,
8654,8321,2025-09-01,Debit Card,48.33,Successful,txn_30caf84aa67b4d66b2db5142cf098813,1,
8655,8322,2025-05-22,PayPal,414.22,Successful,txn_066c8ca3e6d048728e6f518c7a3f31aa,1,
8656,8324,2025-05-07,PayPal,156.76,Successful,txn_360490b3dec84907912aee4df85231ea,1,
8657,8325,2025-06-10,Debit Card,548.48,Successful,txn_4fd99523a6344c78924f2214ab965d76,1,
8658,8326,2025-12-19,Credit Card,446.88,Successful,txn_3eab47de60574a0eae10f992f869dcd1,1,
8659,8327,2024-01-26,PayPal,115.28,Successful,txn_2bc57891d0bb4bd3905713ffd1d6d205,1,
8660,8328,2024-08-26,Debit Card,296.12,Failed,txn_01841d9a8c7a4dd4bad16caaa518ffa5,1,
8661,8328,2024-08-27,Debit Card,296.12,Successful,txn_955d4c6128244a5cb7515ae5619f04a4,2,8660.0
8662,8329,2024-02-11,Debit Card,540.27,Successful,txn_9580039b8d8c4bdf89603b76fc12eade,1,
8663,8330,2024-05-06,Gift Card,126.36,Successful,txn_738bbc18d8a54590b79dfa80bdae5e27,1,
8664,8331,2024-09-28,PayPal,49.44,Successful,txn_2fddb92c32d14f3e830a865969d4d613,1,
8665,8332,2025-07-29,Credit Card,11.5,Successful,txn_7ae5e3f88ea24d43a1aff256ffc675a4,1,
8666,8333,2024-03-28,PayPal,548.48,Successful,txn_638f65dad526401e975ad97117af0887,1,
8667,8334,2025-09-27,Debit Card,828.44,Successful,txn_c417046154924c76b8befe4a0cc3c3fe,1,
8668,8335,2024-11-27,Debit Card,102.56,Successful,txn_b63ffa3f94e94a43b9d1c858bbeb24c4,1,
8669,8336,2025-08-02,Gift Card,231.38,Successful,txn_4fa2210819654bc19ba8d15534ceed46,1,
8670,8337,2025-11-23,Credit Card,69.56,Successful,txn_3789053695fd4266b3d5e8765f30fd91,1,
8671,8338,2025-05-08,Debit Card,553.32,Successful,txn_13f5331f091443c7bfb68c292f90e9c2,1,
8672,8339,2025-05-24,Amazon Pay,128.64,Successful,txn_1457216934b44da4881604dc5967be75,1,
8673,8340,2024-06-20,Credit Card,161.37,Successful,txn_6b4038c25435497fab4fef499663267c,1,
8674,8341,2024-12-16,Gift Card,230.7,Successful,txn_0d18e2601ed943deab1b97a55ab1031b,1,
8675,8342,2025-08-24,Gift Card,330.54,Successful,txn_a0b5216fba6940dc85d6c8ac3a9b5c70,1,
8676,8343,2025-09-04,Amazon Pay,553.32,Successful,txn_ff6793ac83b04536ac4f78b5ea50754c,1,
8677,8344,2025-08-08,Gift Card,212.93,Successful,txn_03bfe00162284ed4aa7c19d06087eef4,1,
8678,8344,2025-08-08,Credit Card,243.8,Successful,txn_2de98857cc6e4157bf447c609873dd8a,1,
8679,8345,2025-12-18,PayPal,297.92,Successful,txn_1b8de43a70044bd88ee32e0740bf8212,1,
8680,8346,2025-03-20,PayPal,695.64,Successful,txn_5623cfd0720a414fa36ca3c121958fa3,1,
8681,8347,2025-09-26,Amazon Pay,3928.98,Successful,txn_e86a912be5b549e7b52ea83fe27a4df2,1,
8682,8348,2024-09-06,PayPal,335.8,Successful,txn_2143bf1d8bfb45b897fa6dd545254e2a,1,
8683,8349,2025-10-06,Amazon Pay,725.04,Successful,txn_ca57f15985304c7d8c849610d1c84fd1,1,
8684,8350,2025-01-13,Debit Card,115.22,Successful,txn_4911bf3f780f4b538c756312141018fe,1,
8685,8351,2025-06-06,Amazon Pay,440.31,Successful,txn_15a085a1a38946d28481f0062810ca24,1,
8686,8352,2024-11-19,Gift Card,113.52,Successful,txn_80982c49754646439c3373b074dddc7e,1,
8687,8353,2025-07-25,Credit Card,107.03,Successful,txn_b24566bdebe546388130ea167f45a800,1,
8688,8354,2025-01-23,Credit Card,521.12,Successful,txn_bbe3ce52502644c38244ad29e03ee0c1,1,
8689,8355,2025-03-10,Credit Card,297.28,Successful,txn_464b7afcd6494727b9d48f770cd826c8,1,
8690,8356,2024-11-07,Credit Card,41.9,Successful,txn_96271c3acf634db096810fc90136f44b,1,
8691,8357,2025-05-09,Gift Card,143.63,Successful,txn_64180663fffe478b9468fff6a1fa5f5e,1,
8692,8358,2024-05-10,Amazon Pay,438.3,Successful,txn_04d42e018ab441258809e928a4e47774,1,
8693,8359,2025-02-06,Gift Card,279.0,Successful,txn_c6522ec177b648e8be68e2726212abd8,1,
8694,8359,2025-02-06,Credit Card,191.16,Successful,txn_655dc518c8f648f29190fd34ede02e40,1,
8695,8360,2024-08-20,Amazon Pay,179.76,Successful,txn_936fdf1e080f4bfb8784f60ea69d1c9d,1,
8696,8361,2025-11-20,Amazon Pay,2675.66,Successful,txn_a4183ba474864af699beac08afc22988,1,
8697,8362,2024-06-04,Gift Card,847.68,Successful,txn_416a8727a9b04d16816408f719da6a05,1,
8698,8363,2024-04-21,Debit Card,234.52,Successful,txn_3c23d90f53144cc69ef877f60923e782,1,
8699,8364,2024-11-28,PayPal,142.38,Successful,txn_859bfb8b95a24a45912eb5dafc3b9d16,1,
8700,8365,2024-06-10,Gift Card,63.63,Successful,txn_6a49fe5fc61c46fb95acea7daaec3f5e,1,
8701,8366,2025-06-29,PayPal,150.48,Successful,txn_edc50150a7ec464a8a3c409b94500b53,1,
8702,8367,2025-10-04,Credit Card,46.43,Successful,txn_e88ce12603294aadb0492dfc76a24d51,1,
8703,8368,2024-04-16,Amazon Pay,483.36,Successful,txn_695b963eb7b04abaa8738962fcf9a3fd,1,
8704,8369,2024-10-08,Credit Card,226.72,Failed,txn_e1fb6446da794c16940d20b27dd7baa5,1,
8705,8369,2024-10-08,Credit Card,226.72,Successful,txn_4f64d11cc41a47e9bfaf4aeca7a3649f,2,8704.0
8706,8370,2025-10-28,Amazon Pay,42.69,Successful,txn_a6f288d1133b416db1edb24262f565ba,1,
8707,8371,2024-06-04,Debit Card,215.74,Successful,txn_bf2a44ac03e04826a10fad7ff83238d1,1,
8708,8372,2024-03-24,PayPal,207.09,Successful,txn_e399c45b0f414dadbd05ba345fb473f4,1,
8709,8373,2024-06-07,PayPal,629.36,Successful,txn_4c3fe672f8ae4c0bb75243d40c3e3939,1,
8710,8374,2024-11-21,Gift Card,45.45,Successful,txn_ef79aee1f25b4d26abadb1517a5bd7c8,1,
8711,8375,2024-08-30,PayPal,170.28,Successful,txn_4ec2496feacf4627bbcaacbf3a0ca410,1,
8712,8376,2025-06-15,Amazon Pay,486.0,Successful,txn_6ecf37f50cc74af79d574372eeb4aa80,1,
8713,8378,2025-05-25,PayPal,104.34,Successful,txn_f5865622ec3d47ab9efa4ba0c1105cf4,1,
8714,8379,2025-12-31,Gift Card,442.76,Successful,txn_1e78f88a354b4511ae3f9cbc6fe6b446,1,
8715,8380,2024-12-27,Gift Card,289.02,Successful,txn_89cefa14356a470aa2bf9cc06abf9791,1,
8716,8381,2024-07-16,PayPal,718.15,Successful,txn_0cdd7f7a21ca447d9822702df3340a07,1,
8717,8382,2024-01-23,Amazon Pay,81.75,Failed,txn_3d6b272113624eb09ead36a89a4ce48c,1,
8718,8382,2024-01-23,Amazon Pay,81.75,Successful,txn_ce27d3bf58e64369978e13ee66827f9c,2,8717.0
8719,8383,2024-03-14,Amazon Pay,222.12,Successful,txn_7a3d67c415a3473182781c0c6ee2bfdd,1,
8720,8384,2024-06-27,Gift Card,208.97,Successful,txn_82c42a65b6e543fca9e6281dbd5e3ebf,1,
8721,8385,2024-11-05,Amazon Pay,360.18,Successful,txn_5286bb242c7b464a8a83823270a48e46,1,
8722,8386,2024-12-21,Gift Card,172.83,Successful,txn_77eab065990b4282acfdf3ef2b5a193a,1,
8723,8387,2024-02-04,Amazon Pay,486.21,Successful,txn_6ca5e24a019d4912b203134206ef6a29,1,
8724,8388,2025-06-10,Gift Card,141.36,Successful,txn_8f6425a2fde64a4ba19d4ad75c12168f,1,
8725,8389,2025-01-22,Amazon Pay,91.32,Successful,txn_2342029dc286477e987908afce8f1b3f,1,
8726,8390,2024-03-23,Gift Card,53.14,Successful,txn_5301b35b28cf423c9820fbee35e8dcf9,1,
8727,8391,2024-06-23,Amazon Pay,389.12,Successful,txn_864d0917321747fcbe700efe23980185,1,
8728,8392,2024-06-08,Amazon Pay,45.45,Successful,txn_7426d8536cfd45288832730604f8cb0f,1,
8729,8393,2025-12-09,Amazon Pay,56.54,Failed,txn_da60b7921a8f44a8a2851c3e7408cb48,1,
8730,8393,2025-12-10,Amazon Pay,56.54,Successful,txn_f4640934284a4e958d9db6a331f1b4e8,2,8729.0
8731,8394,2025-03-01,Amazon Pay,385.92,Successful,txn_22141e5a715c4042b459597931ad139d,1,
8732,8395,2024-05-15,Gift Card,1278.04,Successful,txn_7968248f8ec549b9b2a868e883fc96aa,1,
8733,8396,2024-12-29,Amazon Pay,161.58,Successful,txn_54235d7d81cd4a2c97b48020bce99418,1,
8734,8397,2025-11-24,Credit Card,85.38,Successful,txn_6fcc9c9401354c648f871aeee7393022,1,
8735,8398,2025-05-11,Debit Card,74.52,Successful,txn_0de2d35cbe2a467087f9427650552910,1,
8736,8399,2024-07-15,PayPal,51.28,Failed,txn_a7416cbd37e74ab48957da7bc84edb08,1,
8737,8399,2024-07-17,PayPal,51.28,Successful,txn_3f64be8ef37f4175b092cdee94e50846,2,8736.0
8738,8400,2025-02-13,Debit Card,268.96,Successful,txn_dee7c75b99714f728f1306e5d54aabc1,1,
8739,8401,2024-05-09,Credit Card,445.92,Successful,txn_dc5a6d9cef394607aa10f61cd19b8249,1,
8740,8402,2025-01-19,Gift Card,167.6,Successful,txn_5b1b5b84a4494d4789bfba4c1ffc1388,1,
8741,8403,2024-11-02,PayPal,196.8,Successful,txn_d2e4b62982b44150861f5b9857600a50,1,
8742,8404,2025-01-17,Amazon Pay,167.9,Successful,txn_4e565f0c3651428cb8d0d60f78e1f57f,1,
8743,8405,2024-06-02,Debit Card,148.64,Successful,txn_dca83b0f1eed46d48ba3ab91989d34ff,1,
8744,8406,2025-12-19,PayPal,223.56,Successful,txn_b4d42ad4a29842518bc3012adbb5754d,1,
8745,8407,2024-09-02,Credit Card,137.5,Successful,txn_f2b848bf64a84f4fab4bc515ba2249e6,1,
8746,8408,2025-01-02,Gift Card,179.76,Successful,txn_eeacc37ff2c6435b859af0a2757e10e1,1,
8747,8409,2024-04-05,Amazon Pay,1337.83,Successful,txn_a0b682af6b7c45edb6b94c280865652e,1,
8748,8410,2024-09-09,Debit Card,68.2,Successful,txn_a02aad4bdbfa44b4970327a3466fce40,1,
8749,8411,2025-06-24,Credit Card,85.14,Successful,txn_6ee5f143c17a466c8bbee5a24454423d,1,
8750,8412,2024-01-22,PayPal,182.64,Successful,txn_4964d19de593406c90bab45f3f5979c8,1,
8751,8413,2025-02-07,PayPal,139.12,Successful,txn_282d525ed2ed4dc4bfcd47992063de95,1,
8752,8414,2025-02-03,Gift Card,98.4,Successful,txn_d313d90a342142319a6854c4d1fa257b,1,
8753,8416,2024-02-26,Debit Card,65.8,Successful,txn_953f74dae6c14bd1939be0d175abd70f,1,
8754,8417,2025-06-29,Amazon Pay,55.55,Successful,txn_0b048727bde6425e8e25df0f324924c6,1,
8755,8418,2025-11-27,Gift Card,136.26,Successful,txn_e210c69a50934b378ee048b715d193e3,1,
8756,8419,2024-04-06,Gift Card,462.07,Successful,txn_912d04dcdf6849128f8403ee32497042,1,
8757,8420,2025-03-04,Credit Card,29.42,Successful,txn_61725297a2da454a84451cb795e679be,1,
8758,8421,2025-11-24,Debit Card,212.58,Successful,txn_877b77d0e21746d5ba8848de4d0fbca8,1,
8759,8422,2025-02-24,PayPal,35.34,Successful,txn_6e1f4c04e754456a8e30f597b031149a,1,
8760,8423,2025-04-14,Amazon Pay,181.12,Successful,txn_748782be24994bda92fca15ae8afec46,1,
8761,8425,2024-03-05,Credit Card,139.32,Successful,txn_ed3265b2235c428ca594da1f33e63d4f,1,
8762,8426,2024-09-17,Debit Card,290.04,Successful,txn_edd710d6789a42aab4c72987f5ce8e55,1,
8763,8427,2025-07-05,Debit Card,75.75,Successful,txn_45ad19453bad4f7cacbe035b05f280c2,1,
8764,8428,2024-06-08,Debit Card,48.34,Successful,txn_c2d15be9a63f4ab78866446754975747,1,
8765,8429,2025-06-02,Gift Card,385.1,Successful,txn_9d8a1c3b76d34a449b0893c5d1b52315,1,
8766,8430,2024-11-03,Gift Card,462.07,Successful,txn_12892781ba5645ffa4ab4c5c0722e4ba,1,
8767,8431,2025-08-05,PayPal,131.6,Successful,txn_940b7c12d8f4490b98553245e0014a49,1,
8768,8432,2025-03-03,Debit Card,53.6,Successful,txn_55188ec322a6458b98748c5bb5a33a27,1,
8769,8434,2024-01-04,Debit Card,2974.46,Successful,txn_bcba58bdae314f55ba763d6c977b139a,1,
8770,8435,2025-06-13,Amazon Pay,290.04,Successful,txn_474bb3560a244ece92ba3892273b7005,1,
8771,8436,2025-08-18,PayPal,5.4,Successful,txn_00af71fe43f749d493031fe0d8a881a8,1,
8772,8437,2025-10-10,Credit Card,169.84,Successful,txn_d1e486ffe48d4f12a49ac9b7665f7df6,1,
8773,8438,2024-07-31,Amazon Pay,223.2,Failed,txn_54755e6dd2a741c59c89ea82c4a497af,1,
8774,8438,2024-08-01,Amazon Pay,223.2,Successful,txn_221c5758d0054d8b9e404d11b78feee8,2,8773.0
8775,8439,2025-08-26,Amazon Pay,442.76,Failed,txn_5e40020169254e2baa8684c231d69fba,1,
8776,8439,2025-08-28,Amazon Pay,442.76,Successful,txn_89e29ef767db4addabcda984a6eb0a72,2,8775.0
8777,8440,2025-05-18,Credit Card,2285.38,Successful,txn_4a4d2552474c4e33a8f78dbc908cf2a5,1,
8778,8441,2024-11-08,Credit Card,43.15,Successful,txn_cf3d109370c842cbb998ebe364293423,1,
8779,8442,2024-02-18,Amazon Pay,625.15,Successful,txn_6d5afb40d3e84a7cb93b88d427f50137,1,
8780,8444,2025-07-12,Amazon Pay,134.0,Successful,txn_3404f6010ebe4e38ae89218ebee52f2b,1,
8781,8445,2024-11-22,Credit Card,473.82,Successful,txn_f7d0ea10ad714ff5b64be8008f2eda9c,1,
8782,8447,2025-12-23,PayPal,917.21,Successful,txn_6a96a0821d054725b2d845cdc7deb51b,1,
8783,8448,2024-04-05,Credit Card,622.7,Successful,txn_29dd2575b72f4cf498dfb1d786dbce97,1,
8784,8449,2024-04-16,Amazon Pay,28.38,Successful,txn_16db1cf2adb44c7dae7f91c0c88e90fe,1,
8785,8450,2025-03-27,PayPal,75.75,Successful,txn_be7810dc5e4a4dc7bf46150c05fa852f,1,
8786,8451,2024-07-30,Amazon Pay,776.07,Successful,txn_697c97cedca544cc972e587c463cf351,1,
8787,8452,2024-10-12,Amazon Pay,268.95,Successful,txn_fdb85758245345e5b02c8c2262b802ef,1,
8788,8453,2025-11-23,Credit Card,674.56,Successful,txn_47b32a5eee094060a0dfe2485b1a9a7a,1,
8789,8454,2025-06-13,PayPal,282.85,Successful,txn_73ad874813c24d40a9c8c6ed136e61c0,1,
8790,8455,2025-10-04,Gift Card,207.98,Successful,txn_5627043fe0b34bb1b586c9e1140f85f2,1,
8791,8456,2025-12-31,Gift Card,243.6,Successful,txn_9d36085eb69b4264b0acc914b44e80c8,1,
8792,8457,2024-10-04,Amazon Pay,139.32,Failed,txn_201adf291f9842d298780a712e8ff636,1,
8793,8457,2024-10-04,Amazon Pay,139.32,Successful,txn_a73138cf1f724cecb09219ce3c040e29,2,8792.0
8794,8458,2024-10-31,Debit Card,53.49,Successful,txn_c682452b6950405cb2d99b6faefb64c9,1,
8795,8459,2024-08-25,Debit Card,674.56,Successful,txn_186a236579db42f8876c0719103b7f55,1,
8796,8460,2024-11-30,Debit Card,230.7,Successful,txn_e083143a20724289960869ae0ee4e4c0,1,
8797,8461,2024-10-03,PayPal,24.59,Successful,txn_7e8f0e6d1ea04f30b597c6c89336459f,1,
8798,8462,2024-10-03,Credit Card,189.95,Successful,txn_992d618d26b74622bacee46f4168579d,1,
8799,8463,2024-07-07,PayPal,212.04,Successful,txn_936a1f74a15c4e898384f401fb044617,1,
8800,8464,2025-04-22,Amazon Pay,695.64,Successful,txn_1ab774539ba146b09a3d49ecea8ee86e,1,
8801,8465,2025-06-13,Credit Card,256.14,Successful,txn_0643c8bfcedc4391b9d421075d3b63aa,1,
8802,8466,2025-12-01,PayPal,174.24,Successful,txn_c7bf5b83fa444fb5b0df26fab316c661,1,
8803,8467,2024-12-01,Credit Card,51.24,Successful,txn_3ba2d7c8c82b46ecb8b0e57427a5a3d7,1,
8804,8468,2025-10-02,Amazon Pay,57.61,Successful,txn_5c71c0a3d6fb46c5bb1313c143f42169,1,
8805,8469,2025-02-19,Amazon Pay,43.54,Successful,txn_86a1bd64239249529ebaabb6067f31b3,1,
8806,8470,2025-01-19,PayPal,409.98,Successful,txn_c9cd5d3aa93240e9b63ed6c1accdd2ae,1,
8807,8471,2024-07-15,Gift Card,144.51,Successful,txn_65208f6049b34b1db01f2c607d9d023b,1,
8808,8472,2025-12-19,Amazon Pay,169.62,Failed,txn_e9fa7e89fbcf407cbb483d065baafee3,1,
8809,8472,2025-12-20,Amazon Pay,169.62,Successful,txn_c6328bfa3d644765be8f3fe0532e61cf,2,8808.0
8810,8473,2025-12-17,Amazon Pay,912.0,Successful,txn_49d52a1e2fdb47a699af9203e625e0a4,1,
8811,8474,2025-05-09,PayPal,244.98,Successful,txn_95d68b3a99ec47a080589459fa3ed241,1,
8812,8475,2024-09-19,Credit Card,170.31,Successful,txn_4645d76c65c344efbbb31d67d8b48794,1,
8813,8476,2025-05-06,Gift Card,90.9,Successful,txn_4fd5e077c0d14f969d7b501db1390bd0,1,
8814,8477,2025-01-01,Amazon Pay,143.63,Successful,txn_b59270ede0774381aa9e592510e25da9,1,
8815,8478,2025-05-07,Debit Card,899.79,Successful,txn_a6a57b9312fd464d96fd7e1307c35b25,1,
8816,8479,2025-11-27,Debit Card,33.6,Successful,txn_b3fb4d495c92450bbd6443f3c2d10bad,1,
8817,8480,2025-07-10,Amazon Pay,641.32,Successful,txn_f3732cf6b74b4df28439a42c0e81d81c,1,
8818,8481,2024-01-24,Gift Card,98.4,Successful,txn_ac834fc9788c498888abda976bc7422f,1,
8819,8482,2025-04-05,Debit Card,1790.9,Successful,txn_86b53f6e060e4b6bb17b78def022752a,1,
8820,8483,2024-07-09,Debit Card,278.28,Successful,txn_7b93da174e1e4ac58b70b082394fd0e1,1,
8821,8485,2024-10-06,PayPal,1337.83,Successful,txn_8fe4144c7e40400893bfdfb842699436,1,
8822,8486,2025-05-05,PayPal,1790.9,Failed,txn_11dd22f7dced408ea4592a1913bb4e1d,1,
8823,8486,2025-05-06,PayPal,1790.9,Successful,txn_cc530cd2891f4069bea3f10f3b7e3dcd,2,8822.0
8824,8488,2025-10-17,Amazon Pay,1515.73,Failed,txn_3cf5738a848545ceb39ae90c5367db33,1,
8825,8488,2025-10-19,Amazon Pay,1515.73,Successful,txn_b5976c25b48140239c9022b6c96c87b7,2,8824.0
8826,8489,2025-06-22,Amazon Pay,276.66,Successful,txn_70c72ef85adf4c88b63f02f1b4f7dc77,1,
8827,8490,2025-05-02,Debit Card,136.66,Successful,txn_8dfc3ccf1602452e96ff7b37261c40e1,1,
8828,8491,2025-04-01,Debit Card,379.17,Successful,txn_547a98c4b87d4a088abf9ed6734acd4d,1,
8829,8492,2025-12-29,Credit Card,131.6,Successful,txn_f1e1e12b5a8349298ef0d2f120d6809f,1,
8830,8493,2024-12-05,Credit Card,297.28,Failed,txn_014b2b0e997147fcb74129ec56b75617,1,
8831,8493,2024-12-05,Credit Card,297.28,Successful,txn_ba9d26f846974929a458d1ab66639cd7,2,8830.0
8832,8494,2024-02-16,PayPal,288.05,Successful,txn_6d38e94ddec943659bbd938bb9758063,1,
8833,8495,2025-08-25,PayPal,187.9,Successful,txn_0b9234dc937a4d8ca1fcbf07c4f2ad06,1,
8834,8496,2025-10-29,Debit Card,6.52,Successful,txn_4194ec7885da43c4b97c37c1bf62000d,1,
8835,8497,2025-05-24,Amazon Pay,184.6,Successful,txn_54887d7082af4484933dc368892bb278,1,
8836,8498,2024-11-09,Credit Card,97.2,Successful,txn_e9bef955652a41d0af84fee9ad0decd2,1,
8837,8499,2025-06-09,Debit Card,273.32,Successful,txn_2201edfa5edb460386df8ce967b3917f,1,
8838,8500,2024-06-19,Amazon Pay,297.51,Successful,txn_3ae20f104f3f4961b11fa398c59f5469,1,
8839,8500,2024-06-19,Debit Card,528.55,Successful,txn_91f3c70997a74b70ae5562b9aaa2f6e5,1,
8840,8501,2024-10-25,PayPal,196.5,Successful,txn_05e374d200af4bb3adbc2d7f74f33202,1,
8841,8503,2025-07-12,PayPal,847.68,Successful,txn_0e0a307532c64809aba368358acd18fa,1,
8842,8504,2024-12-09,Gift Card,253.75,Successful,txn_1441e8e78e814e98a1df3bccf4e2d256,1,
8843,8505,2024-12-26,PayPal,187.9,Successful,txn_a6f3b6f1fda44b7a9c4ad27a35cf4f59,1,
8844,8506,2024-07-24,Credit Card,58.63,Successful,txn_783bace6d62f46d0b311d9bf9bb67e9d,1,
8845,8507,2024-06-14,Amazon Pay,406.0,Successful,txn_bbfdd354f65b4a5b875ba53fdbd19378,1,
8846,8508,2025-04-07,Amazon Pay,340.08,Successful,txn_1135a3709c494ce4a2ceda42b4b18e2f,1,
8847,8509,2024-03-13,Debit Card,900.0,Successful,txn_9a6b15e7425842b3b4d1d5f48214ce78,1,
8848,8510,2024-08-14,Debit Card,98.4,Successful,txn_48ed07a163ee4ac1a4288a0ee855384e,1,
8849,8511,2025-11-21,PayPal,102.37,Successful,txn_41d981b1eb984ae099c3eedb19576fcd,1,
8850,8512,2025-06-11,Gift Card,917.21,Successful,txn_44c20d636b954342ab0382420248816d,1,
8851,8513,2024-03-24,Debit Card,216.8,Successful,txn_c24e6485fa424cefaacb8be5dc03a306,1,
8852,8514,2025-06-08,Amazon Pay,132.85,Successful,txn_1227a88091f84e359dd3a38a48727a2a,1,
8853,8515,2025-07-12,Amazon Pay,153.72,Successful,txn_c5346240b8b545d5b949148ed70f043d,1,
8854,8516,2024-08-30,Amazon Pay,2974.46,Successful,txn_bfde38cf7b8d48fabe3fe631c7dd0f39,1,
8855,8517,2025-07-13,Gift Card,327.0,Successful,txn_57b2f18197a74292adf0ced9019ad568,1,
8856,8518,2025-08-14,Amazon Pay,719.8,Successful,txn_28d7fed4e0a44da483418a0430edc8b1,1,
8857,8519,2025-12-23,Credit Card,134.0,Successful,txn_fc42aed760204dd4b9a8d6aef43c0b0e,1,
8858,8520,2025-05-31,Amazon Pay,76.9,Successful,txn_693cbcf8c7434fccb68942519f0949a9,1,
8859,8521,2024-12-21,Debit Card,194.56,Successful,txn_441a01c43e144b1e83f4267157f364a5,1,
8860,8522,2024-08-18,Gift Card,301.83,Successful,txn_32d9b444585349f884bcfe22e359055e,1,
8861,8523,2025-06-03,PayPal,87.08,Successful,txn_3fc5a807634741909a152f98b04a72a0,1,
8862,8524,2025-03-13,Credit Card,483.36,Successful,txn_41da265fe789437082249a25db92c8f0,1,
8863,8525,2025-07-08,Amazon Pay,486.21,Successful,txn_987f8ac111c84b23a207f5b1c4dae619,1,
8864,8527,2024-03-02,Credit Card,26.78,Successful,txn_7eeb32fd1d424b1cb9a21c02734ea2de,1,
8865,8527,2024-03-02,Debit Card,61.5,Successful,txn_b1c1806625e54c41b319ddcf4ab3ece4,1,
8866,8528,2024-07-13,Debit Card,250.56,Successful,txn_6524a3eee72e4e3095185920d9ab0f5e,1,
8867,8529,2024-09-19,Amazon Pay,168.0,Successful,txn_8724e250c6be461982a843c820281023,1,
8868,8530,2024-07-13,Amazon Pay,463.89,Failed,txn_a69b5df0c76e42edb1de9f6f2d975a38,1,
8869,8530,2024-07-14,Amazon Pay,463.89,Successful,txn_a6459534e8af40eca6687d1e18682840,2,8868.0
8870,8531,2024-09-11,Gift Card,107.58,Successful,txn_61d81ed353c6494284cdd3de995145ef,1,
8871,8533,2025-10-25,Credit Card,924.14,Successful,txn_a0b8d93ea4bc4ce88ac624749ba946c8,1,
8872,8534,2024-12-14,Amazon Pay,178.56,Failed,txn_9420a076cd4946ed9f87edb621248bb0,1,
8873,8534,2024-12-14,Amazon Pay,178.56,Successful,txn_3628aeaec1bb466f894b5f1fe22b5d08,2,8872.0
8874,8535,2025-06-19,Gift Card,774.04,Successful,txn_d1b7e82eb41b428e9f2f5cd98ea67f4d,1,
8875,8536,2025-11-20,Debit Card,118.74,Successful,txn_83cb167bed6244129c61dc9db794e235,1,
8876,8536,2025-11-20,Gift Card,31.86,Successful,txn_39e264e4373f48b7a224c7008eb0247f,1,
8877,8537,2025-12-29,Credit Card,379.17,Successful,txn_ce5342347c104500b8bc143f00a1eff4,1,
8878,8538,2024-08-08,Amazon Pay,55.55,Successful,txn_48b92941f4f64a3cb1b86c92d41c8e5b,1,
8879,8539,2024-01-19,PayPal,26.8,Successful,txn_b11597febac348d08d8e360e8084cdc1,1,
8880,8540,2024-08-29,PayPal,70.86,Successful,txn_588dda751c5e4e19ae25b6952b86bf09,1,
8881,8541,2024-04-29,Debit Card,149.8,Successful,txn_8f57e1822c9e4a2cafbf592ad9cd0e33,1,
8882,8542,2024-02-20,Credit Card,345.78,Successful,txn_6ba45ee949fc4751871bd360ef7f11d7,1,
8883,8544,2024-02-22,Amazon Pay,564.52,Successful,txn_31d5651f4b914cd79cc8d1668d29cb42,1,
8884,8545,2024-09-17,PayPal,399.88,Successful,txn_de6d71167cd64b20a6e7fd7b731ed203,1,
8885,8546,2025-01-06,Debit Card,23.0,Successful,txn_e40b23b8e0ca4035b546457a25efba06,1,
8886,8547,2024-02-28,PayPal,81.75,Successful,txn_53000c50422e43f89afc0e70682cc58d,1,
8887,8548,2024-02-22,Gift Card,451.5,Successful,txn_bbfc86258a1f45fabe854b3b0d5ea703,1,
8888,8549,2025-05-21,Amazon Pay,1391.28,Successful,txn_b70c063f8f1c49178b0f2168692880d3,1,
8889,8550,2024-06-29,Amazon Pay,65.8,Successful,txn_09258456bae54aaf87ff124b08f36de4,1,
8890,8551,2024-05-18,Amazon Pay,1077.68,Successful,txn_00c0b881bac246e5922520c395d6567a,1,
8891,8552,2025-03-09,Amazon Pay,96.66,Successful,txn_e740ed51f7554e6abffc6e7fefc82845,1,
8892,8553,2024-01-07,Credit Card,92.86,Successful,txn_41f2fe40e5d14144aa32e43d8cde8092,1,
8893,8554,2025-11-21,Gift Card,160.08,Successful,txn_b762560a4aff4ab994591dd3232e7c45,1,
8894,8556,2025-11-19,Credit Card,113.08,Successful,txn_5f9793246be74773924337e09012761c,1,
8895,8557,2025-05-31,Amazon Pay,2675.66,Successful,txn_16883312d49745acab15b8f030913b9f,1,
8896,8558,2024-06-25,Credit Card,241.7,Successful,txn_e903d6f2ad4f4f32a129cbf15f6d2b3b,1,
8897,8559,2024-09-22,Debit Card,668.76,Successful,txn_b16642af3cbb4b7d9890594ab4fbb3d3,1,
8898,8560,2024-02-05,Debit Card,668.76,Successful,txn_c78992f166c243228be7af759700b916,1,
8899,8561,2025-08-18,PayPal,2974.46,Failed,txn_4747e1cdd5c649d6b173d0cb0344c31e,1,
8900,8561,2025-08-20,PayPal,2974.46,Successful,txn_217cdf5ca2c14684b57a7aa43f1b40fd,2,8899.0
8901,8562,2025-03-25,Amazon Pay,3928.98,Successful,txn_3d43951705c14eeebb5b9d1bb065ae67,1,
8902,8563,2024-10-23,PayPal,175.89,Successful,txn_ba50be8d62054144bf3ae10793f93616,1,
8903,8564,2024-11-08,Amazon Pay,3928.98,Successful,txn_9d9002a385404b57959909ea9dc3493d,1,
8904,8565,2025-11-19,Debit Card,135.9,Successful,txn_81cd9ba323c54d9abfc56f755ba7d75a,1,
8905,8566,2024-07-14,Amazon Pay,580.53,Successful,txn_cd603c3d2ed84c609f3922aeb5494ea6,1,
8906,8567,2025-10-27,Amazon Pay,399.88,Successful,txn_fcad4f3e212243e9a606e90bec83cec7,1,
8907,8568,2025-05-16,Credit Card,376.56,Successful,txn_bb8fa04a8eb24498b70ee0aa9e5b5375,1,
8908,8569,2024-12-02,PayPal,153.8,Failed,txn_34f05ac6ac7c40b68e2f6898ad115711,1,
8909,8569,2024-12-04,PayPal,153.8,Successful,txn_d06177c8e128449fa4e63aee9053622f,2,8908.0
8910,8570,2024-05-04,Debit Card,794.7,Successful,txn_51c241e5984247d6ab27a592f3f27a85,1,
8911,8571,2024-11-03,PayPal,58.84,Successful,txn_2935eaffd1b941738a28d2de3d03f836,1,
8912,8572,2024-03-11,Credit Card,828.44,Failed,txn_efe65158c48d42deb4f058c3b2c5c535,1,
8913,8572,2024-03-12,Credit Card,828.44,Successful,txn_2d8c63facbb74722bc3a1ba8d15f9f2e,2,8912.0
8914,8573,2024-03-12,Amazon Pay,383.68,Successful,txn_788684e0dba049deb8f503f5dc32dd40,1,
8915,8575,2025-02-18,PayPal,96.66,Successful,txn_809956687b44492e99e1fc0c917656e1,1,
8916,8576,2025-04-28,Gift Card,333.18,Failed,txn_5866ad97a80e4d51be2a50f1c5fdafe9,1,
8917,8576,2025-04-30,Gift Card,333.18,Successful,txn_202b588cece44210b5bf15d11bc0b1ac,2,8916.0
8918,8577,2025-10-13,Amazon Pay,405.51,Successful,txn_e7404f5b9fb44d83a664e114fefab4dd,1,
8919,8578,2025-05-18,Debit Card,393.04,Successful,txn_86df016df68645e0904086edb792124a,1,
8920,8579,2025-08-27,Gift Card,120.05,Successful,txn_6e027943aa7c4333aa6d7deefce3e435,1,
8921,8580,2024-11-24,Amazon Pay,289.02,Successful,txn_2d96be31f6b44ef597f4ea4c39819a33,1,
8922,8581,2025-03-31,Credit Card,490.6,Successful,txn_76f7ac9415de4739b63066cc6c6c9cae,1,
8923,8582,2025-09-12,Amazon Pay,238.94,Successful,txn_cbfa137770274cba9cc4738e72a87cfa,1,
8924,8583,2025-10-15,Debit Card,60.88,Successful,txn_4f2eaabf4aa0418a8aa809a45fc0819b,1,
8925,8584,2025-10-15,Debit Card,340.08,Failed,txn_be8def8ae7b64af28a1d05dfad18aa4b,1,
8926,8584,2025-10-17,Debit Card,340.08,Successful,txn_26ce08331e794a8db40cd59919c17f28,2,8925.0
8927,8585,2024-04-07,Gift Card,636.12,Successful,txn_f537978a0e6445f29e6eb078a8b80eb4,1,
8928,8586,2024-07-28,Credit Card,139.12,Successful,txn_bf91a5afee664f118077a2182e865540,1,
8929,8587,2025-03-25,Credit Card,309.26,Successful,txn_9240b960b9fb465ab77969d5df6fdd90,1,
8930,8588,2025-04-18,Gift Card,110.0,Successful,txn_30e6e10a2f6b4a8ab8772c86ba981e98,1,
8931,8589,2025-01-10,Amazon Pay,46.72,Successful,txn_cfa24504757048b5beca686d9f5e4042,1,
8932,8590,2025-05-16,PayPal,456.73,Successful,txn_a69f1764d9eb4c89b9998c2507c27c5c,1,
8933,8591,2024-08-05,Gift Card,595.84,Successful,txn_2524d809a4094d2c97f0043b17814aed,1,
8934,8592,2024-07-08,Debit Card,189.95,Successful,txn_22df0fb053c74890bcbcfa77aed540d9,1,
8935,8593,2024-04-12,PayPal,204.78,Successful,txn_e5ee8fe08c744ef39690b317470599f0,1,
8936,8594,2024-02-19,Debit Card,510.93,Successful,txn_17af78f563b746dba070f5c0a4e1f0c8,1,
8937,8595,2025-01-13,Amazon Pay,78.24,Successful,txn_772aa52bb2424bddb54deef1c9793448,1,
8938,8596,2025-03-05,Gift Card,34.83,Successful,txn_378c27999d8540dca74d75377adcace6,1,
8939,8597,2025-10-19,PayPal,2976.6,Successful,txn_90cd27c85f0c4ed28c42c6adeaf30c59,1,
8940,8598,2024-01-02,Amazon Pay,35.66,Successful,txn_9f1c6170125f4afcb6cfab750918d197,1,
8941,8600,2025-03-14,Credit Card,208.97,Successful,txn_29ab91656ca8409494bcdd2f3dca857a,1,
8942,8601,2024-08-26,Amazon Pay,117.26,Successful,txn_3f964f8f17b44a53a8339bfeb0d17b89,1,
8943,8602,2025-07-24,Debit Card,716.82,Successful,txn_926b2fce3e4d435e87045e1dffbafcd0,1,
8944,8603,2024-04-19,Debit Card,97.2,Failed,txn_4e10619d24964644997cb18897b9ad95,1,
8945,8603,2024-04-19,Debit Card,97.2,Successful,txn_82beab46397541c0a5259996847f30cc,2,8944.0
8946,8604,2024-12-14,Amazon Pay,287.92,Failed,txn_bbd8d9e514ba4be38215d9dc01b37d94,1,
8947,8604,2024-12-16,Amazon Pay,287.92,Successful,txn_e1d226d4ef0e48e78f230ddac46141a8,2,8946.0
8948,8605,2024-10-29,Amazon Pay,307.11,Successful,txn_5bc160093b8b48f29375ce939eb6c91c,1,
8949,8607,2024-04-09,Credit Card,299.91,Successful,txn_a4549bbd6b9445dca991f2b6fc487a0b,1,
8950,8608,2024-01-18,Credit Card,45.24,Successful,txn_8fc39c9a0dbe4d3792b36081d9d8a850,1,
8951,8609,2025-05-06,Amazon Pay,899.79,Successful,txn_fabc3bc98a884ab9b92ab60dd546e131,1,
8952,8610,2025-03-01,Credit Card,253.6,Successful,txn_56fde2d2365f4e7b8d28a96cf60d1078,1,
8953,8611,2025-09-12,PayPal,294.78,Successful,txn_34fec8a77a59420a9cea5bc1cbe14797,1,
8954,8612,2025-08-28,Debit Card,42.12,Successful,txn_c2df76aacfd34a80be97ed7f936aff91,1,
8955,8613,2025-08-21,PayPal,417.94,Successful,txn_e4e09eac90b94e639f07cdcd28e09c60,1,
8956,8614,2025-12-22,PayPal,139.38,Successful,txn_e35281444cd64937b074bc9fcd9c10cc,1,
8957,8615,2025-06-22,PayPal,282.85,Failed,txn_f01c29a6f024459da092bdfc813af86d,1,
8958,8615,2025-06-22,PayPal,282.85,Successful,txn_4385e8cb00a14d48b5c7b3a0d1675ca8,2,8957.0
8959,8617,2025-09-04,Gift Card,463.89,Successful,txn_14f473055569406781a36522ac0c55a5,1,
8960,8618,2025-10-10,PayPal,580.53,Successful,txn_fa78d1f4b5e6460080b13f743cd4481e,1,
8961,8619,2025-11-12,Amazon Pay,1515.73,Successful,txn_863e307f261840c5885c86fb3ebe9d60,1,
8962,8620,2025-07-22,PayPal,240.12,Successful,txn_7718af44790c49249a2e67d399a2cda1,1,
8963,8621,2025-11-07,Gift Card,66.96,Successful,txn_74c3c592b8b34eb9bc6a28cffadd6c47,1,
8964,8622,2025-11-12,PayPal,152.2,Successful,txn_9e7f8ece2c2a45d6bc5c528a39f5ecf0,1,
8965,8623,2024-07-03,Amazon Pay,30.66,Successful,txn_a36dec8ca2bf48889230cd342f8d3321,1,
8966,8623,2024-07-03,PayPal,25.72,Successful,txn_f0af31226a5842119afb89f079c4f680,1,
8967,8624,2025-08-28,PayPal,338.84,Successful,txn_84e0c3f9f6874692a737ef6c610aa214,1,
8968,8625,2025-10-06,Credit Card,218.7,Successful,txn_54868e99b28d4bc081eed1b28a9097b5,1,
8969,8626,2025-11-05,Credit Card,296.12,Successful,txn_94de651c5b5440d4a284833ff817a2e0,1,
8970,8627,2024-02-08,Credit Card,487.66,Successful,txn_4c7edc53e1fb4183aca62af5b64be506,1,
8971,8628,2025-06-12,Debit Card,774.04,Successful,txn_c2923dca03e44e4e968fbe759571d292,1,
8972,8629,2025-07-18,PayPal,35.25,Successful,txn_e32c346a88e247a7b28328d3b582efbf,1,
8973,8630,2024-04-22,PayPal,49.5,Successful,txn_dfb52e46ce0b447b9e4025632cdcb452,1,
8974,8631,2025-02-02,Credit Card,1458.63,Successful,txn_15caf07b362843ed90f8d251bf30489f,1,
8975,8632,2024-06-19,PayPal,241.68,Successful,txn_7859747f2684423da0763e4f6f3743c8,1,
8976,8633,2025-11-19,Amazon Pay,287.0,Successful,txn_a7ed4b907065441990b55d76857f6d15,1,
8977,8634,2024-08-30,Credit Card,153.72,Successful,txn_784b44e37d544c1fb347c081817fc09c,1,
8978,8635,2024-03-12,PayPal,375.8,Successful,txn_6c4d1d7efb444b5cb1d5d118142ef2c9,1,
8979,8636,2025-07-08,PayPal,1350.92,Successful,txn_5dd27694e78d495f81989b62fb0b020b,1,
8980,8637,2024-04-02,Gift Card,774.04,Successful,txn_3f1a45f44f8748ce8283cdd51079ef74,1,
8981,8638,2024-11-16,Gift Card,150.6,Successful,txn_e2f8216ac0994e7795d6032be1c66d5e,1,
8982,8639,2024-03-13,PayPal,342.31,Successful,txn_0eea0fbc24264030aa4b40bd1a8a06e0,1,
8983,8640,2025-12-18,Credit Card,405.51,Successful,txn_2e694efe08ab485cb284aa9080aa2cdf,1,
8984,8641,2025-06-04,Credit Card,335.8,Successful,txn_e1927835ec1e45f3af0ce11c53856b30,1,
8985,8642,2025-08-15,Gift Card,252.78,Successful,txn_7bc5eafb738345159fd593c462ac58d0,1,
8986,8643,2024-06-15,PayPal,69.66,Successful,txn_178e9f118bfe497c9fc23d9805466172,1,
8987,8644,2025-06-07,Credit Card,153.8,Successful,txn_15cbe1be25fb4e0699128622955d8e74,1,
8988,8645,2024-11-27,Credit Card,163.32,Successful,txn_1dbed7ddcfaf4141a60bd1e292dc75ee,1,
8989,8646,2024-10-27,Debit Card,390.48,Successful,txn_cc3fe5d718d94905b34aca6f0b599f2b,1,
8990,8647,2025-07-06,Credit Card,15.15,Successful,txn_94e48de245f244788dea16df633356c2,1,
8991,8648,2025-12-24,PayPal,26.57,Successful,txn_3254303a69634d26b3060845df1c8bea,1,
8992,8649,2025-01-07,Debit Card,675.46,Successful,txn_1b4e3066ec144e09b2c148f2cc2527f1,1,
8993,8650,2025-11-08,Debit Card,253.75,Successful,txn_47f38ecbff3145ef893a8fa454ab6a1a,1,
8994,8651,2024-10-02,PayPal,234.52,Successful,txn_011ec49bcd4d4d89a1425e744dfa865b,1,
8995,8652,2025-03-19,Credit Card,487.95,Successful,txn_e53cfae2f2624aa9b47015118e595f39,1,
8996,8653,2024-07-04,Debit Card,348.84,Successful,txn_11b1b47500c544ec9540c953e86a30a2,1,
8997,8654,2025-01-22,Amazon Pay,11.07,Successful,txn_f83dbc0e11d44b6fab4ba57ac58e5958,1,
8998,8655,2024-06-25,Credit Card,229.6,Successful,txn_b73bd73fa29a457b8e9c45c30fa453e4,1,
8999,8657,2024-02-08,Amazon Pay,194.56,Successful,txn_999f131a573e4986baa3820db2d39967,1,
9000,8658,2024-01-19,Amazon Pay,369.82,Successful,txn_97a2065b001d49b6b8619833f33799a8,1,
9001,8659,2024-02-15,Gift Card,232.15,Failed,txn_d15f2e64143f4cfb9262e983a3145ecf,1,
9002,8659,2024-02-17,Gift Card,232.15,Successful,txn_1a0c97b601dc4894a42749b772372878,2,9001.0
9003,8660,2025-01-21,Gift Card,553.45,Successful,txn_6abcd9a31b284837b645eed626a91f4f,1,
9004,8661,2024-12-03,Amazon Pay,767.36,Successful,txn_b30177a2d755482784d57b5416792705,1,
9005,8662,2025-11-08,PayPal,15.74,Successful,txn_73fbcf4b255245dabaec0c603b8212b6,1,
9006,8663,2024-03-09,PayPal,134.26,Successful,txn_0ae9a715c6b146c0b5dd88817b11a999,1,
9007,8664,2025-09-02,Amazon Pay,651.4,Failed,txn_7edba2745dd4451894e2ef96dfa6fea9,1,
9008,8664,2025-09-02,Amazon Pay,651.4,Successful,txn_cd791a7c97e54199b260574da0f642fd,2,9007.0
9009,8665,2024-02-09,Credit Card,794.7,Successful,txn_236e581b4a384ac1bf33fa7bc8753a33,1,
9010,8666,2024-04-08,Credit Card,168.1,Successful,txn_961399f9d3cd40b99e28a19ff5d7e796,1,
9011,8667,2025-06-16,Credit Card,246.2,Successful,txn_6641ffc95ab34fd689244c501d9d2fac,1,
9012,8668,2024-03-01,PayPal,924.14,Successful,txn_3e90bb65718f42bb8b58ac98e6cd38fd,1,
9013,8669,2025-06-10,Amazon Pay,402.78,Successful,txn_086aff8ed4ab4ef692b28af0dfd655a7,1,
9014,8670,2025-04-22,Debit Card,493.39,Successful,txn_b98c86dc35ba409eac5ba24f21ee6b7a,1,
9015,8671,2025-10-20,PayPal,188.28,Successful,txn_19225cd4640c4fe7b58033a7a5caffb0,1,
9016,8672,2025-06-14,Debit Card,639.02,Successful,txn_a06b7fe1b42c46f4ba38d5833fe58a9f,1,
9017,8673,2024-08-06,Amazon Pay,430.89,Successful,txn_cf5e76f47342416c9335b7997b8190be,1,
9018,8674,2025-03-03,PayPal,140.95,Successful,txn_f004de492edb4d24aaa8f2b9d306d624,1,
9019,8675,2025-01-20,Gift Card,668.76,Successful,txn_66b5c8394fc34eeba3817c7574a4790c,1,
9020,8676,2025-11-12,Amazon Pay,153.84,Successful,txn_b50f21621942475f87c59cbf71c011b7,1,
9021,8677,2024-03-21,Gift Card,45.45,Successful,txn_23f5ee1c4fcb46f5bb7e6c33441a1a64,1,
9022,8678,2025-09-08,Debit Card,307.17,Successful,txn_9f751b2d8fb249578cf8d327d266b861,1,
9023,8679,2024-10-22,Gift Card,2675.66,Failed,txn_e599f7a1fe2e4a1c9054c9ba80ca4584,1,
9024,8679,2024-10-22,Gift Card,2675.66,Successful,txn_5ff871953478471da316fcaab2dc79b0,2,9023.0
9025,8681,2025-05-06,PayPal,159.94,Successful,txn_2656c62caf2e4c288fddecaee17a8a82,1,
9026,8681,2025-05-06,Debit Card,101.42,Successful,txn_6d89091c18b84a8a90e7c112e033ccd7,1,
9027,8684,2024-08-11,Gift Card,674.56,Successful,txn_0dea9d4761b94185a410ee4694d3afb6,1,
9028,8686,2024-01-02,PayPal,98.4,Successful,txn_d7b36ba5d8eb4e1cb521c5dab8214bf1,1,
9029,8687,2024-01-05,Amazon Pay,450.0,Successful,txn_ab4cfd7222424a0e88eb4940001c8850,1,
9030,8688,2025-08-02,Amazon Pay,216.8,Successful,txn_7e1fc6deaad449cb8a5d51806249a472,1,
9031,8689,2025-04-15,PayPal,370.2,Successful,txn_56fd27938e744643a1f663b6bedac4f0,1,
9032,8690,2025-09-22,Amazon Pay,50.16,Successful,txn_a9693553605c49b7b2b191733bd290c0,1,
9033,8691,2024-11-11,Amazon Pay,22.14,Successful,txn_2378392c84c44185a511588663f1f665,1,
9034,8692,2025-04-10,Credit Card,235.08,Failed,txn_508c0434648145cdbc120b7d45863a4b,1,
9035,8692,2025-04-12,Credit Card,235.08,Successful,txn_28c097d3a5594ba5a4f0e813567a7e5e,2,9034.0
9036,8693,2025-03-02,Amazon Pay,311.35,Successful,txn_6d53b27d48a742a3a0844d9d976f9b64,1,
9037,8694,2024-04-06,Amazon Pay,55.0,Failed,txn_8c73565f1a1043d8be698c11bd12fe3d,1,
9038,8694,2024-04-07,Amazon Pay,55.0,Successful,txn_14348f25d6114ebb9baabec79701d732,2,9037.0
9039,8695,2025-07-21,Credit Card,235.08,Successful,txn_3c5a5fa0c4794620be7750ad69f09300,1,
9040,8696,2024-01-15,PayPal,65.4,Successful,txn_3b47e17da4084f6bbcc96f5ce502b0dc,1,
9041,8697,2024-05-30,Credit Card,316.17,Successful,txn_0f9c2b6f611b427f86d1f7977da69752,1,
9042,8698,2024-03-18,Gift Card,175.75,Successful,txn_d3dc846360fc4f2f80a6f9f16db6877d,1,
9043,8700,2025-10-10,Gift Card,299.91,Successful,txn_8c53fec1eda84ef38401e322bb112c5f,1,
9044,8701,2025-09-03,Amazon Pay,83.8,Successful,txn_8e88fa4d53aa4ce798fae1c7f0a607ec,1,
9045,8702,2025-10-05,Gift Card,69.3,Successful,txn_c2cc8d60f8e44e52b1b92d8639e92c9d,1,
9046,8703,2024-11-02,Amazon Pay,174.24,Successful,txn_2cfaed9637cd44eca9e616c7d50a8aea,1,
9047,8704,2024-09-24,Credit Card,51.24,Successful,txn_597ac5ea97504c22a58f825906f33072,1,
9048,8705,2025-02-23,PayPal,38.7,Successful,txn_d0ccbf2bcc4a49d392c017847ef89b1a,1,
9049,8706,2025-07-02,Debit Card,325.22,Successful,txn_bc5ee4bc80a049ccb32aa15d990037e2,1,
9050,8707,2024-11-15,Amazon Pay,359.48,Successful,txn_80129f04283f48b8a6907a745c218771,1,
9051,8708,2024-04-28,Credit Card,540.68,Successful,txn_03b7b218e3ad492eb966f581242d9745,1,
9052,8709,2025-05-30,Credit Card,80.7,Successful,txn_398e48b26caf4b19b423c6204249aaa9,1,
9053,8710,2024-02-20,Debit Card,369.14,Successful,txn_1102e86d13ad4fffa18a857b2825af09,1,
9054,8710,2024-02-20,Gift Card,234.52,Successful,txn_32e68606fcd94ca4962ee5add6c5b6ee,1,
9055,8711,2025-12-22,Gift Card,895.45,Successful,txn_75ad0df720eb4794b78e505e9fe15de4,1,
9056,8712,2024-05-13,Amazon Pay,483.36,Successful,txn_7b372c6117c042f6b71e1aeddc03ebac,1,
9057,8713,2024-03-04,PayPal,33.62,Successful,txn_b34cc41aa9ef4d3da5bf8075fd26a237,1,
9058,8714,2025-10-13,PayPal,104.49,Successful,txn_c880664800134f88af4fdac5ff7eeac7,1,
9059,8715,2024-04-03,PayPal,1242.66,Successful,txn_43aea75eb0ee440abe671b17ab24503b,1,
9060,8716,2024-10-28,Debit Card,273.32,Successful,txn_ba5237902033436bb5e4585ae8fc74fe,1,
9061,8717,2024-03-14,Debit Card,343.53,Successful,txn_a0c80969e62c49e6b0a76d07d14261f9,1,
9062,8718,2025-06-16,PayPal,11.07,Successful,txn_477d11743c0243618f282ab008ade469,1,
9063,8719,2024-08-20,PayPal,317.0,Successful,txn_3eb8e95bfbd041ceac296301fdad182e,1,
9064,8720,2025-04-16,Credit Card,212.3,Successful,txn_237fa819d16449f98caf88fe3277e8c7,1,
9065,8721,2025-01-12,PayPal,304.0,Successful,txn_a294fd3c652943799c066b414ed63020,1,
9066,8722,2024-09-15,Debit Card,30.3,Successful,txn_16699eb06c4a4f79832cea4f76f42bad,1,
9067,8723,2024-02-20,PayPal,487.66,Successful,txn_d440818f801547e6b7caa3ed091c6d3c,1,
9068,8724,2025-07-11,Credit Card,184.6,Successful,txn_df5d888811204a84a217e219f324a1ca,1,
9069,8725,2024-03-19,Debit Card,107.03,Successful,txn_d85fb70a87474c7cb71447c5639bf910,1,
9070,8726,2025-05-20,Credit Card,34.78,Successful,txn_473f479e492244f0820c883e7010a20f,1,
9071,8727,2024-09-27,Debit Card,325.22,Successful,txn_0b4930450d8642e8b0c7b14c7709fac0,1,
9072,8728,2024-05-04,PayPal,45.45,Failed,txn_eccf4a614b364536867218bd58ff54ca,1,
9073,8728,2024-05-04,PayPal,45.45,Successful,txn_8b771a6d2fe945c4aa4aa2ec7287b1ae,2,9072.0
9074,8730,2025-12-13,Amazon Pay,387.02,Successful,txn_0907fd7b358e49afa8c950933f9bbcb3,1,
9075,8731,2025-03-01,Amazon Pay,59.92,Successful,txn_29b7ab350dfa4b30ba89840d6de2d86e,1,
9076,8732,2025-07-07,PayPal,414.99,Successful,txn_2f603d00f4ce41f3b883650ce4003a4a,1,
9077,8733,2025-02-03,PayPal,152.2,Failed,txn_b1a342168e1e44fa9adb92709ab9bf5e,1,
9078,8733,2025-02-04,PayPal,152.2,Successful,txn_d2e00479654a49bd901fdbcce6e654f0,2,9077.0
9079,8734,2025-02-12,Credit Card,304.5,Successful,txn_e35a5720e75041dab64a6a79bdce6ff1,1,
9080,8735,2024-05-23,Amazon Pay,80.04,Successful,txn_11819bc81eba4630826e45fd12a81ed7,1,
9081,8736,2025-01-28,Amazon Pay,17.83,Successful,txn_ae2e2b3371f645debb3b1056a6692d63,1,
9082,8738,2024-04-25,Debit Card,75.75,Successful,txn_6facc090921c42c5a81e6b1d089e9d73,1,
9083,8739,2024-06-30,Credit Card,188.96,Successful,txn_fdfe2c0c9bf34478a5d2aefbba56ce6f,1,
9084,8740,2025-02-09,PayPal,268.55,Successful,txn_0f804d1ad8434af5ad2a5d84ed9fcfca,1,
9085,8741,2024-09-28,Credit Card,480.99,Successful,txn_320e723716034516b95f5d02caf95d5c,1,
9086,8742,2024-12-22,PayPal,114.8,Successful,txn_9142b582ccab47c3b2126df08c436ff8,1,
9087,8743,2025-12-08,Credit Card,63.63,Successful,txn_0c110d0ea23f4983a2ad36a9b5cebf92,1,
9088,8744,2024-02-15,PayPal,668.76,Successful,txn_fe3c205961234caba5ba6a1ee97c3cb4,1,
9089,8745,2025-07-22,PayPal,304.0,Successful,txn_400c49ba3a3f4894ac3769ad09c4138e,1,
9090,8746,2025-08-18,Amazon Pay,64.5,Successful,txn_9135436b70494ae4bfa01db38926c0a4,1,
9091,8747,2024-05-06,Debit Card,322.26,Successful,txn_f577239125f9400d95a309bbbddafbe4,1,
9092,8748,2025-12-31,Amazon Pay,39.19,Successful,txn_749e57df6e7d4b72a12e899d4035fbe9,1,
9093,8749,2024-04-13,Debit Card,456.73,Successful,txn_380ce38fc597479394b9b8980de34524,1,
9094,8750,2024-05-12,Credit Card,2974.46,Successful,txn_c460b0b6ed3d418a818ba39c779f0631,1,
9095,8751,2024-12-20,Debit Card,375.84,Successful,txn_4270352f066444c9a007173e14d47163,1,
9096,8752,2025-01-29,PayPal,261.36,Successful,txn_7fe7af4270204fdda4d42cddb4d11f1e,1,
9097,8753,2024-09-13,Gift Card,109.08,Successful,txn_a69b4e4108cd40d3aa5eb16840e903b2,1,
9098,8754,2025-05-28,Credit Card,462.76,Successful,txn_7fb9b3cdd42b4996a4f9d4a4bb1cfd78,1,
9099,8755,2025-10-24,Credit Card,46.15,Successful,txn_597343ed8ad14074824e2758d049b547,1,
9100,8756,2025-08-30,Credit Card,487.95,Successful,txn_afe24deee950489cbe0685100d718ec1,1,
9101,8757,2025-07-18,Credit Card,847.68,Successful,txn_247c53cdfffa439bbc390c70ab519e1d,1,
9102,8758,2024-06-03,Credit Card,96.66,Successful,txn_ac2c393d1c994e6d9b7b08265e9eeb8c,1,
9103,8759,2024-10-18,Debit Card,68.49,Successful,txn_653896d97f6245d0b36efab668250db0,1,
9104,8761,2025-10-31,Gift Card,149.8,Successful,txn_1a1900b0f36440959bed332c0d6eceaf,1,
9105,8762,2024-02-23,Gift Card,230.7,Successful,txn_16379c94001d4c44ba06232312209502,1,
9106,8763,2025-05-16,PayPal,175.79,Successful,txn_25b5a7bc038646b9bad46162cfbbddaa,1,
9107,8763,2025-05-16,Gift Card,684.16,Successful,txn_0e96b9637212477da64ede4a3d723461,1,
9108,8764,2024-12-27,Credit Card,337.28,Failed,txn_59d7a3aea08642459a366503619343f9,1,
9109,8764,2024-12-28,Credit Card,337.28,Successful,txn_6cd0eb7420a04d0490f6b935798b7b1d,2,9108.0
9110,8765,2025-03-31,PayPal,22.14,Successful,txn_bc614120a90d4a809780bb97f97eb86b,1,
9111,8766,2025-06-12,Credit Card,207.09,Successful,txn_2341d5a2631d49b19ac8aaa7c21c375f,1,
9112,8767,2025-11-14,Credit Card,947.64,Failed,txn_b287540d894749b7aed93a44ceaaf34d,1,
9113,8767,2025-11-15,Credit Card,947.64,Successful,txn_2246002bb76f4a9ab9cf9e580c2818c0,2,9112.0
9114,8768,2024-12-20,PayPal,456.73,Successful,txn_a3f446bccd3d4221bde5bf437961c442,1,
9115,8769,2024-07-05,Gift Card,108.4,Successful,txn_b268b76510804c279baa7f9a0d6e882d,1,
9116,8770,2024-04-02,PayPal,223.2,Successful,txn_e4aa9dc9bcb74a149912532abbf1bfb5,1,
9117,8771,2025-11-22,PayPal,1799.58,Successful,txn_4f3756935b15437fbe455b203d1848dd,1,
9118,8772,2024-03-20,Amazon Pay,100.32,Successful,txn_350005386b7e49f9940ac267275a2a39,1,
9119,8773,2025-02-25,Gift Card,2155.36,Successful,txn_40bf86ffd2b144d5a319116446f16204,1,
9120,8774,2024-08-18,Credit Card,542.02,Successful,txn_79b6c51dfcf94416a055b7493c36ef12,1,
9121,8775,2025-05-24,Amazon Pay,169.14,Successful,txn_8e096a75c49349b586a924c2024cbd2e,1,
9122,8776,2025-09-24,Credit Card,813.03,Successful,txn_d913a2f775884054a005f492bc011af8,1,
9123,8777,2025-04-11,Gift Card,486.21,Failed,txn_44dd2e9892c04f2ba1b7661d36dbb4f3,1,
9124,8777,2025-04-12,Gift Card,486.21,Successful,txn_06ed5860796a40cfa2523645698ec17d,2,9123.0
9125,8778,2025-06-07,PayPal,668.76,Successful,txn_1ce0aa16f59349a68aec50fb871f45a9,1,
9126,8779,2024-11-10,Amazon Pay,292.86,Successful,txn_9ae4ef2bb1784fc8ab5a615eb03b8fc5,1,
9127,8780,2024-11-26,Credit Card,175.75,Successful,txn_c9a99b60a3214d4da14822059274431e,1,
9128,8781,2025-11-10,Credit Card,53.79,Successful,txn_48aad95518a347ac8359b0fe4d791321,1,
9129,8782,2024-08-06,Amazon Pay,241.7,Failed,txn_f6f85933763f47f4af9db4df51951f10,1,
9130,8782,2024-08-06,Amazon Pay,241.7,Successful,txn_cb2d101007fb4726919a1bc0b2226a3c,2,9129.0
9131,8783,2025-07-01,Gift Card,141.0,Successful,txn_5669ea500e324d2e8fd15b68d82333ba,1,
9132,8784,2025-06-30,Amazon Pay,80.7,Successful,txn_dd8472a2495548eeb2de55ac3b0eef35,1,
9133,8785,2024-10-09,PayPal,486.21,Successful,txn_58657fd0b1274fb5ab21b7508daead81,1,
9134,8786,2024-07-24,Amazon Pay,68.34,Successful,txn_97ba2778f13348efac9b75d29e88d503,1,
9135,8786,2024-07-24,PayPal,35.65,Successful,txn_6ab20faf89ca4fc8b47029c130384b59,1,
9136,8787,2024-01-23,Amazon Pay,1304.73,Successful,txn_5c22d8600a354f03af9805b536509d39,1,
9137,8788,2025-10-17,Gift Card,330.54,Successful,txn_3becb101700646e1a0532dca65c37517,1,
9138,8789,2024-07-30,Gift Card,338.84,Successful,txn_f3bd7f237c264498ac700e5660cf005d,1,
9139,8790,2024-11-20,PayPal,168.48,Successful,txn_60a90959165b406da1d35c81222aea7b,1,
9140,8791,2025-12-29,Debit Card,330.0,Successful,txn_e15b4fff513540ee99fe904265d174d9,1,
9141,8792,2025-03-07,Amazon Pay,81.54,Successful,txn_a5a83209613b4ecea583242fa12da977,1,
9142,8793,2025-10-24,Amazon Pay,304.5,Successful,txn_57bcbe918f9c4dce970bcd3aa1d92281,1,
9143,8794,2024-08-01,Gift Card,264.9,Successful,txn_d6e0c2bc78db45e7aba52a92eab24e1b,1,
9144,8795,2024-03-17,Gift Card,59.04,Successful,txn_5860317fb0ac46d48451326dc3c11688,1,
9145,8796,2025-09-23,Credit Card,711.9,Successful,txn_110c4ded7301435d83fd1abb138900cc,1,
9146,8797,2025-10-28,Credit Card,445.84,Successful,txn_4a8bd92e86d2405886fe3df2c9338f27,1,
9147,8798,2025-08-10,Amazon Pay,20.68,Successful,txn_e5e20637999c405384104ab6edb4ada5,1,
9148,8799,2024-12-16,Gift Card,332.07,Successful,txn_8a588b3860fd48fcaead9fcaa0da8aa0,1,
9149,8800,2025-03-01,Credit Card,212.3,Failed,txn_0bea886d8bb1420caa16b7730880ae5b,1,
9150,8800,2025-03-01,Credit Card,212.3,Successful,txn_8f403be3373e4e0a827babbc0f52ee77,2,9149.0
9151,8801,2025-11-21,PayPal,320.66,Successful,txn_7a94e561c32d4d66b5336b719ab90969,1,
9152,8802,2024-12-29,PayPal,115.28,Successful,txn_37f00d6f33f94038aa3232e00a47425d,1,
9153,8803,2025-03-27,Credit Card,169.42,Successful,txn_eef8bd172f8e4bddb45c1bd39b33b0a9,1,
9154,8804,2025-06-04,PayPal,413.03,Successful,txn_4cad446a284a40d69eeb4006d033621c,1,
9155,8805,2024-08-10,PayPal,80.7,Successful,txn_d461ff2c4be94c81b3d25cc653a36e1e,1,
9156,8806,2024-09-09,Amazon Pay,484.65,Successful,txn_871dc34fafe74cc2b33b079c860db34f,1,
9157,8807,2025-11-11,Gift Card,17.83,Successful,txn_3f2b91fd40974c9aa763288ada0f95e5,1,
9158,8808,2025-02-19,Amazon Pay,3031.46,Successful,txn_6fe7afaf34934432be21667078383f28,1,
9159,8809,2025-04-03,PayPal,179.76,Successful,txn_3187eca7230548b2b1da35882a77c43b,1,
9160,8810,2025-09-27,Amazon Pay,174.96,Failed,txn_4a996674b518489b95e45673d2d8f736,1,
9161,8810,2025-09-29,Amazon Pay,174.96,Successful,txn_fe9f0225117e4e2abc9a1deb8e98e82f,2,9160.0
9162,8811,2025-11-07,Credit Card,165.0,Successful,txn_43eb1cb81f1b4e519abb494669507774,1,
9163,8813,2024-12-17,Credit Card,295.56,Successful,txn_f2a8d4d7aa0144b2a048adf6dd9c171f,1,
9164,8814,2025-08-28,PayPal,13.04,Successful,txn_67c815b4012a48bc9b39da1fc754e612,1,
9165,8815,2025-04-13,Gift Card,92.86,Successful,txn_5d9598b4304848d1bb91db94318b64d6,1,
9166,8817,2024-09-24,Gift Card,53.86,Successful,txn_164f8d4dc3ba4029a3ffd8d6f2267c2c,1,
9167,8818,2024-12-22,Debit Card,27.18,Successful,txn_ba655e267ccc491d918e58a5960ce96b,1,
9168,8819,2024-11-11,Amazon Pay,2155.36,Successful,txn_208494af51004c66893d8768f3b0e5bd,1,
9169,8820,2025-09-17,Amazon Pay,539.22,Successful,txn_fae723eb2d13467c8cb71949bc2c5e73,1,
9170,8821,2025-03-25,PayPal,122.49,Successful,txn_f6f9135a638a4c499c0ace6c618f1258,1,
9171,8822,2025-03-04,PayPal,503.7,Successful,txn_fc62378060ec48209176605c991e9035,1,
9172,8823,2025-07-02,Amazon Pay,105.75,Successful,txn_260b0b380aa649478b403d6003f7a3fb,1,
9173,8824,2024-12-06,Credit Card,262.98,Successful,txn_47ef95fc2f8b4504bf64bdca2cb7d879,1,
9174,8825,2025-06-11,Credit Card,131.6,Successful,txn_cd38a7e7ef3d4b069771adf8e43641b1,1,
9175,8827,2024-02-26,Credit Card,934.05,Successful,txn_704f06ceea8346828b8441967f3fb4c1,1,
9176,8828,2025-06-14,Gift Card,546.64,Failed,txn_a12c401cf3864ea1805bff1e8fc1118c,1,
9177,8828,2025-06-15,Gift Card,546.64,Successful,txn_548bc69436954d63920468e05e1bfb76,2,9176.0
9178,8829,2025-12-30,Amazon Pay,252.78,Successful,txn_2ff4ee7a929744bcb5662badc27e0d98,1,
9179,8830,2024-12-16,Gift Card,174.24,Successful,txn_b4ed6c19940446739104a9f299f30f16,1,
9180,8832,2024-05-07,Credit Card,311.35,Successful,txn_7225524703a14b2699d048d7e41933c6,1,
9181,8833,2025-10-01,Gift Card,168.1,Successful,txn_e2837fd06e334acaa1fadac107fc68c1,1,
9182,8834,2024-05-09,Amazon Pay,11.5,Successful,txn_1f3d4912f1f1472eb5f6424bfe8d042b,1,
9183,8835,2024-05-20,PayPal,60.32,Successful,txn_57922ca77bc04cf890527db226f5c0ca,1,
9184,8836,2024-11-21,Gift Card,26.53,Successful,txn_24f7dc95476c43b0bc40220d952f856d,1,
9185,8836,2024-11-21,Debit Card,27.18,Successful,txn_23244788c1b8476a86ddfb9b3c800a03,1,
9186,8837,2024-12-31,Amazon Pay,575.84,Successful,txn_9c2c4e223f4144c59e933dab3bdc1310,1,
9187,8838,2024-04-01,Credit Card,453.44,Failed,txn_ba4d26e906664f8e88f26d5d4822b8df,1,
9188,8838,2024-04-03,Credit Card,453.44,Successful,txn_35e98814d3744faf93fbbc1328ab8412,2,9187.0
9189,8839,2025-06-30,Debit Card,399.88,Successful,txn_ac635189b08947caa755ee22e1fd6c78,1,
9190,8841,2024-08-22,Amazon Pay,178.56,Successful,txn_2688a677ba784819b31072989290e9f8,1,
9191,8842,2025-05-01,Debit Card,34.78,Successful,txn_5f82562c79e84c2b8e3b3ea9d757b977,1,
9192,8843,2025-07-31,Credit Card,499.85,Successful,txn_878d0e12f4ea4be69244aa6e89d82546,1,
9193,8844,2025-10-07,Credit Card,88.26,Successful,txn_48e815f419a84bd0b71c0d4594375b02,1,
9194,8845,2024-05-04,Gift Card,150.6,Successful,txn_0d96a7fb179c47f4b8ec08fa9e87af3d,1,
9195,8847,2024-02-20,PayPal,424.08,Successful,txn_535266c3474d460f93fbf8a675f22cf6,1,
9196,8848,2025-01-30,Gift Card,102.37,Successful,txn_38ccdb52982a40eebb4d32a02c1852e7,1,
9197,8849,2024-10-25,Amazon Pay,981.2,Successful,txn_9c7543a826684af1bb99de1ebe412d17,1,
9198,8850,2024-10-01,Debit Card,235.34,Failed,txn_489b4052d4ee457a8018988f7dc5e78a,1,
9199,8850,2024-10-01,Debit Card,235.34,Successful,txn_4f0e7e48c7494f3782ab4228d265ac05,2,9198.0
9200,8851,2025-04-01,Amazon Pay,539.22,Successful,txn_08f422a113464c21af25cb13df034967,1,
9201,8852,2025-02-22,Debit Card,376.56,Successful,txn_22076157fafa473493ad0f4912c6411f,1,
9202,8853,2024-10-12,Credit Card,912.0,Successful,txn_21ab759dd5ee4f46bf1f51c287ffd8f4,1,
9203,8854,2024-07-22,Gift Card,135.17,Successful,txn_3d68f3cda1d8455a8871da2d284ea27f,1,
9204,8855,2025-01-07,PayPal,350.64,Successful,txn_9a35aadbe7e34f63bb608cf1fc5c0b65,1,
9205,8856,2024-09-02,Gift Card,107.72,Failed,txn_c9a1478ae062408f84ec064e18a1256a,1,
9206,8856,2024-09-02,Gift Card,107.72,Successful,txn_4d987a16c39e4c298df8915759de5ed4,2,9205.0
9207,8857,2024-10-05,Amazon Pay,12.9,Successful,txn_0f70d2fc82614054a7733a2e11995a66,1,
9208,8858,2024-10-11,PayPal,15.15,Successful,txn_61b9b46905b74f31bfc7132ee953af23,1,
9209,8859,2024-02-12,PayPal,103.99,Successful,txn_f375653061ea4db486db1909fcaf8784,1,
9210,8860,2024-08-06,Amazon Pay,668.76,Successful,txn_e54f3a9f10a64b3e8351a4ee89e0843d,1,
9211,8861,2024-09-07,Amazon Pay,491.3,Successful,txn_e74885797755476b960d4ce655c3c848,1,
9212,8862,2024-09-24,Credit Card,169.54,Successful,txn_42a9992b8215409c9c8b706bcd947f55,1,
9213,8863,2025-02-12,PayPal,34.5,Successful,txn_eb513ff83f21464890e37e831f78a58c,1,
9214,8864,2025-08-30,PayPal,675.46,Failed,txn_e27e2a118dee401fa833f1d3293510e0,1,
9215,8864,2025-08-31,PayPal,675.46,Successful,txn_a147c8a664eb4cd88e46d1f08fcfe1c3,2,9214.0
9216,8865,2024-08-12,Credit Card,100.32,Successful,txn_7faad4d595014c79994ee6318194d8c1,1,
9217,8866,2024-01-18,Credit Card,30.44,Successful,txn_4ca1965bea854c30a3a087b717daffa8,1,
9218,8867,2025-03-09,Credit Card,1142.69,Successful,txn_7a9ddb9045f04c6fa3e7547b15778fe6,1,
9219,8868,2024-05-14,Amazon Pay,496.44,Successful,txn_7d77716b7ff240138d17e53301fe3b87,1,
9220,8869,2025-07-20,Credit Card,84.71,Successful,txn_c18da512ca5b465f806e111f7c89f575,1,
9221,8870,2025-02-17,Debit Card,142.38,Failed,txn_61147b55fbea423595295983efad1527,1,
9222,8870,2025-02-19,Debit Card,142.38,Successful,txn_25026f3bd5024919b2e0898095c2b4ac,2,9221.0
9223,8871,2025-11-29,Credit Card,453.44,Successful,txn_eb61600d612744bbaf2dceabbf360aa6,1,
9224,8872,2024-04-01,Amazon Pay,169.84,Successful,txn_5863180b920b4e39a6224b91a58e838a,1,
9225,8873,2025-04-14,PayPal,304.5,Successful,txn_ff7a06dfc1ab4cb9a2e4e5639f1ae004,1,
9226,8874,2025-06-10,Amazon Pay,145.02,Successful,txn_59521df0c19b4d448432873b2bb3e47e,1,
9227,8875,2025-04-12,Credit Card,230.75,Successful,txn_c31f1eccca3740e294296143d8f4fc8c,1,
9228,8876,2025-11-16,PayPal,141.72,Successful,txn_b0ab926716604cc8acc91d4c404ff36f,1,
9229,8877,2024-10-04,Credit Card,9.9,Successful,txn_b18d288a70094c27baf6aaeb18abfebd,1,
9230,8878,2024-03-18,Amazon Pay,639.02,Successful,txn_cff1a20fd957460ab1cbd4002fa7fbfa,1,
9231,8879,2025-03-13,Credit Card,110.18,Successful,txn_7513e82252c140969bc1eff3678d462e,1,
9232,8880,2024-06-13,Credit Card,16.48,Failed,txn_38e39d1792c84ed2aa19765775162014,1,
9233,8880,2024-06-13,Credit Card,16.48,Successful,txn_85e7f481db02425fac92928337bca3f4,2,9232.0
9234,8882,2025-12-11,Gift Card,470.16,Successful,txn_c3a0a571f38b4566a0042b79f3af4edd,1,
9235,8883,2024-01-05,Credit Card,674.56,Successful,txn_c2a8a3a8aa5e4d9baef43f3767ece12e,1,
9236,8884,2025-12-14,Debit Card,1488.3,Successful,txn_7f0cd5d6ee9b4427b294bc9f9b99a359,1,
9237,8886,2025-03-20,Gift Card,406.0,Successful,txn_6782e78f9c1b469eabdf445b2cee3576,1,
9238,8887,2024-05-21,PayPal,73.77,Failed,txn_dda8f0eda3064ed9877a967f8cebcda9,1,
9239,8887,2024-05-21,PayPal,73.77,Successful,txn_7f1fb9bde2994fac8ec5afbd414cc433,2,9238.0
9240,8888,2025-01-25,Amazon Pay,34.36,Successful,txn_c58bdd2225594a3692722e5453e09171,1,
9241,8889,2025-08-02,Credit Card,373.16,Successful,txn_b844ebd494da43ca81a6b37a9a77377e,1,
9242,8889,2025-08-02,Gift Card,234.84,Successful,txn_e6b22032bbde4429990fce9f4b7b0418,1,
9243,8890,2024-05-10,Gift Card,774.04,Successful,txn_9acc4c9c441f47ffa452ae995d2ebf41,1,
9244,8891,2025-04-12,Gift Card,226.72,Successful,txn_481b424315ae44d49fba6783d363616b,1,
9245,8892,2025-11-03,Amazon Pay,981.2,Successful,txn_082f915af9514be48e6ea359a8212c90,1,
9246,8893,2024-04-26,Gift Card,98.52,Failed,txn_0785ec1326514e61a0ce6ea3ecdd7ff4,1,
9247,8893,2024-04-27,Gift Card,98.52,Successful,txn_f459763f703f4ca89cdecaa60ba8d2ef,2,9246.0
9248,8894,2024-10-16,PayPal,82.94,Failed,txn_a2f851b4bef84e6c901274b1e22f6134,1,
9249,8894,2024-10-17,PayPal,82.94,Successful,txn_2644cd910413407e9d151b661f25ee2c,2,9248.0
9250,8895,2024-06-15,PayPal,316.17,Failed,txn_38914d8daa0a476b92d845b74205def3,1,
9251,8895,2024-06-17,PayPal,316.17,Successful,txn_2b160ed70a2d4c7facde5d649e988f87,2,9250.0
9252,8896,2025-10-09,PayPal,259.92,Successful,txn_c6794f7bba1843199b53d1cf9a826add,1,
9253,8897,2025-12-14,Credit Card,138.45,Successful,txn_96c20c1d6afd449fb51a63f7146ee297,1,
9254,8899,2025-05-03,Credit Card,169.62,Successful,txn_8e147256125e4dd09bab467f6ac1cfdd,1,
9255,8900,2025-11-19,Gift Card,102.48,Successful,txn_de582cde73494aa5ad0e525aa867879e,1,
9256,8901,2024-06-01,Credit Card,138.06,Successful,txn_553cf7276065401e9cdc16c06c6c1916,1,
9257,8903,2025-07-02,Gift Card,100.86,Successful,txn_2f26df9ff8574e879cbea001de5e0c7c,1,
9258,8904,2025-05-13,Amazon Pay,151.96,Successful,txn_bf2f418bdeb84c7e979e2785cabafc7b,1,
9259,8905,2024-11-14,Debit Card,304.5,Successful,txn_1f877a7a05484ce7b4a5d7a1b052927b,1,
9260,8906,2025-02-20,PayPal,241.68,Successful,txn_5458de5d48bd45a7b9c3fc792230dd07,1,
9261,8907,2024-10-29,PayPal,29.92,Successful,txn_f34ef86fd3734598b0f5ed2783c6c7c0,1,
9262,8907,2024-10-29,Gift Card,13.62,Successful,txn_fd1956b081f1457186c06d720abe777f,1,
9263,8908,2024-04-14,PayPal,35.34,Successful,txn_385e73de157d4fc68508faee8d2fe956,1,
9264,8909,2024-03-15,Amazon Pay,105.26,Successful,txn_8e606cf141b44699ab893083af6ca15b,1,
9265,8910,2024-12-04,Credit Card,268.55,Successful,txn_46623a8a85a240de863ed5db549a8696,1,
9266,8911,2025-08-28,PayPal,295.56,Successful,txn_d24f90cd20c7437fb5a8b42ef3bb0675,1,
9267,8913,2024-02-11,PayPal,204.15,Successful,txn_f53d2252a99f435483b7c0ecfee4eb5f,1,
9268,8914,2024-09-07,Credit Card,477.88,Successful,txn_6d89bc7ad0104bfcb0472f387fa7163a,1,
9269,8915,2025-04-21,Credit Card,1834.42,Successful,txn_7fd306f8029a4e349fda1414db8ba31a,1,
9270,8916,2024-08-06,PayPal,17.7,Successful,txn_5ccc01d21f454398b91aa66fd2774d54,1,
9271,8916,2024-08-06,Amazon Pay,12.6,Successful,txn_c57dc2c554bd48669717efd88b25beef,1,
9272,8917,2025-11-16,Amazon Pay,19.8,Successful,txn_9efbbe40bd2545ac82cff3b01cd76c39,1,
9273,8918,2025-04-05,Gift Card,433.53,Successful,txn_3e185deb316642b1bf18ae325229f7cd,1,
9274,8919,2025-12-21,Amazon Pay,51.24,Successful,txn_3e2c529f3ef64d008eb26c6ce07f05c8,1,
9275,8920,2024-09-14,Debit Card,895.45,Successful,txn_b1f8dfe412fa446c8c271de299d3075b,1,
9276,8921,2025-09-30,Gift Card,235.08,Successful,txn_0af3119c40e149aa8b414f57a521c751,1,
9277,8922,2025-12-15,Amazon Pay,622.7,Successful,txn_256eb30966e04759babe137a558f1702,1,
9278,8923,2025-01-07,Amazon Pay,267.84,Successful,txn_b3fa44c6111942a6a5aefd5c7eea0b2f,1,
9279,8924,2024-06-24,PayPal,88.56,Successful,txn_9420eb8e94dc4210beede01b8fadae19,1,
9280,8925,2025-11-05,PayPal,84.24,Failed,txn_1870b16c5acf4d06a220db204d8082e7,1,
9281,8925,2025-11-05,PayPal,84.24,Successful,txn_4d56e768b0bd45769f1193b1cf32fff0,2,9280.0
9282,8926,2025-11-29,PayPal,153.72,Successful,txn_efc400957a194fb6b10bb7cddc2bb9cd,1,
9283,8927,2025-07-10,Credit Card,427.14,Successful,txn_5197e328e1f7447ca5b6117aade029ab,1,
9284,8928,2025-01-09,PayPal,1799.58,Successful,txn_f15d113951334f82aea3df658dc8c761,1,
9285,8929,2025-07-21,Amazon Pay,899.79,Successful,txn_720810aec06a47cf9921c348c62b4274,1,
9286,8930,2025-09-11,PayPal,313.2,Successful,txn_444f569bb220438180297e892b6c7f7a,1,
9287,8931,2025-09-18,PayPal,470.16,Successful,txn_27524acde4a3457dbd5e8048a6561eb5,1,
9288,8932,2024-07-27,PayPal,351.5,Successful,txn_91ca18134bd34c3ebf99654059a234b6,1,
9289,8933,2024-02-07,Credit Card,1515.73,Successful,txn_70745d783d554db087f1813672dd0970,1,
9290,8934,2025-05-29,Gift Card,296.16,Successful,txn_3909cf7d7aae4958b7b0cd264a129e95,1,
9291,8935,2024-10-19,Amazon Pay,287.26,Successful,txn_4425ecf68972417cbbad45505c1022ba,1,
9292,8936,2025-09-18,Gift Card,304.0,Successful,txn_fdb2e5d4bcd142859b1344dc960291f8,1,
9293,8937,2025-08-06,Gift Card,1480.17,Successful,txn_d48fa2e151f344e3838c21d41c8384d4,1,
9294,8938,2025-04-09,Credit Card,185.72,Successful,txn_f139be705c7c463bb90055fa7fd9fbfc,1,
9295,8939,2024-07-28,Amazon Pay,33.22,Successful,txn_dc668b7eafeb4e18a80e5effbe4e38bd,1,
9296,8940,2025-09-21,PayPal,484.65,Successful,txn_f037ffeb3ce74af3966eeed6013b7ff9,1,
9297,8941,2025-08-14,Gift Card,143.63,Successful,txn_55acfffd6dfc4f20bf20b8c11b43ae94,1,
9298,8942,2025-03-12,PayPal,668.76,Successful,txn_3796d3d63cb74cb7ae3fc8fb33d1b515,1,
9299,8943,2024-08-13,PayPal,270.34,Successful,txn_ffd4836e053a4d0bb5131a0bf5368cdc,1,
9300,8944,2024-03-22,PayPal,716.82,Successful,txn_029f9e2ed96b4ebb928928c35b87eecd,1,
9301,8945,2025-12-07,Credit Card,756.99,Successful,txn_fad525f2c9c941949dc6964d59fbf7a7,1,
9302,8945,2025-12-07,PayPal,2217.47,Successful,txn_317a60c6218b4b9bb4dec6cfa1f90129,1,
9303,8946,2025-10-31,Debit Card,111.06,Successful,txn_2ebe82a2dde344c39fe15f25a9805901,1,
9304,8948,2024-08-29,Debit Card,91.32,Successful,txn_878754330f944d23b4abd2776a1760ab,1,
9305,8949,2024-04-20,Credit Card,102.56,Successful,txn_4a1bf2eace594edda73afeb26217715c,1,
9306,8950,2024-02-06,Credit Card,114.8,Successful,txn_9a13703cf73b4efb97bece35293b8905,1,
9307,8951,2025-12-26,Gift Card,253.6,Successful,txn_26f6661557774e1487d069fcd0faac2d,1,
9308,8952,2025-10-02,PayPal,53.35,Successful,txn_1dce0d924f4b4cd1896d8f99dfe3103c,1,
9309,8952,2025-10-02,Gift Card,32.95,Successful,txn_7cc66144bea14db1896eb09055c7426f,1,
9310,8953,2025-08-26,Gift Card,144.06,Successful,txn_bc0f5888d3d4414d93afb4c378ccee02,1,
9311,8954,2024-03-05,Debit Card,1242.66,Successful,txn_4e350370bcc04f0bb8b68c337fbd4db3,1,
9312,8955,2024-06-14,Credit Card,340.08,Successful,txn_63268b5282e74ba18eaad0900351c393,1,
9313,8956,2024-08-23,Credit Card,156.76,Successful,txn_90ac9e1f13cb4fd498d2fa04384df565,1,
9314,8957,2024-12-17,Credit Card,292.86,Successful,txn_a0a5746ec48442d98f5272488236bd94,1,
9315,8958,2025-04-27,Gift Card,175.32,Successful,txn_be37d0106ca1491e98a9028d099b85da,1,
9316,8959,2024-12-29,Gift Card,256.14,Successful,txn_d78f08fd3a6f4e29a8bbc1165ffdaa41,1,
9317,8960,2025-10-22,PayPal,92.76,Successful,txn_7bb17505a74e44a78a94399648718a8b,1,
9318,8961,2025-03-17,Credit Card,223.2,Successful,txn_f6a90b7bfdc54639b262e6648a0b7f94,1,
9319,8962,2024-08-06,Credit Card,981.2,Successful,txn_e3cad6b130ad45909e5fe971a953ca84,1,
9320,8963,2025-11-26,Debit Card,113.46,Successful,txn_72551849f6d34341aae34577ab32805a,1,
9321,8964,2024-05-14,Gift Card,418.14,Successful,txn_767f5281b1724267972fcacc22d50397,1,
9322,8965,2024-11-14,Gift Card,311.35,Successful,txn_249f587dea4c4fb59a2eecd1c03bda5e,1,
9323,8966,2024-03-07,PayPal,1391.28,Successful,txn_f89c9c1e409b4dd9a22dd12c6a7475c8,1,
9324,8967,2025-11-24,Debit Card,924.14,Failed,txn_a48fb8d215f1447ca69cdc86aa766592,1,
9325,8967,2025-11-25,Debit Card,924.14,Successful,txn_f04c431622a34ede8b614f63c60e9fef,2,9324.0
9326,8968,2024-04-25,PayPal,75.4,Successful,txn_31e61a99b19249f08efe76932b73a07f,1,
9327,8969,2024-05-03,Debit Card,53.71,Successful,txn_40afaa7219454a32a11b5fd0cdd4871d,1,
9328,8970,2025-05-15,PayPal,311.35,Successful,txn_4c4f47fe17bb4f4d8288faaa561b41bf,1,
9329,8971,2025-05-13,Amazon Pay,313.2,Successful,txn_48f29551ab1d469ba54a3bc020cae067,1,
9330,8972,2025-11-10,PayPal,156.76,Successful,txn_8fe00bf8b62e45a5b01e981b70eb6074,1,
9331,8973,2024-04-30,Debit Card,225.9,Successful,txn_94e82b1d4d7549bb84791c8077b79b79,1,
9332,8974,2024-09-10,Credit Card,345.78,Successful,txn_ab440ae7ec0b46c78ea7012682aae16a,1,
9333,8975,2024-08-16,Debit Card,160.08,Failed,txn_6a5bc48221984176908c937d677d72a1,1,
9334,8975,2024-08-17,Debit Card,160.08,Successful,txn_27a82aa10186487a8e225254f788a2bd,2,9333.0
9335,8976,2025-11-11,Debit Card,446.88,Successful,txn_8f29499b8bc04409a469b990be09e548,1,
9336,8977,2025-06-03,Debit Card,491.25,Successful,txn_7abc154ba8d545b09159e63249110cb9,1,
9337,8978,2024-12-21,Gift Card,776.07,Successful,txn_ecc28322d02c47768c2c1e5c7514e11c,1,
9338,8979,2024-11-19,Gift Card,141.13,Failed,txn_c8475aef612d401f842e10dd3cbe9d0b,1,
9339,8979,2024-11-19,Gift Card,141.13,Successful,txn_d564fa45f07347318b960f4209efa161,2,9338.0
9340,8980,2025-12-01,PayPal,232.56,Successful,txn_8bf000d4e9d648d888d679fb3400da0c,1,
9341,8981,2024-11-05,Debit Card,102.37,Successful,txn_1ffb90bf8aa247a281950c9777d0cdb2,1,
9342,8982,2025-10-15,PayPal,15.51,Successful,txn_b3e9e4367268425eb5aeeb9a0d3d53fd,1,
9343,8983,2024-11-12,Credit Card,174.96,Successful,txn_5e4c9ff77a094b76b199eb7604002151,1,
9344,8984,2025-12-20,Debit Card,1488.3,Successful,txn_1fc9eeae17ec44a4ad9990549005b298,1,
9345,8985,2024-09-19,Amazon Pay,254.13,Successful,txn_90bd9812bced459bba56b8feca371116,1,
9346,8986,2024-10-09,PayPal,517.38,Successful,txn_6755b6575048419687ed7a90c62aac8a,1,
9347,8988,2024-09-16,Debit Card,35.34,Successful,txn_0609f53bb0d945e396832b398eae16d3,1,
9348,8990,2024-11-13,Debit Card,1421.46,Successful,txn_bef4ffcc67d54d90b40e4f9d69cead11,1,
9349,8991,2025-07-15,Amazon Pay,1487.23,Successful,txn_af40e931a6344a6797ead872c3529add,1,
9350,8992,2024-10-28,Debit Card,847.68,Successful,txn_d8b0074b333542ccaecc4f3f31bf534a,1,
9351,8993,2024-10-17,Credit Card,238.94,Successful,txn_15345d54336245739b461e253963b48f,1,
9352,8994,2024-03-23,Amazon Pay,376.56,Successful,txn_45dac2d7aa11409797a888919265aae4,1,
9353,8995,2025-11-09,PayPal,243.83,Successful,txn_bd71528bfc2f40729b9e6ec23f4da4c6,1,
9354,8996,2025-11-27,Debit Card,110.18,Successful,txn_9270cf0bbf574034a86309d8528813fc,1,
9355,8997,2024-07-03,Amazon Pay,320.98,Successful,txn_83428d37bfc448d9ad89e97a97caa0c7,1,
9356,8998,2025-06-03,PayPal,311.97,Successful,txn_19b1e722513a4d2db41624564a0192b0,1,
9357,8999,2024-08-16,Gift Card,716.82,Successful,txn_64dbf412390a41f8835266d58c4edecd,1,
9358,9000,2025-05-05,Credit Card,2974.46,Successful,txn_aae613d0bb8d4c82853298ec12ac5636,1,
9359,9001,2025-09-15,Credit Card,603.66,Successful,txn_ea2b69f5617a48f39d7d5c43947616c6,1,
9360,9002,2024-01-05,PayPal,705.24,Successful,txn_2fbae863be674e67b9f377a055837309,1,
9361,9003,2025-10-05,Credit Card,60.6,Successful,txn_f1a23b551c6846198240ace05d3d7642,1,
9362,9004,2025-02-03,Gift Card,58.84,Successful,txn_b05e81f0fb7b455e8819763d8560ccd7,1,
9363,9005,2025-09-27,PayPal,1487.23,Successful,txn_ccd51a3b04844600846f1ea73321c15d,1,
9364,9007,2024-08-27,Amazon Pay,37.45,Successful,txn_ceeff687880d45cdab64ae8589eef5a2,1,
9365,9007,2024-08-27,Gift Card,142.64,Successful,txn_70494f726f7b440f9cb309becf1d78b1,1,
9366,9008,2025-02-26,Gift Card,105.26,Successful,txn_23453ed43f4a41d7a11f65cb2627db1f,1,
9367,9010,2025-09-07,Debit Card,34.1,Successful,txn_9e514aadc21e41a79f3f3d2a721d5deb,1,
9368,9011,2024-07-09,Debit Card,503.7,Successful,txn_008b2ac6cf504d478aceec1171a8c826,1,
9369,9012,2024-07-03,PayPal,59.92,Failed,txn_030666374304430492c94df2a9b31470,1,
9370,9012,2024-07-05,PayPal,59.92,Successful,txn_348eff54346441cb99152ed369cd1b84,2,9369.0
9371,9013,2024-09-29,Credit Card,11.5,Successful,txn_c7489373a8b949b19378ecdf5d48943c,1,
9372,9014,2025-06-29,Credit Card,27.27,Successful,txn_506cfe4488c04a7cb765c9447cc5ec58,1,
9373,9015,2025-01-07,PayPal,220.36,Successful,txn_5109483cca6f442d85219f164117c740,1,
9374,9016,2024-01-16,Credit Card,175.75,Successful,txn_b946b2773a8d4219a1f02aad04558c1d,1,
9375,9017,2024-04-24,Debit Card,345.84,Successful,txn_69e1a837bc404f83bbd4e38e0915ff5f,1,
9376,9018,2025-10-07,PayPal,9.09,Successful,txn_eb4fb783f0e147fb9f49427e35860a19,1,
9377,9019,2025-10-22,Debit Card,1458.63,Successful,txn_da1597efe1704f9ab750a26e377323c2,1,
9378,9020,2025-06-04,PayPal,204.15,Successful,txn_800e8de3c47845c5bcd8b47f48e2792a,1,
9379,9021,2024-08-19,Debit Card,292.86,Successful,txn_db9ca203b4a04dfcb6ed55a49b477a88,1,
9380,9022,2025-05-26,Credit Card,207.09,Successful,txn_6e8cb7ff3831407aa4022606a2925ca4,1,
9381,9023,2025-07-11,Gift Card,152.25,Successful,txn_76bf85de07f641a9aa9f1be4566693d8,1,
9382,9024,2025-09-28,Amazon Pay,171.52,Successful,txn_c245c6c1cc1a43a2af7014a8c6a333b3,1,
9383,9025,2024-08-20,PayPal,33.21,Successful,txn_39b95dfd0b444481b3dbb12450524061,1,
9384,9026,2024-11-15,PayPal,53.86,Successful,txn_37a5d2b447fc43af92fed61d6573476a,1,
9385,9027,2024-05-03,Debit Card,307.6,Successful,txn_818c314c3924407881707b88be908f9c,1,
9386,9028,2025-08-20,Amazon Pay,102.39,Successful,txn_7b8a17b7fc094f0fa62407588bced196,1,
9387,9030,2025-09-06,Gift Card,340.62,Successful,txn_1087d6b625e844fa9e2f7ba91de34546,1,
9388,9031,2024-09-06,Amazon Pay,390.48,Successful,txn_a1e3b50e9166417fb2b73ea8bfcc2d37,1,
9389,9032,2024-02-25,Gift Card,231.38,Successful,txn_c1f9a015be2f4dd6b78dcac0110dfd78,1,
9390,9033,2025-09-20,Amazon Pay,462.07,Successful,txn_ca7e171b46fd4fc981bba68e443bee8f,1,
9391,9034,2025-06-18,Gift Card,302.5,Successful,txn_60dcdacdac624a35b73a46e6bf7a8eb6,1,
9392,9035,2024-11-30,Debit Card,484.65,Successful,txn_a130ce2ebec447648bc4c9b23877ba29,1,
9393,9036,2025-08-20,PayPal,1250.3,Successful,txn_b5f7cbca88604059b65997a066f2bf75,1,
9394,9037,2025-10-03,Debit Card,223.56,Successful,txn_9a50af04ae7a4282907c6e4c31152517,1,
9395,9038,2024-07-30,Credit Card,139.32,Successful,txn_c7ddb24347034fcf84b78cd31eafb803,1,
9396,9039,2024-05-08,Debit Card,1253.62,Successful,txn_e0da295bcf354509a8af0df988eb16f4,1,
9397,9040,2024-02-18,PayPal,207.98,Successful,txn_4ad4d4a134174f6a978b7e1268f1448c,1,
9398,9041,2024-12-14,Credit Card,46.72,Successful,txn_e5814b2f9c254e809b496c311beeed78,1,
9399,9042,2025-12-27,Gift Card,56.57,Successful,txn_4ed1fecf158247539e2bc991cfae4da5,1,
9400,9043,2025-05-12,Debit Card,390.84,Successful,txn_7389dc620b634721bda2c718eae6cab6,1,
9401,9044,2025-05-15,PayPal,138.33,Successful,txn_480081eecb5f4e31a150955fb181938b,1,
9402,9045,2024-03-09,PayPal,450.0,Successful,txn_205e4484039048f0a67e41136ea943f2,1,
9403,9046,2024-02-10,Credit Card,6.52,Successful,txn_f88e288d0033431999b0412beaece795,1,
9404,9047,2025-06-10,Debit Card,493.39,Failed,txn_7f65d6918d3e42e489d67c8393300711,1,
9405,9047,2025-06-11,Debit Card,493.39,Successful,txn_094dab03f6ae48499537d6121462164b,2,9404.0
9406,9048,2024-01-21,Amazon Pay,2974.46,Successful,txn_2bae4bd6e0254d2abf766ed5276eee02,1,
9407,9049,2025-10-14,Credit Card,517.38,Successful,txn_b68f47ddde52449fbdb2badce51b3dce,1,
9408,9050,2025-12-19,Debit Card,583.68,Successful,txn_d78af66555184c04a667c558486114bd,1,
9409,9051,2025-11-15,Debit Card,3031.46,Successful,txn_54b742ba125f477b87754cd64d5b2c0f,1,
9410,9052,2025-05-25,Gift Card,118.08,Successful,txn_d6597d4ab1d64489b414426bbf6bd418,1,
9411,9053,2025-04-04,Credit Card,99.97,Successful,txn_fea4ef3dd6a74aab9074ac42d9043f74,1,
9412,9055,2025-02-13,Gift Card,19.56,Successful,txn_a582debe65ea48fb81b528d7eaf8adfa,1,
9413,9056,2025-12-23,PayPal,1337.83,Failed,txn_e2f6d55885f84b09bccbcb7685ba47b0,1,
9414,9056,2025-12-25,PayPal,1337.83,Successful,txn_18cfeade437948cb862168df58786caf,2,9413.0
9415,9057,2024-02-21,Amazon Pay,277.65,Successful,txn_65f5cb511eb04ba08975bca901498a81,1,
9416,9058,2024-05-28,Debit Card,67.86,Successful,txn_134d82b6e4c0469498e8c8aa87413665,1,
9417,9059,2025-12-01,Gift Card,42.69,Successful,txn_b6423f7f1f944fe8ab0ab5dd003c5c12,1,
9418,9061,2024-05-09,Debit Card,62.96,Successful,txn_5c8da1afffbb41e1aadac322e1492795,1,
9419,9062,2025-04-19,Amazon Pay,947.64,Successful,txn_f19ebfb4162742f0a422ef4a8e7ef401,1,
9420,9063,2025-10-15,Credit Card,92.3,Successful,txn_a6e11884978642e59e9ad2e622a807ff,1,
9421,9064,2025-11-01,PayPal,93.95,Successful,txn_f90bf12917fd42ed9fba51f1cb8ee6d2,1,
9422,9065,2024-03-16,Amazon Pay,671.3,Successful,txn_2162c036d14d485b96751621bb50b487,1,
9423,9066,2025-12-17,PayPal,1077.68,Successful,txn_78a837a3044a444695679de4d458a3af,1,
9424,9067,2025-05-02,Debit Card,139.29,Successful,txn_9fff056e012243c99bd7bcb2023023ad,1,
9425,9068,2024-03-04,Debit Card,176.56,Failed,txn_5091822750c54a5080f248094734e85a,1,
9426,9068,2024-03-04,Debit Card,176.56,Successful,txn_d667f5774f13440e829508ecb744c16e,2,9425.0
9427,9069,2025-08-21,Debit Card,114.8,Successful,txn_d3ff74385eda4db588bdf0601f40b922,1,
9428,9070,2024-11-01,Gift Card,499.85,Successful,txn_bdb5bcb9d18345aab564a889b17fc6af,1,
9429,9071,2025-06-25,Debit Card,514.56,Successful,txn_000efe3d24534eb786c2ab7734e4b1cf,1,
9430,9072,2024-05-05,PayPal,529.8,Successful,txn_e8964304848f44b393c97b5741862cdb,1,
9431,9073,2025-06-24,Debit Card,138.33,Successful,txn_051a61a7095c4c97a47919db5c5574ca,1,
9432,9074,2025-03-07,Amazon Pay,311.97,Successful,txn_f94121d063bc428896f9373009bcb255,1,
9433,9075,2024-10-08,PayPal,668.76,Successful,txn_aef354baf68a4cb0bb758b4fd3bf410d,1,
9434,9076,2024-05-13,Gift Card,264.9,Successful,txn_7767964e023143fca5e40e256e80525b,1,
9435,9077,2024-02-02,Gift Card,490.6,Failed,txn_d9ad1d7f31244c82a1c58de276d40d40,1,
9436,9077,2024-02-02,Gift Card,490.6,Successful,txn_73aae8d42ea247bb9fb654e77818db2e,2,9435.0
9437,9078,2024-01-31,Credit Card,112.76,Successful,txn_f506e1e9eaa14b61b4034c744a0b54eb,1,
9438,9080,2024-12-19,Gift Card,113.46,Successful,txn_9a9c75e1b17641309ecfc8c40a47d5aa,1,
9439,9081,2025-03-20,Gift Card,140.95,Successful,txn_b3c49c747f074b6498a204dbe45577d1,1,
9440,9082,2025-09-07,Debit Card,1142.69,Successful,txn_418049ce85724091a000d795ee2f9d4a,1,
9441,9083,2024-09-03,Gift Card,17.83,Successful,txn_2d5cbd85e1a443fc9c57d0697239c53d,1,
9442,9084,2025-03-10,Gift Card,899.79,Successful,txn_f4dc5f53cbf04a18b45b4b1079bc57f8,1,
9443,9085,2025-03-24,Credit Card,50.75,Successful,txn_4f60ccb149904df9a1d21db5dd272ee7,1,
9444,9086,2025-03-13,Debit Card,115.26,Successful,txn_a95f84eb68ac43e8884c598608299db1,1,
9445,9087,2025-03-17,PayPal,102.48,Successful,txn_8e7b99a0bee34c89aa89b93eb6f077ed,1,
9446,9088,2024-10-19,Amazon Pay,27.18,Successful,txn_5919652d72f84a2e92e8c16adafa3d40,1,
9447,9089,2024-06-28,Credit Card,553.32,Successful,txn_119cfae36f1f4b879307e1ab617be99f,1,
9448,9090,2024-02-25,Amazon Pay,98.26,Successful,txn_82721e095ba747469fdff24dc6f0a37e,1,
9449,9091,2024-07-20,Debit Card,278.28,Successful,txn_528cbd7d9d4245a59114e1b2663058b6,1,
9450,9092,2024-05-18,PayPal,75.3,Successful,txn_9bff92bb654643d0b489e08173623db6,1,
9451,9093,2024-07-06,Debit Card,705.24,Successful,txn_948e5dd84fa64705a2dfa1d507465b7d,1,
9452,9094,2024-07-29,Amazon Pay,618.52,Successful,txn_3e1128728ccc4fef998efe7c42e19b72,1,
9453,9095,2024-08-24,Amazon Pay,92.86,Successful,txn_a53a0c6357104e668c954591501ecb29,1,
9454,9096,2024-10-23,Amazon Pay,491.25,Successful,txn_d93fe2719184428e85703e63552417c6,1,
9455,9097,2025-06-11,Gift Card,347.07,Successful,txn_9865ca012ccd42078e2d7c08e4c6cda7,1,
9456,9099,2025-03-07,Amazon Pay,603.66,Successful,txn_4f76ec9b68bd4167a3e020aff6b20910,1,
9457,9100,2024-09-16,Gift Card,16.48,Successful,txn_67f0c2232232425d839c55d229428cc3,1,
9458,9101,2025-10-03,PayPal,153.84,Successful,txn_67500e0d4ab94c7ba9354d6b165182b9,1,
9459,9102,2025-06-23,PayPal,53.71,Successful,txn_61a959c5d359496c9f0b44da66cad5f0,1,
9460,9103,2024-04-15,Credit Card,2155.36,Successful,txn_f986cf2a5fbe4bc789a28effa191847f,1,
9461,9104,2024-09-29,Amazon Pay,426.9,Successful,txn_eafceb72baba49ceae94c4dd49a75e75,1,
9462,9106,2024-12-18,Amazon Pay,900.0,Successful,txn_c5f7ea5bde934da088192ba69943d204,1,
9463,9107,2025-03-02,PayPal,231.9,Successful,txn_629bee7153314bc8a2c027d562ce89f7,1,
9464,9108,2025-10-03,Debit Card,471.68,Successful,txn_89d57c50f6604582a4caba688979151a,1,
9465,9109,2025-12-06,Gift Card,78.38,Successful,txn_cddcf3659571461086f7795a04297351,1,
9466,9110,2025-06-13,Debit Card,25.25,Successful,txn_64dbe29b101e4c0b8ac33e7f8cb1d8cb,1,
9467,9111,2025-04-27,Amazon Pay,114.8,Successful,txn_fb39289a40e147338bee3787c2a18981,1,
9468,9112,2024-03-01,Amazon Pay,414.99,Successful,txn_8fa6b68483274abb8c0ef8f771f5b003,1,
9469,9113,2025-04-03,Amazon Pay,115.12,Successful,txn_78d9ed45861b49028f1d4c6bb09e1df6,1,
9470,9114,2024-03-30,Gift Card,52.63,Successful,txn_c8638631438b4620b52e80570cfc9bf5,1,
9471,9115,2025-12-19,PayPal,143.9,Successful,txn_b3b20f1ea55e476cbef39989a5d71e3c,1,
9472,9116,2025-07-27,Gift Card,57.4,Successful,txn_0a8b8d40b60f46ca87e52c05ae151e71,1,
9473,9117,2024-07-16,Debit Card,390.48,Successful,txn_36bbe97a44114f239d955a91e04b2c26,1,
9474,9118,2025-09-16,Amazon Pay,15.15,Successful,txn_65f0e3036a884e5bab175764061fbde6,1,
9475,9119,2025-10-30,Amazon Pay,181.12,Successful,txn_ed33d8e33e0c4d4f9f2746b1b71cafba,1,
9476,9120,2024-11-20,PayPal,668.76,Successful,txn_476596b74b204734aa96d3cec0627947,1,
9477,9121,2025-04-13,Credit Card,50.5,Successful,txn_3a3917b69d804970b54395722eccb9a7,1,
9478,9122,2024-11-25,Credit Card,71.72,Successful,txn_9bce24bd10bc40fe994592a9ef60dfa2,1,
9479,9123,2024-02-02,PayPal,156.09,Successful,txn_67c5939e194147729b4c37eb67e740d5,1,
9480,9124,2024-12-12,Credit Card,260.56,Successful,txn_0d24865dc99e40f09703285e9210fe2e,1,
9481,9125,2025-07-23,Credit Card,194.4,Successful,txn_7e5e1a3a87df49038d0d0c78387b8ee4,1,
9482,9126,2024-10-14,Amazon Pay,214.06,Failed,txn_0ba8409a733a496ab548fe3a528bf406,1,
9483,9126,2024-10-16,Amazon Pay,214.06,Successful,txn_cbc53d48d9b64417b349f76a5d5edbf3,2,9482.0
9484,9127,2025-06-27,Credit Card,113.55,Successful,txn_d9be034bbc354701abd39dfbec5dff0a,1,
9485,9128,2025-06-08,Debit Card,16.48,Successful,txn_cdb72560f2a74d05a49249a361a2e3f3,1,
9486,9129,2024-04-06,Amazon Pay,674.56,Successful,txn_47535ac95d0246809b15c85e8432362b,1,
9487,9130,2025-11-29,PayPal,393.04,Successful,txn_7bfc7507a1d545f2aeb537d94c73b5d4,1,
9488,9131,2025-01-09,Debit Card,49.83,Successful,txn_7dff685ea8274530b779dd2e3b53ac52,1,
9489,9132,2025-05-28,Debit Card,226.4,Successful,txn_b9786aac38074b04b1bbdad08491cd57,1,
9490,9133,2024-07-11,Debit Card,160.8,Successful,txn_79e926d5c3ff4e4d82b2271210a22fbe,1,
9491,9134,2024-11-24,Debit Card,141.13,Successful,txn_23f047d6dbc644768832d1fdd0c72be7,1,
9492,9135,2025-03-17,Credit Card,3928.98,Successful,txn_889c861c42a144caac5b1e2c8df005d9,1,
9493,9136,2024-09-12,Debit Card,5.4,Successful,txn_3675c6c557544047979a11ac60edcfcb,1,
9494,9137,2025-06-21,PayPal,55.35,Successful,txn_6cf58283f76147a0ad5ce26e704f6f2a,1,
9495,9138,2025-10-29,Amazon Pay,1011.84,Failed,txn_70f63b9e014f4393a0470b708d134821,1,
9496,9138,2025-10-30,Amazon Pay,1011.84,Successful,txn_c3886f2477be4a4e85719e5bc40a7a96,2,9495.0
9497,9139,2024-04-07,PayPal,49.83,Successful,txn_99effd6babfb489fadc90ea569d7329f,1,
9498,9140,2024-07-22,PayPal,393.0,Successful,txn_767e616486c04f26a73210b33b7b9a28,1,
9499,9141,2025-01-26,Gift Card,608.0,Successful,txn_414003038cb04c3cab2485283f0be54f,1,
9500,9142,2024-11-24,PayPal,195.95,Successful,txn_6f5c0805cfde4b9aaeef302f42636056,1,
9501,9143,2025-03-28,Credit Card,222.09,Successful,txn_ffba2753dc5f42a3adea82647a38e144,1,
9502,9144,2025-08-11,Gift Card,55.55,Successful,txn_28c710e1168943729867e7a6a021cfa9,1,
9503,9145,2025-04-05,Gift Card,25.8,Failed,txn_602ae1500ee7494a8db62699edf7964a,1,
9504,9145,2025-04-05,Gift Card,25.8,Successful,txn_4d1b2bba2362414ab80e455ddddfdd5e,2,9503.0
9505,9146,2024-04-21,Debit Card,46.15,Successful,txn_2583f910061f4344b789f4c9ddaf15ed,1,
9506,9147,2024-10-14,Credit Card,527.25,Successful,txn_587c6f20e7604ce4a52b4aaf44229754,1,
9507,9148,2024-02-11,Amazon Pay,445.92,Successful,txn_012f2a39112d4e96a4d27c701d49e081,1,
9508,9149,2025-06-23,Amazon Pay,353.12,Successful,txn_c38c8ceeae3d4cac8f81ddbcc59a0307,1,
9509,9150,2024-08-06,Debit Card,529.8,Successful,txn_2441e57218084b42afca82de9fd4a752,1,
9510,9151,2024-04-25,Debit Card,114.15,Successful,txn_5995f2697f8344bb90d6a48c86fb479f,1,
9511,9153,2025-10-31,Credit Card,113.14,Successful,txn_2891037e499546f2a4c1b5f2e71aaf75,1,
9512,9154,2024-08-27,Debit Card,241.68,Successful,txn_bd8d26913a8e42fb8d24eb165a015523,1,
9513,9155,2025-08-26,Amazon Pay,276.66,Successful,txn_a571c8e5ef624a629736cdf1e703441b,1,
9514,9156,2024-02-01,Gift Card,112.76,Successful,txn_0b78e39c5bf24e4cafde8321f1e2627c,1,
9515,9157,2024-04-20,Debit Card,2976.6,Successful,txn_d6fee6c5be6d4491a9e9fda51df37395,1,
9516,9159,2025-02-25,Gift Card,245.25,Successful,txn_42b61d416b2c4835b45c1f71d3a6c61f,1,
9517,9160,2024-12-29,Gift Card,56.92,Successful,txn_6d142f021a164c4084e6f8363b725875,1,
9518,9161,2024-07-30,Gift Card,66.96,Successful,txn_dc7da8253c7a4327aab7dbf1eb10cbfc,1,
9519,9162,2024-07-19,PayPal,684.62,Successful,txn_a91e21705f1246a5beccf1de30441b8f,1,
9520,9163,2025-01-23,PayPal,546.64,Successful,txn_1e4c9674fe1e4fa19fe74991f4492b55,1,
9521,9164,2025-01-12,PayPal,1471.8,Successful,txn_4ee964e32ae243a7a72c11735c88b36b,1,
9522,9165,2025-04-26,Debit Card,139.29,Successful,txn_a6ea9a1163ca4acf99f418df97728005,1,
9523,9166,2025-01-23,Amazon Pay,156.24,Successful,txn_c17952ddb3ef44e8b7545ffdc990564a,1,
9524,9167,2024-12-25,Credit Card,493.39,Successful,txn_e3416c057a194b259e1b3d9b04a888a2,1,
9525,9168,2024-03-22,Credit Card,235.14,Successful,txn_ffed98fb86af453eb2f32c6b044af5c8,1,
9526,9169,2025-03-16,Credit Card,153.72,Successful,txn_64a364f6f1164f88a5dcae75262152fe,1,
9527,9170,2024-02-01,Debit Card,268.96,Successful,txn_d1eeb6a25ba347979f44d5e826ea6254,1,
9528,9171,2025-02-19,Credit Card,490.6,Successful,txn_a7ba79175aa149ad917c2adff172760a,1,
9529,9172,2025-02-14,Credit Card,8.59,Successful,txn_d1a81f408a99480793853a36a2f4a082,1,
9530,9173,2025-11-14,PayPal,594.56,Failed,txn_d61f45a49a2b46cfbfe103a54dcd3e3a,1,
9531,9173,2025-11-16,PayPal,594.56,Successful,txn_011a9ec23dc84cddba554eba1c816b2d,2,9530.0
9532,9174,2024-01-27,Gift Card,139.38,Successful,txn_2120b20756de48749b2c97fa38d93544,1,
9533,9175,2025-11-20,Amazon Pay,278.58,Successful,txn_c2a3de1a05984076919e56fb725b2b9e,1,
9534,9176,2024-06-24,Credit Card,301.83,Successful,txn_82d830b6ac114d86a6b0887a94c39210,1,
9535,9177,2024-05-06,PayPal,661.92,Successful,txn_dbb2b3a11aa44295981d8532411fe734,1,
9536,9178,2025-06-20,Debit Card,169.84,Successful,txn_c5fb8789f5ad49e9a717c3a9cc1f2f26,1,
9537,9179,2024-05-07,Gift Card,132.85,Successful,txn_40b5c2a16329402c9f28fcc38c4956b2,1,
9538,9180,2025-07-28,Credit Card,527.25,Successful,txn_7556e08f1d804924b6dee553ea55f06f,1,
9539,9181,2025-05-30,Debit Card,430.89,Successful,txn_a4f2b6958b234a2fb4baca4de1ca8c9b,1,
9540,9182,2025-02-04,Gift Card,493.39,Successful,txn_a717b0cefe364234abbd374376213210,1,
9541,9183,2025-11-05,PayPal,187.9,Successful,txn_b65ddda7ec054b55bd23c4a7d0989cad,1,
9542,9184,2025-05-18,Gift Card,34.78,Successful,txn_08d3b29cbb8f4e23b487e40f9f8746f8,1,
9543,9185,2024-06-19,Credit Card,49.83,Successful,txn_90ddbf2ac63f43fbb64d5e68acb729b2,1,
9544,9186,2025-12-06,Credit Card,16.48,Successful,txn_ff2165c75d0941c38270557987108088,1,
9545,9187,2024-08-08,PayPal,409.98,Successful,txn_bf660c9f723f408183d2fffc592c1c60,1,
9546,9188,2024-10-15,Credit Card,32.25,Successful,txn_4e9b647f92a44b7dbc1f70c2b86c43d3,1,
9547,9189,2025-05-16,Amazon Pay,124.92,Successful,txn_9208faa27a9c443fb3b0edb3fb4db388,1,
9548,9190,2025-04-07,Amazon Pay,231.38,Failed,txn_4feed42c3b9f4b8cbcf8627a78640efb,1,
9549,9190,2025-04-08,Amazon Pay,231.38,Successful,txn_7fe740529ff446bb849fa60e496c9e75,2,9548.0
9550,9191,2024-01-19,Amazon Pay,2507.24,Successful,txn_212e7f48692b4e449f6f5fc6184c5d22,1,
9551,9192,2025-11-23,Amazon Pay,45.45,Failed,txn_ef71ba99e00b444381db378fc9d353ea,1,
9552,9192,2025-11-24,Amazon Pay,45.45,Successful,txn_c2e024ffac59403f9c96e1d0d3d86a4c,2,9551.0
9553,9193,2024-06-21,Amazon Pay,45.28,Successful,txn_07d476b6da2c40fc886e69c9b24fae52,1,
9554,9194,2024-06-01,PayPal,78.38,Successful,txn_5a88491bc19a442c84c50f199b20418a,1,
9555,9195,2025-07-30,PayPal,139.12,Successful,txn_7e0489d594f64b10b52f7583004d2450,1,
9556,9196,2025-04-13,Credit Card,246.2,Successful,txn_87a567334bad4d01af7966e6d48561b6,1,
9557,9197,2024-12-14,Gift Card,126.39,Successful,txn_988e0b227f844add92befed5d00c1db9,1,
9558,9198,2024-04-21,Debit Card,636.12,Successful,txn_add4c62011a240128da480e76e74a5bd,1,
9559,9199,2025-09-14,Credit Card,102.39,Successful,txn_285051a201324c7a9ddccc0b2c69c23d,1,
9560,9200,2025-03-10,PayPal,235.14,Successful,txn_9758f4d3c5604dce8d0d6ec09491f635,1,
9561,9201,2025-02-27,PayPal,2675.66,Successful,txn_43b6f5e885fb47ce98b85b0587d19d6d,1,
9562,9202,2024-02-27,Gift Card,261.36,Successful,txn_69dd3bdd23b1437fafd7d0e9cf18957f,1,
9563,9203,2025-03-18,PayPal,161.58,Successful,txn_a77ca2ade9c647bb890a6fb93825e562,1,
9564,9204,2025-01-04,Amazon Pay,192.5,Successful,txn_ebe9900f8bbe4b1fa193e65c57d9f18a,1,
9565,9205,2025-04-12,Gift Card,618.52,Successful,txn_2c453583d41b4afeba729cda06da9b17,1,
9566,9206,2025-09-23,Credit Card,413.03,Successful,txn_7a23975a845b45788a27d705bd299922,1,
9567,9208,2025-05-01,Amazon Pay,548.88,Successful,txn_dfa7888c89f44cdf8b4795e21002ecd8,1,
9568,9209,2024-11-26,Debit Card,282.26,Failed,txn_971ed4330b484081aafa3fd8d7186b88,1,
9569,9209,2024-11-28,Debit Card,282.26,Successful,txn_7eaa454e469b4c558ff7c3497e6595fd,2,9568.0
9570,9210,2025-06-11,Amazon Pay,208.97,Successful,txn_1b4f7197735a43a4943756bbea21c06c,1,
9571,9211,2025-03-06,Gift Card,45.28,Successful,txn_83239b8c82124e8a993fd0676613811d,1,
9572,9212,2025-03-20,Gift Card,258.69,Successful,txn_fb1df13ea27146a783c6f6d84cbed67e,1,
9573,9213,2024-01-20,PayPal,168.48,Successful,txn_84c97c586c794a0f9e9b0f4b3d6116cb,1,
9574,9214,2025-11-04,Gift Card,264.84,Successful,txn_f98a33f6a4b94086976648521910c3f2,1,
9575,9216,2025-09-24,Amazon Pay,1487.23,Successful,txn_fef2562f76ff4949a4e76cb3e9604884,1,
9576,9217,2024-01-22,Amazon Pay,231.9,Successful,txn_fe3a9637188a49a5abeeb03d1c34bec6,1,
9577,9218,2024-04-22,Debit Card,705.24,Successful,txn_12ac5146553f4d249e9ae23fa20a2e3c,1,
9578,9219,2025-07-14,Debit Card,477.88,Successful,txn_fd92d2c44c2d4b5f84629b9f55e79e14,1,
9579,9220,2025-11-17,PayPal,351.5,Successful,txn_9b81d314dcf943d9adff29336e4690ca,1,
9580,9221,2024-02-04,Debit Card,102.24,Successful,txn_2cdf61d98d7548ccadec576440a75388,1,
9581,9221,2024-02-04,Amazon Pay,168.58,Successful,txn_5d61a9e1f85d4e1082f03bfcec8e0520,1,
9582,9222,2025-05-21,Credit Card,139.12,Successful,txn_7b2b319b3d384aa5b44f5f3c69b27a56,1,
9583,9223,2025-12-05,Debit Card,184.6,Successful,txn_fb473f0becf04c13aeda4c2844240bbe,1,
9584,9224,2025-10-28,Gift Card,1250.3,Successful,txn_38caec8cb1f148d2b33269a94947ca72,1,
9585,9225,2025-12-24,Credit Card,917.21,Successful,txn_8cde987d000c4f3390858c0b98cfafe2,1,
9586,9227,2025-09-29,Amazon Pay,238.94,Successful,txn_4994192fbe9f4d9f893f76dd31ce3dbe,1,
9587,9228,2024-08-20,Credit Card,172.83,Successful,txn_810788de99684a6a9bdbe3429a7ca250,1,
9588,9229,2024-12-05,Debit Card,144.99,Successful,txn_7984ccabf3114fbeb1f7a570e1ab132a,1,
9589,9230,2024-01-29,Debit Card,216.8,Successful,txn_4dc727a35bf840da9489a3e877606ec9,1,
9590,9231,2025-04-25,PayPal,52.16,Successful,txn_ff949b83dbcf4124ae5c786591474b00,1,
9591,9232,2025-02-19,Amazon Pay,2675.66,Successful,txn_e44cb81b77564da8a4b3f812a73acf3e,1,
9592,9233,2025-02-04,Gift Card,179.74,Failed,txn_9adfc01aa3684e7cbf4f229172ad9dfd,1,
9593,9233,2025-02-05,Gift Card,179.74,Successful,txn_08691889cdbb467baf0af6bd709b4d0a,2,9592.0
9594,9234,2024-07-18,Debit Card,54.54,Successful,txn_7dfd7a78c2254f8e9d6bd963758986fe,1,
9595,9235,2024-10-01,Debit Card,196.96,Successful,txn_40e185cf6dea4be694a7e7f8bbb66f52,1,
9596,9236,2024-02-17,PayPal,424.08,Successful,txn_380910721245486fada7e8185169cf4b,1,
9597,9237,2025-06-18,Gift Card,307.68,Successful,txn_34c65e68aeb34b9493c1b3bb242dcc0b,1,
9598,9238,2025-09-24,Debit Card,313.2,Successful,txn_a254b6dc28214e7196712c2da1c5ab4f,1,
9599,9239,2024-02-22,Amazon Pay,668.76,Successful,txn_ba1f775326444d469fc895eeab2be733,1,
9600,9240,2024-06-06,Gift Card,1026.93,Successful,txn_54ebd5d77ffc484ab0d2f5d833b23d1a,1,
9601,9241,2024-11-01,Debit Card,651.4,Successful,txn_3340ae4332854985b07787b825a946c6,1,
9602,9242,2025-03-09,Debit Card,274.44,Successful,txn_e3a2794879f14532ad9e6c5e6b27df2e,1,
9603,9244,2024-10-26,Debit Card,1151.04,Successful,txn_8a3eefe7999e46a2b28941fadd7d4ae1,1,
9604,9245,2025-11-08,Debit Card,1515.73,Successful,txn_e9560b39c01a442d8f5cfe304d8c23ec,1,
9605,9246,2024-07-18,Gift Card,406.0,Successful,txn_2a75ddb319b54c88abd8c1ef04fbded4,1,
9606,9247,2024-08-15,PayPal,1964.49,Successful,txn_52eaa4432fca4743b18b0a9122c28611,1,
9607,9248,2025-02-06,Amazon Pay,115.26,Successful,txn_31edb947e38f4b29831590bca70b6d78,1,
9608,9249,2025-10-11,Amazon Pay,80.4,Successful,txn_849d68615a8d42a5b4059ef9626c83fb,1,
9609,9250,2025-06-21,Credit Card,553.45,Successful,txn_b940b0bdaded4a4b834096311c4399a3,1,
9610,9251,2024-07-19,Credit Card,270.34,Successful,txn_4a0cc4a3a0404010a46ba0ae804ea08a,1,
9611,9252,2024-01-08,Gift Card,291.6,Failed,txn_cff42ddce4b149968a6a04a66b3ad48f,1,
9612,9252,2024-01-10,Gift Card,291.6,Successful,txn_42465ae277524176858f0b7a1b32ab45,2,9611.0
9613,9253,2024-02-02,Debit Card,421.56,Successful,txn_de18039e534c43579c334688bffbd41a,1,
9614,9254,2025-09-08,Debit Card,166.59,Successful,txn_1f241b9ccaec42fda0e582f071a1e42b,1,
9615,9255,2024-04-29,Credit Card,230.56,Successful,txn_26bd4334cd4148fdaf4e51097d814cef,1,
9616,9256,2024-01-07,PayPal,450.0,Failed,txn_5204c4710ed946fca4b3298bb83c445d,1,
9617,9256,2024-01-08,PayPal,450.0,Successful,txn_465755238e14476c975a42fb19deae23,2,9616.0
9618,9257,2025-08-08,Amazon Pay,975.9,Failed,txn_a10da8a167a64b8db7fb54e472a37efe,1,
9619,9257,2025-08-09,Amazon Pay,975.9,Successful,txn_c2c5c1d2156341a696c57262e369667b,2,9618.0
9620,9258,2025-12-19,Gift Card,291.6,Successful,txn_0aeff82314a84746933916bc2fc671b1,1,
9621,9259,2024-10-07,Debit Card,33.22,Successful,txn_e82395f33ac24793bc200e9b1a0459ca,1,
9622,9260,2025-12-24,Debit Card,1471.8,Successful,txn_b22442aa04d3402badd07d7220dfc6ee,1,
9623,9261,2024-08-15,Credit Card,107.72,Successful,txn_b0db75602f964310b55c802b2cd9040d,1,
9624,9262,2025-12-05,Amazon Pay,496.44,Successful,txn_76864c66d26c4d1fa40dabeea646f32f,1,
9625,9263,2025-01-14,PayPal,490.6,Successful,txn_8d0abbe83c5a487c8e6783b8a968ab15,1,
9626,9264,2025-04-12,Amazon Pay,235.14,Successful,txn_617810f0e6914ffdbc31ccdc3240d809,1,
9627,9265,2024-05-01,Debit Card,1278.04,Successful,txn_c7d6dfb8ce5d4a49b79a30509d1b8777,1,
9628,9266,2025-06-24,Gift Card,192.55,Successful,txn_adaebf50e872444aa28785fac65df135,1,
9629,9267,2025-12-03,Amazon Pay,84.71,Successful,txn_f9c7c7ef9947410ab1311d413bffd53c,1,
9630,9268,2024-07-18,Gift Card,264.84,Successful,txn_e5cfc4288ff64370ab16e5a8d5af5c92,1,
9631,9269,2024-05-18,Debit Card,29.96,Successful,txn_3822ff40a13d402598396e53149e9a5e,1,
9632,9270,2025-05-09,Amazon Pay,28.38,Failed,txn_7f8a0666f638484991f2a65bbdeaf24b,1,
9633,9270,2025-05-10,Amazon Pay,28.38,Successful,txn_c85847af49fd4ea08d835a2637469123,2,9632.0
9634,9271,2025-05-11,Credit Card,75.3,Successful,txn_ef64289c6eb245ad90cda686c0c72ca0,1,
9635,9272,2024-02-15,Credit Card,351.5,Successful,txn_f6e7a05c02714fef9885dba911a728d2,1,
9636,9273,2025-12-28,PayPal,32.25,Successful,txn_0a78349e27724f45a1836c9688e10048,1,
9637,9274,2025-01-13,Debit Card,1011.84,Successful,txn_62368cce548f4a09b28b20cb91972d6e,1,
9638,9275,2025-01-17,Debit Card,109.08,Successful,txn_bc5625326e45428cb0ff09a180fc5e54,1,
9639,9276,2025-09-28,Amazon Pay,311.97,Successful,txn_1afc67944c0644cca860a4e47eb2b5ec,1,
9640,9277,2025-02-09,Credit Card,389.12,Successful,txn_228699307b40400ebc0acca199341d89,1,
9641,9278,2025-10-25,Gift Card,286.65,Successful,txn_01c580fa1ae540fcb0254aab758b4e9c,1,
9642,9279,2024-07-23,Credit Card,1304.73,Successful,txn_95955baeea84425e84e17286fd1f70a7,1,
9643,9280,2025-08-21,Debit Card,2974.46,Successful,txn_1a3cb45cd4934745be00a85355e32a9b,1,
9644,9281,2024-06-02,Debit Card,423.85,Successful,txn_5ad9dc1c36314603a1a45a33348ce935,1,
9645,9282,2024-08-21,Credit Card,57.61,Successful,txn_6a2dca6056bb4b078be13098d549d0a2,1,
9646,9283,2025-08-09,Credit Card,110.18,Successful,txn_2fe732a9ae4145ac8f8ed2e24ce4a783,1,
9647,9284,2025-10-04,Amazon Pay,384.5,Successful,txn_22474d8d519c461d8faf22c43deb4c71,1,
9648,9285,2025-06-26,Gift Card,2507.24,Successful,txn_65bfccb3ab714d31910333b0ae479c26,1,
9649,9286,2025-01-30,Gift Card,81.2,Successful,txn_d046f877784243cd9fad69b97294a4d5,1,
9650,9287,2025-07-13,Amazon Pay,981.2,Successful,txn_eaa3300a6e3849e087e1a316eb31ae40,1,
9651,9288,2024-01-02,Gift Card,125.28,Successful,txn_4cc250272d2c4b228b79a5c99e98bcd4,1,
9652,9289,2024-10-17,Credit Card,45.45,Successful,txn_458b15db0ae844f187545dd4b12bd802,1,
9653,9290,2025-12-28,Amazon Pay,245.25,Successful,txn_82d8a680abf14622b77ed28d48914db9,1,
9654,9291,2025-12-31,Amazon Pay,456.73,Failed,txn_68a85f14bb494d12b05a57c907f8d695,1,
9655,9291,2025-12-31,Amazon Pay,456.73,Successful,txn_45a002fe95fe46d9863ff5897adc200a,2,9654.0
9656,9292,2025-04-29,Credit Card,330.0,Successful,txn_5ddea5c258d74f5cbfd3314086aec5b2,1,
9657,9293,2024-06-29,Amazon Pay,139.32,Successful,txn_07eec41bf38b46ea8d086ef88e97d29a,1,
9658,9294,2024-06-05,Credit Card,402.78,Successful,txn_e2bdac0d71294854973b7c0121adc481,1,
9659,9295,2024-11-12,Credit Card,5.4,Successful,txn_57c9f516f9df414a8d8432ccdcf93d71,1,
9660,9296,2024-11-17,PayPal,899.79,Successful,txn_9aab95b097cc46f38630b0fe8a22165a,1,
9661,9297,2024-10-13,Gift Card,424.08,Successful,txn_22822ec85b704ddfbb87a4a391183a02,1,
9662,9298,2024-09-30,Gift Card,19.56,Successful,txn_7e43e58b6c9247549c12f1166867e6d8,1,
9663,9299,2025-12-06,Gift Card,148.06,Successful,txn_a49682adcd1a4a269b43f912a7faa96c,1,
9664,9300,2025-06-28,Credit Card,1515.73,Failed,txn_b71b59c8905d49c8b8d1ca1374219d2d,1,
9665,9300,2025-06-30,Credit Card,1515.73,Successful,txn_afa966769f1f4c0e8fd99c1d51f1d3e1,2,9664.0
9666,9301,2024-06-24,PayPal,539.22,Successful,txn_b71b92b79689421aab066b9c51005eb7,1,
9667,9302,2025-03-01,Gift Card,1250.3,Successful,txn_96a625316bea4a698aeb14c6044b539d,1,
9668,9303,2024-07-26,PayPal,40.83,Successful,txn_648fcd2bd14046b9a62d585012da31e4,1,
9669,9304,2024-09-06,Credit Card,1471.8,Failed,txn_a8f2c370b6f1432da98b1c0eedb5aef3,1,
9670,9304,2024-09-08,Credit Card,1471.8,Successful,txn_bad61c67d11f4546b85d4cf34a73b7f6,2,9669.0
9671,9305,2025-11-15,Credit Card,325.09,Successful,txn_595d5d899c2640c0bd2cd9be9416cf61,1,
9672,9305,2025-11-15,Gift Card,346.21,Successful,txn_8d804b03ed2d49bcb48719a314d82ed5,1,
9673,9306,2025-12-16,Debit Card,295.44,Successful,txn_b3a76eb28a9d4afca98c7d81f3b87e1c,1,
9674,9307,2025-06-03,Gift Card,972.42,Successful,txn_68f0b45c2f484c9595f25bfd38af0f03,1,
9675,9308,2025-04-02,Debit Card,71.15,Successful,txn_5aba0c4345a4470090bf43ca765e10b7,1,
9676,9309,2025-08-14,Credit Card,182.64,Successful,txn_fe22ec8896a2473e9526d935ecac593f,1,
9677,9310,2025-04-22,Gift Card,48.34,Successful,txn_edb211b351ea49d1b119bf1d599074d2,1,
9678,9311,2025-07-30,Debit Card,204.74,Successful,txn_e21621a6249d48b0a2496aedda974215,1,
9679,9312,2025-01-28,Amazon Pay,314.68,Failed,txn_d432161964144328b757add059fc0c71,1,
9680,9312,2025-01-30,Amazon Pay,314.68,Successful,txn_851de80d496b41f7b419fe1841372ebd,2,9679.0
9681,9313,2024-02-28,Amazon Pay,81.75,Successful,txn_f31db05efebb4dd1b1de2c7889175c4a,1,
9682,9314,2025-10-10,PayPal,917.21,Successful,txn_0cebc7ebd965449499a60090a679d077,1,
9683,9315,2024-04-01,Gift Card,725.04,Successful,txn_f1379b3a87a64edf8930bb1de6627213,1,
9684,9316,2025-03-20,Credit Card,80.4,Successful,txn_89108b9a43664b2084034a2748397b6f,1,
9685,9317,2025-04-29,Gift Card,165.48,Successful,txn_d09d5abc251d4526b00aec3ce7ee4a4e,1,
9686,9319,2025-03-17,Gift Card,210.6,Successful,txn_b0aa61c4573a46a9b2c288c16fe2b706,1,
9687,9320,2025-06-27,Debit Card,241.65,Successful,txn_5bc7a8651992490baeec08f3c7a17416,1,
9688,9322,2024-07-17,Gift Card,2974.46,Successful,txn_b60ce6071fa54f97a20d2c90691f0445,1,
9689,9323,2025-05-13,Credit Card,215.74,Successful,txn_1cd79c26739a439bbcfb6874200902b9,1,
9690,9324,2024-07-04,Amazon Pay,423.84,Successful,txn_662277955036454c8b3f822c3522129c,1,
9691,9325,2025-04-24,Gift Card,236.2,Successful,txn_f1042f374f6e4e0b9430550c8e086f2b,1,
9692,9326,2024-04-02,Gift Card,322.26,Successful,txn_64b542e919f04fac9d50a46eb87fd2ca,1,
9693,9327,2024-04-25,Amazon Pay,491.25,Successful,txn_1d5ad9b66f644c8a9a6a5af68716cfd2,1,
9694,9328,2025-01-08,Debit Card,80.7,Successful,txn_30e8a99b8f5d4baf93c33b2f4e84d168,1,
9695,9329,2025-01-27,PayPal,85.14,Successful,txn_a9888d40221c4b029aa8ca7a829a0e8a,1,
9696,9330,2025-02-14,Credit Card,290.7,Successful,txn_74246106258b43a8bb3eab064853b228,1,
9697,9331,2024-11-21,PayPal,67.86,Successful,txn_4db3e564388a48ce89fc9ee2a40a8c43,1,
9698,9332,2024-02-08,Credit Card,972.42,Successful,txn_27fa69edb5124fd59af8316f932c1ca0,1,
9699,9333,2025-12-31,Debit Card,52.78,Failed,txn_2434470ff99a489392e5f98a54ad2398,1,
9700,9333,2026-01-02,Debit Card,52.78,Successful,txn_3a5e09a916354bb9ad71e86f4dd27977,2,9699.0
9701,9334,2025-03-13,Credit Card,102.48,Successful,txn_0f01bc5e4d024d0b9dc0e1e0ee73494e,1,
9702,9335,2024-07-14,Gift Card,144.06,Successful,txn_cd15040d23d84da4a348f6d3813b3bd6,1,
9703,9336,2025-12-07,Gift Card,27.27,Failed,txn_b45243a019014aeda976972290b6c5cf,1,
9704,9336,2025-12-08,Gift Card,27.27,Successful,txn_3daa900b73b64b8983c4ba64db07fa3a,2,9703.0
9705,9337,2024-09-17,Gift Card,546.64,Successful,txn_3c45a940b8b54fc8b5641ffd9c1256fb,1,
9706,9338,2025-07-15,Credit Card,192.55,Successful,txn_5c038af5368b45e5b1f41184f35bbf38,1,
9707,9339,2024-01-12,Credit Card,20.7,Successful,txn_833d0fa363fa44408ec963d9138210fd,1,
9708,9340,2025-08-11,Debit Card,924.14,Successful,txn_f3d289ffe20e4f97bda0a6de0e49fc2e,1,
9709,9341,2024-05-08,Debit Card,22.32,Successful,txn_de29ab14c62d4916a0453cca2889cfa6,1,
9710,9342,2025-03-22,Debit Card,716.82,Failed,txn_46c16cdd672546bdb3218be233dd04bd,1,
9711,9342,2025-03-22,Debit Card,716.82,Successful,txn_8ac72424ab57493eb02a7622794eac49,2,9710.0
9712,9343,2025-06-10,PayPal,52.63,Successful,txn_ca65e0b9ef6c436fb9c175b24bfd24e5,1,
9713,9345,2024-06-10,Amazon Pay,1142.69,Successful,txn_2338f0953cef4823b54d45dbeb2b38d4,1,
9714,9346,2025-07-15,Debit Card,104.34,Successful,txn_dd70d5af31ba4e3c8bfed73184f2aad4,1,
9715,9347,2025-01-07,PayPal,230.44,Successful,txn_675c00afc83346b1a9a2fa10675064c2,1,
9716,9348,2025-01-04,Debit Card,1304.73,Successful,txn_e843124b0fc54736ba8e2ab6b7f9f8f2,1,
9717,9349,2025-08-25,Gift Card,1799.58,Successful,txn_5a69e7d7d77b42158dc10d4e890eb391,1,
9718,9350,2024-12-14,Amazon Pay,114.15,Successful,txn_b83ce50156984e3aa12dfe760395966e,1,
9719,9351,2024-03-23,Debit Card,246.75,Successful,txn_07e246f34ff1494aae1b19baba745c0d,1,
9720,9352,2025-09-04,Gift Card,62.64,Successful,txn_c61fbb7b7ada467dbc4a4ef947699daf,1,
9721,9353,2025-08-16,PayPal,98.52,Successful,txn_61a87fa0faa84d1c868343fe76d1d295,1,
9722,9354,2025-12-16,PayPal,301.0,Failed,txn_b978cac2419d41eb93a0d7bfc2ac263d,1,
9723,9354,2025-12-17,PayPal,301.0,Successful,txn_76ec8dfd9a6d4572893cd2993ac93142,2,9722.0
9724,9355,2025-09-12,Debit Card,221.38,Successful,txn_897c3a713ee5404c91ae21a58d62acc9,1,
9725,9356,2025-12-12,Debit Card,260.56,Successful,txn_05944537100d4a7db96c9678681fb160,1,
9726,9357,2025-12-23,PayPal,2507.24,Successful,txn_b9315c1f205d4a41a7f387784f0863a4,1,
9727,9358,2024-08-08,Debit Card,115.28,Successful,txn_6de42f361828479cac62b4e8effe7565,1,
9728,9359,2024-01-25,Debit Card,264.9,Successful,txn_7bb527eeb07c4fe4ae7f315f80da0a61,1,
9729,9360,2024-07-15,Gift Card,540.68,Successful,txn_edf1b4c26d5d4d10b67a2d5c07b3eeab,1,
9730,9361,2024-09-06,Debit Card,49.44,Successful,txn_5e3aca0f4181475ba35dba555bf78f74,1,
9731,9362,2025-10-07,Credit Card,20.7,Successful,txn_b8387c92fb6d4ae7b06f66b538dfc469,1,
9732,9363,2024-02-27,Credit Card,695.64,Successful,txn_c5054f309cc347f5932c59a8b245c546,1,
9733,9364,2024-11-23,Credit Card,106.02,Successful,txn_a9a30536c7474cdc914646ef279712d1,1,
9734,9365,2024-02-17,Credit Card,197.04,Successful,txn_e92eaa1edd7041098a635dadab6620c4,1,
9735,9366,2025-09-02,PayPal,51.28,Successful,txn_79c39de4b4e0431da47cb26c62f9029f,1,
9736,9367,2024-10-17,Amazon Pay,385.1,Successful,txn_be61bb7523284d2bad2c75f9742f9d61,1,
9737,9369,2024-01-27,PayPal,900.0,Failed,txn_a6c2276c30ed4d4999ba0aa8e513d8e0,1,
9738,9369,2024-01-28,PayPal,900.0,Successful,txn_845741736f6641ef98935dbb5220a0a8,2,9737.0
9739,9370,2025-06-12,Gift Card,16.2,Successful,txn_226f9c6e035d48edbf5985a5a9dc4527,1,
9740,9371,2025-04-15,Credit Card,304.0,Successful,txn_5dd92bd377014dc3910bb39709e42467,1,
9741,9372,2024-10-09,Credit Card,187.38,Successful,txn_7f9aaf1ae65244eda7f2240af3e048fc,1,
9742,9373,2024-09-25,Debit Card,22.14,Successful,txn_d32bd46eedba4d2690857f666c93fede,1,
9743,9374,2024-05-16,Credit Card,431.48,Successful,txn_bc8d846ac4c54f848ec31346266edbf8,1,
9744,9375,2025-07-31,Gift Card,345.84,Successful,txn_2f52d3365a8148d9bb74a9b4182bddb0,1,
9745,9376,2025-10-18,Credit Card,81.2,Successful,txn_f5b59061d05441eab3fb8237e6080e05,1,
9746,9377,2024-12-18,Gift Card,261.63,Successful,txn_a32a70425705414b93c1f4f420880313,1,
9747,9378,2025-08-27,Debit Card,3928.98,Successful,txn_46275d2628a84a76ab5d94ca4774f5eb,1,
9748,9379,2024-03-20,Amazon Pay,277.65,Successful,txn_29bc68c63e704b1caf886cc1b2c33817,1,
9749,9380,2024-10-05,PayPal,132.85,Successful,txn_46eda72c52644058ab28573b8d5ebb65,1,
9750,9381,2024-10-13,Amazon Pay,193.62,Successful,txn_499058815e9d4596932560109453e4f9,1,
9751,9382,2024-11-04,Debit Card,84.71,Successful,txn_7444e73664ef4a57b6fc125d16431dc9,1,
9752,9384,2025-08-27,Amazon Pay,141.36,Successful,txn_633e5d5e3c3a45b38cb825bb433f2ff3,1,
9753,9385,2025-04-30,Amazon Pay,35.66,Successful,txn_4d3b1aa59a844323a7a594cb7c8078d2,1,
9754,9386,2024-03-28,Debit Card,73.77,Successful,txn_b94d925dd75149409c4f38ecede2c2ec,1,
9755,9387,2025-01-06,Amazon Pay,45.45,Successful,txn_c617d0fb92534d23b23f42dc32bd76c8,1,
9756,9388,2025-05-03,Credit Card,124.8,Successful,txn_df5df4498c9a435296b42dc247a516e4,1,
9757,9389,2025-12-01,PayPal,32.7,Successful,txn_d6d83ca04ec54e5096b43767c7ac87fa,1,
9758,9390,2024-11-25,PayPal,166.4,Successful,txn_1afbe4275b0d4d5f99ac5a13bb6770fe,1,
9759,9391,2024-11-19,Credit Card,913.46,Successful,txn_9cf6b9cf4a4f40a9b16b7496ad91e9e0,1,
9760,9392,2024-05-09,PayPal,29.42,Successful,txn_037e09e96e804e7abc57bdf53842c384,1,
9761,9393,2025-06-10,Gift Card,603.66,Failed,txn_129b05c409b843869ec9277fdbc816b5,1,
9762,9393,2025-06-12,Gift Card,603.66,Successful,txn_bfe530d89a6e46a3a657ef570b526772,2,9761.0
9763,9395,2024-02-20,Debit Card,548.88,Successful,txn_74c8fcfef8814ae282d91c305366cb34,1,
9764,9396,2024-12-20,Debit Card,1337.83,Successful,txn_2b3dd0619d7f4789bdcb3bf20a7e695e,1,
9765,9397,2024-10-21,PayPal,924.14,Successful,txn_11191f1b728144239a227fa0d01bf693,1,
9766,9398,2024-07-03,Debit Card,135.84,Successful,txn_f2aadf626ef741d6bc457a8213cc4cd1,1,
9767,9399,2024-08-09,PayPal,156.24,Successful,txn_5d6b1c45348f4d78a23416d91d0f1b7f,1,
9768,9400,2024-04-19,Amazon Pay,21.6,Successful,txn_6f0125693daa4111bb8f5f1303a0eb60,1,
9769,9401,2024-12-08,PayPal,122.49,Successful,txn_9c7a9fea7d1f4baabb8e5a6f18e3ad56,1,
9770,9402,2024-01-03,Credit Card,2285.38,Successful,txn_54615372296b4876b222ae2db3dc61bb,1,
9771,9404,2025-05-10,Amazon Pay,1391.28,Successful,txn_f8620959d5154ad3b24c8ed99c3ce084,1,
9772,9405,2025-06-09,Debit Card,335.8,Successful,txn_57b519c5e3c2497087f9a9a84ef17403,1,
9773,9406,2024-03-01,Credit Card,16.48,Successful,txn_375554cc1fda42909309063f34fe1388,1,
9774,9407,2024-10-26,Credit Card,301.83,Successful,txn_772fea59d5314b55804ad3a504fd4429,1,
9775,9408,2024-12-09,Amazon Pay,296.12,Successful,txn_7a7cd7f841234113994bce1cf0071505,1,
9776,9409,2024-04-30,PayPal,117.57,Successful,txn_7c02a6c0f70541968ee9aea210080ce9,1,
9777,9410,2025-02-15,Credit Card,1515.73,Successful,txn_22f46d2c89a04943a85bbaad7ed586db,1,
9778,9411,2024-12-17,PayPal,90.56,Failed,txn_fbd9fe3f345a472ebc8f181c9e5c3fbe,1,
9779,9411,2024-12-19,PayPal,90.56,Successful,txn_0d4d7f44b1404453862edd3da2fc0ab1,2,9778.0
9780,9412,2025-12-05,Debit Card,399.88,Successful,txn_7f9bca788d4b4485b87ca2dfe7548035,1,
9781,9413,2024-09-10,Credit Card,168.48,Successful,txn_5d1b36643cfa402285f05b8d5f2dc299,1,
9782,9414,2025-05-08,Credit Card,223.56,Successful,txn_4719129b18684645ad99a530bef7f751,1,
9783,9415,2025-08-01,Gift Card,1096.96,Successful,txn_b414aa2cd8c24852a70ff8a1e0fefd22,1,
9784,9416,2025-03-14,Credit Card,113.36,Successful,txn_da02eb78ef454978b4f693ff9adb700e,1,
9785,9417,2024-06-11,PayPal,304.0,Successful,txn_34454be68540468f94a8e5d0b26c8622,1,
9786,9418,2025-05-17,PayPal,16.8,Successful,txn_d5592783ae504fe1893e12ccd4f3efd6,1,
9787,9419,2024-12-04,PayPal,430.89,Successful,txn_75f7746a45454529aecb6202dd88a073,1,
9788,9420,2025-01-24,Amazon Pay,1253.62,Successful,txn_fad5e23ffee84feb926c7d82828a6afb,1,
9789,9421,2024-02-07,Credit Card,185.84,Successful,txn_d00a4d19ed4f40a9986709e1df521b39,1,
9790,9422,2024-02-12,Gift Card,370.15,Successful,txn_79eb820c4b8949b9a7dbe283b1b1e166,1,
9791,9423,2025-03-01,Amazon Pay,212.04,Failed,txn_5f60edb9e42f4dfcad49f5470bacdf39,1,
9792,9423,2025-03-03,Amazon Pay,212.04,Successful,txn_d4acdb26ebd94f8e80b3b45b46ab0bf9,2,9791.0
9793,9424,2024-02-27,Debit Card,23.0,Successful,txn_878a46afb58a4d95aa993330b7872079,1,
9794,9425,2024-02-01,Amazon Pay,322.26,Successful,txn_537d8cc4f93b4739aa9c11403d8d4977,1,
9795,9426,2024-12-24,PayPal,2976.6,Successful,txn_bde8a1ddf5814318a072e2cd919abf81,1,
9796,9427,2025-01-25,PayPal,337.28,Failed,txn_bbf265a7f01b45779c7c8fd03fac81cc,1,
9797,9427,2025-01-27,PayPal,337.28,Successful,txn_a4459648545943c1890c59b18cef6e5e,2,9796.0
9798,9428,2024-07-13,Gift Card,711.9,Successful,txn_ad743a67870f4f55a44fcca666b762e6,1,
9799,9430,2025-12-30,Credit Card,823.32,Successful,txn_b8b11b9832074521b611c2e632d5927c,1,
9800,9431,2024-10-12,Debit Card,327.0,Successful,txn_40a12e8407524adcbb901b45fe98b9d8,1,
9801,9432,2025-08-25,PayPal,96.75,Successful,txn_97c68bed2d534d37a4ada3fbadfa61ce,1,
9802,9433,2025-02-11,PayPal,117.57,Successful,txn_2450d457ca3b4f9f83ef29d32aa937b0,1,
9803,9434,2024-01-10,Debit Card,480.99,Successful,txn_4966da842f9743328471f08f2d26e191,1,
9804,9435,2024-04-02,Debit Card,153.72,Successful,txn_1399441e867f4766b5296120ad1bf6c2,1,
9805,9436,2025-05-21,PayPal,2507.24,Successful,txn_d6e8c8b4fbf24a179206adaacd2fa80c,1,
9806,9437,2025-07-16,Credit Card,8.59,Successful,txn_7647b81532124447a017fadbfe489905,1,
9807,9438,2024-05-08,PayPal,348.84,Successful,txn_7694bd96d1794e6b89ab0fd0093e9cb1,1,
9808,9439,2025-03-25,Gift Card,1242.66,Successful,txn_8bc77490bfc54c5a9cea138853a8a8e6,1,
9809,9440,2025-09-04,Gift Card,55.53,Successful,txn_26a04c7e374c4ebababc85bd65f9ed3a,1,
9810,9441,2025-05-21,Amazon Pay,986.78,Successful,txn_20e8e54f10f24be1a251d28b33871b93,1,
9811,9442,2024-02-25,Amazon Pay,262.98,Successful,txn_3e718f9afb43440aa31d5423eb182899,1,
9812,9444,2024-12-27,Credit Card,197.4,Successful,txn_b9b961324ac8486e8ae6330114a33687,1,
9813,9445,2025-10-06,PayPal,2285.38,Successful,txn_7d55d5b21f2341d2abd7f19fd0ff2c62,1,
9814,9446,2025-10-29,Amazon Pay,294.78,Successful,txn_aefbef1f248247699dd2dc5e8f857b37,1,
9815,9447,2024-01-14,PayPal,45.28,Successful,txn_403205bfc090472c870c67821865dfbe,1,
9816,9449,2025-11-01,Amazon Pay,57.4,Successful,txn_a6644a9d320a4b609daace797037e2b7,1,
9817,9450,2025-08-06,PayPal,2974.46,Successful,txn_ac80d478f80c40039fc06015ca1e5cca,1,
9818,9451,2024-10-29,PayPal,201.6,Successful,txn_20b60c2b3e90422182671ed0c1130651,1,
9819,9452,2025-10-14,Gift Card,124.92,Successful,txn_f9579ff984af4a79af075cf245db4055,1,
9820,9453,2024-01-10,Debit Card,56.76,Successful,txn_fbf0eb6ff0f14d71a042f7dee8a466b4,1,
9821,9454,2024-08-12,Credit Card,211.5,Successful,txn_9decd491850b47eeaea5bdd83b56b46c,1,
9822,9456,2024-02-07,Credit Card,487.95,Successful,txn_6818328b9f3c4e4ebb6103d098c237ac,1,
9823,9457,2024-06-18,Gift Card,242.1,Successful,txn_095904441b4e41408f12405147dcecb7,1,
9824,9458,2024-04-13,Amazon Pay,147.6,Successful,txn_212a9fe0711643d19d033aff214432db,1,
9825,9459,2025-02-24,PayPal,243.6,Successful,txn_18c8e1bd7a8c43d3890045e0e07e37c5,1,
9826,9460,2024-12-14,Amazon Pay,483.36,Successful,txn_b4def46f9b784149b4ee578bb7fbc6c5,1,
9827,9462,2025-01-24,Amazon Pay,33.26,Successful,txn_9dcb5f8842c94a8fad9b330f0d999152,1,
9828,9462,2025-01-24,PayPal,65.0,Successful,txn_1344f41ae4df4c35958a4d95f5b848a7,1,
9829,9463,2024-04-22,Amazon Pay,284.76,Successful,txn_c30e5091b1f34e92acdec9c9ba0bb3d5,1,
9830,9464,2024-01-29,Debit Card,59.4,Successful,txn_736ec6db7aaa4a788ac965d62c291d45,1,
9831,9465,2024-09-24,Gift Card,107.03,Successful,txn_0af3a08fea0b4003bbaf19ee59092cd2,1,
9832,9466,2024-12-15,Gift Card,34.78,Successful,txn_a4e703c6cf13460784d38bf8743352b6,1,
9833,9467,2025-02-04,Amazon Pay,1964.49,Failed,txn_9eab75f623d647d29a349b0551f234b6,1,
9834,9467,2025-02-05,Amazon Pay,1964.49,Successful,txn_6ea214c3f53a4e4bbef779a94ae98acf,2,9833.0
9835,9468,2025-01-09,Amazon Pay,338.84,Successful,txn_77175a3f6abc442cb9b74ca36db4a1b0,1,
9836,9469,2024-09-27,Gift Card,43.74,Successful,txn_c21afed0eb224dd7b20db7c5bb6ac7ef,1,
9837,9470,2024-04-24,Amazon Pay,553.32,Successful,txn_9e40ccf975494fdfa9174a5457b45657,1,
9838,9471,2025-03-17,Amazon Pay,69.66,Failed,txn_437394c174094595b81ad40e63ea340f,1,
9839,9471,2025-03-19,Amazon Pay,69.66,Successful,txn_e135d49694934591812989970312e530,2,9838.0
9840,9473,2024-05-03,Debit Card,286.65,Successful,txn_bfc11dfeb4c2483396df3cbff7f30c52,1,
9841,9474,2025-01-16,Amazon Pay,184.8,Successful,txn_b436510e5da54b9f881898a41b849a73,1,
9842,9475,2024-01-23,Amazon Pay,135.84,Successful,txn_ca82461c37324ad1a40a6c2b2a84d160,1,
9843,9476,2024-04-07,Debit Card,238.94,Failed,txn_dc21b81ff2ad4f2a9e91fbf95d4e3909,1,
9844,9476,2024-04-09,Debit Card,238.94,Successful,txn_46809409094041e08def39c7e68f698f,2,9843.0
9845,9478,2025-03-30,Debit Card,102.48,Successful,txn_853f3d01ec6e4bdfacd64baa1cf6af5d,1,
9846,9480,2024-07-24,Gift Card,199.94,Successful,txn_8483eb40db4c493da7693d6181322215,1,
9847,9482,2024-05-03,Gift Card,93.96,Successful,txn_84f48314b3d8451da20b08068c0d3884,1,
9848,9485,2025-03-04,Gift Card,25.85,Failed,txn_aa23c8841b90495390cbdaa0709fa30f,1,
9849,9485,2025-03-06,Gift Card,25.85,Successful,txn_e439fc6cf303417cb87020dc89352cf1,2,9848.0
9850,9486,2024-08-15,PayPal,172.6,Successful,txn_b7aac988d2ec4a2f8bbf1d72b68abc05,1,
9851,9487,2025-03-07,PayPal,1077.68,Successful,txn_ba70bb972f994429b8a6f5a546dec4bd,1,
9852,9488,2025-06-23,Credit Card,11.5,Successful,txn_f22f84c0795b4d13abab61b3ffcf76ee,1,
9853,9489,2024-01-11,Credit Card,553.45,Successful,txn_c7bc627c52814ed1814183a25e64c8a3,1,
9854,9490,2025-07-09,Credit Card,4.6,Successful,txn_6a79725026654aef814201e545b2d0ce,1,
9855,9491,2024-05-09,Gift Card,113.52,Successful,txn_176b71ab79fb400281b9753139bc55f2,1,
9856,9492,2024-05-13,Gift Card,574.52,Successful,txn_8a1b5b161a72409aaf4b2b77a26d63e4,1,
9857,9493,2025-03-31,Credit Card,92.76,Successful,txn_99fcc52c8ace440bb40dd2ce8a87fc74,1,
9858,9495,2024-11-24,Gift Card,307.68,Successful,txn_887c3bc3a73d42cabee7b0058c175352,1,
9859,9496,2025-02-23,PayPal,98.52,Successful,txn_5e28da7e048545699cea5e4696136ac7,1,
9860,9497,2025-12-01,Gift Card,2609.46,Successful,txn_5c13e5eeb4624c0ca9db2f20649392b0,1,
9861,9498,2025-05-01,Gift Card,42.46,Successful,txn_e733692486e14ae19c11f0fdf41f77c6,1,
9862,9499,2024-03-20,Gift Card,483.36,Successful,txn_ead0827734af474fa1a916bdbbe71326,1,
9863,9500,2025-01-08,Amazon Pay,115.28,Failed,txn_987b34a7b366417c8e2ece75e0ea8609,1,
9864,9500,2025-01-09,Amazon Pay,115.28,Successful,txn_060b7a054bb94629a6a3f16d4765c84d,2,9863.0
9865,9501,2024-02-27,Gift Card,3928.98,Failed,txn_8dbb1cb38e6d4a5e991cdde0850da59f,1,
9866,9501,2024-02-29,Gift Card,3928.98,Successful,txn_f343e0aa5582447cb687816c9f8629cb,2,9865.0
9867,9502,2025-01-18,Credit Card,113.55,Successful,txn_3425b675470f4548b1dad1e63723979c,1,
9868,9503,2025-07-07,Credit Card,433.53,Successful,txn_580bc8ae13994b088acce77f8b859b67,1,
9869,9504,2024-01-09,Gift Card,161.58,Successful,txn_18eddc941b08473f95298b9b5d8a99cd,1,
9870,9505,2024-08-15,Amazon Pay,553.32,Successful,txn_20143ba34b754c99afedd2240956f51f,1,
9871,9506,2024-10-09,Credit Card,210.6,Successful,txn_c7fcc9ef9f3f442793878ab85e717711,1,
9872,9507,2025-12-06,PayPal,69.03,Successful,txn_e18c0903d48d4789bd2eb121e9dcbbdd,1,
9873,9508,2025-06-16,Debit Card,131.09,Successful,txn_ed9a36d74d564c88b3152249d76eab59,1,
9874,9508,2025-06-16,PayPal,143.35,Successful,txn_6cef475fe6cd45aa8af0cffcd0e285b3,1,
9875,9509,2025-01-23,Credit Card,1096.96,Successful,txn_beb4b966f8e043ac8ee84f18935bdf5c,1,
9876,9510,2024-10-16,Credit Card,107.58,Successful,txn_ab06aaa9329d447584bbf3a16de60c37,1,
9877,9511,2025-11-26,Gift Card,144.51,Successful,txn_dc01c6e7902f452db43c0205d0d2e5a3,1,
9878,9512,2025-03-15,Amazon Pay,160.08,Successful,txn_40e67cd4b72443f8b6d008c300eb7378,1,
9879,9513,2025-08-12,Debit Card,87.08,Successful,txn_6f6e2121fbce499b8980a39fa79c9ea4,1,
9880,9514,2025-07-02,Credit Card,15.74,Failed,txn_461fe277b96f4d918080161825694b3c,1,
9881,9514,2025-07-02,Credit Card,15.74,Successful,txn_c80769cbe84a4f16a020b172157c7533,2,9880.0
9882,9515,2024-10-06,Debit Card,262.98,Successful,txn_f28c1f381f064f8db1c6de513cfde2ff,1,
9883,9516,2024-12-06,Amazon Pay,711.9,Failed,txn_77f0f654de294275a2c877daf89d3881,1,
9884,9516,2024-12-08,Amazon Pay,711.9,Successful,txn_29a384dd939948bc88e1b40d0b8406c6,2,9883.0
9885,9517,2024-05-01,Debit Card,65.31,Successful,txn_3143eaeb0d0f445c8e6107c8c206e97e,1,
9886,9518,2025-03-18,Amazon Pay,235.08,Successful,txn_6892f2fd7a2542f7925403686dfc4385,1,
9887,9519,2025-01-22,Gift Card,671.3,Successful,txn_9c70cb4aab874ab38636914e351554d1,1,
9888,9520,2024-05-24,Gift Card,112.76,Successful,txn_6d8e34dd1abf41d38737c0cf16d3752a,1,
9889,9521,2024-12-17,Credit Card,286.65,Successful,txn_974bfa7797b844e3ac30784a89b785db,1,
9890,9522,2024-06-28,Credit Card,179.76,Successful,txn_e13ac6f1731e450f94433d4416ed3dac,1,
9891,9523,2025-01-25,Debit Card,517.38,Successful,txn_9c4f2ed1b2624cde8dea446e4094d928,1,
9892,9524,2024-06-21,PayPal,55.0,Successful,txn_f411a80dad3746b28aced02f4aa449b7,1,
9893,9525,2025-06-16,Amazon Pay,194.56,Successful,txn_4ea5175fd4374c5aad6bbcd98c7f42a2,1,
9894,9526,2025-08-19,PayPal,490.6,Successful,txn_19082a7de7b54800a87eb8c10d5e0e65,1,
9895,9527,2025-11-17,Credit Card,65.92,Successful,txn_dcf7dd2753b24ac5a43bdce951e95b97,1,
9896,9528,2025-05-24,PayPal,58.14,Successful,txn_025fb7b4b39a44818d4d2e6842af2647,1,
9897,9529,2024-12-26,PayPal,53.6,Successful,txn_00194b315f0f41109e3378ffe233977b,1,
9898,9530,2024-08-07,PayPal,52.63,Successful,txn_05b062b1f93b4225abfb70f8bfaae199,1,
9899,9531,2024-12-24,Debit Card,1421.46,Successful,txn_9e42e15be2eb431dbba4721573aa0505,1,
9900,9532,2025-08-08,Amazon Pay,16.48,Successful,txn_6bc3ae98aa82495cbca48ccf0804e322,1,
9901,9534,2025-11-23,PayPal,244.98,Successful,txn_14061393572d418998784adc2fd7068b,1,
9902,9535,2024-07-12,Debit Card,445.84,Successful,txn_831217db1484438d99147554b4e60066,1,
9903,9536,2025-08-19,Gift Card,143.63,Successful,txn_c0c0cb1e723a4477a270823f986e20db,1,
9904,9537,2024-08-14,Debit Card,293.15,Successful,txn_e86079a283944ee38242e1966dcd6a5e,1,
9905,9538,2024-07-27,Debit Card,161.25,Successful,txn_34447bba335d460e811dc335bcc3bee4,1,
9906,9539,2024-11-07,Gift Card,1250.3,Successful,txn_a55a5060cf444a4ab2ee72e21babfc82,1,
9907,9540,2025-08-08,Debit Card,314.68,Failed,txn_8a1cd597de044621ba948f54f6a31bae,1,
9908,9540,2025-08-10,Debit Card,314.68,Successful,txn_7fc227eb435c445b98a8bc2befcc6c63,2,9907.0
9909,9541,2025-10-12,PayPal,225.9,Successful,txn_762f8fc1c5a34b5e97e6daaa7e1eeee4,1,
9910,9542,2024-03-28,Gift Card,230.44,Successful,txn_7266f184c0864d04b1ea4ba830f1643f,1,
9911,9543,2025-07-23,Debit Card,493.39,Successful,txn_e6538f04dd3f41e1aa72c1bf65a25073,1,
9912,9544,2024-04-19,Amazon Pay,28.78,Successful,txn_4e6f8f4d14c74c169361447b9d794308,1,
9913,9546,2024-07-26,Gift Card,1242.66,Successful,txn_67fc8e00eb1549a6a6ebca6ffd24a995,1,
9914,9547,2025-11-21,Gift Card,169.62,Successful,txn_e14d3bb3af1a4211a5ecc7b9705a5bed,1,
9915,9549,2024-05-14,Gift Card,455.88,Successful,txn_ec3e38c1eadf4d2b9f673a8e2b076ca3,1,
9916,9550,2025-04-08,Credit Card,169.42,Successful,txn_b1481898f70e4709a45c64e0b56cebe0,1,
9917,9551,2025-01-22,Debit Card,847.68,Successful,txn_93f562b4b7e64f5cb97c42954c424a3c,1,
9918,9552,2024-11-12,PayPal,2507.24,Failed,txn_0ec0a3a4170743bcbc27e2c5bd0c22b0,1,
9919,9552,2024-11-14,PayPal,2507.24,Successful,txn_3bec59a68a8d489685a717d7b3799f84,2,9918.0
9920,9553,2025-11-14,PayPal,28.78,Successful,txn_4f2ab52414d7493a918a65900fa2b24f,1,
9921,9554,2024-02-24,Gift Card,917.21,Successful,txn_f97d2ca695d1492b9c6d318ba2cea5d1,1,
9922,9555,2025-05-25,Debit Card,2976.6,Successful,txn_5950f49529304ba590a6f592806906cd,1,
9923,9556,2025-01-04,Amazon Pay,92.3,Successful,txn_c9c29c0baa4845879a33c7e9a98a4669,1,
9924,9557,2025-01-12,Debit Card,913.46,Successful,txn_a38ab4899eaf41c59106f34f90e7fc4a,1,
9925,9558,2025-06-09,PayPal,73.77,Successful,txn_b805f1011ff44180a28d1d51d2556c27,1,
9926,9559,2025-03-24,Credit Card,148.64,Successful,txn_807a025db3744730a222d064e9fbdab2,1,
9927,9560,2024-04-05,Gift Card,64.5,Successful,txn_6beb0e7bc00943cc9ba0ca518b2a9bd4,1,
9928,9561,2025-11-13,Credit Card,718.15,Successful,txn_ba11ba5f18984ab6870c0adb3f8d8c9d,1,
9929,9562,2025-06-05,PayPal,215.74,Successful,txn_a9b448b241d04be1846fdc4d7f620255,1,
9930,9563,2024-02-23,Amazon Pay,594.56,Successful,txn_4d7c8867dc764e57800977775e59b75b,1,
9931,9564,2025-01-11,Gift Card,193.62,Successful,txn_108e500aec224affbc02920b84c6ed8d,1,
9932,9565,2025-10-16,Credit Card,208.97,Successful,txn_10a82e8b8e2f42448a6a1122826a4baa,1,
9933,9566,2024-06-30,Gift Card,1253.62,Successful,txn_529ff8cf323c4178a78b44fe3abaf6c9,1,
9934,9567,2025-08-01,Debit Card,1488.3,Failed,txn_42658fd236ac4433bf62ddea9b6a87db,1,
9935,9567,2025-08-01,Debit Card,1488.3,Successful,txn_d57b96cc10b44a2caf6820805a968153,2,9934.0
9936,9568,2024-04-26,Credit Card,138.33,Successful,txn_edc8759110cb494b86ba2ac585e855d2,1,
9937,9569,2025-03-23,Amazon Pay,166.59,Failed,txn_730dd574cc7149a69c8feed29d3d97a0,1,
9938,9569,2025-03-23,Amazon Pay,166.59,Successful,txn_727f0fcc140348889aca1d01358318e0,2,9937.0
9939,9570,2025-09-30,Amazon Pay,115.22,Successful,txn_d2aac1ac52e8449aae38823b3560bc2f,1,
9940,9571,2024-12-01,Credit Card,580.53,Failed,txn_aac80efd091d43e9a58e9a3b3f7c674a,1,
9941,9571,2024-12-02,Credit Card,580.53,Successful,txn_0b724ac6c4ef44d4b3ea1e6f0d809cf8,2,9940.0
9942,9572,2025-06-22,Credit Card,114.8,Successful,txn_a0a73771a42e45db8f8d3e61c74877fa,1,
9943,9573,2025-03-29,Amazon Pay,35.66,Successful,txn_97ec42f1ffc2424793357a3b9c7c3488,1,
9944,9574,2025-10-04,Credit Card,220.36,Successful,txn_825290e484ab4b749ac91581b8cb5ae9,1,
9945,9575,2025-12-27,Debit Card,98.26,Successful,txn_01e18aee39da44b691281f2c5acf6e2a,1,
9946,9576,2025-10-10,Gift Card,917.21,Successful,txn_71811af15dad40cdab83eadb051085f7,1,
9947,9577,2024-10-23,PayPal,325.2,Successful,txn_b9d6524ee7ab4e758f7e4726654e8806,1,
9948,9578,2024-04-12,Amazon Pay,58.84,Successful,txn_7663af499405481eb060467bfac64688,1,
9949,9580,2025-03-17,Gift Card,1515.73,Successful,txn_4d39610a95944892bb7b97ed8f711bed,1,
9950,9581,2025-02-05,Amazon Pay,179.74,Successful,txn_f4182b57f6534db5b088225cfc72dd8d,1,
9951,9582,2025-09-24,Gift Card,27.0,Successful,txn_16e537c634c4483bae0966013490635a,1,
9952,9583,2024-01-31,Gift Card,196.8,Successful,txn_5a26412e3aba48e4b5f66b7c709809dd,1,
9953,9584,2024-08-31,Gift Card,496.44,Successful,txn_f40d57faaa5341388e30f4fc9d620ff7,1,
9954,9585,2024-03-16,Amazon Pay,59.04,Successful,txn_f63d3ca639554e558e52346ffae22074,1,
9955,9586,2024-09-19,Amazon Pay,1278.04,Successful,txn_b1ed545f7427490985ae006b2c647a10,1,
9956,9587,2025-09-02,PayPal,117.57,Failed,txn_35cc8269b95243b694f40c7a879572ee,1,
9957,9587,2025-09-03,PayPal,117.57,Successful,txn_d294b4990c00465abbce59a9b7a1e352,2,9956.0
9958,9588,2024-08-23,Debit Card,187.9,Successful,txn_265ee17bf5ff4744a7a6bd10d80526e2,1,
9959,9589,2025-02-20,Amazon Pay,577.65,Successful,txn_4d64c390ea1b43a6832b5b4050345a9b,1,
9960,9590,2024-11-14,Credit Card,261.63,Successful,txn_6bb6bac7f09b4a7386794fc0cb12c508,1,
9961,9591,2025-04-03,Gift Card,113.08,Successful,txn_6ce107c8e8b9492880433d392e5aa136,1,
9962,9592,2025-12-16,Credit Card,986.78,Failed,txn_859114418f924a88833dec5f86810496,1,
9963,9592,2025-12-16,Credit Card,986.78,Successful,txn_5aba9adc857344a39530cba1159b9779,2,9962.0
9964,9593,2024-05-30,Debit Card,1151.04,Successful,txn_0ac3c08d3f7041608ff4a2cf6068be6a,1,
9965,9594,2025-02-17,Credit Card,2285.38,Successful,txn_010a26625e4447a495297ae66644a235,1,
9966,9595,2024-04-21,Credit Card,360.18,Successful,txn_2c7a409cc2e24b36b39874a08a43b994,1,
9967,9596,2024-12-24,Gift Card,138.06,Successful,txn_ebe0b0f1a65044bc8e93e1e344a5f361,1,
9968,9597,2025-07-28,Gift Card,210.78,Successful,txn_b9261987652545888d5de3eb1df2da9f,1,
9969,9598,2025-10-29,Gift Card,539.22,Successful,txn_4242c5f9733141af92e95893df83ddf2,1,
9970,9599,2025-07-22,Credit Card,141.13,Successful,txn_e15b4cb303d4426c81aad8ddc6429946,1,
9971,9600,2025-04-25,Debit Card,389.12,Successful,txn_04bce4201bc84869b0ee0fee791cc65c,1,
9972,9601,2025-04-23,Debit Card,1487.23,Successful,txn_7a997a7f611d4675bfbbd68a9ffa0147,1,
9973,9602,2024-03-16,Amazon Pay,548.88,Failed,txn_9a8d8156ef604f49a4fae5cc2ed61969,1,
9974,9602,2024-03-18,Amazon Pay,548.88,Successful,txn_b5c1ec673d164daaa4c787fd9dfd3dae,2,9973.0
9975,9603,2024-05-05,Amazon Pay,26.8,Successful,txn_08598271455b4847bc2a583314ca4f3e,1,
9976,9604,2025-01-25,Gift Card,172.83,Successful,txn_37d38735cfe2449588d2efbedab930b8,1,
9977,9605,2024-10-25,PayPal,99.33,Successful,txn_ce1cffc892c1495ba34743301bf08dbd,1,
9978,9606,2025-04-16,Debit Card,1386.21,Successful,txn_2ee32841f3244892a49762ffc1e58558,1,
9979,9607,2024-01-15,PayPal,947.64,Successful,txn_f206a68479194739a78595552b486e45,1,
9980,9608,2025-11-12,Amazon Pay,142.3,Successful,txn_50ba822c0cda4c7bbe8ad90fe3ece3fe,1,
9981,9609,2024-01-27,Debit Card,75.3,Failed,txn_24d9c36cb58742948ebcc076bfe85380,1,
9982,9609,2024-01-29,Debit Card,75.3,Successful,txn_5bd37b92ca02447684403c28dc2daaf4,2,9981.0
9983,9610,2024-08-23,Debit Card,107.03,Successful,txn_204f555b62b14da7afd77488bca28b6a,1,
9984,9611,2025-04-20,Credit Card,1350.92,Failed,txn_9034604c58d4449fa156f4fb9ac3d09f,1,
9985,9611,2025-04-21,Credit Card,1350.92,Successful,txn_3fd0789661924a889b32800ed24d368f,2,9984.0
9986,9612,2025-10-16,Gift Card,350.64,Successful,txn_f1301aab0813415cb6d86ff6d21fcec1,1,
9987,9613,2025-06-11,Credit Card,1253.62,Successful,txn_9f910b2f08634300b50e2579e1ef58b4,1,
9988,9614,2025-06-16,Credit Card,56.54,Successful,txn_98cb8559ea564d3693da01d24d0e96a9,1,
9989,9615,2025-06-08,Gift Card,52.63,Successful,txn_05e428179894465fbc8da413839a2ecf,1,
9990,9616,2024-03-28,Amazon Pay,335.8,Successful,txn_0d6aa5254bad4a93b5b291c3a454c676,1,
9991,9617,2024-03-01,Debit Card,393.6,Successful,txn_1c04bee5ee1c4350ad5800d8f3dbd24f,1,
9992,9618,2025-10-14,Credit Card,62.46,Successful,txn_46f4d08ca6424495b21040edc1f9c2cb,1,
9993,9619,2025-07-18,Debit Card,221.38,Successful,txn_bfc53320c3ca4a8db5d4646316dde160,1,
9994,9620,2024-04-04,Gift Card,105.26,Successful,txn_09487690cef441bf96d09061f6b7efa5,1,
9995,9621,2024-02-02,Amazon Pay,144.99,Successful,txn_58004c75376b4a59907beb436c5bd00c,1,
9996,9622,2025-08-07,Debit Card,113.55,Successful,txn_2e426ea3875b41689ee426b575416b64,1,
9997,9623,2025-08-25,Debit Card,705.65,Successful,txn_93272709fc1b4e3eaba3e884d3217130,1,
9998,9624,2024-10-15,Gift Card,529.8,Failed,txn_9b1c29b647594c2ca2e7a27a8900bf6e,1,
9999,9624,2024-10-16,Gift Card,529.8,Successful,txn_3b5b34a65b854518b98b71f031a8b183,2,9998.0
10000,9625,2024-02-11,PayPal,169.84,Successful,txn_6860b3cdfdd246b88389fa214b23c166,1,
10001,9626,2025-10-01,Amazon Pay,74.52,Successful,txn_a750e9ad552f4319a982f6c932aa8429,1,
10002,9627,2024-07-24,Credit Card,161.58,Successful,txn_8574e1e285c84c74a8248dd4bf5c2bac,1,
10003,9628,2024-10-26,Credit Card,145.02,Successful,txn_7c959c1f4df2448da651d434363bb647,1,
10004,9629,2025-04-19,PayPal,169.71,Successful,txn_120df622257c41998288c0c691cccc2e,1,
10005,9630,2024-03-13,PayPal,94.44,Successful,txn_40935984349a4d0997e3c36b6bd7e188,1,
10006,9631,2025-08-15,Amazon Pay,45.66,Successful,txn_aad5356396264e8b8f831503c1e84f04,1,
10007,9632,2025-11-17,Amazon Pay,235.08,Successful,txn_85f2e82c2ce94c4dbbafa0ce764534ba,1,
10008,9633,2025-03-21,Debit Card,122.95,Successful,txn_d900a77e543d43ec8218a5e0a2508c66,1,
10009,9635,2024-08-22,Amazon Pay,327.0,Successful,txn_74899799182b4b7580c997be36e884cb,1,
10010,9636,2024-11-12,PayPal,1964.49,Successful,txn_a2406422e949416aab4851ee1eea02e5,1,
10011,9637,2024-06-17,Credit Card,718.15,Successful,txn_d89d41c8c7d54da2a66554dff994188b,1,
10012,9638,2025-06-18,Credit Card,2976.6,Successful,txn_47c9d296d6c2490e92dae3d27313a21a,1,
10013,9639,2025-11-28,Gift Card,84.71,Failed,txn_26ade571f7fc4d25acf0398602679edd,1,
10014,9639,2025-11-29,Gift Card,84.71,Successful,txn_b65edc422c80457eb8230cebc958ec41,2,10013.0
10015,9640,2024-07-07,Debit Card,917.21,Successful,txn_57f9e9fe00764c5ea0c0e521ac145d65,1,
10016,9641,2025-07-26,Debit Card,1350.92,Successful,txn_3902fb51c2b645f6a7aff80e8915126d,1,
10017,9642,2024-10-16,Debit Card,341.52,Successful,txn_006e5d61bc994bf2ba4d7bc3bdb8e0c4,1,
10018,9643,2024-02-17,Gift Card,301.0,Successful,txn_0d2221b10f264bab8c23347322097909,1,
10019,9645,2025-07-05,PayPal,295.56,Successful,txn_688cb88e89eb44e6bb0432c8a17c01c4,1,
10020,9646,2025-04-02,Debit Card,542.02,Successful,txn_e820f067d7ac483f9a54d1cc4f778b16,1,
10021,9647,2024-05-07,Amazon Pay,413.03,Successful,txn_472785a6eb624fba9c5ee8c896d36ef1,1,
10022,9648,2025-11-12,Debit Card,578.45,Successful,txn_6610d439f5a24b0191474f9ed793cdce,1,
10023,9649,2024-07-21,Gift Card,1350.92,Successful,txn_da563c42e0064562bd414ad8c7c69176,1,
10024,9650,2024-10-17,Amazon Pay,84.62,Successful,txn_356bc6153ba24f218213c6859bf4de1e,1,
10025,9650,2024-10-17,Gift Card,235.54,Successful,txn_d967fd1c18004cd1890fd36a32c79a5c,1,
10026,9651,2025-09-03,Debit Card,103.99,Successful,txn_9577c789fb1d4eb9a1ddf5e4fa256dd9,1,
10027,9652,2024-04-09,PayPal,1480.17,Successful,txn_9101b0d18ad745c78233a7d662358367,1,
10028,9653,2024-04-17,PayPal,168.1,Successful,txn_1a4fa002e2ae407293e40a6c4bcc5df1,1,
10029,9654,2024-11-01,Gift Card,41.6,Successful,txn_a066e31bfa8e4849bb2187a8a6ff830b,1,
10030,9655,2025-02-07,Amazon Pay,123.1,Successful,txn_20632741f51142c48c0817be3b132366,1,
10031,9656,2025-03-27,Credit Card,1515.73,Successful,txn_df1454ab0b5f4316b8c7db5f8ef54a10,1,
10032,9657,2025-04-21,Amazon Pay,464.6,Failed,txn_d3ca5de4ac3e4057bacf8d1d9954fb10,1,
10033,9657,2025-04-22,Amazon Pay,464.6,Successful,txn_b195b530ee134ad29aa62bda43a9b60d,2,10032.0
10034,9658,2025-01-10,Amazon Pay,53.86,Successful,txn_afcdd6d2be364f918bbe1dcaf17a4711,1,
10035,9659,2025-08-02,Debit Card,92.76,Successful,txn_6e54f9a82291484081bb7d49171f1e8f,1,
10036,9660,2024-06-17,PayPal,451.5,Successful,txn_fe2aa9160daf4bc9abcbda12314acd0e,1,
10037,9661,2025-07-02,PayPal,103.99,Successful,txn_b2579330d8c348279f80c5dea196c5fd,1,
10038,9662,2025-04-02,Amazon Pay,200.88,Failed,txn_49e82e7e01bc443cac6aa3dca0d91027,1,
10039,9662,2025-04-04,Amazon Pay,200.88,Successful,txn_c1c31ba548704ec3ac7827b36c7499f4,2,10038.0
10040,9663,2024-01-27,Amazon Pay,91.32,Successful,txn_822da07631fb487fbf1b5e9dfe1b1745,1,
10041,9664,2025-08-23,Amazon Pay,542.02,Successful,txn_9d94fac92c6f4784bfd19d37f1a0d054,1,
10042,9665,2024-01-23,Amazon Pay,126.8,Successful,txn_238080ad69b446d884288b73d66d0c74,1,
10043,9666,2024-09-02,Credit Card,1386.21,Successful,txn_3c716d01dbea46d29dc83665a9ba2940,1,
10044,9667,2024-04-01,Debit Card,208.97,Successful,txn_35c50a8f30074320825bf91335e43610,1,
10045,9668,2025-05-11,Credit Card,193.32,Successful,txn_bd349d6eb1a047d0a31a1f996bee6933,1,
10046,9669,2024-08-17,Gift Card,307.6,Successful,txn_8613744542bd46bd8e0f89809c3e5e0b,1,
10047,9670,2025-05-19,Credit Card,675.46,Successful,txn_b0c65792b0934ed5a137e4a70b7257e5,1,
10048,9671,2024-11-25,Gift Card,33.21,Successful,txn_e6b61235d18142b19937d3ab30f14bf5,1,
10049,9672,2025-06-25,Amazon Pay,293.54,Successful,txn_37ea60c9deb04a9a8803d612b53334e8,1,
10050,9673,2025-01-02,Debit Card,503.7,Successful,txn_6dfc73e2983d4192aad07417b08c660c,1,
10051,9674,2025-07-11,Amazon Pay,134.4,Successful,txn_1fdc0ebf6fcb4ed6bc5248bfe4b8b628,1,
10052,9675,2024-12-09,Amazon Pay,222.12,Successful,txn_3927520cb9a34fddbc31c40c109e1ec4,1,
10053,9676,2025-05-15,Gift Card,1253.62,Successful,txn_0ad484622e2c45b4ae49d3cc3df3370a,1,
10054,9677,2025-10-21,Gift Card,85.14,Successful,txn_53973563d129462dbcd5bd426244b9ce,1,
10055,9678,2025-08-05,Debit Card,212.58,Successful,txn_3ad315336b6e4d5e94cb59fcd3606dcc,1,
10056,9679,2024-12-07,Credit Card,96.75,Successful,txn_47a0fe148a61413a936bc64a1020ae11,1,
10057,9680,2025-10-25,Amazon Pay,156.76,Successful,txn_a418a6480efa42dda4597309b70af583,1,
10058,9681,2025-02-10,Credit Card,1799.58,Successful,txn_e326a2f8c3a04f088f4e0ec181702805,1,
10059,9682,2024-01-22,PayPal,51.24,Successful,txn_bc44a4006ce840b4944ef322db0b6715,1,
10060,9683,2025-06-19,Gift Card,503.7,Successful,txn_b14865591fb14cad89e7c0fe293212da,1,
10061,9684,2024-11-18,Debit Card,322.26,Successful,txn_258e4ba7b030416aaefab736701450f6,1,
10062,9685,2025-08-22,Amazon Pay,11.5,Successful,txn_7f942f2131104c48ab4142049be745fa,1,
10063,9686,2024-06-23,Credit Card,299.91,Successful,txn_0b19caf264b940f8b91e08bf7e914ff2,1,
10064,9687,2024-10-12,Debit Card,490.6,Successful,txn_5dbe2ebbbf9941b98aaebe5d7478c874,1,
10065,9688,2024-05-23,PayPal,480.99,Successful,txn_8cdbcb7cc2c5422c93654682d8d77bde,1,
10066,9689,2025-08-29,Debit Card,3928.98,Successful,txn_c22b078597914fa19373987a0f38c3d6,1,
10067,9690,2025-02-17,PayPal,431.88,Successful,txn_b292b3cc68b14739b44b0009f865a943,1,
10068,9691,2025-11-20,PayPal,307.17,Successful,txn_980672480b2a4f13974c5cfdd5758e56,1,
10069,9692,2024-10-23,Gift Card,197.4,Successful,txn_7c0ad48cbc4c47478e1a03def89f5e34,1,
10070,9693,2025-09-07,Amazon Pay,661.92,Successful,txn_dcc5725d9d4844799d3195449d4d2962,1,
10071,9695,2024-09-19,Credit Card,427.14,Successful,txn_f97f78ceb07c410981f7668cbefac703,1,
10072,9696,2024-01-25,Credit Card,130.28,Successful,txn_bed9fa89200c42da90609081bd781bde,1,
10073,9697,2025-05-04,Debit Card,113.36,Failed,txn_6a0f389f8d114b10a3e11d27ded70b2b,1,
10074,9697,2025-05-04,Debit Card,113.36,Successful,txn_898072b56aa8441daece44b67d342b98,2,10073.0
10075,9698,2024-06-22,Amazon Pay,64.12,Failed,txn_a5d534258df54e088712ab30742e5403,1,
10076,9698,2024-06-24,Amazon Pay,64.12,Successful,txn_4cb1e10a0c594662ab5a59c2a323982e,2,10075.0
10077,9699,2024-04-06,Amazon Pay,774.04,Successful,txn_10afb264d50d4c83a783c5680ca1d27a,1,
10078,9700,2024-12-07,Gift Card,277.65,Successful,txn_2dd92bb3c57c45c085fec1956a3be872,1,
10079,9701,2024-08-07,Debit Card,44.64,Successful,txn_f47b46ef02bf42f8bfc08c1c57f5385f,1,
10080,9702,2025-07-22,Amazon Pay,35.04,Successful,txn_8d195723464e46f598042c727d3c0164,1,
10081,9703,2025-08-04,PayPal,407.22,Successful,txn_c0cbe280a12d441b8201b4d578c1130c,1,
10082,9704,2024-08-06,Credit Card,321.09,Successful,txn_39f29af1e86c47609e459644eada0fc8,1,
10083,9705,2024-03-16,PayPal,160.49,Successful,txn_644d73221091486ab292a2880e7c8ac2,1,
10084,9706,2024-09-11,Gift Card,388.8,Successful,txn_66d193b82100440388c5a2eaaf740a4a,1,
10085,9707,2025-04-29,Credit Card,595.84,Successful,txn_2533a78a705f424ba20d85b60d06fca8,1,
10086,9708,2024-10-24,Amazon Pay,847.68,Successful,txn_5448cc875e344681993a59e08a02cda3,1,
10087,9709,2025-01-22,Debit Card,456.73,Successful,txn_3c78bef4eaa94cd2a05cfba9120a583b,1,
10088,9710,2025-07-11,PayPal,205.12,Successful,txn_e9f62f3cf17742619b4866d9f9196839,1,
10089,9711,2024-03-08,PayPal,78.24,Successful,txn_b145507adbde4133a107750d2ca133d4,1,
10090,9712,2024-01-17,Amazon Pay,456.73,Successful,txn_a21f0e862f2d4d29bcfae001548e8118,1,
10091,9713,2024-03-29,PayPal,130.28,Successful,txn_047ad3371db644f39a0dd37ddc11a655,1,
10092,9714,2024-08-24,Debit Card,204.74,Successful,txn_961bba8b24d14ce1ad33839a2e9d330c,1,
10093,9715,2024-05-26,PayPal,188.28,Successful,txn_4d64cd1bec494eb5a00b544ab2b7ffac,1,
10094,9718,2025-03-31,Debit Card,212.3,Successful,txn_87e9945391b74b55b628d96bfea827c1,1,
10095,9721,2025-06-06,Gift Card,242.1,Successful,txn_bd22e7d327c44da1bb04b02a9c8579c2,1,
10096,9722,2024-12-06,Amazon Pay,947.64,Successful,txn_d42819653244465284c042f662c8a571,1,
10097,9723,2025-06-02,Credit Card,72.03,Successful,txn_1ca8eb001ca64ca197aa72a867b55610,1,
10098,9724,2025-02-19,Amazon Pay,26.57,Successful,txn_bae37cfc3e9740d385e40539279db66a,1,
10099,9725,2024-06-26,Debit Card,311.97,Successful,txn_51511c34614743409ed3cb69c5688cdf,1,
10100,9726,2025-04-21,Gift Card,199.94,Successful,txn_a7c6caef8c9f46519222220586e90d03,1,
10101,9727,2025-08-28,Debit Card,900.0,Successful,txn_9ab4de05ff6e49e7ad8d7c9c6d85a015,1,
10102,9728,2025-12-31,Debit Card,44.28,Failed,txn_2026f5d2b3d148f5b23c1835b28598e5,1,
10103,9728,2025-12-31,Debit Card,44.28,Successful,txn_0cda6c879f6f4416926202b53910d95f,2,10102.0
10104,9729,2025-12-02,Debit Card,63.4,Failed,txn_6c9725a6c10b4e47b867030d68488d32,1,
10105,9729,2025-12-04,Debit Card,63.4,Successful,txn_e138a8a9013542b0a5da3fe3f98c5911,2,10104.0
10106,9730,2024-12-07,Debit Card,716.82,Successful,txn_a0796e01a41849629e5c62a504c1725f,1,
10107,9731,2024-01-20,Credit Card,172.83,Successful,txn_0961ddc67964478c972ef021e2766f08,1,
10108,9732,2024-07-30,Debit Card,126.36,Failed,txn_9eba545164cf4e368c31196cf2256272,1,
10109,9732,2024-08-01,Debit Card,126.36,Successful,txn_8c32b660cc674ade8d6496fcdef81e61,2,10108.0
10110,9733,2025-02-24,Amazon Pay,22.14,Successful,txn_45458b2b90454fb4bd8d5bd5b97ea5f7,1,
10111,9734,2024-02-16,Gift Card,53.71,Successful,txn_fc4540caabcf47bbb1256e56d688655b,1,
10112,9735,2025-04-08,Gift Card,222.92,Successful,txn_2a3466b213d54126a9861bda511f0098,1,
10113,9736,2024-09-13,Credit Card,399.88,Successful,txn_7bdca618568642dfa31d53175964b679,1,
10114,9737,2024-08-15,Gift Card,639.02,Successful,txn_f79533ff410e45e7b18e1440480266dd,1,
10115,9738,2024-04-10,Credit Card,258.69,Successful,txn_24c44ae0170f46ea84db46cddc685c66,1,
10116,9740,2024-08-20,Amazon Pay,160.8,Successful,txn_67653963690240c196320a1b6cf809a0,1,
10117,9741,2025-11-23,Amazon Pay,136.26,Successful,txn_4dacfea652c64c5193b9fa268d6206dc,1,
10118,9742,2025-09-25,PayPal,276.6,Successful,txn_3007d0a79a2c44e6ab6f784f049d8df9,1,
10119,9743,2024-04-12,Gift Card,45.28,Successful,txn_01768939e8eb4a5ca4e34e7b7b93db4f,1,
10120,9744,2024-11-27,Gift Card,115.28,Failed,txn_49422f3e8b2e43f0b103521df146b019,1,
10121,9744,2024-11-29,Gift Card,115.28,Successful,txn_52d489a4559940f49a2aad4637d284d2,2,10120.0
10122,9745,2025-08-23,PayPal,703.0,Failed,txn_b0cc388261b9441e9d26a5b1640410e2,1,
10123,9745,2025-08-25,PayPal,703.0,Successful,txn_593f3756614d4377a9b39b39e1413281,2,10122.0
10124,9746,2024-05-26,Gift Card,212.58,Successful,txn_608c9ae3e66b4bb29126cb24b3f2ade2,1,
10125,9747,2024-04-08,Gift Card,98.52,Successful,txn_0d8594cc2b224a3fb83d1ed8e3b2faa1,1,
10126,9748,2024-11-16,Debit Card,254.31,Successful,txn_59ed91b1add3416299a800867b12dbec,1,
10127,9750,2025-09-24,Credit Card,46.46,Successful,txn_99b88f5912ba46f48afacea57c288bd8,1,
10128,9751,2024-10-14,Credit Card,490.6,Successful,txn_588c127f119a49c3bf38fe041bb704d6,1,
10129,9752,2025-07-18,Gift Card,53.14,Successful,txn_e0a2096982b54dc8acab968e07331436,1,
10130,9753,2025-08-14,Amazon Pay,25.8,Failed,txn_e2d90a426b084855b84fc7b4e50210bf,1,
10131,9753,2025-08-14,Amazon Pay,25.8,Successful,txn_fe1aced5efc340bb899af2d9c7ca817f,2,10130.0
10132,9754,2025-02-05,Amazon Pay,203.0,Successful,txn_211b522c81814e1f81464c523d9d47d7,1,
10133,9756,2024-10-22,Credit Card,102.48,Successful,txn_789883485ab9437d895331bbdee4e000,1,
10134,9758,2025-12-14,Debit Card,675.85,Successful,txn_7106c80ce263431bb4300e5e98ed0203,1,
10135,9759,2025-03-27,Credit Card,859.95,Successful,txn_b32c9d2a238049acb6b62eef4ad741e3,1,
10136,9760,2025-09-25,Gift Card,156.53,Successful,txn_b5f96519aec9402680e2f3d8e229f0d5,1,
10137,9761,2024-08-14,Gift Card,143.96,Successful,txn_06edb701f86e4000ba83c6964840c024,1,
10138,9762,2024-05-27,Credit Card,5.17,Successful,txn_e4a790cc7b6b4dd38ad742f1654ef29c,1,
10139,9763,2025-10-23,Gift Card,11.5,Successful,txn_d394840ba69c4861bd710f9eff624698,1,
10140,9764,2024-02-19,PayPal,311.97,Successful,txn_2cc9342d3f5749f6b54a7404c53c356e,1,
10141,9765,2025-12-08,Gift Card,141.36,Successful,txn_fa6cc74e95754d1ca2a70e8a9afe3dee,1,
10142,9766,2024-07-12,Debit Card,98.4,Failed,txn_4e3c17a8e0fa4417a5041e713e2f312e,1,
10143,9766,2024-07-13,Debit Card,98.4,Successful,txn_46e0b32623d4474dbd5c1fc05ef0a977,2,10142.0
10144,9768,2024-10-18,PayPal,499.85,Successful,txn_522377412c424e388de75b065f0f8141,1,
10145,9769,2024-08-06,Debit Card,111.06,Successful,txn_f4d920e98174418ca8af600663ba42e4,1,
10146,9770,2024-08-23,Amazon Pay,112.76,Successful,txn_34adb919f9b84e31ba8e0119287639b3,1,
10147,9771,2025-11-09,PayPal,220.0,Successful,txn_0a2d358180294cd4a2a3be3f0999a48a,1,
10148,9772,2025-08-22,Amazon Pay,60.32,Successful,txn_0739db1531194fbebd7137f99424ff15,1,
10149,9773,2024-11-02,Gift Card,153.72,Successful,txn_88a2309af7a049b7b85b48e8182e760a,1,
10150,9775,2024-08-02,Gift Card,163.32,Successful,txn_5703261efc2941cb8a736413638894ad,1,
10151,9776,2025-07-10,Amazon Pay,1142.69,Successful,txn_1dda5f0c5c29453da5b1b770510bf943,1,
10152,9777,2025-07-17,PayPal,548.48,Successful,txn_3ac42e00ae3b4e4ba830da8683eeedc9,1,
10153,9779,2025-04-17,Gift Card,46.15,Successful,txn_af5e4594aeff433a900209cb00595766,1,
10154,9780,2024-10-12,Debit Card,510.93,Successful,txn_cc77a09d756340078a562da600b881a5,1,
10155,9781,2025-12-10,Credit Card,423.84,Successful,txn_d21883b55b1d495e94097c518451d56a,1,
10156,9782,2025-09-27,Debit Card,283.44,Successful,txn_97831cf90ed3470d9c6c35ba7e2eb1d1,1,
10157,9783,2025-07-23,Credit Card,100.86,Successful,txn_723c5cf09130400a9e27bda2fac0214c,1,
10158,9784,2024-11-22,PayPal,2285.38,Failed,txn_b0e5d9805463436e95231e7ca41885fe,1,
10159,9784,2024-11-23,PayPal,2285.38,Successful,txn_9b620f00e11741a1a0c311367814f0c6,2,10158.0
10160,9785,2025-07-29,PayPal,321.09,Successful,txn_55d63ac4897b46ce8f9354810c1ce47c,1,
10161,9786,2025-04-03,PayPal,314.68,Successful,txn_2b2d32d829414d5fa1f7f86b81321f1d,1,
10162,9787,2024-02-24,Debit Card,899.79,Successful,txn_56feba48e04543078f01fc7a31d26082,1,
10163,9789,2025-11-03,Amazon Pay,3031.46,Failed,txn_bd321eb504944e5da137b16f10ff8c84,1,
10164,9789,2025-11-05,Amazon Pay,3031.46,Successful,txn_03b6bda86b3d4b48aec5a1b560cd2188,2,10163.0
10165,9790,2024-02-19,PayPal,115.28,Successful,txn_49c0a3f82d5a461b83790d69aca6ff24,1,
10166,9791,2025-02-16,PayPal,226.28,Successful,txn_8c1ec81e895343e0a1e3545efb0f866d,1,
10167,9792,2024-03-03,Credit Card,299.91,Successful,txn_4be4808f80554835835a4f27cbfd5b58,1,
10168,9793,2024-07-30,Gift Card,226.92,Successful,txn_7c4f0509d8d847ec91b891c7301eed25,1,
10169,9794,2025-03-15,PayPal,144.99,Successful,txn_ed338d481ca342f698efa4dfadc75e2b,1,
10170,9795,2025-02-10,Amazon Pay,45.28,Successful,txn_262138579565484bbca1802137e7a98a,1,
10171,9797,2024-04-11,Amazon Pay,75.3,Successful,txn_6d49b869ebd7421d88112ee11195f022,1,
10172,9798,2025-05-08,Credit Card,246.75,Successful,txn_2bcace0b3c044d06b5aa6e3b342904aa,1,
10173,9799,2024-05-17,Credit Card,969.3,Successful,txn_22fd2de77d47497f87eb3d3aab9c4e2a,1,
10174,9800,2024-01-13,Gift Card,695.64,Failed,txn_4bc937fec866456b885fa3e5d897024b,1,
10175,9800,2024-01-15,Gift Card,695.64,Successful,txn_0967892620714025920169e2ebcca30f,2,10174.0
10176,9801,2024-06-13,Gift Card,321.09,Successful,txn_59a7643deaaf4937a2282fcfb577911a,1,
10177,9802,2024-03-02,Amazon Pay,107.58,Successful,txn_d2e5dc708ce44308a3e3e7b645bd0c36,1,
10178,9803,2025-04-23,Gift Card,442.76,Successful,txn_efbf0ea98ba14911b901bf96961252da,1,
10179,9804,2025-09-06,PayPal,290.04,Successful,txn_f6d8d1c8d9314a46be8b974a348b97ad,1,
10180,9805,2025-08-11,Gift Card,229.6,Successful,txn_789317f87e424756959d6c6c40eacd49,1,
10181,9806,2024-10-20,Amazon Pay,481.47,Successful,txn_8a579990e8144e37b23da54f0436bffb,1,
10182,9807,2025-05-07,Credit Card,360.18,Successful,txn_c575b8d90b2347db960e1e79a4679cad,1,
10183,9808,2024-01-20,Gift Card,1471.8,Successful,txn_0112c63a5e2b4a58adb7f42d1bafe126,1,
10184,9809,2025-04-18,Credit Card,295.44,Successful,txn_d68127a7ab0b47ef9d9190d473b0fe90,1,
10185,9810,2025-07-18,PayPal,301.0,Successful,txn_1d26b3f7160f4a6c8b31e5cb1454d182,1,
10186,9814,2025-06-13,PayPal,89.88,Successful,txn_aada2b591156458bbb430a2061a86cb4,1,
10187,9815,2025-04-16,Debit Card,104.49,Successful,txn_bd037d523d5f47609f7011574d130612,1,
10188,9816,2025-05-11,Credit Card,88.26,Successful,txn_16bb5d603ff045f3994202cce8eb5b47,1,
10189,9817,2025-03-11,Gift Card,276.66,Failed,txn_ac36b4b3697a4842aa4d3514dec6cb27,1,
10190,9817,2025-03-11,Gift Card,276.66,Successful,txn_7a7847aa3ea84cfc8a6af2096121656f,2,10189.0
10191,9818,2025-08-13,Amazon Pay,169.54,Successful,txn_3c2f69fcf07543ba8a3e720c9c2f6850,1,
10192,9819,2024-01-18,Amazon Pay,87.48,Successful,txn_c2973571da5f40eba0656347165f2d17,1,
10193,9821,2025-04-21,Gift Card,445.92,Successful,txn_f42047ce48c84dc1b0b2eba17edafb1b,1,
10194,9822,2025-12-04,Credit Card,45.66,Successful,txn_b9e0d68675cb4d79beb763f084c46959,1,
10195,9823,2024-07-11,Gift Card,226.72,Failed,txn_d98ba685591c415b8561ef67b0ef35a0,1,
10196,9823,2024-07-13,Gift Card,226.72,Successful,txn_21faff17454c44ea8334437ad66a82c8,2,10195.0
10197,9825,2024-02-12,Credit Card,174.24,Successful,txn_76ab3faee6db4868aa350744e0586049,1,
10198,9826,2025-03-13,Credit Card,135.9,Successful,txn_bacb4d23979f4675b9137840597b9e85,1,
10199,9827,2024-11-28,Debit Card,167.9,Successful,txn_08f302cfd336427fa7f1e632fa76829c,1,
10200,9829,2025-10-12,Credit Card,1480.17,Successful,txn_b98887c6aebe44bea0ac4f9a306569e6,1,
10201,9830,2024-08-11,Credit Card,375.84,Successful,txn_2ed764477e2f40879a9a7dc8a7b800d9,1,
10202,9831,2025-09-03,Amazon Pay,1391.28,Successful,txn_cd24ae0aaca44cedbc6edd47ceb9c2a1,1,
10203,9832,2024-09-17,Debit Card,278.58,Successful,txn_a1ed9cb3bdbc4e3894dfb70853337b69,1,
10204,9833,2025-05-05,Gift Card,625.15,Successful,txn_954495fa8bb54d03bff4ce12afca7582,1,
10205,9834,2024-12-05,Debit Card,1253.62,Successful,txn_ab8f7fcad2084af5b462ae7c775caac7,1,
10206,9835,2024-02-05,Credit Card,387.02,Successful,txn_9b7b5ed4b16649629513715a499c95d8,1,
10207,9836,2024-10-08,PayPal,184.6,Successful,txn_4242cfa21d654885ab1dacf81da3ab82,1,
10208,9837,2025-03-29,Credit Card,72.03,Failed,txn_722732a397c94cf8844f37254ca94151,1,
10209,9837,2025-03-30,Credit Card,72.03,Successful,txn_859aad374ee349dd8f80351d8ae3dd84,2,10208.0
10210,9838,2024-04-11,Gift Card,210.78,Successful,txn_a2451d39946043fa8a315e95eb509bb3,1,
10211,9840,2024-08-27,PayPal,135.84,Successful,txn_1b64bb211f114372b8651dfed51ef8d1,1,
10212,9841,2024-07-20,Amazon Pay,341.91,Successful,txn_e521c7c0cc10434187d91450ee2351bb,1,
10213,9842,2025-09-23,Amazon Pay,110.18,Successful,txn_24a7af3e7fca4773baeffae8e13ed316,1,
10214,9843,2025-07-03,Credit Card,385.1,Failed,txn_3755db3d96084d329ced711bb77551a1,1,
10215,9843,2025-07-04,Credit Card,385.1,Successful,txn_6041e64af1e24f458eadada29bbbc8c7,2,10214.0
10216,9844,2024-03-24,PayPal,470.16,Successful,txn_0ddb3bf1efd94dbab07ab9046d7af2e5,1,
10217,9845,2025-12-15,PayPal,32.6,Successful,txn_8666c9b367724952913bb87e3fd05e88,1,
10218,9846,2025-05-31,Debit Card,360.18,Successful,txn_5d81cb15284e493889f04ae3f7f9f1fe,1,
10219,9847,2024-05-04,PayPal,113.36,Successful,txn_30e7239bf043454cb15726d7d9d593b6,1,
10220,9848,2024-12-01,Debit Card,407.22,Successful,txn_bea76141665045f397d206337721bbfa,1,
10221,9849,2024-09-25,Amazon Pay,912.0,Successful,txn_a11b7bdde2414b62900b682284ed52a3,1,
10222,9850,2024-09-21,Debit Card,286.65,Successful,txn_5561f071154746a89aedf3f17ade9329,1,
10223,9851,2025-01-29,Debit Card,46.43,Successful,txn_a1e932c938e84de8b07033aa49dcdcd7,1,
10224,9852,2025-11-26,Debit Card,175.89,Successful,txn_8fd96e4bffb34a91bdfbe6dba7e94fb3,1,
10225,9853,2025-10-11,Amazon Pay,27.66,Failed,txn_62799308582a437e9760e2ff432580ed,1,
10226,9853,2025-10-13,Amazon Pay,27.66,Successful,txn_b93b6399df2c46c0902d4d63ea68516b,2,10225.0
10227,9854,2025-06-18,Debit Card,487.95,Successful,txn_aa8410cdc8ba4713ac50f514d23be469,1,
10228,9855,2025-04-27,PayPal,27.18,Successful,txn_bcd0e8120294418fa1332994c665fbb7,1,
10229,9856,2025-09-21,Credit Card,45.28,Successful,txn_125184a7444643d4875438e7c9272be2,1,
10230,9857,2025-07-07,Debit Card,304.0,Successful,txn_4c8067669ddf4ccd8a3ad8a8d6eac80e,1,
10231,9858,2024-05-26,Amazon Pay,421.56,Successful,txn_626bc6cef8b54ff9b906b4496ce8c9b5,1,
10232,9859,2025-02-08,Gift Card,282.85,Successful,txn_5490796248c34ca78b882d2b63146bd6,1,
10233,9860,2024-08-25,Credit Card,370.2,Successful,txn_0dffd1e639d649519559ca95dc92a8d9,1,
10234,9861,2025-08-12,PayPal,249.84,Successful,txn_972b4114e81e42fea39560eba4c8cda9,1,
10235,9862,2025-10-29,PayPal,99.0,Successful,txn_ad510ef5c4a94b92b82646628a081bee,1,
10236,9863,2025-09-01,Debit Card,2285.38,Successful,txn_ad3c9abfcdff426a9ce122da8141b897,1,
10237,9864,2024-07-01,PayPal,16.48,Successful,txn_f59501aca425447d8170b1980cbd60dc,1,
10238,9865,2024-11-16,Gift Card,173.28,Successful,txn_7f1696dea0cc45729a6a0505e1f19ea9,1,
10239,9866,2025-08-24,Debit Card,226.4,Successful,txn_a3d3fe2e56cd42c585b3d20ab6d2334e,1,
10240,9867,2024-05-03,Amazon Pay,53.6,Successful,txn_cb0df82842f747739e29da4f91304a12,1,
10241,9868,2024-09-04,Credit Card,16.48,Successful,txn_c304ec98714e4294ad9eeacc28f54b73,1,
10242,9869,2024-07-24,PayPal,121.76,Successful,txn_092f6791551c45db9b4ac64776d69fcc,1,
10243,9870,2024-08-04,Credit Card,294.78,Successful,txn_54791ad4946c4130b5f6c8e9ac521f85,1,
10244,9871,2025-03-02,Amazon Pay,725.04,Successful,txn_49c1d7615168451abb6e6fad8156a261,1,
10245,9872,2024-10-17,Amazon Pay,316.17,Successful,txn_7d48206eaeba457088ab5ff9909c5b96,1,
10246,9873,2025-04-26,PayPal,330.54,Successful,txn_fdec117cf71149e6bd327c8ab467de7c,1,
10247,9874,2024-12-04,Debit Card,548.88,Successful,txn_b88afc0dc2ff468c8f07d32913bcb0c9,1,
10248,9875,2024-02-20,Amazon Pay,345.84,Successful,txn_4b0d4c44410648188cd17d1a53747178,1,
10249,9876,2025-01-22,Gift Card,767.36,Successful,txn_a451cc0a8cc64e8fb25a3444bdc7176d,1,
10250,9877,2025-01-24,Gift Card,1488.3,Successful,txn_f7392f28cef94b0a9be4b572329fc19a,1,
10251,9878,2024-08-11,Debit Card,42.95,Successful,txn_e747090b5715410c870eda4255a535cc,1,
10252,9879,2024-02-01,Amazon Pay,320.98,Successful,txn_f065a4cf244c493a9a59bba27cd06967,1,
10253,9880,2025-02-13,Amazon Pay,86.64,Failed,txn_ad11e68470d54694802292b851842c84,1,
10254,9880,2025-02-15,Amazon Pay,86.64,Successful,txn_ddaa074e3f164d7f879058060bace0fa,2,10253.0
10255,9881,2025-08-26,Debit Card,32.25,Successful,txn_8011c4f51ccc4174b3868ce744b6acb6,1,
10256,9882,2025-02-11,Debit Card,173.28,Successful,txn_33488d02f68249178e3441ee9e6a7e56,1,
10257,9883,2024-05-15,PayPal,204.15,Successful,txn_9f831dba36b248b0ac3c7d8344f1e71a,1,
10258,9884,2025-03-19,Debit Card,92.3,Successful,txn_baadae8107b54523b37c14c19b765d6a,1,
10259,9885,2025-10-20,Gift Card,321.09,Successful,txn_1175d5ce188d4673b22d2f7f15414758,1,
10260,9886,2025-01-30,PayPal,1964.49,Successful,txn_396c66e17808487aac84562f1f9b86d5,1,
10261,9887,2024-12-24,Amazon Pay,255.59,Successful,txn_d034f24442e84f51a0b6698c3ef74f8f,1,
10262,9887,2024-12-24,Debit Card,413.17,Successful,txn_5649e34f8d804b47b874b3523598bbe5,1,
10263,9888,2024-11-27,PayPal,281.07,Successful,txn_2f722a193b9c4d3d8a9b0faca7f30b81,1,
10264,9889,2025-10-30,Gift Card,703.0,Successful,txn_5ccb0d8652a6420fa27bbd915f09a807,1,
10265,9890,2024-07-09,Amazon Pay,335.8,Failed,txn_c867211a7a684c6aa59a870d3c6a81ba,1,
10266,9890,2024-07-09,Amazon Pay,335.8,Successful,txn_021d2e8e6af74eec96b3559e7153b17b,2,10265.0
10267,9891,2025-01-23,Gift Card,2155.36,Successful,txn_14487ca05b474be9b36ce54d0cf14e06,1,
10268,9892,2024-03-19,Debit Card,192.5,Successful,txn_fb576d4a801946a5b80649315e0002cd,1,
10269,9893,2025-07-18,Credit Card,433.53,Failed,txn_402cfbe42051462cb6732edd88d31253,1,
10270,9893,2025-07-18,Credit Card,433.53,Successful,txn_6f4703aec12b4752ab470446223d99b6,2,10269.0
10271,9894,2024-12-11,PayPal,859.95,Successful,txn_6c16ec8dc5734f88bd606d76fe2550c1,1,
10272,9895,2024-03-11,Gift Card,28.78,Successful,txn_42acf7fbc5dd4a9a8010b6bd4bec535a,1,
10273,9896,2025-02-17,PayPal,189.95,Successful,txn_a9ab97dc2bba40279085b210f973f433,1,
10274,9897,2025-03-09,Credit Card,150.6,Failed,txn_41ac677bf3d640789e8ffc6b47522b48,1,
10275,9897,2025-03-11,Credit Card,150.6,Successful,txn_a2f875bebe7b4c37b2245b06e08a8723,2,10274.0
10276,9898,2024-11-10,PayPal,407.22,Successful,txn_1ec8f7e352064004a81990da65e54d8d,1,
10277,9899,2025-12-08,Amazon Pay,113.36,Successful,txn_465b6bacfa13415b8a462133252449f7,1,
10278,9900,2024-01-08,PayPal,197.04,Successful,txn_f09a4d2c610d46109c9937c17665c8b2,1,
10279,9901,2024-03-22,Debit Card,51.54,Successful,txn_523d67374e034f338f2da4adc6916d11,1,
10280,9902,2024-08-02,Gift Card,705.24,Successful,txn_f3a725f75b9744329877b6f13afe0e61,1,
10281,9903,2025-10-10,Debit Card,193.51,Successful,txn_3a9ef5f4e4f44a93af91aa5267563949,1,
10282,9904,2025-11-12,Credit Card,1964.49,Successful,txn_1dfab4fdc6854789a6609c4a0bd94d1f,1,
10283,9906,2025-03-09,Debit Card,575.84,Successful,txn_cab504ee39d047c88351501d086f2851,1,
10284,9907,2025-02-11,PayPal,490.6,Successful,txn_d5418f38326e49388e1d55836a1871d7,1,
10285,9909,2024-01-03,PayPal,132.85,Successful,txn_525b2eb503c24670bafd3249c0a73cb5,1,
10286,9910,2024-05-11,Debit Card,1799.58,Failed,txn_d78c7131c643470c803942d6ea007f7e,1,
10287,9910,2024-05-11,Debit Card,1799.58,Successful,txn_30ff469bb01942c796d74eb448be79c4,2,10286.0
10288,9911,2024-07-17,Amazon Pay,451.5,Successful,txn_2fa5d131d4374896b480b2689cc754ca,1,
10289,9912,2025-09-04,Debit Card,256.4,Successful,txn_f0f7dd243b254a70beccf3e023b36dd8,1,
10290,9913,2024-12-31,Debit Card,1488.3,Successful,txn_2885681057024d299e7448648ab369db,1,
10291,9914,2025-04-15,PayPal,196.8,Failed,txn_4480c956daed415e854e3c81bcd44cbf,1,
10292,9914,2025-04-17,PayPal,196.8,Successful,txn_62bccf1dd2814525a266421f9183de0d,2,10291.0
10293,9915,2025-11-09,Debit Card,471.68,Successful,txn_4db7d89fa3164415a3d5af7da68baac4,1,
10294,9916,2025-09-11,Amazon Pay,490.6,Successful,txn_e014b3a2af50410499fbc030800fd0c5,1,
10295,9917,2025-08-22,Credit Card,214.06,Successful,txn_6321195a39a44995bc4406c1b783eb5a,1,
10296,9918,2024-05-07,Debit Card,376.56,Successful,txn_27718d4e4743411c8997f1f1926d7ab8,1,
10297,9919,2024-05-31,Gift Card,222.92,Successful,txn_ca39237192d4426e87ff1b887f658a75,1,
10298,9920,2025-04-09,Debit Card,203.49,Successful,txn_0c39fc20b1394202aa22d4cb7b485dd9,1,
10299,9922,2024-10-24,Credit Card,718.96,Failed,txn_80270e3af96549ab8cb6cb7151f98094,1,
10300,9922,2024-10-24,Credit Card,718.96,Successful,txn_be04c083d9cc45468f0db2f55eed8964,2,10299.0
10301,9923,2024-07-22,Amazon Pay,89.1,Successful,txn_665434217a3b47a6a8f0e37ad7cae932,1,
10302,9924,2024-02-12,Debit Card,25.8,Successful,txn_e7143d4e59c444088e0582a601c5012b,1,
10303,9925,2025-06-16,PayPal,244.98,Successful,txn_eb0106dff547459a898ce063deda51e4,1,
10304,9926,2025-01-15,Amazon Pay,81.75,Successful,txn_47b9f962b0c04fa5977e2446f0f408f9,1,
10305,9927,2024-06-15,Amazon Pay,569.52,Successful,txn_50c96303a4cb4109a87c5956b4da5e1f,1,
10306,9928,2025-10-27,Amazon Pay,150.5,Successful,txn_b28b61461edc47a3931e5ba21560f8c9,1,
10307,9929,2024-08-24,Debit Card,1304.73,Failed,txn_d5bcc082455d40e69ccb2c781aabe1be,1,
10308,9929,2024-08-24,Debit Card,1304.73,Successful,txn_42a1d11e75a9402b8191794bc2f93198,2,10307.0
10309,9930,2025-07-14,Amazon Pay,170.76,Successful,txn_5dbe5bd8028947bf9e08fdb90f80a5db,1,
10310,9931,2025-11-09,PayPal,87.66,Successful,txn_8b9d1502bbda4a6081973d139a8910ec,1,
10311,9932,2025-02-17,Gift Card,27.27,Successful,txn_d73243ff13af4a0db5fde04d35cda3c9,1,
10312,9933,2024-06-12,PayPal,424.08,Successful,txn_efe39c587c8243e0af93d5ac03daff41,1,
10313,9934,2025-02-10,Credit Card,66.96,Successful,txn_7e69b409ca9847acb55ae3dbda0f7cd7,1,
10314,9935,2025-08-12,Debit Card,38.7,Successful,txn_cd4c34579e4c47f08fa996025ede8930,1,
10315,9936,2024-04-07,Credit Card,86.64,Successful,txn_47b18fd12fca43cd8ed4b416e19b1d8a,1,
10316,9937,2024-12-22,Debit Card,259.92,Successful,txn_09be969d9ee242d8b576dca97d1f33ef,1,
10317,9938,2024-08-08,PayPal,1515.73,Successful,txn_47f85830780d4eee8942ca6f2aafd4ad,1,
10318,9939,2025-08-12,Amazon Pay,39.12,Successful,txn_dcbac5250b3e4b268645397d62fe6070,1,
10319,9940,2025-12-29,PayPal,899.79,Successful,txn_e07a10a914a64d82a897ffcc32a41996,1,
10320,9941,2024-06-15,Amazon Pay,120.05,Successful,txn_e5e42b72236a4bf69b3a6cf11f54ef66,1,
10321,9942,2024-07-03,Gift Card,477.88,Successful,txn_3431cc275fa64a20a1e723557e535f9f,1,
10322,9943,2024-07-20,Credit Card,548.48,Successful,txn_337a5abebeb14760a7015a549e2da131,1,
10323,9944,2024-01-02,Amazon Pay,197.4,Successful,txn_fcd819fdff9d433cafa5fb167a198160,1,
10324,9945,2024-10-15,PayPal,141.9,Successful,txn_f4b1bd0d6ed54b78beebe8af023cc881,1,
10325,9946,2025-05-27,Amazon Pay,986.78,Successful,txn_d9eacd929792431999dba9b733b9c15b,1,
10326,9947,2024-07-16,Credit Card,111.06,Failed,txn_e2e5de742b87495ea3860276704d9b3b,1,
10327,9947,2024-07-16,Credit Card,111.06,Successful,txn_9ea3ab728c4c469b9aa47da3030f0e81,2,10326.0
10328,9948,2024-06-18,Credit Card,483.36,Successful,txn_34046ab50cbe4ee4b24921a31eefc8ee,1,
10329,9949,2024-09-10,PayPal,35.66,Successful,txn_3c95601b932b4f359a696067291be6ad,1,
10330,9950,2025-08-20,Debit Card,139.32,Successful,txn_a0a365588d0342d08fafa2a85ef9a1ef,1,
10331,9951,2025-08-19,Debit Card,17.83,Successful,txn_cdc51b7ed6404fd6999ba63b6c2e76e1,1,
10332,9952,2025-05-04,Credit Card,631.95,Successful,txn_72e395734de649e981d693629cd3271f,1,
10333,9953,2024-10-30,Gift Card,31.48,Successful,txn_29f068153663448c8265690918aeaf70,1,
10334,9955,2025-09-11,PayPal,387.02,Successful,txn_7925bc9b17a0471da83fbb70a43e1717,1,
10335,9956,2024-03-21,PayPal,450.0,Successful,txn_4e8072ffb8c44afbb2833d2862350575,1,
10336,9958,2024-05-01,PayPal,107.87,Failed,txn_64165606bdc44ec2939ee90c946b48f5,1,
10337,9958,2024-05-01,PayPal,107.87,Successful,txn_c07b4e8f0151461caff62055097370e3,2,10336.0
10338,9959,2024-06-02,Amazon Pay,674.56,Successful,txn_1aa8917cb3e84970beaa0957912d018c,1,
10339,9960,2024-05-05,Credit Card,299.91,Successful,txn_10c4e7408655483ca8b6f994d1fa7d53,1,
10340,9961,2025-11-16,Credit Card,407.22,Successful,txn_f241a7e500ed4283972004d3f1629ab3,1,
10341,9962,2024-08-29,Gift Card,165.48,Successful,txn_c852fd622831434c88692cf3fa87633b,1,
10342,9964,2025-11-06,Debit Card,295.56,Failed,txn_841049ff77a546f1a3183e22dfd7ca3f,1,
10343,9964,2025-11-07,Debit Card,295.56,Successful,txn_cf36db9ef8594cb093f5c556e2c74452,2,10342.0
10344,9966,2024-05-29,Debit Card,126.8,Successful,txn_69265883fd3b45bcb127c454b7b15d73,1,
10345,9967,2024-04-15,PayPal,113.36,Successful,txn_42185e2fee1649db9acdc31a0a995112,1,
10346,9968,2025-08-07,Gift Card,423.39,Failed,txn_6593f9e4d82640b59dfc35f7308f3c13,1,
10347,9968,2025-08-08,Gift Card,423.39,Successful,txn_63365d87fbf245dcabfbb3a0741308db,2,10346.0
10348,9969,2025-10-12,Amazon Pay,81.54,Successful,txn_c7b0a03ed89c4b1aa96509eac0afee9a,1,
10349,9970,2025-09-11,Credit Card,393.6,Successful,txn_5c7bbc25492a47658a458977a2340b6b,1,
10350,9971,2024-11-11,Amazon Pay,216.8,Successful,txn_9eac02fcd6d34a58961ae94e07ce34f2,1,
10351,9972,2024-05-26,Gift Card,813.03,Successful,txn_0dfeef9b60954d38896485a127b0a5cc,1,
10352,9973,2024-11-16,Debit Card,813.03,Successful,txn_c601f17abd6744648d949e4517c4b3fd,1,
10353,9974,2025-03-04,Credit Card,256.14,Failed,txn_153fc9b588e84c4d88ef12545cbb5d94,1,
10354,9974,2025-03-04,Credit Card,256.14,Successful,txn_7bb3b6543a4a46519a7e76c163233e3a,2,10353.0
10355,9975,2024-01-30,Gift Card,73.77,Successful,txn_5d9f588fb24c4ab692b0fe2deb9abf39,1,
10356,9976,2024-12-25,PayPal,270.82,Successful,txn_93b38703934c44b4b8ae8bf3cdb60ff1,1,
10357,9977,2024-07-28,Debit Card,45.45,Failed,txn_a8fa309f23be40c8ac514868566b96d9,1,
10358,9977,2024-07-28,Debit Card,45.45,Successful,txn_80a7c89b16a045038e792c01e08b8085,2,10357.0
10359,9978,2025-07-12,Debit Card,483.36,Successful,txn_bfbb461650944f47879fed2869e5b4cb,1,
10360,9979,2024-07-20,Debit Card,3031.46,Successful,txn_bccba3f000ec4c11a954b488259703b9,1,
10361,9980,2024-08-24,PayPal,84.77,Successful,txn_390c0c25a1b249e3859a9be88992e7b3,1,
10362,9981,2025-09-19,Credit Card,113.08,Successful,txn_1afcdaadb9154ecaad727e2bc96cbaee,1,
10363,9982,2025-11-29,Debit Card,529.8,Successful,txn_80a4f20d05f34bf2b5e957484587acd1,1,
10364,9983,2024-06-16,PayPal,179.76,Successful,txn_b70aaefa7cd3426d90ddb117f5d61117,1,
10365,9984,2024-11-02,PayPal,102.56,Successful,txn_40900c77a3a9414b9c724c7c2f679dec,1,
10366,9985,2025-03-29,Credit Card,304.0,Successful,txn_113c89ff12f447c19212129b0ca4fec7,1,
10367,9986,2024-10-11,PayPal,81.54,Successful,txn_f35af15d24634e239209e11ab9629dd5,1,
10368,9987,2024-02-20,Debit Card,282.26,Successful,txn_f1ef1bca77da49e1b0eac829ee297c46,1,
10369,9988,2024-05-23,PayPal,631.95,Successful,txn_4a87556101db4776a474f12cfc1b4207,1,
10370,9989,2024-11-12,Debit Card,42.12,Successful,txn_e2f284b1cdb94a9a8a88ac870f17e0fe,1,
10371,9990,2024-01-08,Gift Card,110.18,Successful,txn_48e46e40adae43c5aa5745c237f40053,1,
10372,9991,2024-02-01,PayPal,718.96,Successful,txn_d700961d2b64405eab376596831186c5,1,
10373,9993,2025-08-07,Amazon Pay,45.42,Successful,txn_fbaec1f79b2942c5ae552cb47a313430,1,
10374,9994,2025-11-14,Credit Card,98.36,Successful,txn_6f741fa30d1541bca47ecf70553ee836,1,
10375,9995,2024-08-01,Amazon Pay,900.0,Successful,txn_cc141c1eb1ae4be3aee86e358d7542e4,1,
10376,9996,2024-09-24,Gift Card,215.16,Successful,txn_4cf6be59b5614e96a718859ee616c7f1,1,
10377,9997,2025-02-23,Amazon Pay,487.95,Successful,txn_85765028f85d4fa8aea50bcb52d3c4ad,1,
10378,9998,2025-10-29,PayPal,124.8,Successful,txn_c951df4361374362b0d86da767a9f210,1,
10379,10000,2025-06-18,Credit Card,287.92,Successful,txn_1ee9681531c948fca10bdba194e18bcc,1,
